seq	name	address	size_bytes	status	c_offset
1	FUN_180001000	180001000	37	OK	181
2	FUN_180001030	180001030	42	OK	480
3	FUN_180001060	180001060	152	OK	1059
4	FUN_180001100	180001100	161	OK	1907
5	FUN_1800011b0	1800011b0	161	OK	2810
6	FUN_180001260	180001260	161	OK	3709
7	FUN_180001310	180001310	161	OK	4573
8	FUN_1800013c0	1800013c0	161	OK	5497
9	FUN_180001470	180001470	161	OK	6392
10	FUN_180001520	180001520	86	OK	6869
11	FUN_180001580	180001580	204	OK	8063
12	FUN_180001650	180001650	152	OK	8623
13	FUN_1800016f0	1800016f0	86	OK	9099
14	FUN_180001750	180001750	204	OK	10280
15	FUN_180001820	180001820	86	OK	10757
16	FUN_180001880	180001880	93	OK	13290
17	FUN_1800018e0	1800018e0	215	OK	15848
18	FUN_1800019c0	1800019c0	171	OK	16696
19	FUN_180001a70	180001a70	86	OK	17173
20	FUN_180001ad0	180001ad0	161	OK	18078
21	FUN_180001b80	180001b80	34	OK	18260
22	FUN_180001bb0	180001bb0	61	OK	18547
23	FUN_180001bf0	180001bf0	61	OK	18834
24	FUN_180001c30	180001c30	61	OK	19121
25	FUN_180001c70	180001c70	254	OK	20353
26	FUN_180001d70	180001d70	254	OK	21610
27	FUN_180001e70	180001e70	86	OK	22087
28	FUN_180001ed0	180001ed0	254	OK	23336
29	FUN_180001fd0	180001fd0	254	OK	24578
30	FUN_1800020d0	1800020d0	254	OK	25812
31	FUN_1800021d0	1800021d0	254	OK	27072
32	FUN_1800022d0	1800022d0	290	OK	28678
33	FUN_180002400	180002400	254	OK	29957
34	FUN_180002500	180002500	254	OK	31187
35	FUN_180002600	180002600	820	OK	36007
36	FUN_180002940	180002940	254	OK	37313
37	FUN_180002a40	180002a40	270	OK	38669
38	FUN_180002b50	180002b50	254	OK	39893
39	FUN_180002c50	180002c50	254	OK	41147
40	FUN_180002d50	180002d50	114	OK	41672
41	FUN_180002dd0	180002dd0	86	OK	42149
42	FUN_180002e30	180002e30	254	OK	43386
43	FUN_180002f30	180002f30	254	OK	44677
44	FUN_180003030	180003030	254	OK	45999
45	FUN_180003130	180003130	37	OK	46181
46	FUN_180003160	180003160	254	OK	47396
47	FUN_180003260	180003260	86	OK	47873
48	FUN_1800032c0	1800032c0	254	OK	49163
49	FUN_1800033c0	1800033c0	114	OK	49768
50	FUN_180003440	180003440	114	OK	50278
51	FUN_1800034c0	1800034c0	290	OK	52154
52	FUN_1800035f0	1800035f0	290	OK	54028
53	FUN_180003720	180003720	32	OK	54208
54	FUN_180003740	180003740	254	OK	55440
55	FUN_180003840	180003840	254	OK	56679
56	FUN_180003940	180003940	5626	OK	90029
57	FUN_180004f50	180004f50	1142	OK	97272
58	FUN_1800053d0	1800053d0	12	OK	97419
59	FUN_1800053e0	1800053e0	12	OK	97566
60	FUN_1800053f0	1800053f0	362	OK	99872
61	FUN_180005560	180005560	362	OK	102178
62	FUN_1800056d0	1800056d0	651	OK	104211
63	FUN_180005960	180005960	651	OK	106245
64	FUN_180005bf0	180005bf0	651	OK	108276
65	FUN_180005e80	180005e80	638	OK	110307
66	FUN_180006100	180006100	235	OK	111390
67	FUN_1800061f0	1800061f0	22	OK	111648
68	FUN_180006210	180006210	12	OK	111795
69	FUN_180006220	180006220	625	OK	113989
70	FUN_1800064a0	1800064a0	625	OK	116182
71	FUN_180006720	180006720	12	OK	116329
72	FUN_180006730	180006730	12	OK	116476
73	FUN_180006740	180006740	428	OK	118532
74	FUN_1800068f0	1800068f0	37	OK	118714
75	FUN_180006920	180006920	37	OK	118896
76	FUN_180006950	180006950	86	OK	119369
77	FUN_1800069b0	1800069b0	166	OK	120228
78	FUN_180006a60	180006a60	152	OK	121061
79	FUN_180006b00	180006b00	82	OK	121669
80	FUN_180006b60	180006b60	259	OK	122895
81	FUN_180006c70	180006c70	168	OK	123740
82	FUN_180006d20	180006d20	135	OK	124316
83	FUN_180006db0	180006db0	656	OK	128445
84	FUN_180007040	180007040	135	OK	129015
85	FUN_1800070d0	1800070d0	135	OK	129578
86	FUN_180007160	180007160	135	OK	130144
87	FUN_1800071f0	1800071f0	168	OK	131006
88	FUN_1800072a0	1800072a0	168	OK	131870
89	FUN_180007350	180007350	894	OK	137326
90	FUN_1800076d0	1800076d0	168	OK	138218
91	FUN_180007780	180007780	152	OK	139164
92	FUN_180007820	180007820	179	OK	140057
93	FUN_1800078e0	1800078e0	168	OK	140931
94	FUN_180007990	180007990	168	OK	141791
95	FUN_180007a40	180007a40	168	OK	142652
96	FUN_180007af0	180007af0	168	OK	143521
97	FUN_180007ba0	180007ba0	305	OK	145272
98	FUN_180007ce0	180007ce0	168	OK	146220
99	FUN_180007d90	180007d90	179	OK	147201
100	FUN_180007e50	180007e50	179	OK	148104
101	FUN_180007f10	180007f10	179	OK	149002
102	FUN_180007fd0	180007fd0	305	OK	150763
103	FUN_180008110	180008110	142	OK	151562
104	FUN_1800081a0	1800081a0	179	OK	152493
105	FUN_180008260	180008260	153	OK	153358
106	FUN_180008300	180008300	153	OK	154214
107	FUN_1800083a0	1800083a0	146	OK	154807
108	FUN_180008440	180008440	305	OK	156570
109	FUN_180008580	180008580	153	OK	157443
110	FUN_180008620	180008620	153	OK	158302
111	FUN_1800086c0	1800086c0	305	OK	160080
112	FUN_180008800	180008800	142	OK	160899
113	FUN_180008890	180008890	153	OK	161810
114	FUN_180008930	180008930	179	OK	162732
115	FUN_1800089f0	1800089f0	168	OK	163608
116	FUN_180008aa0	180008aa0	168	OK	164485
117	FUN_180008b50	180008b50	168	OK	165374
118	FUN_180008c00	180008c00	179	OK	166341
119	FUN_180008cc0	180008cc0	168	OK	167246
120	FUN_180008d70	180008d70	168	OK	168121
121	FUN_180008e20	180008e20	179	OK	169095
122	FUN_180008ee0	180008ee0	168	OK	169974
123	FUN_180008f90	180008f90	168	OK	170865
124	FUN_180009040	180009040	179	OK	171787
125	FUN_180009100	180009100	179	OK	172724
126	FUN_1800091c0	1800091c0	168	OK	173701
127	FUN_180009270	180009270	168	OK	174669
128	FUN_180009320	180009320	179	OK	175578
129	FUN_1800093e0	1800093e0	168	OK	176450
130	FUN_180009490	180009490	168	OK	177349
131	FUN_180009540	180009540	179	OK	178353
132	FUN_180009600	180009600	305	OK	180117
133	FUN_180009740	180009740	168	OK	181010
134	FUN_1800097f0	1800097f0	168	OK	181913
135	FUN_1800098a0	1800098a0	168	OK	182825
136	FUN_180009950	180009950	168	OK	183712
137	FUN_180009a00	180009a00	259	OK	184961
138	FUN_180009b10	180009b10	168	OK	185824
139	FUN_180009bc0	180009bc0	168	OK	186683
140	FUN_180009c70	180009c70	168	OK	187567
141	FUN_180009d20	180009d20	168	OK	188494
142	FUN_180009dd0	180009dd0	168	OK	189437
143	FUN_180009e80	180009e80	168	OK	190353
144	FUN_180009f30	180009f30	168	OK	191255
145	FUN_180009fe0	180009fe0	168	OK	192182
146	FUN_18000a090	18000a090	179	OK	193117
147	FUN_18000a150	18000a150	179	OK	194041
148	FUN_18000a210	18000a210	168	OK	194892
149	FUN_18000a2c0	18000a2c0	179	OK	195800
150	FUN_18000a380	18000a380	259	OK	197042
151	FUN_18000a490	18000a490	179	OK	197946
152	FUN_18000a550	18000a550	168	OK	198850
153	FUN_18000a600	18000a600	179	OK	199763
154	FUN_18000a6c0	18000a6c0	179	OK	200658
155	FUN_18000a780	18000a780	179	OK	201554
156	FUN_18000a840	18000a840	179	OK	202492
157	FUN_18000a900	18000a900	179	OK	203385
158	FUN_18000a9c0	18000a9c0	179	OK	204299
159	FUN_18000aa80	18000aa80	179	OK	205218
160	FUN_18000ab40	18000ab40	179	OK	206155
161	FUN_18000ac00	18000ac00	179	OK	207070
162	FUN_18000acc0	18000acc0	179	OK	207982
163	FUN_18000ad80	18000ad80	168	OK	208861
164	FUN_18000ae30	18000ae30	152	OK	209681
165	FUN_18000aed0	18000aed0	152	OK	210519
166	FUN_18000af70	18000af70	152	OK	211349
167	FUN_18000b010	18000b010	168	OK	212228
168	FUN_18000b0c0	18000b0c0	179	OK	213165
169	FUN_18000b180	18000b180	259	OK	214407
170	FUN_18000b290	18000b290	146	OK	214992
171	FUN_18000b330	18000b330	179	OK	215978
172	FUN_18000b3f0	18000b3f0	179	OK	216864
173	FUN_18000b4b0	18000b4b0	179	OK	217755
174	FUN_18000b570	18000b570	179	OK	218634
175	FUN_18000b630	18000b630	168	OK	219524
176	FUN_18000b6e0	18000b6e0	179	OK	220414
177	FUN_18000b7a0	18000b7a0	179	OK	221402
178	FUN_18000b860	18000b860	179	OK	222271
179	FUN_18000b920	18000b920	168	OK	223182
180	FUN_18000b9d0	18000b9d0	179	OK	224074
181	FUN_18000ba90	18000ba90	179	OK	224961
182	FUN_18000bb50	18000bb50	168	OK	225868
183	FUN_18000bc00	18000bc00	168	OK	226758
184	FUN_18000bcb0	18000bcb0	168	OK	227623
185	FUN_18000bd60	18000bd60	168	OK	228497
186	FUN_18000be10	18000be10	183	OK	229657
187	FUN_18000bed0	18000bed0	152	OK	230515
188	FUN_18000bf70	18000bf70	179	OK	231457
189	FUN_18000c030	18000c030	179	OK	232396
190	FUN_18000c0f0	18000c0f0	152	OK	233251
191	FUN_18000c190	18000c190	179	OK	234281
192	FUN_18000c250	18000c250	179	OK	235315
193	FUN_18000c310	18000c310	168	OK	236314
194	FUN_18000c3c0	18000c3c0	878	OK	241625
195	FUN_18000c730	18000c730	516	OK	245301
196	FUN_18000c940	18000c940	168	OK	246141
197	FUN_18000c9f0	18000c9f0	152	OK	246996
198	FUN_18000ca90	18000ca90	152	OK	247837
199	FUN_18000cb30	18000cb30	862	OK	253530
200	FUN_18000ce90	18000ce90	179	OK	254571
201	FUN_18000cf50	18000cf50	179	OK	255440
202	FUN_18000d010	18000d010	168	OK	256373
203	FUN_18000d0c0	18000d0c0	135	OK	256936
204	FUN_18000d150	18000d150	135	OK	257508
205	FUN_18000d1e0	18000d1e0	135	OK	258069
206	FUN_18000d270	18000d270	135	OK	258643
207	FUN_18000d300	18000d300	135	OK	259231
208	FUN_18000d390	18000d390	135	OK	259788
209	FUN_18000d420	18000d420	179	OK	260786
210	FUN_18000d4e0	18000d4e0	146	OK	261379
211	FUN_18000d580	18000d580	168	OK	262222
212	FUN_18000d630	18000d630	152	OK	263080
213	FUN_18000d6d0	18000d6d0	999	OK	267379
214	FUN_18000dac0	18000dac0	305	OK	269143
215	FUN_18000dc00	18000dc00	539	OK	272654
216	FUN_18000de20	18000de20	145	OK	273233
217	FUN_18000dec0	18000dec0	168	OK	274085
218	FUN_18000df70	18000df70	168	OK	275177
219	FUN_18000e020	18000e020	179	OK	276108
220	FUN_18000e0e0	18000e0e0	179	OK	277050
221	FUN_18000e1a0	18000e1a0	179	OK	277946
222	FUN_18000e260	18000e260	168	OK	278841
223	FUN_18000e310	18000e310	168	OK	279719
224	FUN_18000e3c0	18000e3c0	179	OK	280637
225	FUN_18000e480	18000e480	179	OK	281587
226	FUN_18000e540	18000e540	269	OK	282922
227	FUN_18000e650	18000e650	258	OK	284150
228	FUN_18000e760	18000e760	258	OK	285403
229	FUN_18000e870	18000e870	168	OK	286329
230	FUN_18000e920	18000e920	135	OK	286897
231	FUN_18000e9b0	18000e9b0	179	OK	287848
232	FUN_18000ea70	18000ea70	179	OK	288757
233	FUN_18000eb30	18000eb30	179	OK	289648
234	FUN_18000ebf0	18000ebf0	146	OK	290238
235	FUN_18000ec90	18000ec90	135	OK	290803
236	FUN_18000ed20	18000ed20	135	OK	291366
237	FUN_18000edb0	18000edb0	179	OK	292299
238	FUN_18000ee70	18000ee70	258	OK	293514
239	FUN_18000ef80	18000ef80	42	OK	293815
240	FUN_18000efb0	18000efb0	168	OK	294708
241	FUN_18000f060	18000f060	168	OK	295630
242	FUN_18000f110	18000f110	168	OK	296502
243	FUN_18000f1c0	18000f1c0	179	OK	297409
244	FUN_18000f280	18000f280	458	OK	299094
245	FUN_18000f450	18000f450	20	OK	299258
246	FUN_18000f470	18000f470	142	OK	300076
247	FUN_18000f500	18000f500	168	OK	300987
248	FUN_18000f5b0	18000f5b0	173	OK	301952
249	FUN_18000f660	18000f660	1282	OK	308337
250	FUN_18000fb70	18000fb70	225	OK	309289
251	FUN_18000fc60	18000fc60	168	OK	310130
252	FUN_18000fd10	18000fd10	225	OK	311084
253	FUN_18000fe00	18000fe00	168	OK	311922
254	FUN_18000feb0	18000feb0	199	OK	313065
255	FUN_18000ff80	18000ff80	168	OK	313958
256	FUN_180010030	180010030	419	OK	316821
257	FUN_1800101e0	1800101e0	179	OK	317726
258	FUN_1800102a0	1800102a0	168	OK	318581
259	FUN_180010350	180010350	259	OK	319826
260	FUN_180010460	180010460	55	OK	320139
261	FUN_1800104a0	1800104a0	168	OK	321016
262	FUN_180010550	180010550	168	OK	321862
263	FUN_180010600	180010600	259	OK	323113
264	FUN_180010710	180010710	294	OK	324632
265	FUN_180010840	180010840	294	OK	326170
266	FUN_180010970	180010970	12	OK	326318
267	FUN_180010980	180010980	294	OK	327852
268	FUN_180010ab0	180010ab0	12	OK	328000
269	FUN_180010ac0	180010ac0	12	OK	328148
270	FUN_180010ad0	180010ad0	179	OK	329025
271	FUN_180010b90	180010b90	173	OK	329991
272	FUN_180010c40	180010c40	48	OK	330191
273	FUN_180010c70	180010c70	80	OK	330632
274	FUN_180010cc0	180010cc0	54	OK	330998
275	FUN_180010d00	180010d00	32	OK	331210
276	FUN_180010d20	180010d20	32	OK	331422
277	FUN_180010d40	180010d40	12	OK	331570
278	FUN_180010d50	180010d50	12	OK	331743
279	FUN_180010d60	180010d60	48	OK	331943
280	FUN_180010d90	180010d90	80	OK	332384
281	FUN_180010de0	180010de0	70	OK	332874
282	FUN_180010e30	180010e30	32	OK	333086
283	FUN_180010e50	180010e50	32	OK	333298
284	FUN_180010e70	180010e70	12	OK	333460
285	FUN_180010e80	180010e80	37	OK	333643
286	FUN_180010eb0	180010eb0	12	OK	333791
287	FUN_180010ec0	180010ec0	542	OK	335828
288	FUN_1800110e0	1800110e0	168	OK	336709
289	FUN_180011190	180011190	607	OK	339256
290	FUN_1800113f0	1800113f0	152	OK	340077
291	FUN_180011490	180011490	204	OK	341089
292	FUN_180011560	180011560	152	OK	341909
293	FUN_180011600	180011600	152	OK	342704
294	FUN_1800116a0	1800116a0	19	OK	342989
295	_guard_check_icall	1800116c0	3	OK	343121
296	FUN_1800116d0	1800116d0	43	OK	343397
297	FUN_180011700	180011700	28	OK	343640
298	FUN_180011720	180011720	25	OK	343866
299	FUN_180011740	180011740	67	OK	344247
300	FUN_180011790	180011790	22	OK	344532
301	FUN_1800117b0	1800117b0	6	OK	344662
302	FUN_1800117c0	1800117c0	326	OK	347583
303	FUN_180011910	180011910	40	OK	347804
304	FUN_180011940	180011940	4	OK	347956
305	FUN_180011950	180011950	37	OK	348327
306	FUN_180011980	180011980	45	OK	348817
307	FUN_1800119b0	1800119b0	95	OK	349496
308	FUN_180011a20	180011a20	183	OK	350406
309	FUN_180011ae0	180011ae0	206	OK	351679
310	FUN_180011bc0	180011bc0	261	OK	353220
311	FUN_180011cd0	180011cd0	372	OK	354980
312	FUN_180011e50	180011e50	365	OK	357027
313	FUN_180011fc0	180011fc0	191	OK	358078
314	FUN_180012080	180012080	234	OK	359296
315	FUN_180012170	180012170	446	OK	362720
316	FUN_180012330	180012330	597	OK	365491
317	FUN_180012590	180012590	1004	OK	370477
318	FUN_180012980	180012980	396	OK	372940
319	FUN_180012b10	180012b10	172	OK	374015
320	FUN_180012bc0	180012bc0	86	OK	374618
321	FUN_180012c20	180012c20	273	OK	376215
322	FUN_180012d40	180012d40	356	OK	378219
323	FUN_180012eb0	180012eb0	33	OK	378459
324	FUN_180012ee0	180012ee0	43	OK	378735
325	FUN_180012f10	180012f10	245	OK	380282
326	FUN_180013010	180013010	17	OK	380535
327	FUN_180013030	180013030	93	OK	381383
328	FUN_180013090	180013090	47	OK	381992
329	FUN_1800130c0	1800130c0	47	OK	382601
330	FID_conflict:_Tidy_deallocate	1800130f0	96	OK	383706
331	FUN_180013160	180013160	16	OK	383917
332	FUN_180013180	180013180	16	OK	384136
333	FUN_1800131a0	1800131a0	353	OK	385983
334	FUN_180013310	180013310	363	OK	387876
335	FUN_180013480	180013480	130	OK	388557
336	FUN_180013510	180013510	331	OK	390352
337	FUN_180013660	180013660	3550	OK	413416
338	FUN_180014440	180014440	1579	OK	423399
339	FUN_180014a80	180014a80	114	OK	423951
340	FUN_180014b00	180014b00	11	OK	424207
341	FUN_180014b10	180014b10	25	OK	424625
342	FUN_180014b30	180014b30	70	OK	425095
343	FUN_180014b80	180014b80	485	OK	427907
344	FUN_180014d70	180014d70	124	OK	428572
345	FUN_180014df0	180014df0	115	OK	429226
346	FUN_180014e70	180014e70	17	OK	429479
347	FUN_180014e90	180014e90	77	OK	429910
348	FUN_180014ee0	180014ee0	168	OK	431701
349	FUN_180014f90	180014f90	8	OK	431835
350	FUN_180014fa0	180014fa0	8	OK	431968
351	FUN_180014fb0	180014fb0	382	OK	433875
352	FUN_180015140	180015140	142	OK	434854
353	FUN_1800151d0	1800151d0	6	OK	434984
354	FUN_1800151e0	1800151e0	463	OK	437820
355	FUN_1800153c0	1800153c0	15	OK	437996
356	FUN_1800153d0	1800153d0	21	OK	438199
357	FUN_1800153f0	1800153f0	69	OK	438705
358	FUN_180015440	180015440	52	OK	438964
359	FUN_180015480	180015480	81	OK	439391
360	FUN_1800154e0	1800154e0	14	OK	439708
361	FUN_1800154f0	1800154f0	8	OK	439907
362	FUN_180015500	180015500	5	OK	440057
363	FUN_180015510	180015510	15	OK	440287
364	FUN_180015520	180015520	14	OK	440668
365	FUN_180015530	180015530	8	OK	440867
366	FUN_180015540	180015540	14	OK	441073
367	FUN_180015550	180015550	8	OK	441272
368	FUN_180015560	180015560	14	OK	441478
369	FUN_180015570	180015570	8	OK	441677
370	FUN_180015580	180015580	14	OK	441994
371	FUN_180015590	180015590	8	OK	442193
372	FUN_1800155a0	1800155a0	14	OK	442510
373	FUN_1800155b0	1800155b0	8	OK	442709
374	FUN_1800155c0	1800155c0	80	OK	443653
375	FUN_180015610	180015610	14	OK	444034
376	FUN_180015620	180015620	8	OK	444233
377	FUN_180015630	180015630	14	OK	444550
378	FUN_180015640	180015640	8	OK	444749
379	FUN_180015650	180015650	14	OK	445066
380	FUN_180015660	180015660	8	OK	445265
381	FUN_180015670	180015670	22	OK	445478
382	FUN_180015690	180015690	43	OK	445769
383	FUN_1800156c0	1800156c0	13	OK	445976
384	FUN_1800156d0	1800156d0	22	OK	446190
385	FUN_1800156f0	1800156f0	389	OK	448814
386	FUN_180015880	180015880	15	OK	448990
387	FUN_180015890	180015890	21	OK	449193
388	FUN_1800158b0	1800158b0	177	OK	450267
389	FUN_180015970	180015970	51	OK	450756
390	FUN_1800159b0	1800159b0	52	OK	451016
391	FUN_1800159f0	1800159f0	27	OK	451393
392	FUN_180015a10	180015a10	153	OK	452494
393	FUN_180015ab0	180015ab0	15	OK	452670
394	FUN_180015ac0	180015ac0	21	OK	452873
395	FUN_180015ae0	180015ae0	108	OK	453498
396	FUN_180015b50	180015b50	23	OK	453751
397	FUN_180015b70	180015b70	52	OK	454010
398	FUN_180015bb0	180015bb0	1079	OK	460847
399	FUN_180015ff0	180015ff0	1079	OK	467684
400	FUN_180016430	180016430	651	OK	472006
401	FUN_1800166c0	1800166c0	58	OK	472602
402	FUN_180016700	180016700	314	OK	474113
403	FUN_180016840	180016840	131	OK	474875
404	FUN_1800168d0	1800168d0	349	OK	476678
405	FUN_180016a30	180016a30	367	OK	478437
406	FUN_180016bb0	180016bb0	480	OK	481180
407	FUN_180016da0	180016da0	481	OK	483198
408	FUN_180016f90	180016f90	635	OK	487551
409	FUN_180017210	180017210	346	OK	489184
410	FUN_180017370	180017370	121	OK	490785
411	FUN_1800173f0	1800173f0	54	OK	491098
412	FUN_180017430	180017430	550	OK	494446
413	FUN_180017660	180017660	427	OK	497243
414	FUN_180017810	180017810	207	OK	498190
415	FUN_1800178e0	1800178e0	207	OK	499395
416	FUN_1800179b0	1800179b0	151	OK	500249
417	FUN_180017a50	180017a50	95	OK	500954
418	FUN_180017ab0	180017ab0	15	OK	501184
419	FUN_180017b70	180017b70	96	OK	501740
420	FUN_180017bd0	180017bd0	93	OK	502360
421	FUN_180017c30	180017c30	179	OK	503540
422	FUN_180017cf0	180017cf0	224	OK	504767
423	FUN_180017de0	180017de0	126	OK	505414
424	FUN_180017e60	180017e60	114	OK	506026
425	FUN_180017ee0	180017ee0	102	OK	506677
426	FUN_180017f50	180017f50	105	OK	507365
427	FUN_180017fc0	180017fc0	53	OK	507703
428	FUN_180018000	180018000	203	OK	509159
429	FUN_1800180d0	1800180d0	240	OK	510451
430	FUN_1800181c0	1800181c0	12	OK	510637
431	FUN_1800181d0	1800181d0	12	OK	510823
432	FUN_1800181e0	1800181e0	12	OK	511009
433	FUN_1800181f0	1800181f0	12	OK	511195
434	FUN_180018200	180018200	62	OK	511523
435	FUN_180018240	180018240	175	OK	512774
436	FUN_1800182f0	1800182f0	99	OK	513438
437	FUN_180018360	180018360	99	OK	514102
438	FUN_1800183d0	1800183d0	52	OK	514361
439	FUN_180018410	180018410	52	OK	514620
440	FUN_180018450	180018450	59	OK	514911
441	`scalar_deleting_destructor'	180018490	106	OK	515797
442	FUN_180018500	180018500	43	OK	516077
443	FUN_180018530	180018530	62	OK	516405
444	FUN_180018570	180018570	358	OK	518266
445	FUN_1800186e0	1800186e0	134	OK	518992
446	FUN_180018770	180018770	15	OK	519314
447	FUN_180018780	180018780	107	OK	519951
448	FUN_1800187f0	1800187f0	23	OK	520191
449	FUN_180018810	180018810	5	OK	520400
450	FUN_180018820	180018820	23	OK	520640
451	FUN_180018840	180018840	16	OK	520851
452	FUN_180018860	180018860	16	OK	521075
453	FUN_180018880	180018880	269	OK	522604
454	deallocate	180018990	60	OK	523322
455	FUN_1800189d0	1800189d0	65	OK	523806
456	FUN_180018a20	180018a20	4	OK	523975
457	FUN_180018a30	180018a30	31	OK	524271
458	FUN_180018a50	180018a50	14	OK	524466
459	FUN_180018a60	180018a60	72	OK	524862
460	FUN_180018ab0	180018ab0	14	OK	525057
461	FUN_180018ac0	180018ac0	72	OK	525453
462	FUN_180018b10	180018b10	29	OK	525707
463	FUN_180018b30	180018b30	232	OK	527266
464	FUN_180018c20	180018c20	603	OK	530952
465	FUN_180018e80	180018e80	1058	OK	537406
466	FUN_1800192b0	1800192b0	1039	OK	543436
467	FUN_1800196d0	1800196d0	17	OK	543689
468	FUN_1800196f0	1800196f0	173	OK	544733
469	FUN_1800197a0	1800197a0	8	OK	544868
470	FUN_1800197b0	1800197b0	6	OK	545007
471	FUN_1800197c0	1800197c0	403	OK	547488
472	FUN_180019960	180019960	82	OK	548190
473	FUN_1800199c0	1800199c0	764	OK	552044
474	FUN_180019cc0	180019cc0	3992	OK	573127
475	FUN_18001ac60	18001ac60	3065	OK	590449
476	FUN_18001b870	18001b870	1200	OK	596644
477	FUN_18001bd30	18001bd30	287	OK	598169
478	FUN_18001be60	18001be60	366	OK	600644
479	FUN_18001bfd0	18001bfd0	25	OK	600886
480	FUN_18001bff0	18001bff0	361	OK	603039
481	FUN_18001c160	18001c160	250	OK	604605
482	FUN_18001c260	18001c260	4	OK	604755
483	FUN_18001c270	18001c270	3	OK	604885
484	FUN_18001c280	18001c280	62	OK	605366
485	FUN_18001c2c0	18001c2c0	107	OK	606343
486	FUN_18001c330	18001c330	489	OK	609214
487	FUN_18001c520	18001c520	137	OK	609941
488	FUN_18001c5b0	18001c5b0	182	OK	610889
489	FUN_18001c670	18001c670	183	OK	611816
490	FUN_18001c730	18001c730	108	OK	612796
491	FUN_18001c7a0	18001c7a0	28	OK	613213
492	FUN_18001c7c0	18001c7c0	77	OK	613739
493	FUN_18001c810	18001c810	41	OK	614072
494	FUN_18001c840	18001c840	57	OK	614349
495	thunk_FUN_180020020	18001c880	5	OK	621951
496	thunk_FUN_180020520	18001c890	5	OK	622571
497	OpenCompiler12	18001c8a0	86	OK	623592
498	FUN_18001c900	18001c900	232	OK	624706
499	FUN_18001c9f0	18001c9f0	261	OK	626211
500	FUN_18001cb00	18001cb00	11	OK	626402
501	FUN_18001cb10	18001cb10	526	OK	629403
502	FUN_18001cd20	18001cd20	820	OK	634293
503	FUN_18001d060	18001d060	55	OK	634666
504	FUN_18001d0a0	18001d0a0	288	OK	636267
505	FUN_18001d1d0	18001d1d0	103	OK	636892
506	FUN_18001d240	18001d240	390	OK	639368
507	FUN_18001d3d0	18001d3d0	123	OK	640134
508	thunk_FUN_18008e5f0	18001d450	5	OK	640413
509	FUN_18001d460	18001d460	145	OK	641205
510	FUN_18001d500	18001d500	12	OK	641391
511	FUN_18001d510	18001d510	52	OK	641650
512	FUN_18001d550	18001d550	59	OK	641942
513	FUN_18001d590	18001d590	43	OK	642225
514	FUN_18001d5c0	18001d5c0	52	OK	642484
515	FUN_18001d600	18001d600	52	OK	642743
516	FUN_18001d640	18001d640	52	OK	643002
517	FUN_18001d680	18001d680	248	OK	644294
518	FUN_18001d780	18001d780	206	OK	645881
519	FUN_18001d850	18001d850	135	OK	646887
520	FUN_18001d8e0	18001d8e0	17	OK	647332
521	FUN_18001d900	18001d900	756	OK	651520
522	_Reset_back	18001dc00	48	OK	652377
523	FUN_18001dc30	18001dc30	91	OK	653097
524	FUN_18001dc90	18001dc90	17	OK	653542
525	FUN_18001dcb0	18001dcb0	259	OK	655156
526	FUN_18001ddc0	18001ddc0	137	OK	656069
527	FUN_18001de50	18001de50	3	OK	656199
528	FUN_18001de60	18001de60	27	OK	656537
529	FUN_18001de80	18001de80	28	OK	656962
530	FUN_18001dea0	18001dea0	14	OK	657220
531	FUN_18001deb0	18001deb0	4	OK	657418
532	FUN_18001dec0	18001dec0	8	OK	657562
533	FUN_18001ded0	18001ded0	427	OK	659872
534	FUN_18001e080	18001e080	14	OK	660047
535	FUN_18001e090	18001e090	33	OK	660292
536	FUN_18001e0c0	18001e0c0	3	OK	660422
537	FUN_18001e0d0	18001e0d0	428	OK	662829
538	FUN_18001e280	18001e280	225	OK	664354
539	FUN_18001e370	18001e370	979	OK	670908
540	FUN_18001e750	18001e750	687	OK	674852
541	FUN_18001ea00	18001ea00	223	OK	676038
542	FUN_18001eae0	18001eae0	375	OK	678139
543	FUN_18001ec60	18001ec60	200	OK	679331
544	FUN_18001ed30	18001ed30	183	OK	680433
545	FUN_18001edf0	18001edf0	154	OK	681406
546	FUN_18001ee90	18001ee90	88	OK	681940
547	FUN_18001eef0	18001eef0	78	OK	682330
548	FUN_18001ef40	18001ef40	980	OK	689106
549	FUN_18001f320	18001f320	113	OK	689662
550	FUN_18001f3a0	18001f3a0	15	OK	689958
551	FUN_18001f3b0	18001f3b0	436	OK	692520
552	FUN_18001f570	18001f570	315	OK	694382
553	FUN_18001f6b0	18001f6b0	350	OK	696185
554	FUN_18001f820	18001f820	111	OK	696716
555	FUN_18001f890	18001f890	352	OK	698353
556	FUN_18001fa00	18001fa00	526	OK	701406
557	FUN_18001fc10	18001fc10	214	OK	702551
558	FUN_18001fcf0	18001fcf0	209	OK	703566
559	FUN_18001fdd0	18001fdd0	486	OK	706419
560	FUN_18001ffc0	18001ffc0	94	OK	706850
561	FUN_180020020	180020020	1266	OK	714439
562	FUN_180020520	180020520	141	OK	715049
563	FUN_1800205b0	1800205b0	1845	OK	727365
564	FUN_180020cf0	180020cf0	610	OK	731033
565	FUN_180020f60	180020f60	1731	OK	742705
566	FUN_180021630	180021630	169	OK	743873
567	FUN_1800216e0	1800216e0	210	OK	745280
568	FUN_1800217c0	1800217c0	5	OK	745452
569	FUN_1800217d0	1800217d0	62	OK	745889
570	FUN_180021810	180021810	62	OK	746326
571	FUN_180021850	180021850	287	OK	747840
572	FUN_180021970	180021970	287	OK	749355
573	FUN_180021a90	180021a90	646	OK	753505
574	FUN_180021d20	180021d20	650	OK	757693
575	FUN_180021fb0	180021fb0	170	OK	758654
576	FUN_180022060	180022060	293	OK	760351
577	FUN_180022190	180022190	293	OK	762049
578	FUN_1800222c0	1800222c0	723	OK	767286
579	FUN_1800225a0	1800225a0	5	OK	767458
580	FUN_1800225b0	1800225b0	62	OK	767895
581	FUN_1800225f0	1800225f0	8	OK	768039
582	FUN_180022600	180022600	87	OK	768481
583	FUN_180022660	180022660	892	OK	773777
584	FUN_1800229f0	1800229f0	975	OK	778526
585	FUN_180022dc0	180022dc0	231	OK	779671
586	FUN_180022eb0	180022eb0	429	OK	782170
587	FUN_180023070	180023070	1078	OK	789449
588	FUN_1800234b0	1800234b0	64	OK	789836
589	FUN_1800234f0	1800234f0	520	OK	793157
590	FUN_180023700	180023700	421	OK	796707
591	FUN_1800238b0	1800238b0	145	OK	797662
592	FUN_180023950	180023950	519	OK	800363
593	FUN_180023b60	180023b60	142	OK	801108
594	FUN_180023bf0	180023bf0	12	OK	801294
595	FUN_180023c00	180023c00	59	OK	801585
596	FUN_180023c40	180023c40	209	OK	802577
597	FUN_180023d20	180023d20	229	OK	803801
598	FUN_180023e10	180023e10	199	OK	804673
599	FUN_180023ee0	180023ee0	946	OK	809738
600	FUN_1800242a0	1800242a0	3653	OK	836620
601	FUN_1800250f0	1800250f0	315	OK	838320
602	FUN_180025230	180025230	215	OK	839551
603	FUN_180025310	180025310	532	OK	842525
604	FUN_180025530	180025530	302	OK	844310
605	FUN_180025660	180025660	185	OK	845274
606	FUN_180025720	180025720	243	OK	846935
607	FUN_180025820	180025820	47	OK	847356
608	FUN_180025850	180025850	52	OK	847615
609	FUN_180025890	180025890	26	OK	848092
610	FUN_1800258b0	1800258b0	4	OK	848264
611	FUN_1800258c0	1800258c0	26	OK	848653
612	FUN_1800258e0	1800258e0	27	OK	849049
613	FUN_180025900	180025900	22	OK	849275
614	FUN_180025920	180025920	66	OK	849600
615	FUN_180025970	180025970	396	OK	851942
616	FUN_180025b00	180025b00	20	OK	852145
617	FUN_180025b20	180025b20	189	OK	853314
618	FUN_180025be0	180025be0	24	OK	853523
619	FUN_180025c00	180025c00	30	OK	853759
620	FUN_180025c20	180025c20	99	OK	854341
621	FUN_180025c90	180025c90	22	OK	854594
622	FUN_180025cb0	180025cb0	52	OK	854854
623	FUN_180025cf0	180025cf0	14	OK	855179
624	FUN_180025d00	180025d00	8	OK	855378
625	FUN_180025d10	180025d10	14	OK	855695
626	FUN_180025d20	180025d20	8	OK	855894
627	FUN_180025d30	180025d30	14	OK	856211
628	FUN_180025d40	180025d40	8	OK	856410
629	FUN_180025d50	180025d50	14	OK	856735
630	FUN_180025d60	180025d60	8	OK	856934
631	FUN_180025d70	180025d70	14	OK	857251
632	FUN_180025d80	180025d80	8	OK	857450
633	FUN_180025d90	180025d90	14	OK	857767
634	FUN_180025da0	180025da0	8	OK	857966
635	FUN_180025db0	180025db0	14	OK	858291
636	FUN_180025dc0	180025dc0	8	OK	858490
637	FUN_180025dd0	180025dd0	22	OK	858710
638	FUN_180025df0	180025df0	155	OK	859811
639	FUN_180025e90	180025e90	105	OK	860441
640	FUN_180025f00	180025f00	171	OK	861483
641	FUN_180025fb0	180025fb0	194	OK	862651
642	FUN_180026080	180026080	337	OK	864463
643	FUN_1800261e0	1800261e0	272	OK	865835
644	FUN_180026300	180026300	67	OK	866124
645	FUN_180026350	180026350	121	OK	866771
646	FUN_1800263d0	1800263d0	329	OK	868409
647	FUN_180026520	180026520	321	OK	870116
648	FUN_180026670	180026670	479	OK	872347
649	FUN_180026860	180026860	231	OK	873496
650	FUN_180026950	180026950	77	OK	873956
651	FUN_1800269a0	1800269a0	60	OK	874276
652	FUN_1800269e0	1800269e0	60	OK	874607
653	FUN_180026a20	180026a20	33	OK	874867
654	FUN_180026a50	180026a50	60	OK	875186
655	FUN_180026a90	180026a90	33	OK	875422
656	exception	180026ac0	50	OK	875923
657	FUN_180026b00	180026b00	87	OK	876466
658	FUN_180026b60	180026b60	60	OK	876788
659	FUN_180026ba0	180026ba0	71	OK	877197
660	FUN_180026bf0	180026bf0	60	OK	877521
661	FUN_180026c30	180026c30	71	OK	877932
662	FUN_180026c80	180026c80	87	OK	878470
663	FUN_180026ce0	180026ce0	31	OK	878676
664	FUN_180026d00	180026d00	165	OK	879392
665	FUN_180026db0	180026db0	31	OK	879600
666	FUN_180026dd0	180026dd0	18	OK	879821
667	FUN_180026df0	180026df0	21	OK	880065
668	FUN_180026e10	180026e10	51	OK	880403
669	FUN_180026e50	180026e50	35	OK	880609
670	FUN_180026e80	180026e80	301	OK	882345
671	FUN_180026fb0	180026fb0	90	OK	882979
672	FUN_180027010	180027010	124	OK	883607
673	FUN_1800270a0	1800270a0	22	OK	883871
674	FUN_1800270c0	1800270c0	27	OK	884110
675	FUN_1800270e0	1800270e0	90	OK	884744
676	FUN_180027140	180027140	273	OK	886163
677	FUN_180027260	180027260	375	OK	887710
678	FUN_180027410	180027410	51	OK	887964
679	FUN_180027450	180027450	23	OK	888148
680	FUN_180027470	180027470	336	OK	890397
681	FUN_1800275d0	1800275d0	342	OK	892184
682	FUN_180027730	180027730	893	OK	896836
683	FUN_180027ab0	180027ab0	33	OK	897185
684	~_Sentry_base	180027ae0	43	OK	897970
685	FUN_180027b30	180027b30	64	OK	898338
686	thunk_FUN_1804419e0	180027b90	5	OK	899143
687	FUN_180027ba0	180027ba0	138	OK	900082
688	FUN_180027c30	180027c30	204	OK	902184
689	FUN_180027d00	180027d00	62	OK	902521
690	FUN_180027d40	180027d40	43	OK	902804
691	FUN_180027d70	180027d70	52	OK	903060
692	FUN_180027db0	180027db0	215	OK	904144
693	FUN_180027e90	180027e90	52	OK	904400
694	FUN_180027ed0	180027ed0	52	OK	904659
695	FUN_180027f10	180027f10	52	OK	904918
696	FUN_180027f50	180027f50	66	OK	905239
697	FUN_180027fa0	180027fa0	672	OK	909569
698	FUN_180028240	180028240	18	OK	909805
699	FUN_180028260	180028260	28	OK	910087
700	FUN_180028280	180028280	270	OK	911189
701	FUN_180028390	180028390	244	OK	912264
702	FUN_180028490	180028490	11	OK	912473
703	FUN_1800284a0	1800284a0	306	OK	913930
704	FUN_1800285e0	1800285e0	299	OK	915188
705	FUN_180028710	180028710	40	OK	915428
706	FUN_180028740	180028740	12	OK	915574
707	FUN_180028750	180028750	382	OK	917579
708	FUN_1800288d0	1800288d0	22	OK	917817
709	FUN_1800288f0	1800288f0	192	OK	918803
710	FUN_1800289b0	1800289b0	17	OK	919014
711	FUN_1800289d0	1800289d0	224	OK	920053
712	FUN_180028ab0	180028ab0	34	OK	920464
713	FUN_180028ae0	180028ae0	11	OK	920673
714	FUN_180028af0	180028af0	337	OK	922093
715	FUN_180028c50	180028c50	22	OK	922331
716	FUN_180028c70	180028c70	11	OK	922540
717	FUN_180028c80	180028c80	337	OK	923962
718	FUN_180028de0	180028de0	11	OK	924171
719	FUN_180028df0	180028df0	337	OK	925593
720	FUN_180028f50	180028f50	8	OK	925774
721	FUN_180028f60	180028f60	11	OK	925983
722	FUN_180028f70	180028f70	11	OK	926192
723	FUN_180028f80	180028f80	11	OK	926401
724	FUN_180028f90	180028f90	440	OK	928445
725	FUN_180029150	180029150	515	OK	931912
726	FUN_180029360	180029360	95	OK	932405
727	FUN_1800293c0	1800293c0	80	OK	932853
728	FUN_180029410	180029410	69	OK	933401
729	FUN_180029460	180029460	360	OK	935084
730	FUN_1800295d0	1800295d0	95	OK	935577
731	FUN_180029630	180029630	80	OK	936025
732	FUN_180029680	180029680	69	OK	936573
733	FUN_1800296d0	1800296d0	23	OK	936811
734	FUN_1800296f0	1800296f0	256	OK	938036
735	FUN_1800297f0	1800297f0	40	OK	938474
736	FUN_180029820	180029820	339	OK	940431
737	FUN_180029980	180029980	18	OK	940667
738	FUN_1800299a0	1800299a0	12	OK	940813
739	FUN_1800299b0	1800299b0	18	OK	941049
740	FUN_1800299d0	1800299d0	28	OK	941331
741	FUN_1800299f0	1800299f0	19	OK	941567
742	FUN_180029a10	180029a10	8	OK	941748
743	FUN_180029a20	180029a20	11	OK	941957
744	FUN_180029a30	180029a30	241	OK	943086
745	FUN_180029b30	180029b30	250	OK	944200
746	FUN_180029c30	180029c30	11	OK	944409
747	FUN_180029c40	180029c40	11	OK	944618
748	FUN_180029c50	180029c50	190	OK	945563
749	FUN_180029d10	180029d10	12	OK	945709
750	FUN_180029d20	180029d20	18	OK	945945
751	FUN_180029d40	180029d40	11	OK	946154
752	FUN_180029d50	180029d50	11	OK	946363
753	FUN_180029d60	180029d60	23	OK	946601
754	FUN_180029d80	180029d80	28	OK	946883
755	FUN_180029da0	180029da0	40	OK	947321
756	FUN_180029dd0	180029dd0	28	OK	947603
757	FUN_180029df0	180029df0	11	OK	947812
758	FUN_180029e00	180029e00	18	OK	948048
759	FUN_180029e20	180029e20	11	OK	948257
760	FUN_180029e30	180029e30	19	OK	948470
761	FUN_180029e50	180029e50	11	OK	948679
762	FUN_180029e60	180029e60	11	OK	948888
763	FUN_180029e70	180029e70	537	OK	952056
764	FUN_18002a090	18002a090	490	OK	954240
765	FUN_18002a280	18002a280	580	OK	956953
766	FUN_18002a4e0	18002a4e0	2358	OK	969388
767	FUN_18002ae20	18002ae20	755	OK	972532
768	FUN_18002b120	18002b120	922	OK	976545
769	FUN_18002b4c0	18002b4c0	487	OK	979075
770	FUN_18002b6b0	18002b6b0	852	OK	982254
771	FUN_18002ba10	18002ba10	1863	OK	990473
772	FUN_18002c160	18002c160	1077	OK	994794
773	FUN_18002c5a0	18002c5a0	850	OK	999010
774	FUN_18002c900	18002c900	950	OK	1003218
775	FUN_18002ccc0	18002ccc0	622	OK	1006318
776	FUN_18002cf30	18002cf30	629	OK	1009439
777	FUN_18002d1b0	18002d1b0	2568	OK	1021363
778	FUN_18002dbc0	18002dbc0	1868	OK	1031353
779	FUN_18002e310	18002e310	1350	OK	1039031
780	FUN_18002e860	18002e860	443	OK	1041738
781	FUN_18002ea20	18002ea20	1739	OK	1051221
782	FUN_18002f0f0	18002f0f0	2133	OK	1061775
783	FUN_18002f970	18002f970	1838	OK	1070192
784	FUN_1800301b0	1800301b0	227	OK	1071312
785	FUN_1800302a0	1800302a0	132	OK	1072145
786	FUN_180030330	180030330	204	OK	1073566
787	FUN_180030400	180030400	3819	OK	1094385
788	FUN_180031300	180031300	113	OK	1095166
789	FUN_180031380	180031380	29	OK	1095404
790	FUN_1800313a0	1800313a0	698	OK	1099014
791	FUN_180031660	180031660	635	OK	1101935
792	FUN_1800318e0	1800318e0	407	OK	1103713
793	FUN_180031a80	180031a80	1099	OK	1110770
794	FUN_180031ee0	180031ee0	103	OK	1111322
795	FUN_180031f50	180031f50	86	OK	1111941
796	FUN_180031fb0	180031fb0	175	OK	1113428
797	FUN_180032060	180032060	52	OK	1113915
798	FUN_1800320a0	1800320a0	891	OK	1118772
799	FUN_180032420	180032420	738	OK	1123158
800	FUN_180032710	180032710	99	OK	1123576
801	FUN_180032780	180032780	154	OK	1124253
802	FUN_180032820	180032820	140	OK	1124907
803	FUN_1800328b0	1800328b0	678	OK	1127594
804	FUN_180032b60	180032b60	913	OK	1129926
805	FUN_180032f00	180032f00	14	OK	1130274
806	FUN_180032f10	180032f10	97	OK	1130812
807	FUN_180032f80	180032f80	410	OK	1133201
808	FUN_180033120	180033120	167	OK	1134489
809	FUN_1800331d0	1800331d0	8	OK	1134688
810	FUN_1800331e0	1800331e0	31	OK	1134981
811	FUN_180033200	180033200	259	OK	1136415
812	FUN_180033310	180033310	1992	OK	1148128
813	FUN_180033ae0	180033ae0	288	OK	1149103
814	FUN_180033c00	180033c00	288	OK	1150020
815	FUN_180033d20	180033d20	182	OK	1151025
816	FUN_180033de0	180033de0	110	OK	1151913
817	FUN_180033e50	180033e50	326	OK	1154253
818	FUN_180033fa0	180033fa0	134	OK	1155345
819	FUN_180034070	180034070	457	OK	1158132
820	FUN_180034240	180034240	111	OK	1158576
821	FUN_1800342b0	1800342b0	65	OK	1159060
822	FUN_180034300	180034300	472	OK	1161492
823	FUN_1800344e0	1800344e0	44	OK	1161822
824	FUN_180034510	180034510	41	OK	1162115
825	FUN_180034560	180034560	19	OK	1162347
826	FUN_180034580	180034580	11	OK	1162554
827	FUN_180034590	180034590	9	OK	1162718
828	FUN_1800345a0	1800345a0	299	OK	1164366
829	FUN_1800346d0	1800346d0	5	OK	1164535
830	FUN_1800346e0	1800346e0	20	OK	1164773
831	FUN_180034700	180034700	40	OK	1165221
832	FUN_180034730	180034730	1017	OK	1171942
833	FUN_180034b30	180034b30	236	OK	1173430
834	FUN_180034c20	180034c20	6	OK	1173563
835	FUN_180034c30	180034c30	9	OK	1173727
836	FUN_180034c40	180034c40	459	OK	1176447
837	FUN_180034e10	180034e10	9	OK	1176611
838	FUN_180034e20	180034e20	58	OK	1177398
839	FUN_180034f70	180034f70	6	OK	1177531
840	FUN_180034f80	180034f80	3	OK	1177700
841	FUN_180034f90	180034f90	6	OK	1177830
842	FUN_180034fa0	180034fa0	8	OK	1178011
843	FUN_180034fb0	180034fb0	114	OK	1178659
844	FUN_180035030	180035030	219	OK	1181726
845	FUN_180035110	180035110	6	OK	1181856
846	FUN_180035120	180035120	6	OK	1181989
847	FUN_180035130	180035130	33	OK	1182290
848	FUN_180035160	180035160	27	OK	1182627
849	FUN_180035180	180035180	412	OK	1185885
850	FUN_180035350	180035350	52	OK	1186215
851	FUN_180035390	180035390	32	OK	1186634
852	FUN_1800353b0	1800353b0	1662	OK	1196010
853	FUN_180035ac0	180035ac0	419	OK	1198418
854	FUN_180035c70	180035c70	478	OK	1201526
855	FUN_180035e50	180035e50	105	OK	1202092
856	FUN_180035ec0	180035ec0	197	OK	1202973
857	FUN_180035f90	180035f90	81	OK	1204614
858	FUN_180035ff0	180035ff0	24	OK	1204942
859	FUN_180036010	180036010	109	OK	1205519
860	FUN_180036080	180036080	9	OK	1205683
861	FUN_180036090	180036090	2138	OK	1218902
862	FUN_1800368f0	1800368f0	9	OK	1219066
863	FUN_180036900	180036900	1053	OK	1223772
864	FUN_180036e30	180036e30	72	OK	1224315
865	FUN_180036e80	180036e80	175	OK	1225340
866	FUN_180036f30	180036f30	413	OK	1228376
867	FUN_1800370d0	1800370d0	4342	OK	1246290
868	FUN_1800381d0	1800381d0	57	OK	1246681
869	FUN_180038210	180038210	115	OK	1247329
870	FUN_180038290	180038290	1293	OK	1254513
871	FUN_1800387a0	1800387a0	7	OK	1254712
872	FUN_1800387b0	1800387b0	19	OK	1254997
873	FUN_1800387d0	1800387d0	447	OK	1257433
874	FUN_180038990	180038990	235	OK	1258729
875	FUN_180038a80	180038a80	66	OK	1259038
876	FUN_180038ad0	180038ad0	519	OK	1261765
877	FUN_180038ce0	180038ce0	254	OK	1262954
878	FUN_180038de0	180038de0	352	OK	1265425
879	FUN_180038f50	180038f50	348	OK	1267855
880	FID_conflict:_Tidy_deallocate	1800390b0	5	OK	1268524
881	FUN_1800390c0	1800390c0	155	OK	1269445
882	FUN_180039160	180039160	505	OK	1272103
883	FUN_180039380	180039380	121	OK	1272837
884	FUN_180039400	180039400	121	OK	1273569
885	FUN_180039480	180039480	67	OK	1273811
886	FUN_1800394d0	1800394d0	52	OK	1274070
887	FUN_180039510	180039510	155	OK	1274909
888	FUN_1800395b0	1800395b0	155	OK	1275746
889	FUN_180039650	180039650	52	OK	1276005
890	FUN_180039690	180039690	3223	OK	1298786
891	FUN_18003a340	18003a340	2428	OK	1312377
892	FUN_18003acd0	18003acd0	108	OK	1313151
893	FUN_18003ad50	18003ad50	9	OK	1313345
894	FUN_18003ad60	18003ad60	388	OK	1315455
895	FUN_18003aef0	18003aef0	53	OK	1315740
896	FUN_18003af30	18003af30	324	OK	1317518
897	FUN_18003b080	18003b080	64	OK	1317813
898	FUN_18003b0c0	18003b0c0	61	OK	1318118
899	FUN_18003b100	18003b100	603	OK	1320811
900	FUN_18003b360	18003b360	90	OK	1321302
901	FUN_18003b3c0	18003b3c0	1230	OK	1326579
902	FUN_18003b890	18003b890	68	OK	1326999
903	FUN_18003b8e0	18003b8e0	134	OK	1327905
904	FUN_18003b970	18003b970	134	OK	1328812
905	FUN_18003ba00	18003ba00	133	OK	1329439
906	FUN_18003ba90	18003ba90	465	OK	1331794
907	FUN_18003bc70	18003bc70	544	OK	1334728
908	FUN_18003bea0	18003bea0	551	OK	1337751
909	FUN_18003c0d0	18003c0d0	568	OK	1340952
910	FUN_18003c310	18003c310	485	OK	1342770
911	FUN_18003c500	18003c500	462	OK	1344468
912	FUN_18003c6e0	18003c6e0	153	OK	1346454
913	FUN_18003c780	18003c780	162	OK	1348541
914	FUN_18003c830	18003c830	197	OK	1350829
915	FUN_18003c900	18003c900	229	OK	1353096
916	FUN_18003c9f0	18003c9f0	259	OK	1354155
917	FUN_18003cb00	18003cb00	251	OK	1355801
918	FUN_18003cc00	18003cc00	246	OK	1357883
919	FUN_18003cd00	18003cd00	346	OK	1360519
920	FUN_18003ce60	18003ce60	391	OK	1363483
921	FUN_18003cff0	18003cff0	497	OK	1367127
922	FUN_18003d1f0	18003d1f0	255	OK	1368715
923	FUN_18003d2f0	18003d2f0	171	OK	1369424
924	FUN_18003d3a0	18003d3a0	414	OK	1371376
925	FUN_18003d540	18003d540	121	OK	1372008
926	FUN_18003d5c0	18003d5c0	136	OK	1372693
927	FUN_18003d650	18003d650	92	OK	1373431
928	FUN_18003d6b0	18003d6b0	92	OK	1374169
929	FUN_18003d710	18003d710	190	OK	1375395
930	FUN_18003d7d0	18003d7d0	142	OK	1376342
931	FUN_18003d860	18003d860	300	OK	1377674
932	FUN_18003d990	18003d990	65	OK	1378164
933	FUN_18003d9e0	18003d9e0	65	OK	1378654
934	FUN_18003da30	18003da30	61	OK	1379144
935	FUN_18003da70	18003da70	64	OK	1379634
936	FUN_18003dac0	18003dac0	1019	OK	1387300
937	FUN_18003dec0	18003dec0	264	OK	1388983
938	FUN_18003dfd0	18003dfd0	639	OK	1393478
939	FUN_18003e250	18003e250	392	OK	1395423
940	thunk_FUN_18003e3f0	18003e3e0	5	OK	1396019
941	FUN_18003e3f0	18003e3f0	117	OK	1396605
942	FUN_18003e470	18003e470	808	OK	1399577
943	FUN_18003e7a0	18003e7a0	115	OK	1400062
944	FUN_18003e820	18003e820	1874	OK	1407566
945	FUN_18003ef80	18003ef80	992	OK	1413268
946	FUN_18003f360	18003f360	189	OK	1414170
947	FUN_18003f420	18003f420	396	OK	1416438
948	FUN_18003f5b0	18003f5b0	201	OK	1417373
949	FUN_18003f680	18003f680	201	OK	1418309
950	FUN_18003f750	18003f750	266	OK	1419262
951	FUN_18003f860	18003f860	189	OK	1420167
952	FUN_18003f920	18003f920	201	OK	1421103
953	FUN_18003f9f0	18003f9f0	201	OK	1422039
954	FUN_18003fac0	18003fac0	201	OK	1422975
955	FUN_18003fb90	18003fb90	63	OK	1423313
956	FUN_18003fbd0	18003fbd0	63	OK	1423651
957	FUN_18003fc10	18003fc10	253	OK	1424678
958	FUN_18003fd10	18003fd10	219	OK	1425511
959	FUN_18003fdf0	18003fdf0	337	OK	1426933
960	FUN_18003ff50	18003ff50	246	OK	1427973
961	FUN_180040050	180040050	246	OK	1429013
962	FUN_180040150	180040150	344	OK	1430465
963	FUN_1800402b0	1800402b0	201	OK	1431389
964	FUN_180040380	180040380	1210	OK	1437535
965	FUN_180040840	180040840	123	OK	1437961
966	FUN_1800408c0	1800408c0	424	OK	1439897
967	FUN_180040a70	180040a70	175	OK	1440689
968	FUN_180040b20	180040b20	201	OK	1441615
969	FUN_180040bf0	180040bf0	201	OK	1442541
970	FUN_180040cc0	180040cc0	201	OK	1443477
971	FUN_180040d90	180040d90	295	OK	1444552
972	FUN_180040ec0	180040ec0	201	OK	1445488
973	FUN_180040f90	180040f90	762	OK	1448263
974	FUN_180041290	180041290	1000	OK	1452982
975	FUN_180041680	180041680	336	OK	1454455
976	FUN_1800417d0	1800417d0	60	OK	1454762
977	FUN_180041810	180041810	60	OK	1455077
978	FUN_180041850	180041850	171	OK	1455720
979	FUN_180041900	180041900	336	OK	1457784
980	FUN_180041a60	180041a60	760	OK	1461482
981	FUN_180041d60	180041d60	132	OK	1462305
982	FUN_180041df0	180041df0	415	OK	1464823
983	FUN_180041f90	180041f90	734	OK	1473873
984	FUN_180042270	180042270	435	OK	1476293
985	FUN_180042430	180042430	428	OK	1478773
986	FUN_1800425e0	1800425e0	209	OK	1479660
987	FUN_1800426e0	1800426e0	92	OK	1480121
988	FUN_180042740	180042740	90	OK	1480755
989	FUN_1800427a0	1800427a0	657	OK	1483730
990	FUN_180042a50	180042a50	117	OK	1484468
991	FUN_180042ad0	180042ad0	745	OK	1488456
992	FUN_180042dd0	180042dd0	805	OK	1492378
993	FUN_180043100	180043100	388	OK	1494297
994	FUN_180043290	180043290	436	OK	1496268
995	FUN_180043450	180043450	2029	OK	1504037
996	FUN_180043d30	180043d30	503	OK	1506107
997	FUN_180043f30	180043f30	612	OK	1509321
998	FUN_1800441a0	1800441a0	240	OK	1510600
999	FUN_1800442a0	1800442a0	491	OK	1514220
1000	FUN_180044490	180044490	64	OK	1514739
1001	FUN_1800444e0	1800444e0	500	OK	1517367
1002	FUN_1800446e0	1800446e0	124	OK	1517870
1003	FUN_180044760	180044760	190	OK	1519089
1004	FUN_180044820	180044820	1173	OK	1525246
1005	FUN_180044cc0	180044cc0	1441	OK	1532855
1006	FUN_180045270	180045270	93	OK	1533362
1007	FUN_1800452d0	1800452d0	257	OK	1535019
1008	FUN_1800453e0	1800453e0	525	OK	1538516
1009	FUN_1800455f0	1800455f0	357	OK	1540308
1010	FUN_180045760	180045760	357	OK	1542100
1011	FUN_1800458d0	1800458d0	17	OK	1542342
1012	FUN_1800458f0	1800458f0	303	OK	1544134
1013	FUN_180045a20	180045a20	291	OK	1545815
1014	FUN_180045b50	180045b50	9	OK	1546000
1015	FUN_180045b60	180045b60	33	OK	1546271
1016	FUN_180045b90	180045b90	359	OK	1548333
1017	FUN_180045d00	180045d00	49	OK	1548628
1018	FUN_180045d40	180045d40	79	OK	1549112
1019	FUN_180045d90	180045d90	45	OK	1549548
1020	FUN_180045dc0	180045dc0	42	OK	1549724
1021	FUN_180045df0	180045df0	251	OK	1550886
1022	FUN_180045ef0	180045ef0	172	OK	1551738
1023	FUN_180045fa0	180045fa0	33	OK	1551955
1024	FUN_180045fd0	180045fd0	92	OK	1552866
1025	FUN_180046030	180046030	87	OK	1553526
1026	FUN_180046090	180046090	47	OK	1553808
1027	FUN_1800460c0	1800460c0	305	OK	1555467
1028	FUN_180046210	180046210	52	OK	1555727
1029	FUN_180046250	180046250	55	OK	1556029
1030	FUN_180046290	180046290	2282	OK	1569005
1031	FUN_180046b80	180046b80	47	OK	1569287
1032	FUN_180046bb0	180046bb0	304	OK	1570948
1033	FUN_180046cf0	180046cf0	55	OK	1571250
1034	FUN_180046d30	180046d30	1352	OK	1579343
1035	FUN_180047280	180047280	2942	OK	1596569
1036	FUN_180047e10	180047e10	47	OK	1596851
1037	FUN_180047e40	180047e40	304	OK	1598504
1038	FUN_180047f80	180047f80	55	OK	1598806
1039	FUN_180047fc0	180047fc0	766	OK	1603709
1040	FUN_180048330	180048330	52	OK	1603969
1041	FUN_180048370	180048370	117	OK	1604498
1042	FUN_1800483f0	1800483f0	22	OK	1604724
1043	FUN_180048410	180048410	256	OK	1606155
1044	FUN_180048520	180048520	50	OK	1606440
1045	FUN_180048560	180048560	440	OK	1608796
1046	FUN_180048720	180048720	305	OK	1610483
1047	FUN_180048860	180048860	349	OK	1612260
1048	FUN_1800489c0	1800489c0	21	OK	1612505
1049	FUN_1800489e0	1800489e0	52	OK	1612766
1050	FUN_180048a20	180048a20	131	OK	1613442
1051	FUN_180048ab0	180048ab0	2157	OK	1625227
1052	FUN_180049320	180049320	676	OK	1628840
1053	FUN_1800495d0	1800495d0	114	OK	1629391
1054	FUN_180049650	180049650	854	OK	1633742
1055	FUN_1800499b0	1800499b0	829	OK	1637839
1056	FUN_180049cf0	180049cf0	1926	OK	1648523
1057	FUN_18004a4a0	18004a4a0	269	OK	1650277
1058	FUN_18004a5b0	18004a5b0	214	OK	1651159
1059	FUN_18004a690	18004a690	769	OK	1654138
1060	FUN_18004a9a0	18004a9a0	1451	OK	1660911
1061	FUN_18004af50	18004af50	1468	OK	1668525
1062	FUN_18004b510	18004b510	2681	OK	1683914
1063	FUN_18004bf90	18004bf90	2695	OK	1696330
1064	FUN_18004ca20	18004ca20	424	OK	1698195
1065	FUN_18004cbd0	18004cbd0	74	OK	1698525
1066	FUN_18004cc20	18004cc20	1041	OK	1703564
1067	FUN_18004d040	18004d040	47	OK	1703846
1068	FUN_18004d070	18004d070	297	OK	1705477
1069	FUN_18004d1a0	18004d1a0	55	OK	1705779
1070	FUN_18004d1e0	18004d1e0	478	OK	1708121
1071	FUN_18004d3c0	18004d3c0	50	OK	1708405
1072	FUN_18004d400	18004d400	465	OK	1712801
1073	FUN_18004d630	18004d630	308	OK	1714508
1074	FUN_18004d770	18004d770	52	OK	1714768
1075	FUN_18004d7b0	18004d7b0	94	OK	1715390
1076	FUN_18004d810	18004d810	283	OK	1716634
1077	FUN_18004d930	18004d930	306	OK	1718460
1078	FUN_18004da70	18004da70	121	OK	1719378
1079	FUN_18004daf0	18004daf0	76	OK	1719707
1080	FUN_18004db40	18004db40	62	OK	1720029
1081	FUN_18004db80	18004db80	345	OK	1721904
1082	FUN_18004dce0	18004dce0	3479	OK	1740378
1083	FUN_18004ea80	18004ea80	631	OK	1743372
1084	FUN_18004ed00	18004ed00	514	OK	1745911
1085	FUN_18004ef10	18004ef10	47	OK	1746193
1086	FUN_18004ef40	18004ef40	305	OK	1747862
1087	FUN_18004f080	18004f080	52	OK	1748122
1088	FUN_18004f0c0	18004f0c0	1063	OK	1755843
1089	FUN_18004f4f0	18004f4f0	55	OK	1756145
1090	FUN_18004f530	18004f530	52	OK	1756410
1091	FUN_18004f570	18004f570	203	OK	1757490
1092	FUN_18004f640	18004f640	378	OK	1759599
1093	FUN_18004f7c0	18004f7c0	204	OK	1760822
1094	FUN_18004f890	18004f890	148	OK	1761780
1095	FUN_18004f930	18004f930	50	OK	1762064
1096	FUN_18004f970	18004f970	737	OK	1765801
1097	FUN_18004fc60	18004fc60	308	OK	1767428
1098	FUN_18004fdc0	18004fdc0	118	OK	1768285
1099	FUN_18004fe40	18004fe40	132	OK	1769201
1100	FUN_18004fed0	18004fed0	35	OK	1769413
1101	FUN_18004ff10	18004ff10	90	OK	1770048
1102	FUN_18004ff70	18004ff70	283	OK	1771535
1103	FUN_180050090	180050090	752	OK	1776110
1104	FUN_180050390	180050390	628	OK	1780345
1105	FUN_180050610	180050610	16	OK	1780566
1106	FUN_180050630	180050630	76	OK	1780895
1107	FUN_180050680	180050680	64	OK	1781414
1108	FUN_1800506d0	1800506d0	280	OK	1782659
1109	FUN_1800507f0	1800507f0	237	OK	1784043
1110	FUN_1800508e0	1800508e0	3564	OK	1808372
1111	FUN_1800516e0	1800516e0	178	OK	1809255
1112	FUN_1800517a0	1800517a0	236	OK	1810506
1113	FUN_180051890	180051890	85	OK	1810986
1114	FUN_1800518f0	1800518f0	85	OK	1811466
1115	FUN_180051950	180051950	118	OK	1811979
1116	FUN_1800519d0	1800519d0	174	OK	1812804
1117	FUN_180051a80	180051a80	63	OK	1813216
1118	FUN_180051ac0	180051ac0	759	OK	1816933
1119	FUN_180051dc0	180051dc0	758	OK	1820650
1120	FUN_1800520c0	1800520c0	50	OK	1820933
1121	FUN_180052100	180052100	1358	OK	1827425
1122	FUN_180052660	180052660	74	OK	1827851
1123	FUN_1800526b0	1800526b0	367	OK	1829962
1124	FUN_180052820	180052820	134	OK	1830616
1125	FUN_1800528b0	1800528b0	31	OK	1830811
1126	FUN_1800528d0	1800528d0	44	OK	1831102
1127	FUN_1800529a0	1800529a0	162	OK	1832191
1128	FUN_180052a50	180052a50	92	OK	1832749
1129	FUN_180052ab0	180052ab0	92	OK	1833211
1130	FUN_180052b10	180052b10	92	OK	1833769
1131	FUN_180052b70	180052b70	42	OK	1834008
1132	FUN_180052ba0	180052ba0	42	OK	1834247
1133	FUN_180052bd0	180052bd0	85	OK	1834672
1134	FUN_180052c50	180052c50	1082	OK	1840122
1135	FUN_180053090	180053090	157	OK	1840928
1136	FUN_180053130	180053130	40	OK	1841219
1137	FUN_180053160	180053160	126	OK	1841854
1138	FUN_1800531e0	1800531e0	100	OK	1842368
1139	FUN_180053250	180053250	259	OK	1843929
1140	FUN_180053360	180053360	317	OK	1845767
1141	FUN_1800534a0	1800534a0	228	OK	1847289
1142	FUN_180053590	180053590	245	OK	1848790
1143	FUN_180053690	180053690	52	OK	1849049
1144	FUN_1800536d0	1800536d0	79	OK	1849441
1145	FUN_180053720	180053720	867	OK	1854397
1146	FUN_180053a90	180053a90	1575	OK	1863229
1147	FUN_1800540c0	1800540c0	1055	OK	1868502
1148	FUN_1800544f0	1800544f0	402	OK	1870809
1149	FUN_180054690	180054690	1516	OK	1878162
1150	FUN_180054c80	180054c80	1282	OK	1885284
1151	FUN_180055190	180055190	4319	OK	1908709
1152	FUN_180056280	180056280	570	OK	1912486
1153	FUN_1800564c0	1800564c0	1392	OK	1921180
1154	FUN_180056a40	180056a40	107	OK	1921595
1155	FUN_180056ab0	180056ab0	1494	OK	1931816
1156	FUN_180057090	180057090	843	OK	1936503
1157	FUN_1800573e0	1800573e0	7515	OK	1983321
1158	FUN_180059140	180059140	2126	OK	2001799
1159	FUN_1800599a0	1800599a0	1037	OK	2006849
1160	FUN_180059db0	180059db0	1038	OK	2012038
1161	FUN_18005a1d0	18005a1d0	2887	OK	2032408
1162	FUN_18005ad20	18005ad20	388	OK	2034511
1163	FUN_18005aeb0	18005aeb0	371	OK	2036470
1164	FUN_18005b030	18005b030	307	OK	2038163
1165	FUN_18005b170	18005b170	801	OK	2042692
1166	FUN_18005b4a0	18005b4a0	1845	OK	2054516
1167	FUN_18005bbe0	18005bbe0	606	OK	2058038
1168	FUN_18005be40	18005be40	1973	OK	2071016
1169	FUN_18005c600	18005c600	710	OK	2074285
1170	FUN_18005c8d0	18005c8d0	695	OK	2079115
1171	FUN_18005cb90	18005cb90	603	OK	2084111
1172	FUN_18005cdf0	18005cdf0	16	OK	2084324
1173	FUN_18005ce10	18005ce10	547	OK	2087616
1174	FUN_18005d040	18005d040	473	OK	2090326
1175	FUN_18005d220	18005d220	58	OK	2090681
1176	FUN_18005d260	18005d260	40	OK	2090970
1177	FUN_18005d290	18005d290	42	OK	2091250
1178	FUN_18005d2c0	18005d2c0	104	OK	2091926
1179	FUN_18005d330	18005d330	59	OK	2092364
1180	FUN_18005d370	18005d370	75	OK	2092692
1181	FUN_18005d3c0	18005d3c0	351	OK	2094783
1182	FUN_18005d520	18005d520	55	OK	2095127
1183	FUN_18005d560	18005d560	170	OK	2096135
1184	FUN_18005d610	18005d610	149	OK	2097033
1185	FUN_18005d6b0	18005d6b0	82	OK	2097380
1186	FUN_18005d710	18005d710	109	OK	2098158
1187	FUN_18005d780	18005d780	64	OK	2098562
1188	FUN_18005d7c0	18005d7c0	192	OK	2099416
1189	FUN_18005d880	18005d880	249	OK	2100946
1190	FUN_18005d980	18005d980	566	OK	2103629
1191	FUN_18005dbc0	18005dbc0	625	OK	2107437
1192	FUN_18005de40	18005de40	124	OK	2108083
1193	FUN_18005dec0	18005dec0	239	OK	2109067
1194	FUN_18005dfb0	18005dfb0	74	OK	2109660
1195	FUN_18005e000	18005e000	111	OK	2110535
1196	FUN_18005e070	18005e070	80	OK	2111053
1197	FUN_18005e0c0	18005e0c0	133	OK	2111838
1198	FUN_18005e150	18005e150	80	OK	2112356
1199	FUN_18005e1a0	18005e1a0	115	OK	2113306
1200	FUN_18005e220	18005e220	174	OK	2114152
1201	FUN_18005e2d0	18005e2d0	174	OK	2114998
1202	FUN_18005e380	18005e380	171	OK	2116015
1203	FUN_18005e430	18005e430	196	OK	2117216
1204	FUN_18005e500	18005e500	250	OK	2118443
1205	FUN_18005e600	18005e600	268	OK	2119760
1206	FUN_18005e710	18005e710	75	OK	2120144
1207	FUN_18005e760	18005e760	434	OK	2121811
1208	FUN_18005e920	18005e920	456	OK	2124003
1209	FUN_18005eaf0	18005eaf0	85	OK	2124483
1210	FUN_18005eb50	18005eb50	85	OK	2124963
1211	FUN_18005ebb0	18005ebb0	447	OK	2127639
1212	FUN_18005ed70	18005ed70	161	OK	2128184
1213	FUN_18005ee20	18005ee20	50	OK	2128468
1214	FUN_18005ee60	18005ee60	199	OK	2129668
1215	FUN_18005ef30	18005ef30	118	OK	2130230
1216	FUN_18005efb0	18005efb0	185	OK	2131197
1217	FUN_18005f070	18005f070	490	OK	2133650
1218	FUN_18005f260	18005f260	27	OK	2134007
1219	FUN_18005f280	18005f280	76	OK	2134461
1220	FUN_18005f2d0	18005f2d0	110	OK	2135018
1221	FUN_18005f340	18005f340	47	OK	2135255
1222	FUN_18005f370	18005f370	31	OK	2135462
1223	FUN_18005f390	18005f390	303	OK	2137202
1224	FUN_18005f4e0	18005f4e0	76	OK	2137632
1225	FUN_18005f530	18005f530	92	OK	2138190
1226	FUN_18005f590	18005f590	92	OK	2138802
1227	FUN_18005f5f0	18005f5f0	121	OK	2139435
1228	FUN_18005f670	18005f670	202	OK	2140334
1229	FUN_18005f740	18005f740	61	OK	2140658
1230	FUN_18005f780	18005f780	59	OK	2140923
1231	FUN_18005f7c0	18005f7c0	156	OK	2141709
1232	FUN_18005f860	18005f860	195	OK	2142753
1233	FUN_18005f930	18005f930	816	OK	2147208
1234	FUN_18005fc60	18005fc60	232	OK	2148192
1235	FUN_18005fd50	18005fd50	343	OK	2150058
1236	FUN_18005feb0	18005feb0	22	OK	2150345
1237	FUN_18005fed0	18005fed0	134	OK	2151537
1238	FUN_18005ff60	18005ff60	17	OK	2151816
1239	FUN_18005ff80	18005ff80	820	OK	2156561
1240	FUN_1800602c0	1800602c0	345	OK	2158532
1241	FUN_180060420	180060420	240	OK	2159537
1242	FUN_180060510	180060510	5073	OK	2187383
1243	FUN_1800618f0	1800618f0	100	OK	2187781
1244	FUN_180061960	180061960	103	OK	2188179
1245	FUN_1800619d0	1800619d0	1899	OK	2197563
1246	FUN_180062140	180062140	794	OK	2201195
1247	FUN_180062460	180062460	2357	OK	2215746
1248	FUN_180062da0	180062da0	801	OK	2220240
1249	FUN_1800630d0	1800630d0	2554	OK	2238842
1250	FUN_180063ad0	180063ad0	151	OK	2239581
1251	FUN_180063b70	180063b70	1196	OK	2247544
1252	FUN_180064020	180064020	165	OK	2248297
1253	FUN_1800640d0	1800640d0	1328	OK	2256644
1254	FUN_180064610	180064610	94	OK	2257230
1255	FUN_180064670	180064670	251	OK	2258226
1256	FUN_180064770	180064770	78	OK	2258887
1257	FUN_1800647c0	1800647c0	143	OK	2259543
1258	FUN_180064850	180064850	58	OK	2259898
1259	FUN_180064890	180064890	92	OK	2260423
1260	FUN_1800648f0	1800648f0	50	OK	2260831
1261	FUN_180064930	180064930	495	OK	2263638
1262	FUN_180064b20	180064b20	1669	OK	2272709
1263	FUN_1800651b0	1800651b0	75	OK	2273038
1264	FUN_180065200	180065200	65	OK	2273529
1265	FUN_180065250	180065250	307	OK	2275361
1266	FUN_180065390	180065390	253	OK	2276790
1267	FUN_180065490	180065490	25	OK	2277085
1268	FUN_1800654b0	1800654b0	42	OK	2277380
1269	FUN_1800654e0	1800654e0	106	OK	2277985
1270	FUN_180065550	180065550	2196	OK	2290631
1271	FUN_180065df0	180065df0	15	OK	2290829
1272	FUN_180065e00	180065e00	18	OK	2291108
1273	FUN_180065e20	180065e20	58	OK	2291578
1274	FUN_180065e60	180065e60	459	OK	2294152
1275	FUN_180066030	180066030	459	OK	2296710
1276	FUN_180066200	180066200	496	OK	2299631
1277	FUN_1800663f0	1800663f0	227	OK	2300777
1278	FUN_1800664e0	1800664e0	198	OK	2301667
1279	FUN_1800665b0	1800665b0	155	OK	2302380
1280	FUN_180066650	180066650	49	OK	2302766
1281	FUN_180066690	180066690	251	OK	2304200
1282	FUN_180066790	180066790	321	OK	2305766
1283	FUN_1800668e0	1800668e0	346	OK	2307497
1284	FUN_180066a40	180066a40	178	OK	2308541
1285	FUN_180066b00	180066b00	450	OK	2311420
1286	FUN_180066cd0	180066cd0	30	OK	2311798
1287	FUN_180066cf0	180066cf0	107	OK	2312457
1288	FUN_180066d60	180066d60	1300	OK	2319225
1289	FUN_180067280	180067280	707	OK	2322714
1290	FUN_180067550	180067550	305	OK	2324262
1291	FUN_180067690	180067690	9	OK	2324457
1292	FUN_1800676a0	1800676a0	47	OK	2324739
1293	FUN_1800676d0	1800676d0	308	OK	2326405
1294	FUN_180067810	180067810	52	OK	2326665
1295	FUN_180067850	180067850	55	OK	2326967
1296	FUN_180067890	180067890	888	OK	2332934
1297	FUN_180067c10	180067c10	601	OK	2335574
1298	FUN_180067e70	180067e70	367	OK	2337197
1299	FUN_180067ff0	180067ff0	357	OK	2338934
1300	FUN_180068160	180068160	305	OK	2340863
1301	FUN_1800682a0	1800682a0	380	OK	2342861
1302	FUN_180068420	180068420	423	OK	2345027
1303	FUN_1800685d0	1800685d0	350	OK	2347201
1304	FUN_180068730	180068730	541	OK	2349939
1305	FUN_180068950	180068950	554	OK	2352905
1306	FUN_180068b80	180068b80	833	OK	2357351
1307	FUN_180068ed0	180068ed0	857	OK	2362061
1308	FUN_180069230	180069230	655	OK	2366061
1309	FUN_1800694d0	1800694d0	334	OK	2367676
1310	FUN_180069630	180069630	301	OK	2369126
1311	FUN_180069760	180069760	318	OK	2370671
1312	FUN_1800698b0	1800698b0	419	OK	2372408
1313	FUN_180069a60	180069a60	622	OK	2375604
1314	FUN_180069cd0	180069cd0	748	OK	2379355
1315	FUN_180069fc0	180069fc0	660	OK	2382808
1316	FUN_18006a260	18006a260	67	OK	2383079
1317	FUN_18006a2b0	18006a2b0	47	OK	2383362
1318	FUN_18006a2e0	18006a2e0	758	OK	2387044
1319	FUN_18006a5e0	18006a5e0	535	OK	2390158
1320	FUN_18006a820	18006a820	345	OK	2391711
1321	FUN_18006a980	18006a980	540	OK	2394843
1322	FUN_18006aba0	18006aba0	196	OK	2395669
1323	FUN_18006ac70	18006ac70	356	OK	2397281
1324	FUN_18006ade0	18006ade0	286	OK	2398918
1325	FUN_18006af00	18006af00	179	OK	2399655
1326	FUN_18006afc0	18006afc0	720	OK	2403180
1327	FUN_18006b2a0	18006b2a0	134	OK	2404104
1328	FUN_18006b350	18006b350	92	OK	2404837
1329	FUN_18006b3b0	18006b3b0	100	OK	2405607
1330	FUN_18006b420	18006b420	162	OK	2406696
1331	FUN_18006b4d0	18006b4d0	57	OK	2407046
1332	FUN_18006b510	18006b510	123	OK	2407845
1333	FUN_18006b590	18006b590	171	OK	2409121
1334	FUN_18006b640	18006b640	102	OK	2409627
1335	FUN_18006b6b0	18006b6b0	76	OK	2410018
1336	FUN_18006b700	18006b700	109	OK	2410512
1337	FUN_18006b770	18006b770	109	OK	2411022
1338	FUN_18006b7f0	18006b7f0	102	OK	2411674
1339	FUN_18006b860	18006b860	64	OK	2412046
1340	~_Sentry_base	18006b8c0	43	OK	2412832
1341	FUN_18006b8f0	18006b8f0	131	OK	2413333
1342	FUN_18006b980	18006b980	19	OK	2413591
1343	FUN_18006b9a0	18006b9a0	107	OK	2414207
1344	FUN_18006ba10	18006ba10	109	OK	2414928
1345	FUN_18006ba80	18006ba80	144	OK	2415747
1346	FUN_18006bb10	18006bb10	12	OK	2415934
1347	FUN_18006bb20	18006bb20	263	OK	2417039
1348	FUN_18006bc30	18006bc30	66	OK	2417357
1349	FUN_18006bc80	18006bc80	59	OK	2417649
1350	FUN_18006bcc0	18006bcc0	76	OK	2418010
1351	FUN_18006bd10	18006bd10	146	OK	2418524
1352	FUN_18006bdb0	18006bdb0	136	OK	2419090
1353	FUN_18006be40	18006be40	43	OK	2419373
1354	FUN_18006be70	18006be70	43	OK	2419656
1355	FUN_18006bea0	18006bea0	195	OK	2420451
1356	FUN_18006bf70	18006bf70	43	OK	2420734
1357	FUN_18006bfa0	18006bfa0	43	OK	2421017
1358	FUN_18006bfd0	18006bfd0	1454	OK	2430133
1359	FUN_18006c590	18006c590	480	OK	2432796
1360	FUN_18006c780	18006c780	3958	OK	2456046
1361	FUN_18006d700	18006d700	909	OK	2461433
1362	FUN_18006da90	18006da90	1291	OK	2469368
1363	FUN_18006dfa0	18006dfa0	974	OK	2475284
1364	FUN_18006e370	18006e370	293	OK	2477213
1365	FUN_18006e4a0	18006e4a0	183	OK	2478259
1366	FUN_18006e560	18006e560	141	OK	2479096
1367	FUN_18006e5f0	18006e5f0	146	OK	2480036
1368	FUN_18006e690	18006e690	656	OK	2484327
1369	FUN_18006e930	18006e930	216	OK	2485790
1370	FUN_18006ea10	18006ea10	418	OK	2488962
1371	FUN_18006ebc0	18006ebc0	817	OK	2493520
1372	FUN_18006ef00	18006ef00	1368	OK	2502997
1373	FUN_18006f460	18006f460	382	OK	2505105
1374	FUN_18006f5e0	18006f5e0	53	OK	2505729
1375	FUN_18006f620	18006f620	141	OK	2506587
1376	FUN_18006f6b0	18006f6b0	224	OK	2507938
1377	FUN_18006f790	18006f790	155	OK	2508724
1378	FUN_18006f830	18006f830	233	OK	2510441
1379	FUN_18006f920	18006f920	255	OK	2511838
1380	FUN_18006fa20	18006fa20	168	OK	2512534
1381	FUN_18006fad0	18006fad0	1140	OK	2520585
1382	FUN_18006fff0	18006fff0	526	OK	2523069
1383	FUN_180070200	180070200	353	OK	2525183
1384	FUN_180070370	180070370	239	OK	2526401
1385	FUN_180070460	180070460	596	OK	2529553
1386	FUN_1800706c0	1800706c0	230	OK	2530866
1387	FUN_1800707b0	1800707b0	386	OK	2533324
1388	FUN_180070940	180070940	449	OK	2535776
1389	FUN_180070b10	180070b10	492	OK	2538154
1390	FUN_180070d00	180070d00	78	OK	2538733
1391	FUN_180070d50	180070d50	585	OK	2541576
1392	FUN_180070fa0	180070fa0	585	OK	2544419
1393	FUN_1800711f0	1800711f0	70	OK	2544686
1394	FUN_180071240	180071240	664	OK	2547749
1395	FUN_1800714e0	1800714e0	673	OK	2550812
1396	FUN_180071790	180071790	522	OK	2553335
1397	FUN_1800719a0	1800719a0	522	OK	2555858
1398	FUN_180071bb0	180071bb0	177	OK	2556858
1399	FUN_180071c70	180071c70	11	OK	2557093
1400	FUN_180071c80	180071c80	105	OK	2557913
1401	FUN_180071cf0	180071cf0	491	OK	2561534
1402	FUN_180071ee0	180071ee0	514	OK	2564728
1403	FUN_1800720f0	1800720f0	238	OK	2566276
1404	FUN_1800721e0	1800721e0	556	OK	2568911
1405	FUN_180072410	180072410	585	OK	2572757
1406	FUN_180072670	180072670	55	OK	2573257
1407	FUN_1800726b0	1800726b0	1534	OK	2583011
1408	FUN_180072d10	180072d10	1550	OK	2593006
1409	FUN_180073380	180073380	134	OK	2593822
1410	FUN_180073410	180073410	80	OK	2594424
1411	FUN_180073460	180073460	570	OK	2597734
1412	FUN_1800736a0	1800736a0	175	OK	2598493
1413	FUN_180073750	180073750	191	OK	2599514
1414	FUN_180073810	180073810	655	OK	2603893
1415	FUN_180073b00	180073b00	781	OK	2608663
1416	FUN_180073e80	180073e80	84	OK	2609297
1417	FUN_180073ee0	180073ee0	132	OK	2609954
1418	FUN_180073f70	180073f70	431	OK	2612373
1419	FUN_1800741c0	1800741c0	108	OK	2613114
1420	FUN_180074230	180074230	347	OK	2614981
1421	FUN_180074390	180074390	16	OK	2615199
1422	FUN_1800743b0	1800743b0	55	OK	2615502
1423	FUN_1800743f0	1800743f0	73	OK	2615867
1424	FUN_180074440	180074440	53	OK	2616361
1425	FUN_180074480	180074480	269	OK	2617786
1426	FUN_180074590	180074590	481	OK	2620002
1427	FUN_180074780	180074780	365	OK	2622445
1428	FUN_1800748f0	1800748f0	324	OK	2624111
1429	FUN_180074a40	180074a40	109	OK	2624717
1430	FUN_180074ab0	180074ab0	643	OK	2627519
1431	FUN_180074d40	180074d40	4949	OK	2652383
1432	FUN_1800760b0	1800760b0	103	OK	2652868
1433	FUN_180076120	180076120	183	OK	2653998
1434	FUN_1800761e0	1800761e0	171	OK	2655182
1435	FUN_180076290	180076290	45	OK	2655462
1436	FUN_1800762c0	1800762c0	293	OK	2657058
1437	FUN_1800763f0	1800763f0	586	OK	2660803
1438	FUN_180076640	180076640	103	OK	2661377
1439	FUN_1800766b0	1800766b0	312	OK	2663053
1440	FUN_1800767f0	1800767f0	40	OK	2663344
1441	FUN_180076820	180076820	52	OK	2663604
1442	FUN_180076860	180076860	63	OK	2663960
1443	FUN_1800768a0	1800768a0	98	OK	2664316
1444	FUN_180076910	180076910	256	OK	2665748
1445	FUN_180076a20	180076a20	1260	OK	2673304
1446	FUN_180076f10	180076f10	213	OK	2674356
1447	FUN_180076ff0	180076ff0	279	OK	2675772
1448	FUN_180077110	180077110	50	OK	2676056
1449	FUN_180077150	180077150	406	OK	2678162
1450	FUN_1800772f0	1800772f0	392	OK	2680364
1451	FUN_180077480	180077480	52	OK	2680624
1452	FUN_1800774c0	1800774c0	396	OK	2682866
1453	FUN_180077650	180077650	470	OK	2685303
1454	FUN_180077830	180077830	748	OK	2689669
1455	FUN_180077b20	180077b20	499	OK	2691766
1456	FUN_180077d20	180077d20	588	OK	2694089
1457	FUN_180077f70	180077f70	2420	OK	2706984
1458	FUN_1800788f0	1800788f0	835	OK	2711348
1459	FUN_180078c40	180078c40	1353	OK	2718485
1460	FUN_180079190	180079190	230	OK	2719535
1461	FUN_180079280	180079280	75	OK	2719864
1462	FUN_1800792d0	1800792d0	273	OK	2720912
1463	FUN_1800793f0	1800793f0	50	OK	2721196
1464	FUN_180079430	180079430	305	OK	2722890
1465	FUN_180079570	180079570	821	OK	2727806
1466	FUN_1800798b0	1800798b0	75	OK	2728135
1467	FUN_180079900	180079900	37	OK	2728359
1468	FUN_180079930	180079930	258	OK	2729600
1469	FUN_180079a40	180079a40	50	OK	2729884
1470	FUN_180079a80	180079a80	47	OK	2730166
1471	FUN_180079ab0	180079ab0	75	OK	2730475
1472	FUN_180079b00	180079b00	142	OK	2731004
1473	FUN_180079b90	180079b90	308	OK	2732698
1474	FUN_180079cd0	180079cd0	304	OK	2734359
1475	FUN_180079e10	180079e10	73	OK	2734760
1476	FUN_180079e60	180079e60	118	OK	2735414
1477	FUN_180079ee0	180079ee0	125	OK	2736003
1478	FUN_180079f60	180079f60	62	OK	2736357
1479	FUN_180079fa0	180079fa0	56	OK	2736662
1480	FUN_180079fe0	180079fe0	457	OK	2738929
1481	FUN_18007a1b0	18007a1b0	319	OK	2740778
1482	FUN_18007a2f0	18007a2f0	598	OK	2743771
1483	FUN_18007a550	18007a550	119	OK	2744469
1484	FUN_18007a5d0	18007a5d0	467	OK	2747469
1485	FUN_18007a7b0	18007a7b0	52	OK	2747729
1486	FUN_18007a7f0	18007a7f0	428	OK	2750311
1487	FUN_18007a9a0	18007a9a0	1509	OK	2759726
1488	FUN_18007af90	18007af90	137	OK	2760339
1489	FUN_18007b020	18007b020	75	OK	2760668
1490	FUN_18007b070	18007b070	86	OK	2761090
1491	FUN_18007b0d0	18007b0d0	847	OK	2765262
1492	FUN_18007b420	18007b420	77	OK	2765741
1493	FUN_18007b470	18007b470	135	OK	2766520
1494	FUN_18007b500	18007b500	298	OK	2768024
1495	FUN_18007b630	18007b630	1118	OK	2774319
1496	FUN_18007ba90	18007ba90	487	OK	2776707
1497	FUN_18007bc80	18007bc80	45	OK	2776987
1498	FUN_18007bcb0	18007bcb0	293	OK	2778603
1499	FUN_18007bde0	18007bde0	439	OK	2781059
1500	FUN_18007bfa0	18007bfa0	447	OK	2783496
1501	FUN_18007c160	18007c160	47	OK	2783778
1502	FUN_18007c190	18007c190	320	OK	2785478
1503	FUN_18007c2e0	18007c2e0	162	OK	2786647
1504	FUN_18007c390	18007c390	55	OK	2786949
1505	FUN_18007c3d0	18007c3d0	2037	OK	2798116
1506	FUN_18007cbd0	18007cbd0	47	OK	2798398
1507	FUN_18007cc00	18007cc00	366	OK	2800384
1508	FUN_18007cd80	18007cd80	739	OK	2805046
1509	FUN_18007d070	18007d070	217	OK	2806361
1510	FUN_18007d150	18007d150	136	OK	2807196
1511	FUN_18007d1e0	18007d1e0	55	OK	2807498
1512	FUN_18007d220	18007d220	545	OK	2810120
1513	FUN_18007d450	18007d450	663	OK	2814346
1514	FUN_18007d6f0	18007d6f0	662	OK	2818547
1515	FUN_18007d990	18007d990	541	OK	2821776
1516	FUN_18007dbb0	18007dbb0	367	OK	2823459
1517	FUN_18007dd30	18007dd30	3910	OK	2847480
1518	FUN_18007ec80	18007ec80	163	OK	2848242
1519	FUN_18007ed30	18007ed30	158	OK	2849098
1520	FUN_18007edd0	18007edd0	2001	OK	2859284
1521	FUN_18007f5b0	18007f5b0	418	OK	2861267
1522	FUN_18007f760	18007f760	22	OK	2861811
1523	FUN_18007f780	18007f780	48	OK	2862135
1524	FUN_18007f7b0	18007f7b0	8	OK	2862400
1525	FUN_18007f7c0	18007f7c0	190	OK	2863431
1526	FUN_18007f880	18007f880	118	OK	2863944
1527	FUN_18007f900	18007f900	758	OK	2869133
1528	FUN_18007fc00	18007fc00	384	OK	2870782
1529	FUN_18007fdb0	18007fdb0	42	OK	2871021
1530	FUN_18007fde0	18007fde0	42	OK	2871260
1531	FUN_18007fe10	18007fe10	142	OK	2872082
1532	FUN_18007fea0	18007fea0	52	OK	2872425
1533	FUN_18007fee0	18007fee0	112	OK	2873084
1534	FUN_18007ff50	18007ff50	396	OK	2875370
1535	FUN_1800800e0	1800800e0	272	OK	2876882
1536	FUN_1800801f0	1800801f0	76	OK	2877420
1537	FUN_180080240	180080240	3879	OK	2896821
1538	FUN_180081170	180081170	301	OK	2898272
1539	FUN_1800812a0	1800812a0	195	OK	2899233
1540	FUN_180081370	180081370	93	OK	2899819
1541	FUN_1800813d0	1800813d0	25	OK	2900240
1542	FUN_1800813f0	1800813f0	40	OK	2900532
1543	FUN_180081420	180081420	41	OK	2900827
1544	FUN_180081450	180081450	39	OK	2901119
1545	FUN_180081480	180081480	275	OK	2902660
1546	FUN_1800815a0	1800815a0	311	OK	2904393
1547	FUN_1800816e0	1800816e0	219	OK	2905620
1548	FUN_1800817c0	1800817c0	304	OK	2907230
1549	FUN_180081900	180081900	256	OK	2908439
1550	FUN_180081a00	180081a00	17	OK	2908724
1551	FUN_180081a20	180081a20	235	OK	2909917
1552	FUN_180081b10	180081b10	280	OK	2911197
1553	FUN_180081c30	180081c30	257	OK	2912310
1554	FUN_180081d40	180081d40	911	OK	2916363
1555	FUN_1800820d0	1800820d0	100	OK	2916859
1556	FUN_180082140	180082140	637	OK	2920043
1557	FUN_1800823c0	1800823c0	47	OK	2920325
1558	FUN_1800823f0	1800823f0	847	OK	2924378
1559	FUN_180082750	180082750	73	OK	2924707
1560	FUN_1800827a0	1800827a0	415	OK	2927335
1561	FUN_180082940	180082940	571	OK	2930769
1562	FUN_180082b80	180082b80	175	OK	2931528
1563	FUN_180082c30	180082c30	547	OK	2934820
1564	FUN_180082e60	180082e60	8	OK	2935002
1565	FUN_180082e70	180082e70	249	OK	2936420
1566	FUN_180082f70	180082f70	16	OK	2936571
1567	FUN_180082f80	180082f80	299	OK	2938068
1568	FUN_1800830b0	1800830b0	3061	OK	2955777
1569	FUN_180083cf0	180083cf0	240	OK	2957090
1570	FUN_180083df0	180083df0	205	OK	2958076
1571	FUN_180083ec0	180083ec0	74	OK	2958552
1572	_Deallocate<16,0>	180083f10	51	OK	2959260
1573	FUN_180083f50	180083f50	529	OK	2962462
1574	FUN_180084170	180084170	24	OK	2962698
1575	FUN_180084190	180084190	24	OK	2962933
1576	FUN_1800841b0	1800841b0	377	OK	2964886
1577	FUN_180084330	180084330	333	OK	2966799
1578	FUN_180084480	180084480	1008	OK	2972903
1579	FUN_180084870	180084870	57	OK	2973256
1580	FUN_1800848b0	1800848b0	158	OK	2974191
1581	FUN_180084950	180084950	196	OK	2975092
1582	FUN_180084a20	180084a20	92	OK	2975485
1583	FUN_180084a80	180084a80	62	OK	2975848
1584	`scalar_deleting_destructor'	180084ac0	56	OK	2976365
1585	FUN_180084b00	180084b00	43	OK	2976642
1586	FUN_180084b30	180084b30	16	OK	2976857
1587	FUN_180084b50	180084b50	412	OK	2978638
1588	FUN_180084cf0	180084cf0	8	OK	2978783
1589	FUN_180084d00	180084d00	45	OK	2979210
1590	FUN_180084d30	180084d30	45	OK	2979637
1591	FUN_180084d60	180084d60	22	OK	2979862
1592	FUN_180084d80	180084d80	115	OK	2980378
1593	FUN_180084e00	180084e00	49	OK	2980549
1594	FUN_180084e40	180084e40	152	OK	2981318
1595	FUN_180084ee0	180084ee0	138	OK	2982010
1596	FUN_180084f70	180084f70	247	OK	2982886
1597	FUN_180085070	180085070	74	OK	2983385
1598	FUN_1800850c0	1800850c0	504	OK	2986415
1599	FUN_1800852c0	1800852c0	257	OK	2987733
1600	FUN_1800853d0	1800853d0	285	OK	2989065
1601	FUN_1800854f0	1800854f0	30	OK	2989460
1602	FUN_180085510	180085510	1056	OK	2995441
1603	FUN_180085930	180085930	190	OK	2998137
1604	FUN_1800859f0	1800859f0	285	OK	2999590
1605	FUN_180085b10	180085b10	218	OK	3000710
1606	FUN_180085bf0	180085bf0	199	OK	3001698
1607	FUN_180085cc0	180085cc0	301	OK	3003095
1608	FUN_180085df0	180085df0	168	OK	3004322
1609	FUN_180085ea0	180085ea0	15	OK	3004499
1610	FUN_180085eb0	180085eb0	21	OK	3004703
1611	FUN_180085ed0	180085ed0	27	OK	3004963
1612	FUN_180085ef0	180085ef0	52	OK	3005223
1613	FUN_180085f30	180085f30	273	OK	3006843
1614	FUN_180086050	180086050	14	OK	3007050
1615	FUN_180086060	180086060	8	OK	3007250
1616	FUN_180086070	180086070	14	OK	3007457
1617	FUN_180086080	180086080	8	OK	3007657
1618	FUN_180086090	180086090	14	OK	3007864
1619	FUN_1800860a0	1800860a0	8	OK	3008064
1620	FUN_1800860b0	1800860b0	14	OK	3008271
1621	FUN_1800860c0	1800860c0	8	OK	3008471
1622	FUN_1800860d0	1800860d0	294	OK	3010248
1623	FUN_180086200	180086200	14	OK	3010455
1624	FUN_180086210	180086210	8	OK	3010655
1625	FUN_180086220	180086220	221	OK	3012462
1626	FUN_180086300	180086300	103	OK	3012951
1627	FUN_180086370	180086370	43	OK	3013228
1628	FUN_1800863a0	1800863a0	2094	OK	3026461
1629	FUN_180086bd0	180086bd0	56	OK	3027170
1630	FUN_180086c10	180086c10	71	OK	3027925
1631	FUN_180086c60	180086c60	50	OK	3028225
1632	FUN_180086ca0	180086ca0	132	OK	3029185
1633	FUN_180086d30	180086d30	21	OK	3029361
1634	FUN_180086d50	180086d50	36	OK	3029738
1635	FUN_180086d80	180086d80	81	OK	3030166
1636	FUN_180086de0	180086de0	403	OK	3032314
1637	FUN_180086f80	180086f80	398	OK	3035229
1638	FUN_180087110	180087110	189	OK	3036303
1639	FUN_1800871d0	1800871d0	192	OK	3037267
1640	FUN_180087290	180087290	100	OK	3037930
1641	FUN_180087300	180087300	114	OK	3038543
1642	FUN_180087380	180087380	392	OK	3040447
1643	FUN_180087510	180087510	19	OK	3040775
1644	FUN_180087530	180087530	24	OK	3042028
1645	FUN_180087550	180087550	113	OK	3042738
1646	FUN_1800875d0	1800875d0	91	OK	3043297
1647	FUN_180087630	180087630	36	OK	3043618
1648	FUN_180087660	180087660	81	OK	3044118
1649	FUN_1800876c0	1800876c0	41	OK	3044562
1650	FUN_1800876f0	1800876f0	147	OK	3045201
1651	FUN_180087790	180087790	637	OK	3050491
1652	FUN_180087a10	180087a10	80	OK	3050830
1653	FUN_180087a60	180087a60	146	OK	3051903
1654	FUN_180087b00	180087b00	498	OK	3054794
1655	FUN_180087d00	180087d00	829	OK	3059318
1656	FUN_180088040	180088040	988	OK	3066082
1657	FUN_180088420	180088420	374	OK	3067910
1658	FUN_1800885a0	1800885a0	105	OK	3068707
1659	FUN_180088610	180088610	286	OK	3070123
1660	FUN_180088730	180088730	138	OK	3070870
1661	FUN_1800887c0	1800887c0	249	OK	3072316
1662	FUN_1800888c0	1800888c0	77	OK	3072740
1663	FUN_180088910	180088910	514	OK	3075165
1664	FUN_180088b20	180088b20	454	OK	3077564
1665	FUN_180088cf0	180088cf0	191	OK	3078591
1666	FUN_180088db0	180088db0	187	OK	3079336
1667	FUN_180088e70	180088e70	401	OK	3082020
1668	FUN_180089010	180089010	266	OK	3083919
1669	FUN_180089120	180089120	285	OK	3085648
1670	FUN_180089240	180089240	271	OK	3086942
1671	FUN_180089350	180089350	212	OK	3088134
1672	FUN_180089430	180089430	36	OK	3088609
1673	FUN_180089460	180089460	788	OK	3092300
1674	FUN_180089780	180089780	206	OK	3093420
1675	FUN_180089850	180089850	782	OK	3097111
1676	FUN_180089b60	180089b60	279	OK	3098781
1677	FUN_180089c80	180089c80	1076	OK	3105588
1678	FUN_18008a0c0	18008a0c0	894	OK	3110612
1679	FUN_18008a440	18008a440	3593	OK	3129253
1680	FUN_18008b250	18008b250	655	OK	3132895
1681	FUN_18008b4e0	18008b4e0	644	OK	3136767
1682	FUN_18008b770	18008b770	644	OK	3140639
1683	FUN_18008ba00	18008ba00	665	OK	3144473
1684	FUN_18008bca0	18008bca0	539	OK	3147676
1685	FUN_18008bec0	18008bec0	643	OK	3151510
1686	FUN_18008c150	18008c150	646	OK	3155380
1687	FUN_18008c3e0	18008c3e0	836	OK	3161443
1688	FUN_18008c730	18008c730	1615	OK	3170882
1689	FUN_18008cd80	18008cd80	185	OK	3172328
1690	FUN_18008ce40	18008ce40	105	OK	3172933
1691	FUN_18008ceb0	18008ceb0	494	OK	3175563
1692	FUN_18008d0a0	18008d0a0	142	OK	3176277
1693	FUN_18008d130	18008d130	436	OK	3178193
1694	FUN_18008d2f0	18008d2f0	127	OK	3179100
1695	FUN_18008d370	18008d370	625	OK	3182962
1696	FUN_18008d5f0	18008d5f0	213	OK	3184110
1697	FUN_18008d6d0	18008d6d0	1014	OK	3190095
1698	FUN_18008dad0	18008dad0	261	OK	3191887
1699	FUN_18008dbe0	18008dbe0	24	OK	3192071
1700	exception_ptr	18008dc00	23	OK	3192508
1701	FUN_18008dc20	18008dc20	201	OK	3193566
1702	FUN_18008dcf0	18008dcf0	123	OK	3194355
1703	FUN_18008dd70	18008dd70	86	OK	3194693
1704	FUN_18008ddd0	18008ddd0	185	OK	3195704
1705	FUN_18008de90	18008de90	10	OK	3195908
1706	FUN_18008dea0	18008dea0	376	OK	3197871
1707	FUN_18008e020	18008e020	556	OK	3202245
1708	FUN_18008e250	18008e250	307	OK	3204058
1709	FUN_18008e390	18008e390	335	OK	3206024
1710	FUN_18008e4e0	18008e4e0	62	OK	3206524
1711	FUN_18008e520	18008e520	202	OK	3207965
1712	FUN_18008e5f0	18008e5f0	26	OK	3208234
1713	FUN_18008e610	18008e610	70	OK	3208610
1714	FUN_18008e660	18008e660	337	OK	3210458
1715	FUN_18008e7c0	18008e7c0	358	OK	3212420
1716	FUN_18008e930	18008e930	32	OK	3212625
1717	FUN_18008e950	18008e950	32	OK	3212837
1718	FUN_18008e970	18008e970	31	OK	3213046
1719	FUN_18008e990	18008e990	52	OK	3213388
1720	FUN_18008e9d0	18008e9d0	55	OK	3213730
1721	FUN_18008ea10	18008ea10	29	OK	3213939
1722	FUN_18008ea30	18008ea30	29	OK	3214148
1723	FUN_18008ea50	18008ea50	52	OK	3214408
1724	FUN_18008ea90	18008ea90	73	OK	3214770
1725	FUN_18008eae0	18008eae0	87	OK	3215238
1726	FUN_18008eb40	18008eb40	162	OK	3216212
1727	FUN_18008ebf0	18008ebf0	189	OK	3217160
1728	FUN_18008ecb0	18008ecb0	70	OK	3217747
1729	FUN_18008ed00	18008ed00	140	OK	3218622
1730	FUN_18008ed90	18008ed90	5	OK	3218795
1731	FUN_18008eda0	18008eda0	9	OK	3218987
1732	FUN_18008edb0	18008edb0	11	OK	3219293
1733	FUN_18008edc0	18008edc0	133	OK	3219790
1734	FUN_18008ee50	18008ee50	95	OK	3220331
1735	FUN_18008eeb0	18008eeb0	86	OK	3220750
1736	FUN_18008ef10	18008ef10	984	OK	3227552
1737	FUN_18008f2f0	18008f2f0	8	OK	3227737
1738	thunk_FUN_18008e020	18008f300	5	OK	3232121
1739	message	18008f310	41	OK	3232684
1740	FUN_18008f340	18008f340	108	OK	3233147
1741	FUN_18008f3b0	18008f3b0	241	OK	3233961
1742	FUN_18008f4b0	18008f4b0	14	OK	3234211
1743	FUN_18008f4c0	18008f4c0	6	OK	3234346
1744	FUN_18008f4d0	18008f4d0	120	OK	3234862
1745	FUN_18008f550	18008f550	15	OK	3235113
1746	FUN_18008f560	18008f560	126	OK	3235893
1747	FUN_18008f5e0	18008f5e0	126	OK	3236673
1748	FUN_18008f660	18008f660	124	OK	3237405
1749	FUN_18008f6e0	18008f6e0	148	OK	3238438
1750	FUN_18008f780	18008f780	260	OK	3239846
1751	FUN_18008f890	18008f890	55	OK	3240188
1752	FUN_18008f8d0	18008f8d0	516	OK	3242930
1753	FUN_18008fae0	18008fae0	9	OK	3243115
1754	FUN_18008faf0	18008faf0	119	OK	3243604
1755	FUN_18008fb70	18008fb70	91	OK	3244049
1756	FUN_18008fbd0	18008fbd0	27	OK	3244277
1757	FUN_18008fbf0	18008fbf0	40	OK	3244635
1758	FUN_18008fc20	18008fc20	13	OK	3244871
1759	FUN_18008fc30	18008fc30	13	OK	3245107
1760	FUN_18008fc40	18008fc40	74	OK	3245514
1761	FUN_18008fc90	18008fc90	28	OK	3245814
1762	FUN_18008fcb0	18008fcb0	32	OK	3246019
1763	FUN_18008fcd0	18008fcd0	74	OK	3246326
1764	FUN_18008fd20	18008fd20	791	OK	3249354
1765	FUN_1800901a0	1800901a0	236	OK	3252151
1766	FUN_180090290	180090290	33	OK	3252486
1767	FUN_1800902c0	1800902c0	275	OK	3253606
1768	FUN_1800903e0	1800903e0	33	OK	3253941
1769	FUN_180090410	180090410	22	OK	3254231
1770	FUN_180090430	180090430	347	OK	3256150
1771	FUN_180090590	180090590	1005	OK	3260048
1772	FUN_180090980	180090980	110	OK	3260669
1773	FUN_1800909f0	1800909f0	68	OK	3261088
1774	FUN_180090a40	180090a40	397	OK	3264172
1775	FUN_180090bd0	180090bd0	121	OK	3265009
1776	FUN_180090c50	180090c50	83	OK	3265571
1777	FUN_180090cb0	180090cb0	266	OK	3267393
1778	FUN_180090dc0	180090dc0	374	OK	3269609
1779	FUN_180090f40	180090f40	45	OK	3270081
1780	FUN_180090f70	180090f70	212	OK	3271147
1781	FUN_180091050	180091050	212	OK	3272213
1782	FUN_180091130	180091130	208	OK	3273246
1783	FUN_180091200	180091200	208	OK	3274279
1784	FUN_1800912d0	1800912d0	946	OK	3279531
1785	FUN_180091690	180091690	197	OK	3280506
1786	FUN_180091760	180091760	40	OK	3280762
1787	FUN_180091790	180091790	703	OK	3284088
1788	FUN_180091a50	180091a50	33	OK	3284315
1789	FUN_180091a80	180091a80	218	OK	3285340
1790	FUN_180091b60	180091b60	340	OK	3287093
1791	FUN_180091cc0	180091cc0	176	OK	3288083
1792	FUN_180091d70	180091d70	378	OK	3289915
1793	FUN_180091ef0	180091ef0	374	OK	3292127
1794	FUN_180092070	180092070	43	OK	3292476
1795	FUN_1800920a0	1800920a0	15	OK	3292700
1796	thunk_FUN_18051b3b0	1800920b0	5	OK	3293218
1797	FUN_1800920c0	1800920c0	5	OK	3293649
1798	FUN_1800920d0	1800920d0	250	OK	3295187
1799	FUN_1800921d0	1800921d0	247	OK	3296543
1800	FUN_1800922d0	1800922d0	737	OK	3299318
1801	FUN_1800925c0	1800925c0	122	OK	3299714
1802	FUN_180092640	180092640	126	OK	3300424
1803	FUN_1800926c0	1800926c0	44	OK	3300804
1804	FUN_1800926f0	1800926f0	40	OK	3301267
1805	FUN_180092720	180092720	40	OK	3301738
1806	FUN_180092750	180092750	298	OK	3303214
1807	FUN_180092880	180092880	198	OK	3304198
1808	FUN_180092950	180092950	278	OK	3305611
1809	FUN_180092a70	180092a70	59	OK	3306121
1810	FUN_180092ab0	180092ab0	86	OK	3306581
1811	FUN_180092b10	180092b10	63	OK	3307098
1812	FUN_180092b50	180092b50	321	OK	3308608
1813	FUN_180092ca0	180092ca0	116	OK	3309539
1814	FUN_180092d20	180092d20	138	OK	3310512
1815	FUN_180092db0	180092db0	60	OK	3310862
1816	FUN_180092df0	180092df0	60	OK	3311212
1817	FUN_180092e30	180092e30	602	OK	3314595
1818	FUN_180093090	180093090	98	OK	3315205
1819	FUN_180093100	180093100	144	OK	3315981
1820	FUN_180093190	180093190	202	OK	3317272
1821	FUN_180093260	180093260	120	OK	3318241
1822	FUN_1800932e0	1800932e0	202	OK	3319532
1823	FUN_1800933b0	1800933b0	145	OK	3320524
1824	FUN_180093450	180093450	267	OK	3321884
1825	FUN_180093560	180093560	160	OK	3322759
1826	FUN_180093600	180093600	281	OK	3325366
1827	FUN_180093720	180093720	247	OK	3327760
1828	FUN_180093820	180093820	88	OK	3328187
1829	FUN_180093880	180093880	41	OK	3328497
1830	FUN_1800938b0	1800938b0	530	OK	3331734
1831	FUN_180093ad0	180093ad0	797	OK	3336692
1832	FUN_180093df0	180093df0	247	OK	3339086
1833	FUN_180093ef0	180093ef0	682	OK	3343084
1834	FUN_1800941a0	1800941a0	407	OK	3345513
1835	FUN_180094340	180094340	4392	OK	3369570
1836	FUN_180095470	180095470	247	OK	3371964
1837	FUN_180095570	180095570	221	OK	3373194
1838	FUN_180095650	180095650	194	OK	3374320
1839	FUN_180095720	180095720	443	OK	3376645
1840	FUN_1800958e0	1800958e0	306	OK	3378868
1841	FUN_180095a20	180095a20	97	OK	3379655
1842	FUN_180095a90	180095a90	255	OK	3381127
1843	FUN_180095b90	180095b90	202	OK	3382790
1844	FUN_180095c60	180095c60	142	OK	3384156
1845	FUN_180095cf0	180095cf0	95	OK	3385046
1846	FUN_180095d50	180095d50	160	OK	3385790
1847	FUN_180095df0	180095df0	95	OK	3386560
1848	FUN_180095e50	180095e50	181	OK	3387881
1849	FUN_180095f10	180095f10	127	OK	3388883
1850	FUN_180095f90	180095f90	186	OK	3389775
1851	FUN_180096050	180096050	969	OK	3395591
1852	FUN_180096420	180096420	210	OK	3396495
1853	FUN_180096500	180096500	94	OK	3397055
1854	FUN_180096560	180096560	765	OK	3401306
1855	FUN_180096860	180096860	33	OK	3401553
1856	FUN_180096890	180096890	324	OK	3404149
1857	FUN_1800969e0	1800969e0	136	OK	3405017
1858	FUN_180096a70	180096a70	554	OK	3409034
1859	FUN_180096ca0	180096ca0	117	OK	3409546
1860	FUN_180096d20	180096d20	525	OK	3412229
1861	FUN_180096f30	180096f30	235	OK	3413429
1862	FUN_180097020	180097020	95	OK	3413986
1863	FUN_180097080	180097080	243	OK	3415264
1864	FUN_180097180	180097180	63	OK	3415855
1865	FUN_1800971c0	1800971c0	64	OK	3416213
1866	FUN_180097200	180097200	92	OK	3416834
1867	FUN_180097260	180097260	66	OK	3417426
1868	FUN_1800972b0	1800972b0	109	OK	3417920
1869	FUN_180097320	180097320	178	OK	3418853
1870	FUN_1800973e0	1800973e0	50	OK	3419262
1871	FUN_180097420	180097420	24	OK	3419501
1872	FUN_180097440	180097440	1554	OK	3429946
1873	FUN_180097a60	180097a60	252	OK	3431464
1874	FUN_180097b60	180097b60	140	OK	3432192
1875	FUN_180097bf0	180097bf0	131	OK	3432966
1876	FUN_180097c80	180097c80	916	OK	3439413
1877	FUN_180098020	180098020	486	OK	3441879
1878	FUN_180098210	180098210	299	OK	3443373
1879	FUN_180098340	180098340	636	OK	3447025
1880	FUN_1800985c0	1800985c0	700	OK	3450641
1881	FUN_180098880	180098880	270	OK	3452622
1882	FUN_180098990	180098990	681	OK	3456180
1883	FUN_180098c40	180098c40	231	OK	3457633
1884	FUN_180098d30	180098d30	140	OK	3458649
1885	FUN_180098dc0	180098dc0	336	OK	3460464
1886	FUN_180098f10	180098f10	49	OK	3460767
1887	FUN_180098f50	180098f50	65	OK	3461157
1888	FUN_180098fa0	180098fa0	99	OK	3461744
1889	FUN_180099010	180099010	364	OK	3463794
1890	FUN_180099180	180099180	3780	OK	3487126
1891	FUN_18009a050	18009a050	697	OK	3490769
1892	FUN_18009a310	18009a310	299	OK	3492263
1893	FUN_18009a440	18009a440	636	OK	3495915
1894	FUN_18009a6c0	18009a6c0	71	OK	3496706
1895	FUN_18009a710	18009a710	40	OK	3497148
1896	FUN_18009a740	18009a740	34	OK	3497592
1897	FUN_18009a770	18009a770	29	OK	3497893
1898	FUN_18009a790	18009a790	51	OK	3498484
1899	FUN_18009a7d0	18009a7d0	158	OK	3500360
1900	FUN_18009a870	18009a870	283	OK	3501593
1901	FUN_18009a990	18009a990	29	OK	3501829
1902	FUN_18009a9b0	18009a9b0	183	OK	3502824
1903	FUN_18009aa70	18009aa70	28	OK	3503294
1904	FUN_18009aa90	18009aa90	40	OK	3503864
1905	FUN_18009aac0	18009aac0	33	OK	3504406
1906	FUN_18009aaf0	18009aaf0	396	OK	3506533
1907	FUN_18009ac80	18009ac80	62	OK	3506934
1908	FUN_18009acc0	18009acc0	28	OK	3507228
1909	FUN_18009ace0	18009ace0	29	OK	3507526
1910	FUN_18009ad00	18009ad00	101	OK	3508315
1911	FUN_18009ad70	18009ad70	161	OK	3509419
1912	FUN_18009ae20	18009ae20	215	OK	3510494
1913	FUN_18009af00	18009af00	71	OK	3511285
1914	FUN_18009af50	18009af50	59	OK	3511764
1915	FUN_18009af90	18009af90	1443	OK	3520256
1916	FUN_18009b540	18009b540	214	OK	3521489
1917	FUN_18009b620	18009b620	115	OK	3522048
1918	FUN_18009b6a0	18009b6a0	218	OK	3523363
1919	FUN_18009b780	18009b780	370	OK	3525181
1920	FUN_18009b900	18009b900	1357	OK	3531998
1921	FUN_18009be50	18009be50	907	OK	3536763
1922	FUN_18009c1e0	18009c1e0	86	OK	3537208
1923	FUN_18009c240	18009c240	108	OK	3538065
1924	FUN_18009c2b0	18009c2b0	103	OK	3538816
1925	FUN_18009c320	18009c320	86	OK	3539261
1926	FUN_18009c380	18009c380	709	OK	3543790
1927	FUN_18009c650	18009c650	369	OK	3545532
1928	FUN_18009c7d0	18009c7d0	289	OK	3546751
1929	FUN_18009c900	18009c900	270	OK	3548424
1930	FUN_18009ca10	18009ca10	132	OK	3548975
1931	FUN_18009caa0	18009caa0	216	OK	3550266
1932	FUN_18009cb80	18009cb80	209	OK	3551309
1933	FUN_18009cc60	18009cc60	49	OK	3551612
1934	FUN_18009cca0	18009cca0	65	OK	3552002
1935	FUN_18009ccf0	18009ccf0	155	OK	3553104
1936	FUN_18009cd90	18009cd90	14	OK	3553311
1937	FUN_18009cda0	18009cda0	8	OK	3553511
1938	FUN_18009cdb0	18009cdb0	93	OK	3554009
1939	FUN_18009ce10	18009ce10	138	OK	3554632
1940	FUN_18009cea0	18009cea0	423	OK	3556736
1941	FUN_18009d050	18009d050	411	OK	3558800
1942	FUN_18009d1f0	18009d1f0	404	OK	3560792
1943	FUN_18009d390	18009d390	416	OK	3562842
1944	FUN_18009d530	18009d530	62	OK	3563146
1945	FUN_18009d570	18009d570	189	OK	3564186
1946	FUN_18009d630	18009d630	155	OK	3564953
1947	FUN_18009d6d0	18009d6d0	49	OK	3565223
1948	FUN_18009d710	18009d710	215	OK	3566365
1949	FUN_18009d7f0	18009d7f0	251	OK	3567839
1950	FUN_18009d8f0	18009d8f0	615	OK	3571538
1951	FUN_18009db60	18009db60	88	OK	3571984
1952	FUN_18009dbc0	18009dbc0	111	OK	3572409
1953	FUN_18009dc30	18009dc30	278	OK	3573857
1954	FUN_18009dd50	18009dd50	155	OK	3574506
1955	FUN_18009ddf0	18009ddf0	36	OK	3574818
1956	FUN_18009de20	18009de20	275	OK	3575901
1957	FUN_18009df40	18009df40	126	OK	3576392
1958	FUN_18009dfc0	18009dfc0	246	OK	3577453
1959	FUN_18009e0c0	18009e0c0	155	OK	3578041
1960	FUN_18009e160	18009e160	144	OK	3578614
1961	FUN_18009e1f0	18009e1f0	174	OK	3579175
1962	FUN_18009e2a0	18009e2a0	33	OK	3579378
1963	FUN_18009e2d0	18009e2d0	80	OK	3580013
1964	FUN_18009e320	18009e320	23	OK	3580184
1965	FUN_18009e340	18009e340	194	OK	3581361
1966	FUN_18009e410	18009e410	96	OK	3581953
1967	FUN_18009e470	18009e470	75	OK	3582327
1968	FUN_18009e4c0	18009e4c0	76	OK	3582697
1969	FUN_18009e510	18009e510	49	OK	3582982
1970	FUN_18009e550	18009e550	425	OK	3584472
1971	FUN_18009e700	18009e700	109	OK	3585076
1972	FUN_18009e770	18009e770	27	OK	3585328
1973	FUN_18009e790	18009e790	233	OK	3586459
1974	FUN_18009e880	18009e880	307	OK	3587976
1975	FUN_18009e9c0	18009e9c0	116	OK	3588410
1976	FUN_18009ea40	18009ea40	114	OK	3589161
1977	FUN_18009eac0	18009eac0	133	OK	3590010
1978	FUN_18009eb50	18009eb50	559	OK	3593510
1979	FUN_18009ed80	18009ed80	8	OK	3593655
1980	FUN_18009ed90	18009ed90	8	OK	3593800
1981	FUN_18009eda0	18009eda0	8	OK	3593945
1982	FUN_18009edb0	18009edb0	8	OK	3594090
1983	FUN_18009edc0	18009edc0	8	OK	3594235
1984	FUN_18009edd0	18009edd0	8	OK	3594380
1985	FUN_18009ede0	18009ede0	8	OK	3594525
1986	FUN_18009edf0	18009edf0	52	OK	3594846
1987	FUN_18009ee30	18009ee30	28	OK	3595080
1988	FUN_18009ee50	18009ee50	8	OK	3595222
1989	FUN_18009ee60	18009ee60	1650	OK	3603864
1990	FUN_18009f4e0	18009f4e0	174	OK	3604624
1991	FUN_18009f590	18009f590	1321	OK	3611320
1992	FUN_18009fac0	18009fac0	520	OK	3614157
1993	FUN_18009fd10	18009fd10	838	OK	3620399
1994	FUN_1800a0060	1800a0060	120	OK	3620881
1995	FUN_1800a00e0	1800a00e0	121	OK	3621888
1996	FUN_1800a0160	1800a0160	49	OK	3622173
1997	FUN_1800a01a0	1800a01a0	152	OK	3622990
1998	FUN_1800a0240	1800a0240	1145	OK	3630015
1999	FUN_1800a06c0	1800a06c0	299	OK	3631746
2000	FUN_1800a07f0	1800a07f0	84	OK	3632178
2001	FUN_1800a0850	1800a0850	197	OK	3633460
2002	FUN_1800a0920	1800a0920	85	OK	3633881
2003	FUN_1800a0980	1800a0980	36	OK	3634116
2004	FUN_1800a09b0	1800a09b0	18	OK	3634313
2005	FUN_1800a09d0	1800a09d0	93	OK	3634733
2006	FUN_1800a0a30	1800a0a30	66	OK	3635098
2007	FUN_1800a0a80	1800a0a80	254	OK	3636442
2008	FUN_1800a0bc0	1800a0bc0	288	OK	3638069
2009	FUN_1800a0ce0	1800a0ce0	108	OK	3638697
2010	FUN_1800a0d50	1800a0d50	438	OK	3640657
2011	FUN_1800a0f10	1800a0f10	837	OK	3645507
2012	FUN_1800a1260	1800a1260	194	OK	3646788
2013	FUN_1800a1330	1800a1330	422	OK	3648499
2014	FUN_1800a14e0	1800a14e0	417	OK	3650009
2015	FUN_1800a1690	1800a1690	358	OK	3651856
2016	FUN_1800a1800	1800a1800	707	OK	3655586
2017	FUN_1800a1ad0	1800a1ad0	1416	OK	3665821
2018	FUN_1800a2060	1800a2060	424	OK	3667749
2019	FUN_1800a2210	1800a2210	471	OK	3670470
2020	FUN_1800a23f0	1800a23f0	884	OK	3675799
2021	FUN_1800a2770	1800a2770	195	OK	3676800
2022	FUN_1800a2840	1800a2840	1309	OK	3683519
2023	FUN_1800a2d60	1800a2d60	59	OK	3683924
2024	FUN_1800a2da0	1800a2da0	59	OK	3684350
2025	FUN_1800a2de0	1800a2de0	357	OK	3686073
2026	FUN_1800a2f50	1800a2f50	467	OK	3688846
2027	FUN_1800a3130	1800a3130	360	OK	3690503
2028	FUN_1800a32a0	1800a32a0	195	OK	3691775
2029	FUN_1800a3370	1800a3370	499	OK	3693971
2030	FUN_1800a3570	1800a3570	121	OK	3694652
2031	FUN_1800a35f0	1800a35f0	21	OK	3695420
2032	FUN_1800a3610	1800a3610	687	OK	3698614
2033	FUN_1800a38c0	1800a38c0	117	OK	3699243
2034	FUN_1800a3940	1800a3940	514	OK	3702130
2035	FUN_1800a3b50	1800a3b50	1011	OK	3709771
2036	FUN_1800a3d60	1800a3d60	1	OK	3712249
2037	FUN_1800a3f50	1800a3f50	423	OK	3714428
2038	FUN_1800a4100	1800a4100	104	OK	3714925
2039	FUN_1800a4170	1800a4170	291	OK	3716532
2040	FUN_1800a42a0	1800a42a0	940	OK	3721077
2041	FUN_1800a4650	1800a4650	262	OK	3722427
2042	FUN_1800a4760	1800a4760	137	OK	3723040
2043	FUN_1800a47f0	1800a47f0	21	OK	3727188
2044	FUN_1800a4810	1800a4810	645	OK	3730028
2045	FUN_1800a4aa0	1800a4aa0	756	OK	3733963
2046	FUN_1800a4da0	1800a4da0	109	OK	3735048
2047	FUN_1800a4e10	1800a4e10	470	OK	3737670
2048	FUN_1800a4ff0	1800a4ff0	525	OK	3740437
2049	FUN_1800a5200	1800a5200	49	OK	3740722
2050	FUN_1800a5240	1800a5240	357	OK	3742498
2051	FUN_1800a53b0	1800a53b0	1006	OK	3748225
2052	FUN_1800a57a0	1800a57a0	211	OK	3749688
2053	FUN_1800a5880	1800a5880	358	OK	3751735
2054	FUN_1800a59f0	1800a59f0	396	OK	3753913
2055	FUN_1800a5b80	1800a5b80	749	OK	3758501
2056	FUN_1800a5e70	1800a5e70	103	OK	3759259
2057	FUN_1800a5ee0	1800a5ee0	421	OK	3761516
2058	FUN_1800a6090	1800a6090	82	OK	3762134
2059	FUN_1800a60f0	1800a60f0	27	OK	3762538
2060	FUN_1800a6110	1800a6110	350	OK	3764420
2061	FUN_1800a6270	1800a6270	55	OK	3764772
2062	FUN_1800a62b0	1800a62b0	283	OK	3766425
2063	FUN_1800a63d0	1800a63d0	62	OK	3766884
2064	FUN_1800a6410	1800a6410	119	OK	3767693
2065	FUN_1800a6490	1800a6490	125	OK	3768148
2066	FUN_1800a6510	1800a6510	110	OK	3768857
2067	FUN_1800a6580	1800a6580	38	OK	3769094
2068	FUN_1800a65b0	1800a65b0	55	OK	3769645
2069	FUN_1800a65f0	1800a65f0	345	OK	3770746
2070	FUN_1800a6750	1800a6750	152	OK	3771582
2071	FUN_1800a67f0	1800a67f0	57	OK	3771902
2072	FUN_1800a6830	1800a6830	318	OK	3773721
2073	FUN_1800a6970	1800a6970	246	OK	3774681
2074	FUN_1800a6a70	1800a6a70	160	OK	3775716
2075	FUN_1800a6b10	1800a6b10	132	OK	3776503
2076	FUN_1800a6ba0	1800a6ba0	38	OK	3776740
2077	FUN_1800a6bd0	1800a6bd0	59	OK	3777301
2078	FUN_1800a6c10	1800a6c10	21	OK	3783738
2079	FUN_1800a6c30	1800a6c30	670	OK	3786905
2080	FUN_1800a6ed0	1800a6ed0	1178	OK	3792983
2081	FUN_1800a7370	1800a7370	400	OK	3795163
2082	FUN_1800a7540	1800a7540	145	OK	3795948
2083	FUN_1800a75e0	1800a75e0	1944	OK	3806384
2084	FUN_1800a7d80	1800a7d80	117	OK	3807013
2085	FUN_1800a7e00	1800a7e00	115	OK	3807651
2086	FUN_1800a7e80	1800a7e80	896	OK	3812344
2087	FUN_1800a8200	1800a8200	528	OK	3820446
2088	FUN_1800a8410	1800a8410	21	OK	3825567
2089	FUN_1800a8430	1800a8430	435	OK	3827602
2090	FUN_1800a85f0	1800a85f0	889	OK	3832564
2091	FUN_1800a8970	1800a8970	744	OK	3836652
2092	FUN_1800a8c60	1800a8c60	403	OK	3839015
2093	FUN_1800a8e00	1800a8e00	73	OK	3839407
2094	FUN_1800a8e50	1800a8e50	300	OK	3841234
2095	FUN_1800a8f80	1800a8f80	21	OK	3850160
2096	FUN_1800a8fa0	1800a8fa0	670	OK	3853327
2097	FUN_1800a9240	1800a9240	1562	OK	3861535
2098	FUN_1800a9860	1800a9860	469	OK	3864602
2099	FUN_1800a9a50	1800a9a50	158	OK	3865518
2100	FUN_1800a9af0	1800a9af0	1580	OK	3874427
2101	FUN_1800aa120	1800aa120	21	OK	3879622
2102	FUN_1800aa140	1800aa140	435	OK	3881657
2103	FUN_1800aa300	1800aa300	910	OK	3886585
2104	FUN_1800aa690	1800aa690	298	OK	3887849
2105	FUN_1800aa7c0	1800aa7c0	172	OK	3888816
2106	FUN_1800aa870	1800aa870	497	OK	3891031
2107	FUN_1800aaa70	1800aaa70	3	OK	3891184
2108	FUN_1800aaa80	1800aaa80	4	OK	3891354
2109	FUN_1800aaa90	1800aaa90	4	OK	3891524
2110	FUN_1800aaaa0	1800aaaa0	4	OK	3891696
2111	FUN_1800aaab0	1800aaab0	253	OK	3893390
2112	FUN_1800aabb0	1800aabb0	145	OK	3893922
2113	FUN_1800aac50	1800aac50	110	OK	3894396
2114	thunk_FUN_18009f4e0	1800aacc0	8	OK	3894550
2115	FUN_1800aacd0	1800aacd0	357	OK	3896058
2116	FUN_1800aae40	1800aae40	319	OK	3897454
2117	FUN_1800aaf80	1800aaf80	3523	OK	3915480
2118	FUN_1800abd50	1800abd50	439	OK	3917829
2119	FUN_1800abf10	1800abf10	8	OK	3917974
2120	FUN_1800abf20	1800abf20	59	OK	3918291
2121	FUN_1800abf60	1800abf60	399	OK	3920215
2122	FUN_1800ac130	1800ac130	651	OK	3923968
2123	FUN_1800ac3c0	1800ac3c0	212	OK	3925223
2124	FUN_1800ac4a0	1800ac4a0	133	OK	3925946
2125	FUN_1800ac530	1800ac530	722	OK	3928473
2126	FUN_1800ac880	1800ac880	750	OK	3933347
2127	FUN_1800acb70	1800acb70	55	OK	3933654
2128	FUN_1800acbb0	1800acbb0	338	OK	3935479
2129	FUN_1800acd10	1800acd10	1793	OK	3943563
2130	FUN_1800ad500	1800ad500	165	OK	3944322
2131	FUN_1800ad5b0	1800ad5b0	481	OK	3947778
2132	FUN_1800ad7a0	1800ad7a0	6212	OK	3987494
2133	FUN_1800aeff0	1800aeff0	557	OK	3991496
2134	FUN_1800af2b0	1800af2b0	770	OK	3996472
2135	FUN_1800af5c0	1800af5c0	727	OK	4000874
2136	FUN_1800af8a0	1800af8a0	1372	OK	4008599
2137	FUN_1800afe00	1800afe00	59	OK	4008920
2138	FUN_1800afe40	1800afe40	217	OK	4010003
2139	FUN_1800aff20	1800aff20	414	OK	4012950
2140	FUN_1800b00c0	1800b00c0	161	OK	4013909
2141	FUN_1800b0170	1800b0170	34	OK	4014185
2142	FUN_1800b01a0	1800b01a0	201	OK	4015429
2143	FUN_1800b0270	1800b0270	121	OK	4016453
2144	FUN_1800b02f0	1800b02f0	313	OK	4018798
2145	FUN_1800b0430	1800b0430	126	OK	4019526
2146	FUN_1800b04b0	1800b04b0	112	OK	4020193
2147	FUN_1800b0520	1800b0520	156	OK	4021151
2148	FUN_1800b05c0	1800b05c0	177	OK	4022228
2149	FUN_1800b0680	1800b0680	434	OK	4024881
2150	FUN_1800b0840	1800b0840	349	OK	4027401
2151	FUN_1800b09a0	1800b09a0	90	OK	4028039
2152	FUN_1800b0a00	1800b0a00	87	OK	4028599
2153	FUN_1800b0a60	1800b0a60	37	OK	4028821
2154	FUN_1800b0a90	1800b0a90	162	OK	4029580
2155	FUN_1800b0b40	1800b0b40	356	OK	4031797
2156	FUN_1800b0cb0	1800b0cb0	179	OK	4032798
2157	FUN_1800b0d70	1800b0d70	575	OK	4036072
2158	FUN_1800b0fb0	1800b0fb0	19	OK	4036302
2159	FUN_1800b0fd0	1800b0fd0	66	OK	4036732
2160	FUN_1800b1020	1800b1020	33	OK	4036973
2161	FUN_1800b1050	1800b1050	33	OK	4037214
2162	FUN_1800b1080	1800b1080	128	OK	4038017
2163	FUN_1800b1110	1800b1110	43	OK	4038323
2164	FUN_1800b1140	1800b1140	24	OK	4038560
2165	FUN_1800b1160	1800b1160	11	OK	4038863
2166	FUN_1800b1170	1800b1170	73	OK	4039194
2167	FUN_1800b11c0	1800b11c0	11	OK	4039500
2168	FUN_1800b11d0	1800b11d0	146	OK	4040305
2169	FUN_1800b1270	1800b1270	131	OK	4041111
2170	FUN_1800b1300	1800b1300	8	OK	4041256
2171	FUN_1800b1310	1800b1310	8	OK	4041401
2172	FUN_1800b1320	1800b1320	106	OK	4042004
2173	FUN_1800b1390	1800b1390	524	OK	4044202
2174	FUN_1800b15a0	1800b15a0	362	OK	4046702
2175	FUN_1800b1710	1800b1710	73	OK	4047014
2176	FUN_1800b1760	1800b1760	30	OK	4047409
2177	FUN_1800b1780	1800b1780	30	OK	4047804
2178	FUN_1800b17a0	1800b17a0	161	OK	4048853
2179	FUN_1800b1850	1800b1850	558	OK	4052070
2180	FUN_1800b1a80	1800b1a80	124	OK	4052748
2181	FUN_1800b1b00	1800b1b00	8	OK	4052881
2182	FUN_1800b1b10	1800b1b10	536	OK	4055069
2183	FUN_1800b1d30	1800b1d30	93	OK	4055453
2184	FUN_1800b1d90	1800b1d90	121	OK	4055918
2185	FUN_1800b1e10	1800b1e10	66	OK	4056201
2186	FUN_1800b1e60	1800b1e60	76	OK	4056798
2187	FUN_1800b1eb0	1800b1eb0	426	OK	4059067
2188	FUN_1800b2060	1800b2060	193	OK	4059925
2189	FUN_1800b2130	1800b2130	552	OK	4062653
2190	FUN_1800b2360	1800b2360	305	OK	4063928
2191	FUN_1800b24a0	1800b24a0	306	OK	4065154
2192	FUN_1800b25e0	1800b25e0	39	OK	4065420
2193	FUN_1800b2610	1800b2610	44	OK	4065860
2194	FUN_1800b2640	1800b2640	275	OK	4067240
2195	FUN_1800b2760	1800b2760	24	OK	4067454
2196	FUN_1800b2780	1800b2780	1169	OK	4073974
2197	FUN_1800b2c20	1800b2c20	434	OK	4076532
2198	FUN_1800b2de0	1800b2de0	112	OK	4077087
2199	FUN_1800b2e50	1800b2e50	55	OK	4077590
2200	FUN_1800b2e90	1800b2e90	495	OK	4080976
2201	FUN_1800b3080	1800b3080	1193	OK	4087540
2202	FUN_1800b3530	1800b3530	1036	OK	4092467
2203	FUN_1800b3940	1800b3940	307	OK	4094105
2204	FUN_1800b3a80	1800b3a80	256	OK	4095366
2205	FUN_1800b3b80	1800b3b80	389	OK	4097314
2206	FUN_1800b3d10	1800b3d10	534	OK	4101052
2207	FUN_1800b3f30	1800b3f30	34	OK	4101365
2208	FUN_1800b3f60	1800b3f60	314	OK	4103322
2209	FUN_1800b40a0	1800b40a0	137	OK	4104189
2210	FUN_1800b4130	1800b4130	573	OK	4106646
2211	FUN_1800b4370	1800b4370	304	OK	4108200
2212	FUN_1800b44a0	1800b44a0	129	OK	4108860
2213	FUN_1800b4530	1800b4530	436	OK	4111036
2214	FUN_1800b46f0	1800b46f0	2531	OK	4129097
2215	FUN_1800b50e0	1800b50e0	393	OK	4130830
2216	FUN_1800b5270	1800b5270	217	OK	4131843
2217	FUN_1800b5350	1800b5350	190	OK	4132628
2218	FUN_1800b5410	1800b5410	598	OK	4136130
2219	FUN_1800b5670	1800b5670	89	OK	4136537
2220	FUN_1800b56d0	1800b56d0	365	OK	4138368
2221	FUN_1800b5840	1800b5840	102	OK	4139149
2222	FUN_1800b58b0	1800b58b0	200	OK	4140400
2223	FUN_1800b5980	1800b5980	180	OK	4141493
2224	FUN_1800b5a40	1800b5a40	224	OK	4142813
2225	FUN_1800b5b20	1800b5b20	398	OK	4144775
2226	FUN_1800b5cb0	1800b5cb0	444	OK	4146675
2227	FUN_1800b5e70	1800b5e70	1483	OK	4154233
2228	FUN_1800b6440	1800b6440	236	OK	4155386
2229	FUN_1800b6530	1800b6530	390	OK	4157932
2230	FUN_1800b66c0	1800b66c0	387	OK	4160242
2231	FUN_1800b6850	1800b6850	20	OK	4160495
2232	FUN_1800b6870	1800b6870	641	OK	4164105
2233	FUN_1800b6b00	1800b6b00	51	OK	4164392
2234	FUN_1800b6b40	1800b6b40	23	OK	4164563
2235	FUN_1800b6b60	1800b6b60	371	OK	4166606
2236	FUN_1800b6ce0	1800b6ce0	1122	OK	4172146
2237	FUN_1800b7150	1800b7150	178	OK	4172980
2238	FUN_1800b7210	1800b7210	11	OK	4173126
2239	FUN_1800b7220	1800b7220	33	OK	4173426
2240	FUN_1800b7250	1800b7250	91	OK	4174001
2241	FUN_1800b72b0	1800b72b0	61	OK	4174367
2242	FUN_1800b72f0	1800b72f0	417	OK	4176046
2243	FUN_1800b74a0	1800b74a0	148	OK	4176690
2244	FUN_1800b7540	1800b7540	213	OK	4177793
2245	FUN_1800b7620	1800b7620	99	OK	4178260
2246	FUN_1800b7690	1800b7690	248	OK	4179294
2247	FUN_1800b7790	1800b7790	188	OK	4180084
2248	FUN_1800b7850	1800b7850	72	OK	4180473
2249	FUN_1800b78a0	1800b78a0	216	OK	4181505
2250	FUN_1800b7980	1800b7980	133	OK	4182106
2251	FUN_1800b7a10	1800b7a10	349	OK	4183721
2252	FUN_1800b7b70	1800b7b70	121	OK	4184305
2253	FUN_1800b7bf0	1800b7bf0	103	OK	4185033
2254	FUN_1800b7c60	1800b7c60	142	OK	4185960
2255	FUN_1800b7cf0	1800b7cf0	469	OK	4187829
2256	FUN_1800b7ed0	1800b7ed0	157	OK	4188495
2257	FUN_1800b7f70	1800b7f70	3175	OK	4209158
2258	FUN_1800b8be0	1800b8be0	234	OK	4210637
2259	FUN_1800b8cd0	1800b8cd0	185	OK	4211896
2260	FUN_1800b8d90	1800b8d90	1684	OK	4224209
2261	FUN_1800b9430	1800b9430	1229	OK	4231333
2262	FUN_1800b9900	1800b9900	847	OK	4235581
2263	FUN_1800b9c50	1800b9c50	136	OK	4236298
2264	FUN_1800b9ce0	1800b9ce0	105	OK	4237099
2265	FUN_1800b9d50	1800b9d50	2913	OK	4254948
2266	FUN_1800ba8c0	1800ba8c0	432	OK	4257294
2267	FUN_1800baa80	1800baa80	266	OK	4258634
2268	FUN_1800bab90	1800bab90	564	OK	4261532
2269	FUN_1800badd0	1800badd0	392	OK	4263673
2270	FUN_1800baf60	1800baf60	115	OK	4264253
2271	FUN_1800bafe0	1800bafe0	251	OK	4265704
2272	FUN_1800bb0e0	1800bb0e0	404	OK	4267940
2273	FUN_1800bb280	1800bb280	360	OK	4270350
2274	FUN_1800bb3f0	1800bb3f0	257	OK	4272134
2275	FUN_1800bb500	1800bb500	124	OK	4272865
2276	FUN_1800bb580	1800bb580	176	OK	4273686
2277	FUN_1800bb640	1800bb640	109	OK	4274419
2278	FUN_1800bb6b0	1800bb6b0	933	OK	4279827
2279	FUN_1800bba60	1800bba60	128	OK	4280462
2280	FUN_1800bbae0	1800bbae0	424	OK	4282899
2281	FUN_1800bbc90	1800bbc90	320	OK	4284732
2282	FUN_1800bbdd0	1800bbdd0	317	OK	4286286
2283	FUN_1800bbf10	1800bbf10	233	OK	4287366
2284	FUN_1800bc000	1800bc000	133	OK	4290063
2285	FUN_1800bc090	1800bc090	201	OK	4293093
2286	FUN_1800bc160	1800bc160	417	OK	4295671
2287	FUN_1800bc310	1800bc310	487	OK	4297618
2288	FUN_1800bc540	1800bc540	189	OK	4298709
2289	FUN_1800bc600	1800bc600	391	OK	4301309
2290	FUN_1800bc790	1800bc790	892	OK	4306449
2291	FUN_1800bcb60	1800bcb60	288	OK	4308211
2292	FUN_1800bcc80	1800bcc80	23	OK	4308435
2293	FUN_1800bcca0	1800bcca0	37	OK	4308846
2294	FUN_1800bccd0	1800bccd0	112	OK	4309561
2295	FUN_1800bcd40	1800bcd40	6071	OK	4336413
2296	FUN_1800be500	1800be500	313	OK	4338521
2297	FUN_1800be640	1800be640	1273	OK	4343110
2298	FUN_1800beb40	1800beb40	358	OK	4345394
2299	FUN_1800becb0	1800becb0	2446	OK	4355299
2300	FUN_1800bf640	1800bf640	930	OK	4358708
2301	FUN_1800bfa60	1800bfa60	1255	OK	4364586
2302	FUN_1800bff50	1800bff50	281	OK	4366345
2303	FUN_1800c0070	1800c0070	147	OK	4367150
2304	FUN_1800c0110	1800c0110	324	OK	4369269
2305	FUN_1800c0260	1800c0260	367	OK	4371205
2306	FUN_1800c03d0	1800c03d0	242	OK	4372388
2307	FUN_1800c04d0	1800c04d0	467	OK	4374970
2308	FUN_1800c06b0	1800c06b0	107	OK	4375415
2309	FUN_1800c0720	1800c0720	348	OK	4376934
2310	FUN_1800c0880	1800c0880	105	OK	4377605
2311	FUN_1800c08f0	1800c08f0	407	OK	4380893
2312	FUN_1800c0a90	1800c0a90	349	OK	4384002
2313	FUN_1800c0bf0	1800c0bf0	10	OK	4384192
2314	FUN_1800c0c00	1800c0c00	28	OK	4384461
2315	FUN_1800c0c20	1800c0c20	243	OK	4385550
2316	FUN_1800c0d20	1800c0d20	1309	OK	4392082
2317	FUN_1800c1240	1800c1240	339	OK	4394387
2318	FUN_1800c13a0	1800c13a0	19	OK	4394530
2319	FUN_1800c13c0	1800c13c0	40	OK	4394875
2320	FUN_1800c13f0	1800c13f0	19	OK	4395018
2321	FUN_1800c1410	1800c1410	27	OK	4395273
2322	FUN_1800c1430	1800c1430	7	OK	4395438
2323	FUN_1800c1440	1800c1440	253	OK	4397963
2324	FUN_1800c1540	1800c1540	1437	OK	4405004
2325	FUN_1800c1ae0	1800c1ae0	1218	OK	4412121
2326	FUN_1800c1fb0	1800c1fb0	450	OK	4415147
2327	FUN_1800c2180	1800c2180	81	OK	4416035
2328	FUN_1800c21e0	1800c21e0	105	OK	4416831
2329	thunk_FUN_18008edc0	1800c2250	5	OK	4417338
2330	FUN_1800c2260	1800c2260	156	OK	4418442
2331	FUN_1800c2300	1800c2300	116	OK	4419071
2332	FUN_1800c2380	1800c2380	26	OK	4419327
2333	FUN_1800c23a0	1800c23a0	14	OK	4419534
2334	FUN_1800c23b0	1800c23b0	8	OK	4419734
2335	FUN_1800c23c0	1800c23c0	43	OK	4420023
2336	FUN_1800c23f0	1800c23f0	358	OK	4422140
2337	FUN_1800c2560	1800c2560	44	OK	4422414
2338	FUN_1800c2590	1800c2590	145	OK	4423385
2339	FUN_1800c2630	1800c2630	130	OK	4423964
2340	FUN_1800c26c0	1800c26c0	89	OK	4424539
2341	FUN_1800c2720	1800c2720	65	OK	4425122
2342	FUN_1800c2770	1800c2770	8	OK	4425293
2343	FUN_1800c2780	1800c2780	52	OK	4425802
2344	FUN_1800c27c0	1800c27c0	69	OK	4426357
2345	FUN_1800c2810	1800c2810	66	OK	4426810
2346	FUN_1800c2860	1800c2860	124	OK	4427561
2347	thunk_FUN_1800c2860	1800c28e0	5	OK	4428322
2348	FUN_1800c28f0	1800c28f0	453	OK	4430903
2349	FUN_1800c2ac0	1800c2ac0	33	OK	4431179
2350	FUN_1800c2af0	1800c2af0	34	OK	4431432
2351	FUN_1800c2b20	1800c2b20	253	OK	4432916
2352	FUN_1800c2c20	1800c2c20	377	OK	4434985
2353	FUN_1800c2da0	1800c2da0	221	OK	4436241
2354	FUN_1800c2e80	1800c2e80	100	OK	4436675
2355	FUN_1800c2ef0	1800c2ef0	79	OK	4437578
2356	FUN_1800c2f40	1800c2f40	59	OK	4438108
2357	FUN_1800c2f80	1800c2f80	37	OK	4438405
2358	FUN_1800c2fb0	1800c2fb0	2770	OK	4448890
2359	FUN_1800c3a90	1800c3a90	206	OK	4449850
2360	FUN_1800c3b60	1800c3b60	235	OK	4451149
2361	FUN_1800c3c50	1800c3c50	36	OK	4451440
2362	FUN_1800c3c80	1800c3c80	84	OK	4452079
2363	FUN_1800c3ce0	1800c3ce0	166	OK	4453350
2364	FUN_1800c3d90	1800c3d90	169	OK	4454621
2365	FUN_1800c3e40	1800c3e40	167	OK	4455892
2366	FUN_1800c3ef0	1800c3ef0	169	OK	4457122
2367	FUN_1800c3fa0	1800c3fa0	367	OK	4459162
2368	FUN_1800c4120	1800c4120	400	OK	4461316
2369	FUN_1800c42c0	1800c42c0	403	OK	4463480
2370	FUN_1800c4460	1800c4460	622	OK	4466430
2371	FUN_1800c46e0	1800c46e0	473	OK	4470747
2372	FUN_1800c48c0	1800c48c0	229	OK	4471912
2373	FUN_1800c49b0	1800c49b0	1023	OK	4477511
2374	FUN_1800c4db0	1800c4db0	435	OK	4480365
2375	FUN_1800c4f70	1800c4f70	825	OK	4484803
2376	FUN_1800c52b0	1800c52b0	210	OK	4486726
2377	FUN_1800c5390	1800c5390	686	OK	4490628
2378	FUN_1800c5650	1800c5650	36	OK	4490954
2379	FUN_1800c5680	1800c5680	95	OK	4491666
2380	FUN_1800c56e0	1800c56e0	259	OK	4493069
2381	FUN_1800c57f0	1800c57f0	1270	OK	4501767
2382	FUN_1800c5cf0	1800c5cf0	83	OK	4502398
2383	FUN_1800c5d50	1800c5d50	1119	OK	4509795
2384	FUN_1800c61c0	1800c61c0	512	OK	4512677
2385	FUN_1800c63c0	1800c63c0	272	OK	4514294
2386	FUN_1800c64d0	1800c64d0	86	OK	4515147
2387	FUN_1800c6530	1800c6530	627	OK	4518253
2388	FUN_1800c67b0	1800c67b0	291	OK	4519657
2389	FUN_1800c68e0	1800c68e0	481	OK	4521694
2390	FUN_1800c6ad0	1800c6ad0	432	OK	4524499
2391	FUN_1800c6c90	1800c6c90	2133	OK	4537977
2392	FUN_1800c74f0	1800c74f0	441	OK	4540535
2393	FUN_1800c76b0	1800c76b0	88	OK	4540987
2394	FUN_1800c7710	1800c7710	450	OK	4543005
2395	FUN_1800c78e0	1800c78e0	108	OK	4543502
2396	FUN_1800c7950	1800c7950	2688	OK	4555701
2397	FUN_1800c83d0	1800c83d0	820	OK	4560353
2398	FUN_1800c8710	1800c8710	168	OK	4561546
2399	FUN_1800c87c0	1800c87c0	393	OK	4563645
2400	FUN_1800c8950	1800c8950	257	OK	4565070
2401	FUN_1800c8a60	1800c8a60	140	OK	4566611
2402	FUN_1800c8b20	1800c8b20	139	OK	4568519
2403	FUN_1800c8c20	1800c8c20	27	OK	4568662
2404	FUN_1800c8c40	1800c8c40	481	OK	4571045
2405	FUN_1800c8e40	1800c8e40	237	OK	4572560
2406	FUN_1800c8f30	1800c8f30	17	OK	4572727
2407	FUN_1800c8f50	1800c8f50	140	OK	4574275
2408	FUN_1800c8fe0	1800c8fe0	652	OK	4577232
2409	FUN_1800c9270	1800c9270	207	OK	4578278
2410	FUN_1800c9340	1800c9340	31	OK	4578523
2411	FUN_1800c9360	1800c9360	101	OK	4579008
2412	FUN_1800c93d0	1800c93d0	126	OK	4579684
2413	FUN_1800c9450	1800c9450	258	OK	4581090
2414	FUN_1800c9560	1800c9560	115	OK	4581596
2415	FUN_1800c95e0	1800c95e0	98	OK	4582049
2416	thunk_FUN_1800d2db0	1800c9650	8	OK	4582253
2417	FUN_1800c9660	1800c9660	297	OK	4583353
2418	FUN_1800c9790	1800c9790	131	OK	4584241
2419	FUN_1800c9820	1800c9820	198	OK	4585113
2420	thunk_FUN_1800d09a0	1800c98f0	5	OK	4590459
2421	FUN_1800c9900	1800c9900	182	OK	4591679
2422	FUN_1800c99c0	1800c99c0	180	OK	4592923
2423	FUN_1800c9a80	1800c9a80	191	OK	4594111
2424	FUN_1800c9b40	1800c9b40	403	OK	4596259
2425	FUN_1800c9ce0	1800c9ce0	778	OK	4600195
2426	FUN_1800c9ff0	1800c9ff0	36	OK	4600434
2427	FUN_1800ca020	1800ca020	13	OK	4600650
2428	FUN_1800ca030	1800ca030	503	OK	4603064
2429	FUN_1800ca230	1800ca230	26	OK	4603381
2430	FUN_1800ca250	1800ca250	27	OK	4603734
2431	FUN_1800ca270	1800ca270	22	OK	4604079
2432	FUN_1800ca290	1800ca290	24	OK	4604513
2433	FUN_1800ca2b0	1800ca2b0	264	OK	4606232
2434	FUN_1800ca3c0	1800ca3c0	200	OK	4607301
2435	FUN_1800ca490	1800ca490	496	OK	4610559
2436	FUN_1800ca680	1800ca680	503	OK	4612882
2437	FUN_1800ca880	1800ca880	372	OK	4614613
2438	FUN_1800caa00	1800caa00	162	OK	4615584
2439	FUN_1800caab0	1800caab0	95	OK	4616305
2440	FUN_1800cab10	1800cab10	115	OK	4616837
2441	FUN_1800cab90	1800cab90	92	OK	4617420
2442	FUN_1800cabf0	1800cabf0	167	OK	4617980
2443	FUN_1800caca0	1800caca0	265	OK	4619596
2444	FUN_1800cadb0	1800cadb0	62	OK	4619899
2445	FUN_1800cadf0	1800cadf0	161	OK	4620673
2446	FUN_1800caea0	1800caea0	64	OK	4620970
2447	FUN_1800caee0	1800caee0	974	OK	4627071
2448	FUN_1800cb2b0	1800cb2b0	460	OK	4629491
2449	FUN_1800cb480	1800cb480	532	OK	4633538
2450	FUN_1800cb6a0	1800cb6a0	882	OK	4639184
2451	FUN_1800cba20	1800cba20	1535	OK	4649614
2452	FUN_1800cc020	1800cc020	1187	OK	4656377
2453	FUN_1800cc4d0	1800cc4d0	289	OK	4658002
2454	FUN_1800cc600	1800cc600	491	OK	4661623
2455	FUN_1800cc7f0	1800cc7f0	175	OK	4662382
2456	FUN_1800cc8a0	1800cc8a0	365	OK	4664195
2457	FUN_1800cca10	1800cca10	143	OK	4665213
2458	FUN_1800ccaa0	1800ccaa0	166	OK	4666300
2459	FUN_1800ccb50	1800ccb50	84	OK	4666802
2460	FUN_1800ccbb0	1800ccbb0	203	OK	4667740
2461	FUN_1800ccc80	1800ccc80	104	OK	4668244
2462	FUN_1800cccf0	1800cccf0	100	OK	4668728
2463	FUN_1800ccd60	1800ccd60	532	OK	4671443
2464	FUN_1800ccf80	1800ccf80	499	OK	4674224
2465	FUN_1800cd180	1800cd180	228	OK	4675378
2466	FUN_1800cd270	1800cd270	187	OK	4676306
2467	FUN_1800cd330	1800cd330	187	OK	4677238
2468	FUN_1800cd3f0	1800cd3f0	169	OK	4678007
2469	FUN_1800cd4a0	1800cd4a0	9	OK	4678172
2470	FUN_1800cd4b0	1800cd4b0	212	OK	4679833
2471	FUN_1800cd590	1800cd590	611	OK	4683943
2472	FUN_1800cd800	1800cd800	26	OK	4684140
2473	FUN_1800cd820	1800cd820	529	OK	4686970
2474	FUN_1800cda40	1800cda40	97	OK	4687476
2475	FUN_1800cdab0	1800cdab0	4865	OK	4716203
2476	FUN_1800cedc0	1800cedc0	435	OK	4718173
2477	FUN_1800cef80	1800cef80	363	OK	4719963
2478	FUN_1800cf0f0	1800cf0f0	348	OK	4722006
2479	FUN_1800cf250	1800cf250	415	OK	4724238
2480	FUN_1800cf3f0	1800cf3f0	189	OK	4725470
2481	FUN_1800cf4b0	1800cf4b0	99	OK	4726027
2482	FUN_1800cf520	1800cf520	14	OK	4726234
2483	FUN_1800cf530	1800cf530	8	OK	4726434
2484	FUN_1800cf540	1800cf540	87	OK	4727072
2485	FUN_1800cf5a0	1800cf5a0	182	OK	4728292
2486	FUN_1800cf660	1800cf660	26	OK	4728543
2487	FUN_1800cf680	1800cf680	40	OK	4728783
2488	FUN_1800cf6b0	1800cf6b0	377	OK	4730509
2489	FUN_1800cf830	1800cf830	180	OK	4731934
2490	FUN_1800cf8f0	1800cf8f0	110	OK	4732559
2491	FUN_1800cf960	1800cf960	212	OK	4734261
2492	FUN_1800cfa40	1800cfa40	101	OK	4734797
2493	FUN_1800cfab0	1800cfab0	168	OK	4735888
2494	FUN_1800cfb60	1800cfb60	368	OK	4737999
2495	FUN_1800cfce0	1800cfce0	385	OK	4740222
2496	FUN_1800cfe70	1800cfe70	677	OK	4743694
2497	`scalar_deleting_destructor'	1800d0120	56	OK	4744215
2498	`scalar_deleting_destructor'	1800d0160	56	OK	4744736
2499	FUN_1800d01a0	1800d01a0	33	OK	4744977
2500	FUN_1800d01d0	1800d01d0	115	OK	4745483
2501	FUN_1800d0250	1800d0250	22	OK	4745733
2502	FUN_1800d0270	1800d0270	22	OK	4745983
2503	FUN_1800d0290	1800d0290	13	OK	4746188
2504	FUN_1800d02a0	1800d02a0	180	OK	4747140
2505	FUN_1800d0360	1800d0360	8	OK	4747340
2506	FUN_1800d0370	1800d0370	8	OK	4747540
2507	FUN_1800d0380	1800d0380	111	OK	4748155
2508	FUN_1800d03f0	1800d03f0	85	OK	4748542
2509	FUN_1800d0450	1800d0450	65	OK	4748819
2510	FUN_1800d04a0	1800d04a0	32	OK	4749059
2511	FUN_1800d04c0	1800d04c0	90	OK	4749399
2512	FUN_1800d0520	1800d0520	228	OK	4750547
2513	FUN_1800d0610	1800d0610	466	OK	4753637
2514	FUN_1800d07f0	1800d07f0	420	OK	4755684
2515	FUN_1800d09a0	1800d09a0	995	OK	4760710
2516	FUN_1800d0d90	1800d0d90	5632	OK	4803900
2517	FUN_1800d23a0	1800d23a0	1599	OK	4814992
2518	FUN_1800d29e0	1800d29e0	421	OK	4817592
2519	FUN_1800d2b90	1800d2b90	412	OK	4820661
2520	FUN_1800d2d30	1800d2d30	113	OK	4821531
2521	FUN_1800d2db0	1800d2db0	1001	OK	4826943
2522	FUN_1800d31a0	1800d31a0	59	OK	4827259
2523	FUN_1800d31e0	1800d31e0	134	OK	4828031
2524	FUN_1800d3270	1800d3270	134	OK	4828803
2525	FUN_1800d3300	1800d3300	176	OK	4830052
2526	FUN_1800d33b0	1800d33b0	180	OK	4831296
2527	FUN_1800d3470	1800d3470	542	OK	4834601
2528	FUN_1800d3690	1800d3690	439	OK	4838281
2529	FUN_1800d3850	1800d3850	314	OK	4840427
2530	FUN_1800d3990	1800d3990	36	OK	4840665
2531	FUN_1800d39c0	1800d39c0	715	OK	4844506
2532	FUN_1800d3c90	1800d3c90	24	OK	4844789
2533	FUN_1800d3cb0	1800d3cb0	36	OK	4845154
2534	FUN_1800d3ce0	1800d3ce0	22	OK	4845472
2535	FUN_1800d3d00	1800d3d00	99	OK	4846129
2536	FUN_1800d3d70	1800d3d70	443	OK	4848492
2537	FUN_1800d3f30	1800d3f30	620	OK	4852595
2538	FUN_1800d41a0	1800d41a0	306	OK	4854105
2539	FUN_1800d42e0	1800d42e0	207	OK	4855374
2540	FUN_1800d43b0	1800d43b0	168	OK	4856403
2541	FUN_1800d4460	1800d4460	214	OK	4857731
2542	FUN_1800d4540	1800d4540	309	OK	4859350
2543	FUN_1800d4680	1800d4680	181	OK	4860381
2544	FUN_1800d4740	1800d4740	239	OK	4861694
2545	FUN_1800d4830	1800d4830	92	OK	4862427
2546	FUN_1800d4890	1800d4890	171	OK	4863703
2547	FUN_1800d4940	1800d4940	121	OK	4864336
2548	FUN_1800d49c0	1800d49c0	261	OK	4865608
2549	FUN_1800d4ad0	1800d4ad0	192	OK	4866505
2550	FUN_1800d4b90	1800d4b90	276	OK	4868015
2551	FUN_1800d4cb0	1800d4cb0	767	OK	4874841
2552	FUN_1800d4fb0	1800d4fb0	52	OK	4875101
2553	FUN_1800d4ff0	1800d4ff0	181	OK	4875831
2554	FUN_1800d50b0	1800d50b0	16	OK	4876046
2555	FUN_1800d50d0	1800d50d0	113	OK	4876849
2556	FUN_1800d5150	1800d5150	109	OK	4877652
2557	FUN_1800d51c0	1800d51c0	2396	OK	4892435
2558	FUN_1800d5b20	1800d5b20	853	OK	4900991
2559	FUN_1800d5e80	1800d5e80	131	OK	4901787
2560	FUN_1800d5f10	1800d5f10	181	OK	4902745
2561	FUN_1800d5fd0	1800d5fd0	1967	OK	4916273
2562	FUN_1800d6780	1800d6780	175	OK	4918118
2563	FUN_1800d6830	1800d6830	313	OK	4920015
2564	FUN_1800d6970	1800d6970	257	OK	4921624
2565	FUN_1800d6a80	1800d6a80	1278	OK	4930240
2566	FUN_1800d6f80	1800d6f80	232	OK	4931539
2567	FUN_1800d7070	1800d7070	450	OK	4934165
2568	FUN_1800d7240	1800d7240	451	OK	4936793
2569	FUN_1800d7410	1800d7410	487	OK	4939838
2570	FUN_1800d7600	1800d7600	366	OK	4941770
2571	FUN_1800d7770	1800d7770	3897	OK	4964910
2572	FUN_1800d86b0	1800d86b0	174	OK	4965706
2573	FUN_1800d8760	1800d8760	191	OK	4966703
2574	FUN_1800d8820	1800d8820	312	OK	4968655
2575	FUN_1800d8960	1800d8960	1469	OK	4977724
2576	FUN_1800d8f20	1800d8f20	156	OK	4978600
2577	FUN_1800d8fc0	1800d8fc0	668	OK	4982751
2578	FUN_1800d9260	1800d9260	643	OK	4986676
2579	FUN_1800d94f0	1800d94f0	492	OK	4989771
2580	FUN_1800d96e0	1800d96e0	353	OK	4992018
2581	FUN_1800d9850	1800d9850	212	OK	4993687
2582	FUN_1800d9930	1800d9930	999	OK	4998965
2583	FUN_1800d9d20	1800d9d20	304	OK	5000462
2584	FUN_1800d9e50	1800d9e50	588	OK	5004417
2585	FUN_1800da0a0	1800da0a0	358	OK	5006698
2586	FUN_1800da210	1800da210	2322	OK	5025930
2587	FUN_1800dab30	1800dab30	166	OK	5026876
2588	FUN_1800dabe0	1800dabe0	175	OK	5027881
2589	FUN_1800dac90	1800dac90	136	OK	5028760
2590	FUN_1800dad20	1800dad20	102	OK	5029148
2591	FUN_1800dad90	1800dad90	172	OK	5030319
2592	FUN_1800dae40	1800dae40	190	OK	5031620
2593	FUN_1800daf00	1800daf00	191	OK	5032875
2594	FUN_1800dafc0	1800dafc0	186	OK	5034195
2595	FUN_1800db080	1800db080	176	OK	5035441
2596	FUN_1800db130	1800db130	200	OK	5036727
2597	FUN_1800db200	1800db200	231	OK	5037372
2598	FUN_1800db2f0	1800db2f0	563	OK	5039590
2599	FUN_1800db530	1800db530	478	OK	5042033
2600	FUN_1800db710	1800db710	762	OK	5047424
2601	FUN_1800dba10	1800dba10	301	OK	5048394
2602	FUN_1800dbb40	1800dbb40	513	OK	5052089
2603	FUN_1800dbd50	1800dbd50	331	OK	5054400
2604	FUN_1800dbea0	1800dbea0	310	OK	5056971
2605	FUN_1800dbfe0	1800dbfe0	359	OK	5059770
2606	FUN_1800dc150	1800dc150	319	OK	5061364
2607	FUN_1800dc290	1800dc290	170	OK	5062152
2608	FUN_1800dc340	1800dc340	766	OK	5066181
2609	FUN_1800dc640	1800dc640	925	OK	5071399
2610	FUN_1800dc9e0	1800dc9e0	262	OK	5072332
2611	FUN_1800dcaf0	1800dcaf0	388	OK	5074800
2612	FUN_1800dcc80	1800dcc80	51	OK	5075205
2613	FUN_1800dccc0	1800dccc0	101	OK	5076015
2614	FUN_1800dcd30	1800dcd30	36	OK	5076254
2615	FUN_1800dcd60	1800dcd60	19	OK	5076465
2616	FUN_1800dcd80	1800dcd80	59	OK	5076910
2617	FUN_1800dcdc0	1800dcdc0	82	OK	5077485
2618	FUN_1800dce20	1800dce20	332	OK	5079251
2619	FUN_1800dcf70	1800dcf70	565	OK	5082468
2620	FUN_1800dd1b0	1800dd1b0	355	OK	5084825
2621	FUN_1800dd320	1800dd320	216	OK	5086078
2622	FUN_1800dd400	1800dd400	93	OK	5086931
2623	FUN_1800dd460	1800dd460	470	OK	5089534
2624	FUN_1800dd640	1800dd640	306	OK	5091035
2625	FUN_1800dd780	1800dd780	332	OK	5092603
2626	FUN_1800dd8d0	1800dd8d0	371	OK	5094366
2627	FUN_1800dda50	1800dda50	174	OK	5095482
2628	FUN_1800ddb00	1800ddb00	552	OK	5098091
2629	FUN_1800ddd30	1800ddd30	1076	OK	5103311
2630	FUN_1800de170	1800de170	169	OK	5104286
2631	FUN_1800de220	1800de220	441	OK	5106592
2632	FUN_1800de3e0	1800de3e0	31	OK	5106947
2633	FUN_1800de400	1800de400	144	OK	5107832
2634	FUN_1800de490	1800de490	254	OK	5109283
2635	FUN_1800de590	1800de590	217	OK	5110276
2636	FUN_1800de670	1800de670	54	OK	5110543
2637	FUN_1800de6b0	1800de6b0	266	OK	5112088
2638	FUN_1800de7c0	1800de7c0	260	OK	5113634
2639	FUN_1800de8d0	1800de8d0	97	OK	5114319
2640	FUN_1800de940	1800de940	95	OK	5114932
2641	FUN_1800de9a0	1800de9a0	92	OK	5115665
2642	FUN_1800dea00	1800dea00	102	OK	5116398
2643	FUN_1800dea70	1800dea70	358	OK	5118065
2644	FUN_1800debe0	1800debe0	233	OK	5119192
2645	FUN_1800decd0	1800decd0	298	OK	5121061
2646	FUN_1800dee00	1800dee00	232	OK	5122351
2647	FUN_1800deef0	1800deef0	52	OK	5122611
2648	FUN_1800def30	1800def30	64	OK	5122908
2649	FUN_1800def70	1800def70	267	OK	5124234
2650	FUN_1800df080	1800df080	586	OK	5126959
2651	FUN_1800df2d0	1800df2d0	197	OK	5127779
2652	FUN_1800df3a0	1800df3a0	193	OK	5128581
2653	FUN_1800df470	1800df470	190	OK	5129977
2654	FUN_1800df530	1800df530	110	OK	5130610
2655	FUN_1800df5a0	1800df5a0	614	OK	5134385
2656	FUN_1800df810	1800df810	109	OK	5135186
2657	FUN_1800df880	1800df880	292	OK	5136848
2658	FUN_1800df9b0	1800df9b0	342	OK	5139206
2659	FUN_1800dfb10	1800dfb10	316	OK	5141021
2660	FUN_1800dfc50	1800dfc50	172	OK	5142027
2661	FUN_1800dfd00	1800dfd00	1974	OK	5151098
2662	FUN_1800e04c0	1800e04c0	60	OK	5151504
2663	FUN_1800e0500	1800e0500	1150	OK	5158682
2664	FUN_1800e0980	1800e0980	871	OK	5163301
2665	FUN_1800e0cf0	1800e0cf0	728	OK	5166984
2666	FUN_1800e0fd0	1800e0fd0	1083	OK	5175014
2667	FUN_1800e1410	1800e1410	1083	OK	5183044
2668	FUN_1800e1850	1800e1850	74	OK	5183578
2669	FUN_1800e18a0	1800e18a0	16	OK	5183791
2670	FUN_1800e18b0	1800e18b0	173	OK	5184871
2671	FUN_1800e1960	1800e1960	71	OK	5185484
2672	FUN_1800e19b0	1800e19b0	87	OK	5185865
2673	FUN_1800e1a10	1800e1a10	109	OK	5186286
2674	FUN_1800e1a80	1800e1a80	864	OK	5190784
2675	FUN_1800e1de0	1800e1de0	749	OK	5194997
2676	FUN_1800e20d0	1800e20d0	316	OK	5196809
2677	FUN_1800e2210	1800e2210	180	OK	5197836
2678	FUN_1800e22d0	1800e22d0	309	OK	5199662
2679	FUN_1800e2410	1800e2410	778	OK	5204913
2680	FUN_1800e2720	1800e2720	1602	OK	5214485
2681	FUN_1800e2d70	1800e2d70	1099	OK	5219848
2682	FUN_1800e31c0	1800e31c0	118	OK	5220756
2683	FUN_1800e3240	1800e3240	2515	OK	5236272
2684	FUN_1800e3c20	1800e3c20	117	OK	5236880
2685	FUN_1800e3ca0	1800e3ca0	17	OK	5237057
2686	FUN_1800e3cc0	1800e3cc0	680	OK	5240368
2687	FUN_1800e3f70	1800e3f70	101	OK	5241022
2688	FUN_1800e3fe0	1800e3fe0	105	OK	5241747
2689	FUN_1800e4050	1800e4050	1297	OK	5248924
2690	FUN_1800e4570	1800e4570	628	OK	5252407
2691	FUN_1800e47f0	1800e47f0	473	OK	5254969
2692	FUN_1800e49d0	1800e49d0	186	OK	5255826
2693	FUN_1800e4a90	1800e4a90	15	OK	5256040
2694	FUN_1800e4aa0	1800e4aa0	12	OK	5256256
2695	FUN_1800e4ab0	1800e4ab0	45	OK	5256641
2696	FUN_1800e4ae0	1800e4ae0	22	OK	5256862
2697	FUN_1800e4b00	1800e4b00	31	OK	5257186
2698	FUN_1800e4b20	1800e4b20	830	OK	5261481
2699	FUN_1800e4e60	1800e4e60	53	OK	5261807
2700	FUN_1800e4ea0	1800e4ea0	455	OK	5264725
2701	FUN_1800e5070	1800e5070	450	OK	5267335
2702	FUN_1800e5240	1800e5240	366	OK	5269333
2703	FUN_1800e53b0	1800e53b0	368	OK	5271315
2704	FUN_1800e5520	1800e5520	363	OK	5273237
2705	FUN_1800e5690	1800e5690	448	OK	5275895
2706	FUN_1800e5850	1800e5850	396	OK	5278438
2707	FUN_1800e59e0	1800e59e0	19	OK	5278747
2708	FUN_1800e5a00	1800e5a00	802	OK	5283550
2709	FUN_1800e5d30	1800e5d30	191	OK	5284638
2710	FUN_1800e5df0	1800e5df0	159	OK	5285662
2711	FUN_1800e5e90	1800e5e90	92	OK	5286378
2712	FUN_1800e5ef0	1800e5ef0	182	OK	5287200
2713	FUN_1800e5fb0	1800e5fb0	27	OK	5287390
2714	FUN_1800e5fd0	1800e5fd0	212	OK	5288612
2715	FUN_1800e60b0	1800e60b0	117	OK	5289288
2716	FUN_1800e6130	1800e6130	289	OK	5290423
2717	FUN_1800e6260	1800e6260	1756	OK	5300029
2718	FUN_1800e6940	1800e6940	273	OK	5301746
2719	FUN_1800e6a60	1800e6a60	1716	OK	5316090
2720	FUN_1800e7120	1800e7120	658	OK	5319343
2721	FUN_1800e73c0	1800e73c0	57	OK	5319782
2722	FUN_1800e7400	1800e7400	82	OK	5320443
2723	FUN_1800e7460	1800e7460	901	OK	5325255
2724	FUN_1800e7800	1800e7800	1028	OK	5331104
2725	FUN_1800e7c10	1800e7c10	488	OK	5334022
2726	FUN_1800e7e00	1800e7e00	71	OK	5334452
2727	FUN_1800e7e50	1800e7e50	181	OK	5335481
2728	FUN_1800e7f10	1800e7f10	347	OK	5337533
2729	FUN_1800e8070	1800e8070	487	OK	5340503
2730	FUN_1800e8260	1800e8260	349	OK	5342537
2731	FUN_1800e83c0	1800e83c0	478	OK	5345478
2732	FUN_1800e85a0	1800e85a0	353	OK	5347719
2733	FUN_1800e8710	1800e8710	321	OK	5349408
2734	FUN_1800e8860	1800e8860	7615	OK	5397431
2735	FUN_1800ea620	1800ea620	71	OK	5397886
2736	FUN_1800ea670	1800ea670	84	OK	5398558
2737	FUN_1800ea6d0	1800ea6d0	597	OK	5401342
2738	FUN_1800ea930	1800ea930	486	OK	5403688
2739	FUN_1800eab20	1800eab20	3295	OK	5426457
2740	FUN_1800eb800	1800eb800	496	OK	5428912
2741	FUN_1800eb9f0	1800eb9f0	2771	OK	5447035
2742	FUN_1800ec4d0	1800ec4d0	1362	OK	5458307
2743	FUN_1800ecb30	1800ecb30	372	OK	5460060
2744	FUN_1800eccb0	1800eccb0	93	OK	5460756
2745	FUN_1800ecd10	1800ecd10	2422	OK	5474291
2746	FUN_1800ed690	1800ed690	992	OK	5479213
2747	FUN_1800eda70	1800eda70	2683	OK	5496347
2748	FUN_1800ee500	1800ee500	309	OK	5498232
2749	FUN_1800ee640	1800ee640	27	OK	5498624
2750	FUN_1800ee660	1800ee660	86	OK	5499068
2751	FUN_1800ee6c0	1800ee6c0	509	OK	5506315
2752	FUN_1800eea10	1800eea10	836	OK	5510908
2753	FUN_1800eee60	1800eee60	881	OK	5517972
2754	FUN_1800ef1e0	1800ef1e0	9	OK	5518166
2755	FUN_1800ef1f0	1800ef1f0	9	OK	5518360
2756	FUN_1800ef200	1800ef200	9	OK	5518554
2757	FUN_1800ef210	1800ef210	9	OK	5518748
2758	FUN_1800ef220	1800ef220	26	OK	5519146
2759	FUN_1800ef240	1800ef240	10	OK	5519350
2760	FUN_1800ef250	1800ef250	10	OK	5519554
2761	FUN_1800ef260	1800ef260	1070	OK	5525441
2762	FUN_1800ef690	1800ef690	1	OK	5525625
2763	FUN_1800ef6a0	1800ef6a0	258	OK	5526904
2764	FUN_1800ef7b0	1800ef7b0	271	OK	5528081
2765	FUN_1800ef8c0	1800ef8c0	894	OK	5532981
2766	FUN_1800efc40	1800efc40	1973	OK	5543832
2767	FUN_1800f0400	1800f0400	2040	OK	5555301
2768	FUN_1800f0c00	1800f0c00	423	OK	5557582
2769	FUN_1800f0db0	1800f0db0	3229	OK	5574950
2770	FUN_1800f1a50	1800f1a50	734	OK	5578961
2771	FUN_1800f1d30	1800f1d30	779	OK	5582883
2772	FUN_1800f2040	1800f2040	748	OK	5586718
2773	FUN_1800f2330	1800f2330	442	OK	5589237
2774	FUN_1800f24f0	1800f24f0	374	OK	5591791
2775	FUN_1800f2670	1800f2670	864	OK	5596400
2776	FUN_1800f29d0	1800f29d0	1825	OK	5606696
2777	FUN_1800f3100	1800f3100	14	OK	5606903
2778	FUN_1800f3110	1800f3110	8	OK	5607103
2779	FUN_1800f3120	1800f3120	289	OK	5608715
2780	FUN_1800f3250	1800f3250	182	OK	5609935
2781	FUN_1800f3310	1800f3310	691	OK	5612950
2782	FUN_1800f35d0	1800f35d0	760	OK	5616731
2783	_Med3_unchecked<GSISymbolEntry*___ptr64*___ptr64,<lambda_17fc2db6b915a174aa9adac87939b088>_>	1800f38d0	138	OK	5618064
2784	FUN_1800f3960	1800f3960	235	OK	5619323
2785	FUN_1800f3a50	1800f3a50	2229	OK	5631998
2786	FUN_1800f4310	1800f4310	909	OK	5637156
2787	FUN_1800f46a0	1800f46a0	659	OK	5640561
2788	FUN_1800f4940	1800f4940	324	OK	5642396
2789	FUN_1800f4a90	1800f4a90	359	OK	5644107
2790	FUN_1800f4c00	1800f4c00	598	OK	5646905
2791	FUN_1800f4e60	1800f4e60	36	OK	5647143
2792	FUN_1800f4e90	1800f4e90	125	OK	5647853
2793	FUN_1800f4f10	1800f4f10	227	OK	5648871
2794	FUN_1800f5000	1800f5000	264	OK	5651226
2795	FUN_1800f5160	1800f5160	98	OK	5651733
2796	FUN_1800f51d0	1800f51d0	428	OK	5653956
2797	FUN_1800f5380	1800f5380	181	OK	5654987
2798	FUN_1800f5440	1800f5440	160	OK	5655881
2799	FUN_1800f54e0	1800f54e0	54	OK	5656272
2800	FUN_1800f5520	1800f5520	49	OK	5656581
2801	FUN_1800f5560	1800f5560	78	OK	5657186
2802	FUN_1800f55b0	1800f55b0	185	OK	5658107
2803	FUN_1800f5670	1800f5670	330	OK	5660214
2804	FUN_1800f57c0	1800f57c0	121	OK	5660870
2805	FUN_1800f5840	1800f5840	269	OK	5662490
2806	FUN_1800f5950	1800f5950	264	OK	5663641
2807	FUN_1800f5a60	1800f5a60	374	OK	5665557
2808	FUN_1800f5be0	1800f5be0	558	OK	5668198
2809	FUN_1800f5e10	1800f5e10	33	OK	5668439
2810	FUN_1800f5e40	1800f5e40	52	OK	5668699
2811	FUN_1800f5e80	1800f5e80	214	OK	5669995
2812	FUN_1800f5f60	1800f5f60	215	OK	5670714
2813	FUN_1800f6040	1800f6040	144	OK	5671184
2814	FUN_1800f60d0	1800f60d0	50	OK	5671505
2815	FUN_1800f6110	1800f6110	60	OK	5671872
2816	FUN_1800f6150	1800f6150	43	OK	5672166
2817	FUN_1800f6180	1800f6180	64	OK	5672491
2818	FUN_1800f61c0	1800f61c0	55	OK	5672878
2819	FUN_1800f6200	1800f6200	66	OK	5673247
2820	FUN_1800f6250	1800f6250	49	OK	5673543
2821	FUN_1800f6290	1800f6290	57	OK	5674036
2822	FUN_1800f62d0	1800f62d0	43	OK	5674330
2823	FUN_1800f6300	1800f6300	56	OK	5674653
2824	FUN_1800f6340	1800f6340	43	OK	5674947
2825	FUN_1800f6370	1800f6370	43	OK	5675241
2826	FUN_1800f63a0	1800f63a0	37	OK	5675508
2827	FUN_1800f63d0	1800f63d0	54	OK	5675848
2828	FUN_1800f6410	1800f6410	43	OK	5676142
2829	FUN_1800f6440	1800f6440	43	OK	5676436
2830	FUN_1800f6470	1800f6470	119	OK	5677033
2831	FUN_1800f64f0	1800f64f0	109	OK	5677584
2832	FUN_1800f6560	1800f6560	92	OK	5678232
2833	FUN_1800f65c0	1800f65c0	119	OK	5678829
2834	FUN_1800f6640	1800f6640	109	OK	5679380
2835	FUN_1800f66b0	1800f66b0	92	OK	5680028
2836	FUN_1800f6710	1800f6710	55	OK	5680351
2837	FUN_1800f6750	1800f6750	63	OK	5680871
2838	FUN_1800f6790	1800f6790	61	OK	5681238
2839	FUN_1800f67d0	1800f67d0	55	OK	5681625
2840	FUN_1800f6810	1800f6810	50	OK	5681946
2841	FUN_1800f6850	1800f6850	60	OK	5682313
2842	FUN_1800f6890	1800f6890	51	OK	5682634
2843	FUN_1800f68d0	1800f68d0	37	OK	5682901
2844	FUN_1800f6900	1800f6900	43	OK	5683195
2845	FUN_1800f6930	1800f6930	54	OK	5683535
2846	FUN_1800f6970	1800f6970	54	OK	5683875
2847	FUN_1800f69b0	1800f69b0	55	OK	5684262
2848	FUN_1800f69f0	1800f69f0	50	OK	5684583
2849	FUN_1800f6a30	1800f6a30	54	OK	5684923
2850	FUN_1800f6a70	1800f6a70	43	OK	5685217
2851	FUN_1800f6aa0	1800f6aa0	55	OK	5685540
2852	FUN_1800f6ae0	1800f6ae0	60	OK	5685907
2853	FUN_1800f6b20	1800f6b20	63	OK	5686427
2854	FUN_1800f6b60	1800f6b60	60	OK	5686794
2855	FUN_1800f6ba0	1800f6ba0	54	OK	5687134
2856	FUN_1800f6be0	1800f6be0	50	OK	5687455
2857	FUN_1800f6c20	1800f6c20	43	OK	5687749
2858	FUN_1800f6c50	1800f6c50	52	OK	5688047
2859	FUN_1800f6c90	1800f6c90	43	OK	5688341
2860	FUN_1800f6cc0	1800f6cc0	54	OK	5688681
2861	FUN_1800f6d00	1800f6d00	990	OK	5693682
2862	FUN_1800f70e0	1800f70e0	562	OK	5697165
2863	FUN_1800f7320	1800f7320	646	OK	5701281
2864	FUN_1800f75b0	1800f75b0	356	OK	5703392
2865	FUN_1800f7720	1800f7720	253	OK	5704923
2866	FUN_1800f7820	1800f7820	883	OK	5709160
2867	FUN_1800f7ba0	1800f7ba0	663	OK	5712355
2868	FUN_1800f7e40	1800f7e40	24	OK	5712679
2869	FUN_1800f7e60	1800f7e60	979	OK	5717029
2870	FUN_1800f8240	1800f8240	654	OK	5721214
2871	FUN_1800f84d0	1800f84d0	126	OK	5721869
2872	FUN_1800f8550	1800f8550	534	OK	5723764
2873	FUN_1800f8770	1800f8770	136	OK	5725051
2874	FUN_1800f8800	1800f8800	95	OK	5725602
2875	FUN_1800f8860	1800f8860	89	OK	5726151
2876	FUN_1800f88c0	1800f88c0	157	OK	5727202
2877	FUN_1800f8960	1800f8960	488	OK	5729884
2878	FUN_1800f8b50	1800f8b50	55	OK	5730426
2879	FUN_1800f8b90	1800f8b90	47	OK	5730859
2880	FUN_1800f8bc0	1800f8bc0	598	OK	5734895
2881	FUN_1800f8e20	1800f8e20	323	OK	5736860
2882	FUN_1800f8f70	1800f8f70	136	OK	5738147
2883	FUN_1800f9000	1800f9000	171	OK	5739280
2884	FUN_1800f90b0	1800f90b0	450	OK	5741906
2885	FUN_1800f9280	1800f9280	244	OK	5743248
2886	FUN_1800f9380	1800f9380	1567	OK	5752629
2887	FUN_1800f99e0	1800f99e0	341	OK	5754460
2888	FUN_1800f9b40	1800f9b40	199	OK	5755578
2889	FUN_1800f9c10	1800f9c10	174	OK	5756364
2890	FUN_1800f9cc0	1800f9cc0	64	OK	5756722
2891	FUN_1800f9d00	1800f9d00	2002	OK	5766274
2892	FUN_1800fa4e0	1800fa4e0	513	OK	5769276
2893	FUN_1800fa6f0	1800fa6f0	607	OK	5772853
2894	FUN_1800fa950	1800fa950	1386	OK	5780242
2895	FUN_1800faec0	1800faec0	2722	OK	5797150
2896	FUN_1800fb970	1800fb970	709	OK	5801482
2897	FUN_1800fbc40	1800fbc40	939	OK	5808410
2898	FUN_1800fbff0	1800fbff0	588	OK	5811745
2899	FUN_1800fc240	1800fc240	2399	OK	5824448
2900	FUN_1800fcba0	1800fcba0	847	OK	5828269
2901	FUN_1800fcef0	1800fcef0	1122	OK	5834672
2902	FUN_1800fd360	1800fd360	775	OK	5839658
2903	FUN_1800fd670	1800fd670	599	OK	5842386
2904	FUN_1800fd8d0	1800fd8d0	436	OK	5844500
2905	FUN_1800fda90	1800fda90	412	OK	5846443
2906	FUN_1800fdc30	1800fdc30	2327	OK	5858890
2907	FUN_1800fe570	1800fe570	537	OK	5861690
2908	FUN_1800fe790	1800fe790	502	OK	5865058
2909	FUN_1800fe990	1800fe990	861	OK	5869554
2910	FUN_1800fecf0	1800fecf0	85	OK	5869880
2911	FUN_1800fed50	1800fed50	514	OK	5872485
2912	FUN_1800fef60	1800fef60	106	OK	5872959
2913	FUN_1800fefd0	1800fefd0	284	OK	5874160
2914	FUN_1800ff0f0	1800ff0f0	101	OK	5874742
2915	FUN_1800ff160	1800ff160	182	OK	5875560
2916	FUN_1800ff220	1800ff220	568	OK	5879060
2917	FUN_1800ff460	1800ff460	1685	OK	5888731
2918	FUN_1800ffb00	1800ffb00	306	OK	5890344
2919	FUN_1800ffc40	1800ffc40	153	OK	5891041
2920	FUN_1800ffce0	1800ffce0	167	OK	5892066
2921	FUN_1800ffd90	1800ffd90	236	OK	5893349
2922	FUN_1800ffe80	1800ffe80	236	OK	5894632
2923	FUN_1800fff70	1800fff70	352	OK	5896298
2924	FUN_1801000d0	1801000d0	404	OK	5898846
2925	FUN_180100270	180100270	36	OK	5899084
2926	FUN_1801002a0	1801002a0	88	OK	5899562
2927	FUN_180100300	180100300	263	OK	5900866
2928	FUN_180100410	180100410	378	OK	5902783
2929	FUN_180100590	180100590	513	OK	5906042
2930	FUN_1801007a0	1801007a0	1023	OK	5911453
2931	FUN_180100ba0	180100ba0	345	OK	5913446
2932	FUN_180100d00	180100d00	325	OK	5915272
2933	FUN_180100e50	180100e50	463	OK	5918325
2934	FUN_180101020	180101020	364	OK	5920514
2935	FUN_180101190	180101190	291	OK	5922545
2936	FUN_1801012c0	1801012c0	14	OK	5922736
2937	FUN_1801012d0	1801012d0	152	OK	5924393
2938	FUN_180101370	180101370	67	OK	5924740
2939	FUN_1801013c0	1801013c0	646	OK	5927561
2940	FUN_180101650	180101650	116	OK	5928377
2941	FUN_1801016d0	1801016d0	129	OK	5929077
2942	FUN_180101760	180101760	129	OK	5929777
2943	FUN_1801017f0	1801017f0	312	OK	5931637
2944	FUN_180101930	180101930	357	OK	5933441
2945	FUN_180101aa0	180101aa0	354	OK	5935319
2946	FUN_180101c10	180101c10	442	OK	5938351
2947	FUN_180101dd0	180101dd0	95	OK	5939063
2948	FUN_180101e30	180101e30	234	OK	5939971
2949	FUN_180101f20	180101f20	217	OK	5941337
2950	FUN_180102000	180102000	186	OK	5942240
2951	FUN_1801020c0	1801020c0	192	OK	5943197
2952	FUN_180102180	180102180	192	OK	5944154
2953	FUN_180102240	180102240	232	OK	5945452
2954	FUN_180102330	180102330	469	OK	5947886
2955	FUN_180102510	180102510	16	OK	5948100
2956	FUN_180102530	180102530	579	OK	5951496
2957	FUN_180102780	180102780	149	OK	5952647
2958	FUN_180102820	180102820	171	OK	5953499
2959	FUN_1801028d0	1801028d0	74	OK	5953895
2960	FUN_180102920	180102920	280	OK	5955280
2961	FUN_180102a40	180102a40	203	OK	5956297
2962	FUN_180102b10	180102b10	244	OK	5957710
2963	FUN_180102c10	180102c10	264	OK	5959141
2964	FUN_180102d20	180102d20	902	OK	5964398
2965	FUN_1801030b0	1801030b0	2824	OK	5981537
2966	FUN_180103be0	180103be0	60	OK	5981983
2967	FUN_180103c20	180103c20	134	OK	5982980
2968	FUN_180103cb0	180103cb0	104	OK	5983602
2969	FUN_180103d20	180103d20	247	OK	5985117
2970	FUN_180103e20	180103e20	74	OK	5985610
2971	FUN_180103e70	180103e70	112	OK	5986081
2972	FUN_180103ee0	180103ee0	426	OK	5988901
2973	FUN_180104090	180104090	450	OK	5991511
2974	FUN_180104260	180104260	376	OK	5993222
2975	FUN_1801043e0	1801043e0	376	OK	5994933
2976	FUN_180104560	180104560	457	OK	5997845
2977	FUN_180104730	180104730	1062	OK	6004546
2978	FUN_180104b60	180104b60	89	OK	6005044
2979	FUN_180104bc0	180104bc0	131	OK	6005932
2980	FUN_180104c50	180104c50	198	OK	6006795
2981	FUN_180104d20	180104d20	131	OK	6007683
2982	FUN_180104db0	180104db0	206	OK	6008585
2983	FUN_180104e80	180104e80	163	OK	6009461
2984	FUN_180104f30	180104f30	153	OK	6010285
2985	FUN_180104fd0	180104fd0	168	OK	6011328
2986	FUN_180105080	180105080	45	OK	6011626
2987	FUN_1801050d0	1801050d0	355	OK	6013272
2988	FUN_180105240	180105240	642	OK	6017424
2989	FUN_1801054d0	1801054d0	280	OK	6019373
2990	FUN_1801055f0	1801055f0	275	OK	6020784
2991	FUN_180105710	180105710	117	OK	6021564
2992	FUN_180105790	180105790	88	OK	6022172
2993	FUN_1801057f0	1801057f0	69	OK	6022528
2994	FUN_180105840	180105840	48	OK	6022828
2995	FUN_180105870	180105870	231	OK	6024357
2996	FUN_180105960	180105960	644	OK	6027749
2997	FUN_180105bf0	180105bf0	3874	OK	6051515
2998	FUN_180106b20	180106b20	84	OK	6051984
2999	FUN_180106b80	180106b80	1147	OK	6058454
3000	FUN_180107000	180107000	610	OK	6061437
3001	FUN_180107270	180107270	503	OK	6064008
3002	FUN_180107470	180107470	14	OK	6064215
3003	FUN_180107480	180107480	8	OK	6064415
3004	FUN_180107490	180107490	89	OK	6065097
3005	FUN_1801074f0	1801074f0	36	OK	6065335
3006	FUN_180107520	180107520	181	OK	6066366
3007	FUN_1801075e0	1801075e0	441	OK	6068722
3008	FUN_1801077a0	1801077a0	665	OK	6073539
3009	FUN_180107a40	180107a40	169	OK	6074316
3010	FUN_180107af0	180107af0	129	OK	6074986
3011	FUN_180107b80	180107b80	33	OK	6075312
3012	FUN_180107bb0	180107bb0	314	OK	6077159
3013	FUN_180107cf0	180107cf0	109	OK	6077875
3014	FUN_180107d60	180107d60	153	OK	6078981
3015	FUN_180107e00	180107e00	153	OK	6080187
3016	FUN_180107ea0	180107ea0	329	OK	6082228
3017	FUN_180107ff0	180107ff0	122	OK	6083097
3018	FUN_180108070	180108070	125	OK	6084283
3019	FUN_1801080f0	1801080f0	125	OK	6085469
3020	FUN_180108170	180108170	270	OK	6087038
3021	FUN_180108280	180108280	179	OK	6088078
3022	FUN_180108340	180108340	52	OK	6088383
3023	FUN_180108380	180108380	187	OK	6089254
3024	FUN_180108440	180108440	14	OK	6089461
3025	FUN_180108450	180108450	8	OK	6089661
3026	FUN_180108460	180108460	14	OK	6089868
3027	FUN_180108470	180108470	8	OK	6090068
3028	FUN_180108480	180108480	4117	OK	6115466
3029	FUN_1801094a0	1801094a0	134	OK	6116238
3030	FUN_180109530	180109530	445	OK	6117768
3031	FUN_1801096f0	1801096f0	323	OK	6119234
3032	FUN_180109840	180109840	895	OK	6123125
3033	FUN_180109bc0	180109bc0	499	OK	6125505
3034	FUN_180109dc0	180109dc0	267	OK	6127017
3035	FUN_180109ed0	180109ed0	253	OK	6128019
3036	FUN_180109fd0	180109fd0	259	OK	6128804
3037	FUN_18010a0e0	18010a0e0	148	OK	6129682
3038	FUN_18010a180	18010a180	36	OK	6129921
3039	FUN_18010a1b0	18010a1b0	34	OK	6130347
3040	FUN_18010a1e0	18010a1e0	44	OK	6130666
3041	FUN_18010a210	18010a210	82	OK	6131202
3042	FUN_18010a270	18010a270	276	OK	6133039
3043	FUN_18010a390	18010a390	122	OK	6133860
3044	FUN_18010a410	18010a410	406	OK	6137308
3045	FUN_18010a5b0	18010a5b0	175	OK	6138409
3046	FUN_18010a660	18010a660	103	OK	6139577
3047	FUN_18010a6d0	18010a6d0	786	OK	6146576
3048	FUN_18010a9f0	18010a9f0	109	OK	6147543
3049	FUN_18010aa60	18010aa60	126	OK	6148749
3050	FUN_18010aae0	18010aae0	103	OK	6149917
3051	FUN_18010ab50	18010ab50	103	OK	6151085
3052	FUN_18010abc0	18010abc0	64	OK	6151944
3053	FUN_18010ac00	18010ac00	138	OK	6152941
3054	FUN_18010ac90	18010ac90	125	OK	6153906
3055	FUN_18010ad10	18010ad10	69	OK	6154339
3056	FUN_18010ad60	18010ad60	184	OK	6155208
3057	FUN_18010ae20	18010ae20	139	OK	6155988
3058	FUN_18010aeb0	18010aeb0	107	OK	6156458
3059	FUN_18010af20	18010af20	12	OK	6156694
3060	FUN_18010af30	18010af30	126	OK	6157215
3061	FUN_18010afb0	18010afb0	45	OK	6157489
3062	FUN_18010afe0	18010afe0	190	OK	6159093
3063	FUN_18010b0a0	18010b0a0	230	OK	6160236
3064	FUN_18010b190	18010b190	223	OK	6161293
3065	FUN_18010b270	18010b270	222	OK	6162681
3066	FUN_18010b350	18010b350	52	OK	6162941
3067	FUN_18010b390	18010b390	64	OK	6163238
3068	FUN_18010b3d0	18010b3d0	75	OK	6163763
3069	FUN_18010b420	18010b420	201	OK	6164433
3070	FUN_18010b4f0	18010b4f0	264	OK	6165619
3071	FUN_18010b600	18010b600	1818	OK	6176270
3072	FUN_18010bd20	18010bd20	19	OK	6176514
3073	FUN_18010bd40	18010bd40	1299	OK	6186716
3074	FUN_18010c2a0	18010c2a0	496	OK	6189662
3075	FUN_18010c490	18010c490	137	OK	6190554
3076	FUN_18010c520	18010c520	101	OK	6191167
3077	FUN_18010c590	18010c590	3251	OK	6211490
3078	FUN_18010d250	18010d250	1156	OK	6217551
3079	FUN_18010d6e0	18010d6e0	1409	OK	6226510
3080	FUN_18010dc70	18010dc70	826	OK	6231129
3081	FUN_18010dfb0	18010dfb0	22	OK	6231467
3082	FUN_18010dfd0	18010dfd0	15	OK	6231698
3083	FUN_18010dfe0	18010dfe0	89	OK	6232258
3084	FUN_18010e040	18010e040	8	OK	6232458
3085	FUN_18010e050	18010e050	116	OK	6233233
3086	FUN_18010e0d0	18010e0d0	957	OK	6238401
3087	FUN_18010e490	18010e490	104	OK	6238859
3088	FUN_18010e500	18010e500	318	OK	6240876
3089	FUN_18010e640	18010e640	292	OK	6242485
3090	FUN_18010e770	18010e770	63	OK	6243025
3091	FUN_18010e7b0	18010e7b0	3259	OK	6264559
3092	FUN_18010f470	18010f470	723	OK	6267818
3093	FUN_18010f750	18010f750	698	OK	6272115
3094	FUN_18010fa10	18010fa10	3130	FAILED	6272223
3095	FUN_180110650	180110650	88	OK	6272731
3096	FUN_1801106b0	1801106b0	45	OK	6273108
3097	FUN_1801106e0	1801106e0	365	OK	6274887
3098	FUN_180110850	180110850	119	OK	6275536
3099	FUN_1801108d0	1801108d0	77	OK	6275929
3100	FUN_180110920	180110920	189	OK	6277042
3101	FUN_1801109e0	1801109e0	55	OK	6277509
3102	FUN_180110a20	180110a20	251	OK	6279590
3103	FUN_180110b20	180110b20	230	OK	6280564
3104	FUN_180110c10	180110c10	91	OK	6281092
3105	FUN_180110c70	180110c70	921	OK	6286938
3106	FUN_180111120	180111120	70	OK	6287454
3107	FUN_180111170	180111170	105	OK	6287976
3108	FUN_1801111e0	1801111e0	75	OK	6288461
3109	FUN_180111230	180111230	44	OK	6288853
3110	FUN_180111260	180111260	49	OK	6289187
3111	FUN_1801112a0	1801112a0	925	OK	6294903
3112	FUN_180111640	180111640	52	OK	6295209
3113	FUN_180111680	180111680	102	OK	6295883
3114	FUN_1801116f0	1801116f0	2749	OK	6313167
3115	FUN_1801121c0	1801121c0	158	OK	6314072
3116	FUN_180112260	180112260	207	OK	6315174
3117	FUN_180112330	180112330	457	OK	6318019
3118	FUN_180112500	180112500	85	OK	6318419
3119	FUN_180112560	180112560	117	OK	6319071
3120	FUN_1801125e0	1801125e0	104	OK	6319982
3121	FUN_180112670	180112670	2145	OK	6334345
3122	FUN_180112ee0	180112ee0	898	OK	6338192
3123	FUN_180113270	180113270	96	OK	6338946
3124	FUN_1801132d0	1801132d0	18	OK	6339235
3125	FUN_1801132f0	1801132f0	146	OK	6340308
3126	FUN_180113390	180113390	123	OK	6340932
3127	FUN_180113410	180113410	62	OK	6341357
3128	FUN_180113450	180113450	1237	OK	6347728
3129	FUN_180113950	180113950	1194	OK	6353865
3130	FUN_180113e00	180113e00	1241	OK	6361133
3131	FUN_1801143e0	1801143e0	2085	OK	6373825
3132	FUN_180114c10	180114c10	388	OK	6375838
3133	FUN_180114dd0	180114dd0	2003	OK	6385468
3134	FUN_1801155d0	1801155d0	422	OK	6387386
3135	FUN_180115780	180115780	9802	OK	6450463
3136	FUN_180117dd0	180117dd0	3104	OK	6470827
3137	FUN_180118a90	180118a90	1839	OK	6480773
3138	FUN_1801191c0	1801191c0	628	OK	6483973
3139	FUN_180119440	180119440	625	OK	6487128
3140	FUN_1801196c0	1801196c0	313	OK	6488906
3141	FUN_180119800	180119800	453	OK	6491710
3142	FUN_1801199d0	1801199d0	453	OK	6494514
3143	FUN_180119ba0	180119ba0	454	OK	6497434
3144	FUN_180119d70	180119d70	414	OK	6499709
3145	FUN_180119f10	180119f10	484	OK	6502627
3146	FUN_18011a100	18011a100	291	OK	6504941
3147	FUN_18011a230	18011a230	325	OK	6506767
3148	FUN_18011a380	18011a380	277	OK	6508212
3149	FUN_18011a4a0	18011a4a0	282	OK	6510183
3150	FUN_18011a5c0	18011a5c0	173	OK	6511500
3151	FUN_18011a670	18011a670	138	OK	6512801
3152	FUN_18011a700	18011a700	138	OK	6514102
3153	FUN_18011a790	18011a790	168	OK	6515318
3154	FUN_18011a840	18011a840	265	OK	6517149
3155	FUN_18011a950	18011a950	173	OK	6518466
3156	FUN_18011aa00	18011aa00	173	OK	6519783
3157	FUN_18011aab0	18011aab0	118	OK	6520921
3158	FUN_18011ab30	18011ab30	109	OK	6521755
3159	FUN_18011aba0	18011aba0	105	OK	6522428
3160	FUN_18011ac10	18011ac10	255	OK	6523945
3161	FUN_18011ad10	18011ad10	14	OK	6524136
3162	FUN_18011ad20	18011ad20	331	OK	6526494
3163	FUN_18011ae70	18011ae70	331	OK	6528852
3164	FUN_18011afc0	18011afc0	331	OK	6531210
3165	FUN_18011b110	18011b110	331	OK	6533568
3166	FUN_18011b260	18011b260	402	OK	6536293
3167	FUN_18011b400	18011b400	440	OK	6539020
3168	FUN_18011b5c0	18011b5c0	374	OK	6541262
3169	FUN_18011b740	18011b740	231	OK	6543202
3170	FUN_18011b830	18011b830	122	OK	6544388
3171	FUN_18011b8b0	18011b8b0	153	OK	6545493
3172	FUN_18011b950	18011b950	153	OK	6546599
3173	FUN_18011b9f0	18011b9f0	153	OK	6547705
3174	FUN_18011ba90	18011ba90	153	OK	6548908
3175	FUN_18011bb30	18011bb30	140	OK	6550246
3176	FUN_18011bbc0	18011bbc0	295	OK	6553154
3177	FUN_18011bcf0	18011bcf0	295	OK	6556062
3178	FUN_18011be20	18011be20	300	OK	6558357
3179	FUN_18011bf50	18011bf50	139	OK	6559678
3180	FUN_18011bfe0	18011bfe0	142	OK	6561097
3181	FUN_18011c070	18011c070	142	OK	6562516
3182	FUN_18011c100	18011c100	142	OK	6563934
3183	FUN_18011c190	18011c190	43	OK	6564293
3184	FUN_18011c1c0	18011c1c0	306	OK	6566444
3185	FUN_18011c300	18011c300	266	OK	6568096
3186	FUN_18011c410	18011c410	150	OK	6569474
3187	FUN_18011c4b0	18011c4b0	112	OK	6570621
3188	FUN_18011c520	18011c520	153	OK	6571689
3189	FUN_18011c5c0	18011c5c0	128	OK	6572654
3190	FUN_18011c640	18011c640	121	OK	6573454
3191	FUN_18011c6c0	18011c6c0	126	OK	6574660
3192	FUN_18011c740	18011c740	14	OK	6574851
3193	FUN_18011c750	18011c750	126	OK	6576058
3194	FUN_18011c7d0	18011c7d0	14	OK	6576249
3195	FUN_18011c7e0	18011c7e0	156	OK	6577355
3196	FUN_18011c880	18011c880	156	OK	6578461
3197	FUN_18011c920	18011c920	126	OK	6579614
3198	FUN_18011c9a0	18011c9a0	111	OK	6580752
3199	FUN_18011ca10	18011ca10	94	OK	6581727
3200	FUN_18011ca70	18011ca70	125	OK	6583004
3201	FUN_18011caf0	18011caf0	194	OK	6585006
3202	FUN_18011cbc0	18011cbc0	103	OK	6586174
3203	FUN_18011cc30	18011cc30	258	OK	6587953
3204	FUN_18011cd40	18011cd40	258	OK	6589731
3205	FUN_18011ce50	18011ce50	176	OK	6591474
3206	FUN_18011cf00	18011cf00	127	OK	6592424
3207	FUN_18011cf80	18011cf80	125	OK	6593391
3208	FUN_18011d000	18011d000	109	OK	6593889
3209	FUN_18011d070	18011d070	79	OK	6594419
3210	FUN_18011d0c0	18011d0c0	180	OK	6596257
3211	FUN_18011d180	18011d180	245	OK	6597476
3212	FUN_18011d280	18011d280	102	OK	6598034
3213	FUN_18011d2f0	18011d2f0	46	OK	6598269
3214	FUN_18011d320	18011d320	162	OK	6599019
3215	FUN_18011d3d0	18011d3d0	316	OK	6600406
3216	FUN_18011d510	18011d510	316	OK	6601796
3217	FUN_18011d650	18011d650	316	OK	6603186
3218	FUN_18011d790	18011d790	218	OK	6604138
3219	FUN_18011d870	18011d870	69	OK	6604459
3220	FUN_18011d8c0	18011d8c0	316	OK	6605849
3221	FUN_18011da00	18011da00	205	OK	6606793
3222	FUN_18011dad0	18011dad0	210	OK	6607919
3223	FUN_18011dbb0	18011dbb0	162	OK	6608670
3224	FUN_18011dc60	18011dc60	162	OK	6609420
3225	FUN_18011dd10	18011dd10	686	OK	6613651
3226	FUN_18011dfc0	18011dfc0	528	OK	6616689
3227	FUN_18011e1d0	18011e1d0	706	OK	6621599
3228	FUN_18011e4a0	18011e4a0	1536	OK	6630484
3229	FUN_18011eaa0	18011eaa0	315	OK	6631954
3230	FUN_18011ebe0	18011ebe0	1181	OK	6638237
3231	FUN_18011f080	18011f080	46	OK	6638472
3232	FUN_18011f0b0	18011f0b0	1939	OK	6651053
3233	FUN_18011f870	18011f870	416	OK	6653209
3234	FUN_18011fa10	18011fa10	2220	OK	6667908
3235	FUN_1801202c0	1801202c0	81	OK	6668315
3236	FUN_180120320	180120320	146	OK	6669110
3237	FUN_1801203c0	1801203c0	109	OK	6669916
3238	FUN_180120430	180120430	272	OK	6670996
3239	FUN_180120540	180120540	491	OK	6672999
3240	FUN_180120730	180120730	491	OK	6675004
3241	FUN_180120920	180120920	491	OK	6677009
3242	FUN_180120b10	180120b10	176	OK	6677820
3243	FUN_180120bc0	180120bc0	853	OK	6681847
3244	FUN_180120f20	180120f20	692	OK	6686036
3245	FUN_1801211e0	1801211e0	1331	OK	6694387
3246	FUN_180121720	180121720	2174	OK	6706853
3247	FUN_180121fa0	180121fa0	388	OK	6708516
3248	FUN_180122130	180122130	1520	OK	6716107
3249	FUN_180122720	180122720	1020	OK	6721934
3250	FUN_180122b20	180122b20	484	OK	6724585
3251	FUN_180122d10	180122d10	69	OK	6724922
3252	FUN_180122d60	180122d60	176	OK	6725631
3253	FUN_180122e10	180122e10	442	OK	6728868
3254	FUN_180122fd0	180122fd0	108	OK	6729397
3255	FUN_180123040	180123040	49	OK	6729676
3256	FUN_180123080	180123080	57	OK	6730037
3257	FUN_1801230c0	1801230c0	311	OK	6731667
3258	FUN_180123220	180123220	57	OK	6732055
3259	FUN_180123260	180123260	108	OK	6732875
3260	FUN_1801232d0	1801232d0	59	OK	6733301
3261	FUN_180123310	180123310	73	OK	6733847
3262	FUN_180123360	180123360	97	OK	6734303
3263	FUN_1801233d0	1801233d0	230	OK	6735566
3264	FUN_1801234c0	1801234c0	1117	OK	6740615
3265	FUN_180123920	180123920	1221	OK	6748608
3266	FUN_180123df0	180123df0	4928	OK	6786683
3267	FUN_180125130	180125130	2503	OK	6800215
3268	FUN_180125b00	180125b00	355	OK	6802487
3269	FUN_180125c70	180125c70	3557	OK	6829238
3270	FUN_180126a60	180126a60	6695	OK	6872685
3271	FUN_180128490	180128490	54	OK	6873076
3272	FUN_1801284d0	1801284d0	59	OK	6873469
3273	FUN_180128510	180128510	394	OK	6876365
3274	FUN_1801286a0	1801286a0	314	OK	6878594
3275	FUN_1801287e0	1801287e0	261	OK	6880392
3276	FUN_1801288f0	1801288f0	138	OK	6881693
3277	FUN_180128980	180128980	259	OK	6883803
3278	FUN_180128a90	180128a90	211	OK	6885167
3279	FUN_180128b70	180128b70	211	OK	6886531
3280	FUN_180128c50	180128c50	211	OK	6887885
3281	FUN_180128d30	180128d30	417	OK	6890825
3282	FUN_180128ee0	180128ee0	489	OK	6894060
3283	FUN_1801290d0	1801290d0	411	OK	6896669
3284	FUN_180129270	180129270	125	OK	6897947
3285	FUN_1801292f0	1801292f0	103	OK	6899115
3286	FUN_180129360	180129360	235	OK	6901119
3287	FUN_180129450	180129450	350	OK	6903291
3288	FUN_1801295b0	1801295b0	344	OK	6905486
3289	FUN_180129710	180129710	69	OK	6905940
3290	FUN_180129760	180129760	129	OK	6907202
3291	FUN_1801297f0	1801297f0	303	OK	6909273
3292	FUN_180129920	180129920	195	OK	6911141
3293	FUN_1801299f0	1801299f0	201	OK	6912966
3294	FUN_180129ac0	180129ac0	14	OK	6913157
3295	FUN_180129ad0	180129ad0	104	OK	6914233
3296	FUN_180129b40	180129b40	14	OK	6914424
3297	FUN_180129b50	180129b50	80	OK	6914802
3298	FUN_180129ba0	180129ba0	86	OK	6915262
3299	FUN_180129c00	180129c00	264	OK	6916530
3300	FUN_180129d10	180129d10	156	OK	6917233
3301	FUN_180129db0	180129db0	237	OK	6918323
3302	FUN_180129ea0	180129ea0	3622	OK	6941687
3303	FUN_18012acd0	18012acd0	322	OK	6943363
3304	FUN_18012ae20	18012ae20	416	OK	6945515
3305	FUN_18012afc0	18012afc0	764	OK	6948859
3306	FUN_18012b2c0	18012b2c0	1394	OK	6956850
3307	FUN_18012b840	18012b840	100	OK	6957328
3308	FUN_18012b8b0	18012b8b0	580	OK	6960658
3309	FUN_18012bb00	18012bb00	69	OK	6961197
3310	FUN_18012bb50	18012bb50	698	OK	6965869
3311	FUN_18012be10	18012be10	114	OK	6966497
3312	FUN_18012be90	18012be90	315	OK	6968284
3313	FUN_18012bfd0	18012bfd0	61	OK	6968661
3314	FUN_18012c010	18012c010	60	OK	6969048
3315	FUN_18012c050	18012c050	701	OK	6973296
3316	FUN_18012c310	18012c310	1104	OK	6980217
3317	FUN_18012c760	18012c760	771	OK	6984301
3318	FUN_18012ca70	18012ca70	2968	OK	7003141
3319	FUN_18012d610	18012d610	3233	OK	7027735
3320	FUN_18012e2c0	18012e2c0	140	OK	7028925
3321	FUN_18012e350	18012e350	4476	OK	7057081
3322	FUN_18012f4d0	18012f4d0	2117	OK	7068760
3323	FUN_18012fd20	18012fd20	1714	OK	7078706
3324	FUN_1801303e0	1801303e0	1677	OK	7088602
3325	FUN_180130a70	180130a70	565	OK	7091783
3326	FUN_180130cb0	180130cb0	981	OK	7097217
3327	FUN_180131090	180131090	59	OK	7097610
3328	FUN_1801310d0	1801310d0	59	OK	7098003
3329	FUN_180131110	180131110	11	OK	7098248
3330	FUN_180131120	180131120	42	OK	7098572
3331	FUN_180131150	180131150	514	OK	7102175
3332	FUN_180131360	180131360	781	OK	7106741
3333	FUN_180131670	180131670	385	OK	7109319
3334	FUN_180131800	180131800	408	OK	7111805
3335	FUN_1801319a0	1801319a0	321	OK	7113678
3336	FUN_180131af0	180131af0	321	OK	7115551
3337	FUN_180131c40	180131c40	414	OK	7117827
3338	FUN_180131de0	180131de0	414	OK	7120103
3339	FUN_180131f80	180131f80	404	OK	7122492
3340	FUN_180132120	180132120	370	OK	7124673
3341	FUN_1801322a0	1801322a0	325	OK	7126499
3342	FUN_1801323f0	1801323f0	420	OK	7128962
3343	FUN_1801325a0	1801325a0	163	OK	7130065
3344	FUN_180132650	180132650	122	OK	7131251
3345	FUN_1801326d0	1801326d0	325	OK	7133077
3346	FUN_180132820	180132820	325	OK	7134903
3347	FUN_180132970	180132970	140	OK	7136241
3348	FUN_180132a00	180132a00	262	OK	7137536
3349	FUN_180132b10	180132b10	111	OK	7138674
3350	FUN_180132b80	180132b80	111	OK	7139812
3351	FUN_180132bf0	180132bf0	250	OK	7141035
3352	FUN_180132cf0	180132cf0	111	OK	7142014
3353	FUN_180132d60	180132d60	282	OK	7143988
3354	FUN_180132e80	180132e80	282	OK	7145962
3355	FUN_180132fa0	180132fa0	187	OK	7147214
3356	FUN_180133060	180133060	168	OK	7148430
3357	FUN_180133110	180133110	155	OK	7149917
3358	FUN_1801331b0	1801331b0	282	OK	7151891
3359	FUN_1801332d0	1801332d0	70	OK	7152598
3360	FUN_180133320	180133320	201	OK	7154632
3361	FUN_1801333f0	1801333f0	48	OK	7155401
3362	FUN_180133420	180133420	177	OK	7156967
3363	FUN_1801334e0	1801334e0	167	OK	7158092
3364	FUN_180133590	180133590	70	OK	7158880
3365	FUN_1801335e0	1801335e0	335	OK	7160864
3366	FUN_180133730	180133730	335	OK	7162848
3367	FUN_180133880	180133880	362	OK	7165161
3368	FUN_1801339f0	1801339f0	142	OK	7166237
3369	FUN_180133a80	180133a80	67	OK	7166959
3370	FUN_180133ad0	180133ad0	772	OK	7172917
3371	FUN_180133de0	180133de0	369	OK	7175623
3372	FUN_180133f60	180133f60	456	OK	7178453
3373	FUN_180134130	180134130	424	OK	7181049
3374	FUN_1801342e0	1801342e0	408	OK	7183245
3375	FUN_180134480	180134480	284	OK	7185223
3376	FUN_1801345a0	1801345a0	550	OK	7188793
3377	FUN_1801347d0	1801347d0	550	OK	7192363
3378	FUN_180134a00	180134a00	294	OK	7194796
3379	FUN_180134b30	180134b30	296	OK	7196982
3380	FUN_180134c60	180134c60	292	OK	7199545
3381	FUN_180134d90	180134d90	122	OK	7200731
3382	FUN_180134e10	180134e10	153	OK	7201837
3383	FUN_180134eb0	180134eb0	153	OK	7202943
3384	FUN_180134f50	180134f50	240	OK	7204736
3385	FUN_180135040	180135040	125	OK	7206014
3386	FUN_1801350c0	1801350c0	120	OK	7206858
3387	FUN_180135140	180135140	195	OK	7208246
3388	FUN_180135210	180135210	261	OK	7210044
3389	FUN_180135320	180135320	275	OK	7211895
3390	FUN_180135440	180135440	126	OK	7213102
3391	FUN_1801354c0	1801354c0	156	OK	7214207
3392	FUN_180135560	180135560	90	OK	7215101
3393	FUN_1801355c0	1801355c0	90	OK	7215995
3394	FUN_180135620	180135620	106	OK	7217114
3395	FUN_180135690	180135690	14	OK	7217305
3396	FUN_1801356a0	1801356a0	52	OK	7217679
3397	FUN_1801356e0	1801356e0	258	OK	7219458
3398	FUN_1801357f0	1801357f0	285	OK	7221153
3399	FUN_180135910	180135910	40	OK	7221443
3400	FUN_180135940	180135940	77	OK	7221965
3401	FUN_180135990	180135990	985	OK	7227344
3402	FUN_180135d70	180135d70	178	OK	7228239
3403	FUN_180135e30	180135e30	377	OK	7230990
3404	FUN_180135fb0	180135fb0	583	OK	7233312
3405	FUN_180136200	180136200	169	OK	7234206
3406	FUN_1801362b0	1801362b0	468	OK	7236834
3407	FUN_180136490	180136490	79	OK	7237364
3408	FUN_1801364e0	1801364e0	79	OK	7237894
3409	FUN_180136530	180136530	72	OK	7238182
3410	FUN_180136580	180136580	199	OK	7239063
3411	FUN_180136650	180136650	63	OK	7239459
3412	FUN_180136690	180136690	738	OK	7243690
3413	FUN_180136980	180136980	545	OK	7246329
3414	FUN_180136bb0	180136bb0	3251	OK	7264384
3415	FUN_180137870	180137870	905	OK	7269160
3416	FUN_180137c00	180137c00	720	OK	7273392
3417	FUN_180137ed0	180137ed0	411	OK	7275398
3418	FUN_180138070	180138070	498	OK	7278149
3419	FUN_180138270	180138270	621	OK	7281483
3420	FUN_1801384e0	1801384e0	863	OK	7286666
3421	FUN_180138840	180138840	1670	OK	7296691
3422	FUN_180138ed0	180138ed0	1433	OK	7304368
3423	FUN_180139470	180139470	602	OK	7307388
3424	FUN_1801396d0	1801396d0	469	OK	7309917
3425	FUN_1801398b0	1801398b0	4175	OK	7333693
3426	FUN_18013a900	18013a900	615	OK	7337542
3427	FUN_18013ab70	18013ab70	917	OK	7342897
3428	FUN_18013af10	18013af10	2095	OK	7352234
3429	FUN_18013b740	18013b740	1564	OK	7360708
3430	FUN_18013bd60	18013bd60	729	OK	7365724
3431	FUN_18013c040	18013c040	139	OK	7366408
3432	FUN_18013c0d0	18013c0d0	560	OK	7369945
3433	FUN_18013c300	18013c300	1483	OK	7377906
3434	FUN_18013c8d0	18013c8d0	85	OK	7378419
3435	FUN_18013c930	18013c930	1412	OK	7389647
3436	FUN_18013cec0	18013cec0	532	OK	7392163
3437	FUN_18013d0e0	18013d0e0	175	OK	7393032
3438	FUN_18013d190	18013d190	61	OK	7393409
3439	FUN_18013d1d0	18013d1d0	108	OK	7394229
3440	FUN_18013d240	18013d240	1060	OK	7400777
3441	FUN_18013d670	18013d670	390	OK	7402700
3442	FUN_18013d800	18013d800	1005	OK	7409347
3443	FUN_18013dbf0	18013dbf0	845	OK	7414517
3444	FUN_18013df40	18013df40	337	OK	7416004
3445	FUN_18013e0a0	18013e0a0	1185	OK	7423875
3446	FUN_18013e550	18013e550	559	OK	7426567
3447	FUN_18013e780	18013e780	499	OK	7429286
3448	FUN_18013e980	18013e980	456	OK	7431457
3449	FUN_18013eb50	18013eb50	56	OK	7431862
3450	FUN_18013eb90	18013eb90	5082	OK	7467824
3451	FUN_18013ff70	18013ff70	7527	OK	7516112
3452	FUN_180141ce0	180141ce0	6695	OK	7562644
3453	FUN_180143710	180143710	563	OK	7566368
3454	FUN_180143950	180143950	305	OK	7568234
3455	FUN_180143a90	180143a90	305	OK	7570099
3456	FUN_180143bd0	180143bd0	153	OK	7571302
3457	FUN_180143c70	180143c70	153	OK	7572505
3458	FUN_180143d10	180143d10	460	OK	7576004
3459	FUN_180143ee0	180143ee0	65	OK	7576336
3460	FUN_180143f30	180143f30	276	OK	7578244
3461	FUN_180144050	180144050	276	OK	7580152
3462	FUN_180144170	180144170	112	OK	7581294
3463	FUN_1801441e0	1801441e0	457	OK	7584663
3464	FUN_1801443b0	1801443b0	217	OK	7586632
3465	FUN_180144490	180144490	532	OK	7590917
3466	FUN_1801446b0	1801446b0	398	OK	7593902
3467	FUN_180144840	180144840	155	OK	7595028
3468	FUN_1801448e0	1801448e0	155	OK	7596154
3469	FUN_180144980	180144980	231	OK	7598094
3470	FUN_180144a70	180144a70	395	OK	7600693
3471	FUN_180144c00	180144c00	355	OK	7602975
3472	FUN_180144d70	180144d70	315	OK	7605092
3473	FUN_180144eb0	180144eb0	153	OK	7606160
3474	FUN_180144f50	180144f50	462	OK	7609556
3475	FUN_180145120	180145120	166	OK	7610369
3476	FUN_1801451d0	1801451d0	176	OK	7611528
3477	FUN_180145280	180145280	237	OK	7612618
3478	FUN_180145370	180145370	3635	OK	7635153
3479	FUN_1801461b0	1801461b0	607	OK	7638464
3480	FUN_180146450	180146450	593	OK	7641414
3481	FUN_1801466b0	1801466b0	990	OK	7646481
3482	FUN_180146a90	180146a90	2009	OK	7657979
3483	FUN_180147270	180147270	566	OK	7660543
3484	FUN_1801474b0	1801474b0	455	OK	7663054
3485	FUN_180147680	180147680	1170	OK	7670305
3486	FUN_180147b20	180147b20	137	OK	7670993
3487	FUN_180147bb0	180147bb0	927	OK	7675930
3488	FUN_180147f50	180147f50	1846	OK	7685254
3489	FUN_180148690	180148690	1787	OK	7695778
3490	FUN_180148d90	180148d90	2402	OK	7710360
3491	FUN_180149700	180149700	2360	OK	7725811
3492	FUN_18014a040	18014a040	134	OK	7726583
3493	FUN_18014a0d0	18014a0d0	45	OK	7726945
3494	FUN_18014a100	18014a100	316	OK	7728901
3495	FUN_18014a240	18014a240	539	OK	7732451
3496	FUN_18014a460	18014a460	316	OK	7734560
3497	FUN_18014a5a0	18014a5a0	305	OK	7736426
3498	FUN_18014a6e0	18014a6e0	153	OK	7737531
3499	FUN_18014a780	18014a780	153	OK	7738637
3500	FUN_18014a820	18014a820	164	OK	7739774
3501	FUN_18014a8d0	18014a8d0	120	OK	7740617
3502	FUN_18014a950	18014a950	103	OK	7741785
3503	FUN_18014a9c0	18014a9c0	80	OK	7742640
3504	FUN_18014aa10	18014aa10	75	OK	7743482
3505	FUN_18014aa60	18014aa60	260	OK	7745814
3506	FUN_18014ab70	18014ab70	316	OK	7747950
3507	FUN_18014acb0	18014acb0	382	OK	7750386
3508	FUN_18014ae30	18014ae30	284	OK	7752351
3509	FUN_18014af50	18014af50	345	OK	7754845
3510	FUN_18014b0b0	18014b0b0	1039	OK	7761645
3511	FUN_18014b4c0	18014b4c0	316	OK	7764880
3512	FUN_18014b600	18014b600	173	OK	7766544
3513	FUN_18014b6b0	18014b6b0	370	OK	7769270
3514	FUN_18014b830	18014b830	398	OK	7772006
3515	FUN_18014b9c0	18014b9c0	420	OK	7774595
3516	FUN_18014bb70	18014bb70	404	OK	7777141
3517	FUN_18014bd10	18014bd10	461	OK	7780578
3518	FUN_18014bee0	18014bee0	258	OK	7782376
3519	FUN_18014bff0	18014bff0	329	OK	7784842
3520	FUN_18014c140	18014c140	168	OK	7786058
3521	FUN_18014c1f0	18014c1f0	173	OK	7787375
3522	FUN_18014c2a0	18014c2a0	83	OK	7787806
3523	FUN_18014c300	18014c300	350	OK	7789978
3524	FUN_18014c460	18014c460	355	OK	7792294
3525	FUN_18014c5d0	18014c5d0	185	OK	7793428
3526	FUN_18014c690	18014c690	281	OK	7795314
3527	FUN_18014c7b0	18014c7b0	14	OK	7795505
3528	FUN_18014c7c0	18014c7c0	192	OK	7796399
3529	FUN_18014c880	18014c880	96	OK	7796890
3530	FUN_18014c8e0	18014c8e0	258	OK	7798129
3531	FUN_18014c9f0	18014c9f0	861	OK	7803264
3532	FUN_18014cd50	18014cd50	166	OK	7804322
3533	FUN_18014ce00	18014ce00	130	OK	7804832
3534	FUN_18014ce90	18014ce90	181	OK	7805739
3535	FUN_18014cf50	18014cf50	314	OK	7807506
3536	FUN_18014d090	18014d090	193	OK	7808493
3537	FUN_18014d160	18014d160	647	OK	7811380
3538	FUN_18014d410	18014d410	160	OK	7812224
3539	FUN_18014d4b0	18014d4b0	2555	OK	7828927
3540	FUN_18014deb0	18014deb0	556	OK	7832182
3541	FUN_18014e110	18014e110	196	OK	7833082
3542	FUN_18014e1e0	18014e1e0	590	OK	7835941
3543	FUN_18014e430	18014e430	455	OK	7838067
3544	FUN_18014e600	18014e600	43	OK	7838615
3545	FUN_18014e630	18014e630	1956	OK	7867438
3546	FUN_18014ede0	18014ede0	795	OK	7872047
3547	FUN_18014f100	18014f100	2414	OK	7885212
3548	FUN_18014fa70	18014fa70	2682	OK	7900661
3549	FUN_1801504f0	1801504f0	632	OK	7904465
3550	FUN_180150770	180150770	298	OK	7905899
3551	FUN_1801508e0	1801508e0	2312	OK	7918212
3552	FUN_1801511f0	1801511f0	2339	OK	7931994
3553	FUN_180151b20	180151b20	1253	OK	7938018
3554	FUN_180152010	180152010	1867	OK	7948963
3555	FUN_180152760	180152760	1031	OK	7954212
3556	FUN_180152b70	180152b70	1973	OK	7964028
3557	FUN_180153330	180153330	6154	OK	8002372
3558	FUN_180154bb0	180154bb0	2127	OK	8012224
3559	FUN_180155450	180155450	2039	OK	8023802
3560	FUN_180155c50	180155c50	4477	OK	8046283
3561	FUN_180156e00	180156e00	1415	OK	8053107
3562	FUN_180157390	180157390	4489	OK	8081361
3563	FUN_180158520	180158520	901	OK	8085229
3564	FUN_1801588f0	1801588f0	1548	OK	8094987
3565	FUN_180158f00	180158f00	806	OK	8098526
3566	FUN_180159230	180159230	727	OK	8102667
3567	FUN_180159510	180159510	2025	OK	8114263
3568	FUN_180159d00	180159d00	603	OK	8116976
3569	FUN_180159f60	180159f60	527	OK	8119224
3570	FUN_18015a170	18015a170	595	OK	8122432
3571	FUN_18015a3d0	18015a3d0	3650	OK	8140637
3572	FUN_18015b220	18015b220	889	OK	8144947
3573	FUN_18015b5a0	18015b5a0	947	OK	8149255
3574	FUN_18015b960	18015b960	3038	OK	8163091
3575	FUN_18015c540	18015c540	2378	OK	8175032
3576	FUN_18015ce90	18015ce90	1282	OK	8182558
3577	FUN_18015d3a0	18015d3a0	735	OK	8186485
3578	FUN_18015d680	18015d680	5782	OK	8220454
3579	FUN_18015ed30	18015ed30	531	OK	8223407
3580	FUN_18015ef50	18015ef50	912	OK	8228192
3581	FUN_18015f2e0	18015f2e0	1357	OK	8236033
3582	FUN_18015f830	18015f830	753	OK	8241083
3583	FUN_18015fb30	18015fb30	729	OK	8245735
3584	FUN_18015fe40	18015fe40	1806	OK	8255174
3585	FUN_180160550	180160550	1127	OK	8260622
3586	FUN_1801609c0	1801609c0	826	OK	8264993
3587	FUN_180160d00	180160d00	1032	OK	8270201
3588	FUN_180161110	180161110	2737	OK	8284195
3589	FUN_180161bd0	180161bd0	453	OK	8286608
3590	FUN_180161da0	180161da0	1744	OK	8297800
3591	FUN_180162470	180162470	689	OK	8301990
3592	FUN_180162730	180162730	1355	OK	8309306
3593	FUN_180162c80	180162c80	877	OK	8314097
3594	FUN_180162ff0	180162ff0	76	OK	8314476
3595	FUN_180163040	180163040	367	OK	8316256
3596	FUN_1801631b0	1801631b0	126	OK	8316909
3597	FUN_180163230	180163230	310	OK	8318799
3598	FUN_180163370	180163370	348	OK	8320597
3599	FUN_1801634d0	1801634d0	524	OK	8323868
3600	FUN_1801636e0	1801636e0	114	OK	8324477
3601	FUN_180163760	180163760	141	OK	8325189
3602	FUN_1801637f0	1801637f0	170	OK	8325970
3603	FUN_1801638a0	1801638a0	104	OK	8326781
3604	FUN_180163910	180163910	52	OK	8327123
3605	FUN_180163950	180163950	53	OK	8327459
3606	FUN_180163990	180163990	217	OK	8328562
3607	FUN_180163a70	180163a70	41	OK	8328854
3608	FUN_180163ad0	180163ad0	57	OK	8329250
3609	FUN_180163b10	180163b10	54	OK	8329614
3610	FUN_180163b50	180163b50	127	OK	8330540
3611	FUN_180163bf0	180163bf0	249	OK	8331683
3612	FUN_180163cf0	180163cf0	101	OK	8332365
3613	FUN_180163d60	180163d60	109	OK	8332894
3614	FUN_180163dd0	180163dd0	57	OK	8333263
3615	FUN_180163e10	180163e10	552	OK	8337252
3616	FUN_180164040	180164040	1199	OK	8343585
3617	FUN_1801644f0	1801644f0	2357	OK	8355873
3618	FUN_180164e40	180164e40	5764	OK	8394475
3619	FUN_1801664d0	1801664d0	178	OK	8395674
3620	FUN_180166590	180166590	144	OK	8396367
3621	FUN_180166620	180166620	370	OK	8398082
3622	FUN_1801667a0	1801667a0	86	OK	8398526
3623	FUN_180166800	180166800	2338	OK	8411761
3624	FUN_180167170	180167170	3434	OK	8432462
3625	FUN_180167f10	180167f10	176	OK	8433708
3626	FUN_180167fc0	180167fc0	126	OK	8434970
3627	FUN_180168040	180168040	103	OK	8436138
3628	FUN_1801680b0	1801680b0	247	OK	8438636
3629	FUN_1801681b0	1801681b0	244	OK	8441134
3630	FUN_1801682b0	1801682b0	426	OK	8444192
3631	FUN_180168460	180168460	495	OK	8447683
3632	FUN_180168650	180168650	353	OK	8449866
3633	FUN_1801687c0	1801687c0	103	OK	8451034
3634	FUN_180168830	180168830	372	OK	8453929
3635	FUN_1801689b0	1801689b0	221	OK	8455862
3636	FUN_180168a90	180168a90	170	OK	8457047
3637	FUN_180168b40	180168b40	306	OK	8458548
3638	FUN_180168c80	180168c80	1152	OK	8466472
3639	FUN_180169100	180169100	244	OK	8467618
3640	FUN_180169200	180169200	93	OK	8467947
3641	FUN_180169260	180169260	106	OK	8468320
3642	FUN_1801692d0	1801692d0	1138	OK	8474469
3643	FUN_180169790	180169790	1982	OK	8485770
3644	FUN_180169f50	180169f50	294	OK	8487744
3645	FUN_18016a080	18016a080	446	OK	8490515
3646	FUN_18016a290	18016a290	2343	OK	8503494
3647	FUN_18016ac10	18016ac10	1237	OK	8510740
3648	FUN_18016b140	18016b140	501	OK	8513019
3649	FUN_18016b340	18016b340	985	OK	8518625
3650	FUN_18016b720	18016b720	624	OK	8521652
3651	FUN_18016b990	18016b990	319	OK	8523468
3652	FUN_18016bad0	18016bad0	424	OK	8526007
3653	FUN_18016bc80	18016bc80	179	OK	8526708
3654	FUN_18016bd40	18016bd40	1542	OK	8533609
3655	FUN_18016c350	18016c350	1100	OK	8538940
3656	FUN_18016c7a0	18016c7a0	397	OK	8540779
3657	FUN_18016c930	18016c930	692	OK	8544617
3658	FUN_18016cbf0	18016cbf0	35	OK	8544887
3659	FUN_18016cc20	18016cc20	288	OK	8546683
3660	FUN_18016cd40	18016cd40	354	OK	8548588
3661	FUN_18016ceb0	18016ceb0	551	OK	8551328
3662	FUN_18016d0e0	18016d0e0	293	OK	8552843
3663	FUN_18016d210	18016d210	375	OK	8555930
3664	FUN_18016d390	18016d390	353	OK	8558171
3665	FUN_18016d500	18016d500	1537	OK	8565680
3666	FUN_18016db10	18016db10	1743	OK	8575363
3667	FUN_18016e1e0	18016e1e0	4053	OK	8601218
3668	FUN_18016f1c0	18016f1c0	621	OK	8604169
3669	FUN_18016f430	18016f430	1007	OK	8609337
3670	FUN_18016f820	18016f820	198	OK	8610316
3671	FUN_18016f8f0	18016f8f0	266	OK	8611503
3672	FUN_18016fa00	18016fa00	571	OK	8613917
3673	FUN_18016fc40	18016fc40	2064	OK	8624091
3674	FUN_180170450	180170450	2858	OK	8640531
3675	FUN_180170f80	180170f80	541	OK	8642798
3676	FUN_1801711a0	1801711a0	2654	OK	8655593
3677	FUN_180171c00	180171c00	146	OK	8656241
3678	FUN_180171ca0	180171ca0	48	OK	8656506
3679	FUN_180171cd0	180171cd0	4028	OK	8680236
3680	FUN_180172da0	180172da0	795	OK	8683694
3681	FUN_1801730c0	1801730c0	531	OK	8685946
3682	FUN_1801732e0	1801732e0	978	OK	8690603
3683	thunk_FUN_18016b720	1801736c0	5	OK	8693642
3684	FUN_1801736d0	1801736d0	3156	OK	8711756
3685	FUN_180174330	180174330	3107	OK	8727722
3686	FUN_180174f60	180174f60	310	OK	8730143
3687	FUN_1801750a0	1801750a0	125	OK	8730986
3688	FUN_180175120	180175120	176	OK	8732175
3689	FUN_1801751d0	1801751d0	122	OK	8733361
3690	FUN_180175250	180175250	582	OK	8737104
3691	FUN_1801754a0	1801754a0	387	OK	8739734
3692	FUN_180175630	180175630	327	OK	8742086
3693	FUN_180175780	180175780	198	OK	8743608
3694	FUN_180175850	180175850	113	OK	8744468
3695	FUN_1801758d0	1801758d0	125	OK	8745312
3696	FUN_180175950	180175950	125	OK	8746156
3697	FUN_1801759d0	1801759d0	101	OK	8746903
3698	FUN_180175a40	180175a40	285	OK	8748594
3699	FUN_180175b90	180175b90	99	OK	8748987
3700	FUN_180175c00	180175c00	186	OK	8749890
3701	FUN_180175cc0	180175cc0	1528	OK	8758804
3702	FUN_1801762c0	1801762c0	684	OK	8762590
3703	FUN_180176570	180176570	344	OK	8764239
3704	FUN_1801766d0	1801766d0	270	OK	8765509
3705	FUN_1801767e0	1801767e0	163	OK	8766164
3706	FUN_180176890	180176890	208	OK	8767145
3707	FUN_180176960	180176960	1173	OK	8774324
3708	FUN_180176e00	180176e00	53	OK	8774943
3709	FUN_180176e40	180176e40	975	OK	8780539
3710	FUN_180177210	180177210	1174	OK	8786413
3711	FUN_1801776b0	1801776b0	457	OK	8788710
3712	FUN_180177880	180177880	1252	OK	8796434
3713	FUN_180177d70	180177d70	1152	OK	8802927
3714	FUN_1801781f0	1801781f0	473	OK	8805560
3715	FUN_1801783d0	1801783d0	127	OK	8806101
3716	FUN_180178450	180178450	511	OK	8808630
3717	FUN_180178650	180178650	1191	OK	8815145
3718	FUN_180178b00	180178b00	796	OK	8819502
3719	FUN_180178e50	180178e50	1834	OK	8829601
3720	FUN_180179580	180179580	476	OK	8831993
3721	FUN_180179760	180179760	736	OK	8838308
3722	FUN_180179a40	180179a40	869	OK	8843802
3723	FUN_180179db0	180179db0	801	OK	8848743
3724	FUN_18017a0e0	18017a0e0	619	OK	8851942
3725	FUN_18017a350	18017a350	2161	OK	8864244
3726	FUN_18017abd0	18017abd0	712	OK	8868228
3727	FUN_18017aea0	18017aea0	1590	OK	8876375
3728	FUN_18017b4e0	18017b4e0	867	OK	8880730
3729	FUN_18017b850	18017b850	1965	OK	8891709
3730	FUN_18017c000	18017c000	859	OK	8895911
3731	FUN_18017c360	18017c360	2165	OK	8908622
3732	FUN_18017cbe0	18017cbe0	997	OK	8915152
3733	FUN_18017cfd0	18017cfd0	1290	OK	8923198
3734	FUN_18017d500	18017d500	554	OK	8925861
3735	FUN_18017d730	18017d730	2052	OK	8939670
3736	FUN_18017df40	18017df40	407	OK	8941666
3737	FUN_18017e0e0	18017e0e0	1398	OK	8952002
3738	FUN_18017e660	18017e660	1218	OK	8958376
3739	FUN_18017eb30	18017eb30	236	OK	8959628
3740	FUN_18017ec40	18017ec40	56	OK	8959978
3741	FUN_18017eca0	18017eca0	287	OK	8961708
3742	FUN_18017edc0	18017edc0	276	OK	8963197
3743	FUN_18017eee0	18017eee0	2137	OK	8976440
3744	FUN_18017f740	18017f740	1096	OK	8983421
3745	FUN_18017fb90	18017fb90	89	OK	8984103
3746	FUN_18017fbf0	18017fbf0	958	OK	8989407
3747	FUN_18017ffe0	18017ffe0	5704	OK	9025786
3748	FUN_180181630	180181630	391	OK	9027959
3749	FUN_1801817c0	1801817c0	269	OK	9029500
3750	FUN_1801818d0	1801818d0	72	OK	9029879
3751	FUN_180181920	180181920	8	OK	9030044
3752	FUN_180181930	180181930	38	OK	9030398
3753	FUN_1801819f0	1801819f0	332	OK	9032164
3754	FUN_180181b60	180181b60	41	OK	9032518
3755	FUN_180181b90	180181b90	78	OK	9032927
3756	FUN_180181be0	180181be0	41	OK	9033284
3757	FUN_180181c10	180181c10	41	OK	9033642
3758	FUN_180181c40	180181c40	41	OK	9034000
3759	FUN_180181c70	180181c70	170	OK	9035228
3760	FUN_180181d20	180181d20	128	OK	9036099
3761	FUN_180181e30	180181e30	623	OK	9039882
3762	FUN_1801820a0	1801820a0	412	OK	9042374
3763	FUN_180182240	180182240	325	OK	9044200
3764	FUN_180182390	180182390	86	OK	9045072
3765	FUN_180182440	180182440	246	OK	9046815
3766	FUN_180182570	180182570	228	OK	9048546
3767	FUN_180182660	180182660	145	OK	9049642
3768	FUN_180182780	180182780	305	OK	9051925
3769	FUN_180182940	180182940	35	OK	9052249
3770	FUN_180182990	180182990	99	OK	9052682
3771	FUN_180182a00	180182a00	274	OK	9054321
3772	FUN_180182b20	180182b20	53	OK	9054649
3773	FUN_180182b60	180182b60	17	OK	9054887
3774	FUN_180182b80	180182b80	84	OK	9055303
3775	FUN_180182be0	180182be0	1858	OK	9072432
3776	FUN_180183530	180183530	295	OK	9073713
3777	FUN_180183660	180183660	233	OK	9074832
3778	FUN_180183750	180183750	336	OK	9076340
3779	FUN_1801838a0	1801838a0	231	OK	9077355
3780	FUN_180183990	180183990	82	OK	9077667
3781	FUN_1801839f0	1801839f0	30	OK	9077917
3782	FUN_180183a10	180183a10	231	OK	9079177
3783	FUN_180183b00	180183b00	92	OK	9079541
3784	FUN_180183b60	180183b60	45	OK	9079836
3785	FUN_180183b90	180183b90	45	OK	9080131
3786	FUN_180183bc0	180183bc0	39	OK	9080383
3787	FUN_180183bf0	180183bf0	39	OK	9080635
3788	FUN_180183c20	180183c20	122	OK	9081093
3789	FUN_180183ca0	180183ca0	30	OK	9081343
3790	FUN_180183cc0	180183cc0	277	OK	9082291
3791	FUN_180183de0	180183de0	30	OK	9082541
3792	FUN_180183e00	180183e00	1055	OK	9087584
3793	FUN_180184220	180184220	1887	OK	9097759
3794	FUN_1801849b0	1801849b0	1067	OK	9104108
3795	FUN_180184de0	180184de0	14	OK	9104315
3796	FUN_180184df0	180184df0	14	OK	9104522
3797	FUN_180184e00	180184e00	59	OK	9105109
3798	FUN_180184e40	180184e40	28	OK	9105482
3799	FUN_180184e60	180184e60	8	OK	9105682
3800	FUN_180184e70	180184e70	8	OK	9105882
3801	FUN_180184e80	180184e80	86	OK	9106363
3802	FUN_180184ee0	180184ee0	85	OK	9106844
3803	FUN_180184f40	180184f40	791	OK	9111346
3804	FUN_180185260	180185260	101	OK	9111816
3805	FUN_1801852d0	1801852d0	75	OK	9112214
3806	FUN_180185320	180185320	555	OK	9115729
3807	FUN_180185550	180185550	713	OK	9119477
3808	FUN_180185820	180185820	1577	OK	9127333
3809	FUN_180185e50	180185e50	1398	OK	9134737
3810	FUN_1801863d0	1801863d0	370	OK	9136479
3811	FUN_180186550	180186550	33	OK	9136875
3812	FUN_180186580	180186580	72	OK	9137343
3813	FUN_1801865d0	1801865d0	22	OK	9137627
3814	FUN_180186620	180186620	18	OK	9137914
3815	FUN_180186670	180186670	101	OK	9140043
3816	FUN_1801866e0	1801866e0	163	OK	9141043
3817	FUN_180186790	180186790	21	OK	9141356
3818	FUN_1801867b0	1801867b0	64	OK	9141685
3819	FUN_180186850	180186850	471	OK	9143779
3820	FUN_180186a30	180186a30	43	OK	9144071
3821	FUN_180186a60	180186a60	71	OK	9144511
3822	FUN_180186ab0	180186ab0	156	OK	9145125
3823	FUN_180186b50	180186b50	22	OK	9145373
3824	FUN_180186b70	180186b70	13	OK	9145666
3825	FUN_180186b80	180186b80	14	OK	9145969
3826	FUN_180186b90	180186b90	9	OK	9146137
3827	FUN_180186ba0	180186ba0	70	OK	9146554
3828	FUN_180186bf0	180186bf0	53	OK	9146911
3829	FUN_180186c30	180186c30	70	OK	9147328
3830	FUN_180186c80	180186c80	56	OK	9147793
3831	FUN_180186cc0	180186cc0	180	OK	9149133
3832	FUN_180186d80	180186d80	53	OK	9149472
3833	FUN_180186dc0	180186dc0	543	OK	9151823
3834	FUN_180186fe0	180186fe0	53	OK	9152159
3835	FUN_180187020	180187020	54	OK	9152470
3836	FUN_180187060	180187060	56	OK	9152954
3837	FUN_1801870a0	1801870a0	12	OK	9153133
3838	FUN_1801870b0	1801870b0	160	OK	9154048
3839	FUN_180187150	180187150	44	OK	9154348
3840	FUN_180187180	180187180	226	OK	9155475
3841	FUN_1801872b0	1801872b0	488	OK	9158256
3842	FUN_1801874a0	1801874a0	83	OK	9159135
3843	FUN_180187500	180187500	200	OK	9160359
3844	FUN_1801875d0	1801875d0	68	OK	9160803
3845	FUN_180187620	180187620	67	OK	9161140
3846	FUN_180187670	180187670	99	OK	9161841
3847	FUN_1801876e0	1801876e0	479	OK	9163999
3848	FUN_1801878c0	1801878c0	398	OK	9165834
3849	FUN_180187a50	180187a50	509	OK	9168455
3850	FUN_180187c50	180187c50	354	OK	9170576
3851	FUN_180187dc0	180187dc0	288	OK	9172178
3852	FUN_180187ee0	180187ee0	322	OK	9173672
3853	FUN_180188030	180188030	294	OK	9174968
3854	FUN_180188160	180188160	555	OK	9177348
3855	FUN_180188390	180188390	1475	OK	9185669
3856	FUN_180188960	180188960	3099	OK	9202764
3857	FUN_180189580	180189580	358	OK	9204899
3858	FUN_1801896f0	1801896f0	2267	OK	9217213
3859	FUN_180189fd0	180189fd0	411	OK	9218821
3860	FUN_18018a170	18018a170	1517	OK	9227211
3861	FUN_18018a760	18018a760	318	OK	9229213
3862	FUN_18018a8a0	18018a8a0	2089	OK	9240715
3863	FUN_18018b0d0	18018b0d0	632	OK	9244490
3864	FUN_18018b350	18018b350	308	OK	9246325
3865	FUN_18018b490	18018b490	2661	OK	9265451
3866	FUN_18018bf00	18018bf00	4476	OK	9285310
3867	FUN_18018d090	18018d090	1923	OK	9295972
3868	thunk_FUN_18018d090	18018d820	5	OK	9306820
3869	FUN_18018d830	18018d830	7980	FAILED	9306928
3870	FUN_180194ef0	180194ef0	79	OK	9307365
3871	FUN_180194f40	180194f40	52	OK	9307688
3872	FUN_180194f80	180194f80	200	OK	9309013
3873	FUN_180195050	180195050	207	OK	9310223
3874	FUN_180195120	180195120	142	OK	9311450
3875	FUN_1801951b0	1801951b0	166	OK	9312594
3876	FUN_180195260	180195260	2538	OK	9329978
3877	FUN_180195c50	180195c50	2090	OK	9341754
3878	FUN_180196480	180196480	1651	OK	9351876
3879	FUN_180196b00	180196b00	1797	OK	9362979
3880	FUN_180197210	180197210	1552	OK	9372834
3881	FUN_180197820	180197820	1094	OK	9379267
3882	FUN_180197c70	180197c70	300	OK	9380842
3883	FUN_180197da0	180197da0	278	OK	9382567
3884	FUN_180197ec0	180197ec0	4753	OK	9412328
3885	FUN_180199160	180199160	255	OK	9413413
3886	FUN_180199260	180199260	255	OK	9414843
3887	FUN_180199360	180199360	360	OK	9417077
3888	FUN_1801994d0	1801994d0	2229	OK	9432258
3889	FUN_180199d90	180199d90	112	OK	9432968
3890	FUN_180199e10	180199e10	300	OK	9434573
3891	FUN_180199f40	180199f40	227	OK	9435671
3892	FUN_18019a030	18019a030	903	OK	9440908
3893	FUN_18019a3c0	18019a3c0	747	OK	9445504
3894	FUN_18019a6b0	18019a6b0	883	OK	9450389
3895	FUN_18019aa30	18019aa30	649	OK	9453636
3896	FUN_18019ace0	18019ace0	545	OK	9457143
3897	FUN_18019af10	18019af10	101	OK	9457747
3898	FUN_18019af80	18019af80	225	OK	9458997
3899	FUN_18019b070	18019b070	216	OK	9460391
3900	FUN_18019b150	18019b150	447	OK	9463982
3901	FUN_18019b310	18019b310	1304	OK	9471816
3902	FUN_18019b830	18019b830	1392	OK	9480954
3903	FUN_18019bda0	18019bda0	1435	OK	9491135
3904	FUN_18019c340	18019c340	669	OK	9495259
3905	FUN_18019c5e0	18019c5e0	706	OK	9498840
3906	FUN_18019c8b0	18019c8b0	1086	OK	9504742
3907	FUN_18019ccf0	18019ccf0	1851	OK	9514956
3908	FUN_18019d430	18019d430	2258	OK	9528008
3909	FUN_18019dd10	18019dd10	1668	OK	9537665
3910	FUN_18019e3a0	18019e3a0	2475	OK	9549877
3911	FUN_18019ed50	18019ed50	1319	OK	9557504
3912	FUN_18019f280	18019f280	509	OK	9560012
3913	FUN_18019f4b0	18019f4b0	56	OK	9560433
3914	FUN_18019f4f0	18019f4f0	1045	OK	9566502
3915	FUN_18019f940	18019f940	288	OK	9568786
3916	FUN_18019fa60	18019fa60	901	OK	9574542
3917	FUN_18019fdf0	18019fdf0	502	OK	9578540
3918	FUN_1801a0030	1801a0030	688	OK	9582835
3919	FUN_1801a02e0	1801a02e0	412	OK	9585349
3920	FUN_1801a0480	1801a0480	977	OK	9592427
3921	FUN_1801a0860	1801a0860	566	OK	9595908
3922	FUN_1801a0aa0	1801a0aa0	1029	OK	9602547
3923	FUN_1801a0ee0	1801a0ee0	605	OK	9605758
3924	FUN_1801a1140	1801a1140	1344	OK	9612150
3925	FUN_1801a1680	1801a1680	1366	OK	9619855
3926	FUN_1801a1be0	1801a1be0	485	OK	9622814
3927	FUN_1801a1dd0	1801a1dd0	645	OK	9626242
3928	FUN_1801a2060	1801a2060	672	OK	9630359
3929	FUN_1801a2300	1801a2300	644	OK	9634486
3930	FUN_1801a2590	1801a2590	1169	OK	9641321
3931	FUN_1801a2a30	1801a2a30	898	OK	9646292
3932	FUN_1801a2dc0	1801a2dc0	462	OK	9648633
3933	FUN_1801a2f90	1801a2f90	862	OK	9653478
3934	FUN_1801a32f0	1801a32f0	487	OK	9656648
3935	FUN_1801a34e0	1801a34e0	279	OK	9657958
3936	FUN_1801a3600	1801a3600	380	OK	9659883
3937	FUN_1801a3780	1801a3780	689	OK	9664190
3938	FUN_1801a3a40	1801a3a40	907	OK	9669753
3939	FUN_1801a3dd0	1801a3dd0	1309	OK	9677609
3940	FUN_1801a42f0	1801a42f0	2144	OK	9690309
3941	FUN_1801a4b50	1801a4b50	1753	OK	9700753
3942	FUN_1801a5230	1801a5230	219	OK	9702138
3943	FUN_1801a5310	1801a5310	4529	OK	9727859
3944	FUN_1801a64d0	1801a64d0	119	OK	9729193
3945	FUN_1801a6550	1801a6550	119	OK	9730527
3946	FUN_1801a65d0	1801a65d0	321	OK	9732387
3947	FUN_1801a6720	1801a6720	162	OK	9733102
3948	FUN_1801a67d0	1801a67d0	63	OK	9733478
3949	FUN_1801a6810	1801a6810	93	OK	9734081
3950	FUN_1801a6870	1801a6870	336	OK	9735589
3951	FUN_1801a69c0	1801a69c0	102	OK	9736050
3952	FUN_1801a6a30	1801a6a30	124	OK	9736766
3953	FUN_1801a6ab0	1801a6ab0	304	OK	9738924
3954	FUN_1801a6be0	1801a6be0	390	OK	9740810
3955	FUN_1801a6d70	1801a6d70	655	OK	9745192
3956	FUN_1801a7000	1801a7000	77	OK	9745714
3957	FUN_1801a7050	1801a7050	75	OK	9746127
3958	FUN_1801a70a0	1801a70a0	103	OK	9746503
3959	FUN_1801a7110	1801a7110	372	OK	9748380
3960	FUN_1801a7290	1801a7290	305	OK	9750013
3961	FUN_1801a73d0	1801a73d0	336	OK	9751367
3962	FUN_1801a7520	1801a7520	973	FAILED	9751474
3963	FUN_1801aae50	1801aae50	10152	OK	9815532
3964	FUN_1801ad820	1801ad820	2865	OK	9829285
3965	FUN_1801ae360	1801ae360	38	OK	9829579
3966	FUN_1801ae3d0	1801ae3d0	60	OK	9830050
3967	FUN_1801ae410	1801ae410	68	OK	9830566
3968	FUN_1801ae460	1801ae460	58	OK	9831070
3969	FUN_1801ae4a0	1801ae4a0	49	OK	9831512
3970	FUN_1801ae4e0	1801ae4e0	3242	OK	9850124
3971	FUN_1801af190	1801af190	2013	OK	9861854
3972	FUN_1801af970	1801af970	397	OK	9863820
3973	FUN_1801afb00	1801afb00	970	OK	9868524
3974	FUN_1801afed0	1801afed0	22	OK	9868774
3975	FUN_1801afef0	1801afef0	72	OK	9869317
3976	FUN_1801aff40	1801aff40	8	OK	9869517
3977	FUN_1801aff50	1801aff50	421	OK	9872009
3978	FUN_1801b0100	1801b0100	5882	OK	9907355
3979	FUN_1801b1890	1801b1890	118	OK	9907963
3980	FUN_1801b1910	1801b1910	52	OK	9908223
3981	FUN_1801b1950	1801b1950	153	OK	9908923
3982	FUN_1801b19f0	1801b19f0	32	OK	9909217
3983	FUN_1801b1a10	1801b1a10	22	OK	9909442
3984	FUN_1801b1a30	1801b1a30	131	OK	9910330
3985	FUN_1801b1ac0	1801b1ac0	174	OK	9911127
3986	FUN_1801b1b70	1801b1b70	137	OK	9911918
3987	FUN_1801b1c00	1801b1c00	163	OK	9912883
3988	FUN_1801b1cb0	1801b1cb0	163	OK	9913860
3989	FUN_1801b1d60	1801b1d60	437	OK	9916118
3990	FUN_1801b1f20	1801b1f20	455	OK	9918705
3991	FUN_1801b20f0	1801b20f0	237	OK	9919729
3992	FUN_1801b21e0	1801b21e0	462	OK	9922147
3993	FUN_1801b23b0	1801b23b0	473	OK	9924594
3994	FUN_1801b2590	1801b2590	931	OK	9930834
3995	FUN_1801b2940	1801b2940	931	OK	9937179
3996	FUN_1801b2cf0	1801b2cf0	415	OK	9939355
3997	FUN_1801b2ea0	1801b2ea0	168	OK	9940423
3998	FUN_1801b2f50	1801b2f50	134	OK	9941329
3999	FUN_1801b2fe0	1801b2fe0	127	OK	9942105
4000	FUN_1801b3060	1801b3060	448	OK	9944446
4001	FUN_1801b3230	1801b3230	563	OK	9946998
4002	FUN_1801b3470	1801b3470	508	OK	9949854
4003	FUN_1801b3670	1801b3670	914	OK	9955562
4004	FUN_1801b3a10	1801b3a10	378	OK	9957551
4005	FUN_1801b3b90	1801b3b90	340	OK	9959198
4006	FUN_1801b3cf0	1801b3cf0	81	OK	9959658
4007	FUN_1801b3d50	1801b3d50	123	OK	9961039
4008	FUN_1801b3dd0	1801b3dd0	113	OK	9962109
4009	FUN_1801b3e50	1801b3e50	123	OK	9962766
4010	FUN_1801b3ed0	1801b3ed0	330	OK	9964005
4011	FUN_1801b4020	1801b4020	442	OK	9966874
4012	FUN_1801b41e0	1801b41e0	132	OK	9967790
4013	FUN_1801b4270	1801b4270	89	OK	9968449
4014	FUN_1801b42d0	1801b42d0	177	OK	9969277
4015	FUN_1801b4390	1801b4390	142	OK	9970024
4016	FUN_1801b4420	1801b4420	105	OK	9970713
4017	FUN_1801b4490	1801b4490	179	OK	9971721
4018	FUN_1801b4550	1801b4550	1254	OK	9977490
4019	FUN_1801b4a40	1801b4a40	141	OK	9978351
4020	FUN_1801b4ad0	1801b4ad0	285	OK	9980376
4021	FUN_1801b4bf0	1801b4bf0	262	OK	9981864
4022	FUN_1801b4d00	1801b4d00	232	OK	9983241
4023	FUN_1801b4df0	1801b4df0	80	OK	9983775
4024	FUN_1801b4e40	1801b4e40	17	OK	9984013
4025	FUN_1801b4e60	1801b4e60	17	OK	9984251
4026	FUN_1801b4e80	1801b4e80	634	OK	9987867
4027	FUN_1801b5100	1801b5100	234	OK	9989050
4028	FUN_1801b51f0	1801b51f0	43	OK	9989328
4029	FUN_1801b5220	1801b5220	74	OK	9989893
4030	FUN_1801b5270	1801b5270	151	OK	9990740
4031	FUN_1801b5310	1801b5310	166	OK	9991712
4032	FUN_1801b53c0	1801b53c0	188	OK	9992944
4033	FUN_1801b5480	1801b5480	479	OK	9995894
4034	FUN_1801b5660	1801b5660	281	OK	9997498
4035	FUN_1801b5780	1801b5780	246	OK	9998887
4036	FUN_1801b5880	1801b5880	830	OK	10004328
4037	FUN_1801b5bc0	1801b5bc0	349	OK	10006518
4038	FUN_1801b5d20	1801b5d20	136	OK	10007259
4039	FUN_1801b5db0	1801b5db0	105	OK	10007830
4040	FUN_1801b5e20	1801b5e20	31	OK	10008144
4041	FUN_1801b5e40	1801b5e40	868	OK	10012366
4042	FUN_1801b61b0	1801b61b0	155	OK	10013152
4043	FUN_1801b6250	1801b6250	79	OK	10013700
4044	FUN_1801b62a0	1801b62a0	25	OK	10013937
4045	FUN_1801b62c0	1801b62c0	65	OK	10014602
4046	FUN_1801b6310	1801b6310	62	OK	10015251
4047	FUN_1801b6350	1801b6350	145	OK	10016213
4048	FUN_1801b63f0	1801b63f0	109	OK	10017014
4049	FUN_1801b6460	1801b6460	113	OK	10017817
4050	FUN_1801b64e0	1801b64e0	667	OK	10022535
4051	FUN_1801b6780	1801b6780	667	OK	10027253
4052	FUN_1801b6a20	1801b6a20	448	OK	10030274
4053	FUN_1801b6be0	1801b6be0	380	OK	10032728
4054	FUN_1801b6d60	1801b6d60	230	OK	10033914
4055	FUN_1801b6e50	1801b6e50	243	OK	10035525
4056	FUN_1801b6f50	1801b6f50	24	OK	10035796
4057	FUN_1801b6f70	1801b6f70	480	OK	10039607
4058	FUN_1801b7240	1801b7240	177	OK	10040695
4059	FUN_1801b7300	1801b7300	181	OK	10046602
4060	FUN_1801b73c0	1801b73c0	112	OK	10047364
4061	FUN_1801b7470	1801b7470	31	OK	10047647
4062	FUN_1801b7490	1801b7490	113	OK	10048354
4063	FUN_1801b7530	1801b7530	106	OK	10050420
4064	FUN_1801b75a0	1801b75a0	53	OK	10050780
4065	FUN_1801b75e0	1801b75e0	31	OK	10051063
4066	FUN_1801b7600	1801b7600	31	OK	10051346
4067	FUN_1801b7620	1801b7620	204	OK	10052472
4068	FUN_1801b76f0	1801b76f0	108	OK	10053186
4069	FUN_1801b7760	1801b7760	144	OK	10054191
4070	FUN_1801b77f0	1801b77f0	454	OK	10057181
4071	FUN_1801b7a00	1801b7a00	76	OK	10057669
4072	FUN_1801b7a50	1801b7a50	160	OK	10058773
4073	FUN_1801b7af0	1801b7af0	416	OK	10060526
4074	FUN_1801b7c90	1801b7c90	354	OK	10062141
4075	FUN_1801b7e00	1801b7e00	81	OK	10062678
4076	FUN_1801b7e60	1801b7e60	204	OK	10063670
4077	FUN_1801b7f30	1801b7f30	69	OK	10064125
4078	FUN_1801b7f80	1801b7f80	730	OK	10067221
4079	FUN_1801b8260	1801b8260	1687	OK	10076205
4080	FUN_1801b8900	1801b8900	989	OK	10081612
4081	FUN_1801b8ce0	1801b8ce0	410	OK	10084236
4082	FUN_1801b8e80	1801b8e80	6114	OK	10123908
4083	FUN_1801ba670	1801ba670	685	OK	10127578
4084	FUN_1801ba920	1801ba920	7194	OK	10172569
4085	FUN_1801bc590	1801bc590	471	OK	10175291
4086	FUN_1801bc770	1801bc770	505	OK	10177895
4087	FUN_1801bc970	1801bc970	1455	OK	10186177
4088	FUN_1801bcf20	1801bcf20	1254	OK	10193243
4089	FUN_1801bd410	1801bd410	938	OK	10198602
4090	FUN_1801bd7c0	1801bd7c0	312	OK	10200111
4091	FUN_1801bd900	1801bd900	297	OK	10201489
4092	FUN_1801bda30	1801bda30	597	OK	10204757
4093	FUN_1801bdc90	1801bdc90	885	OK	10209558
4094	FUN_1801be010	1801be010	300	OK	10211041
4095	FUN_1801be140	1801be140	553	OK	10214001
4096	FUN_1801be370	1801be370	430	OK	10216199
4097	FUN_1801be520	1801be520	412	OK	10218394
4098	FUN_1801be6c0	1801be6c0	366	OK	10220246
4099	FUN_1801be830	1801be830	656	OK	10223847
4100	FUN_1801beac0	1801beac0	459	OK	10226452
4101	FUN_1801bec90	1801bec90	399	OK	10228584
4102	FUN_1801bee20	1801bee20	399	OK	10230716
4103	FUN_1801befb0	1801befb0	422	OK	10233046
4104	FUN_1801bf160	1801bf160	322	OK	10234605
4105	FUN_1801bf2b0	1801bf2b0	632	OK	10237940
4106	FUN_1801bf530	1801bf530	1299	OK	10245296
4107	FUN_1801bfa50	1801bfa50	445	OK	10247642
4108	FUN_1801bfc10	1801bfc10	335	OK	10249363
4109	FUN_1801bfd60	1801bfd60	356	OK	10251155
4110	FUN_1801bfed0	1801bfed0	474	OK	10253709
4111	FUN_1801c00b0	1801c00b0	1800	OK	10263822
4112	FUN_1801c07c0	1801c07c0	747	OK	10268188
4113	FUN_1801c0ab0	1801c0ab0	1143	OK	10274015
4114	FUN_1801c0f30	1801c0f30	1997	OK	10283476
4115	FUN_1801c1700	1801c1700	480	OK	10286212
4116	FUN_1801c18e0	1801c18e0	1346	OK	10295155
4117	FUN_1801c1e30	1801c1e30	802	OK	10300096
4118	FUN_1801c2160	1801c2160	8488	OK	10346959
4119	FUN_1801c4390	1801c4390	335	OK	10348869
4120	FUN_1801c44e0	1801c44e0	1896	OK	10360459
4121	FUN_1801c4ce0	1801c4ce0	1150	OK	10366798
4122	FUN_1801c5160	1801c5160	7956	OK	10418291
4123	FUN_1801c7080	1801c7080	871	OK	10423513
4124	FUN_1801c73f0	1801c73f0	2175	OK	10435454
4125	FUN_1801c7c80	1801c7c80	831	OK	10439859
4126	FUN_1801c7fc0	1801c7fc0	1286	OK	10446992
4127	FUN_1801c84d0	1801c84d0	787	OK	10451199
4128	FUN_1801c87f0	1801c87f0	799	OK	10454686
4129	FUN_1801c8b10	1801c8b10	930	OK	10460580
4130	FUN_1801c8ec0	1801c8ec0	5603	OK	10499856
4131	FUN_1801ca4b0	1801ca4b0	368	OK	10501278
4132	FUN_1801ca620	1801ca620	219	OK	10502327
4133	FUN_1801ca700	1801ca700	713	OK	10506258
4134	FUN_1801ca9d0	1801ca9d0	787	OK	10510480
4135	FUN_1801cacf0	1801cacf0	392	OK	10512630
4136	FUN_1801cae80	1801cae80	4165	OK	10539931
4137	FUN_1801cbf20	1801cbf20	588	OK	10542620
4138	FUN_1801cc170	1801cc170	403	OK	10545052
4139	FUN_1801cc310	1801cc310	174	OK	10546059
4140	FUN_1801cc3c0	1801cc3c0	239	OK	10547520
4141	FUN_1801cc4b0	1801cc4b0	129	OK	10548281
4142	FUN_1801cc540	1801cc540	129	OK	10549042
4143	FUN_1801cc5d0	1801cc5d0	171	OK	10550205
4144	FUN_1801cc680	1801cc680	175	OK	10551387
4145	FUN_1801cc730	1801cc730	260	OK	10552834
4146	FUN_1801cc840	1801cc840	144	OK	10554062
4147	FUN_1801cc8d0	1801cc8d0	225	OK	10554707
4148	FUN_1801cc9c0	1801cc9c0	629	OK	10556896
4149	FUN_1801ccc40	1801ccc40	509	OK	10559353
4150	FUN_1801cce40	1801cce40	876	OK	10565584
4151	FUN_1801cd1b0	1801cd1b0	579	OK	10569593
4152	FUN_1801cd400	1801cd400	495	OK	10573647
4153	FUN_1801cd5f0	1801cd5f0	530	OK	10576739
4154	FUN_1801cd810	1801cd810	552	OK	10578958
4155	FUN_1801cda40	1801cda40	476	OK	10581617
4156	FUN_1801cdc20	1801cdc20	479	OK	10583478
4157	FUN_1801cde00	1801cde00	688	OK	10587653
4158	FUN_1801ce0b0	1801ce0b0	403	OK	10589504
4159	FUN_1801ce250	1801ce250	614	OK	10592354
4160	FUN_1801ce4c0	1801ce4c0	602	OK	10595674
4161	FUN_1801ce720	1801ce720	755	OK	10599208
4162	FUN_1801cea20	1801cea20	189	OK	10600533
4163	FUN_1801ceae0	1801ceae0	138	OK	10601288
4164	FUN_1801ceb70	1801ceb70	46	OK	10601658
4165	FUN_1801ceba0	1801ceba0	2401	OK	10617160
4166	FUN_1801cf510	1801cf510	2024	OK	10627519
4167	FUN_1801cfd00	1801cfd00	497	OK	10630160
4168	FUN_1801cff00	1801cff00	639	OK	10633188
4169	FUN_1801d0180	1801d0180	426	OK	10635603
4170	FUN_1801d0330	1801d0330	340	OK	10637250
4171	FUN_1801d0490	1801d0490	414	OK	10639857
4172	FUN_1801d0630	1801d0630	367	OK	10641966
4173	FUN_1801d07a0	1801d07a0	359	OK	10643677
4174	FUN_1801d0910	1801d0910	635	OK	10647060
4175	FUN_1801d0b90	1801d0b90	268	OK	10647848
4176	FUN_1801d0ca0	1801d0ca0	142	OK	10649269
4177	FUN_1801d0d30	1801d0d30	214	OK	10650548
4178	FUN_1801d0e10	1801d0e10	59	OK	10651174
4179	FUN_1801d0ec0	1801d0ec0	2961	OK	10670919
4180	FUN_1801d1a60	1801d1a60	185	OK	10671840
4181	FUN_1801d1b20	1801d1b20	186	OK	10672816
4182	FUN_1801d1be0	1801d1be0	203	OK	10673873
4183	FUN_1801d1cb0	1801d1cb0	195	OK	10675089
4184	FUN_1801d1d80	1801d1d80	512	OK	10678179
4185	FUN_1801d1f80	1801d1f80	596	OK	10681887
4186	FUN_1801d21e0	1801d21e0	1367	OK	10689219
4187	FUN_1801d2740	1801d2740	306	OK	10691145
4188	FUN_1801d2880	1801d2880	228	OK	10692391
4189	FUN_1801d2970	1801d2970	1682	OK	10703550
4190	FUN_1801d3010	1801d3010	279	OK	10705187
4191	FUN_1801d3130	1801d3130	608	OK	10709013
4192	FUN_1801d3390	1801d3390	631	OK	10711871
4193	FUN_1801d3610	1801d3610	136	OK	10712557
4194	FUN_1801d36a0	1801d36a0	35	OK	10712968
4195	FUN_1801d36d0	1801d36d0	574	OK	10716069
4196	FUN_1801d3910	1801d3910	270	OK	10717508
4197	FUN_1801d3a20	1801d3a20	68	OK	10718395
4198	FUN_1801d3a70	1801d3a70	310	OK	10720445
4199	FUN_1801d3bb0	1801d3bb0	157	OK	10721494
4200	FUN_1801d3c50	1801d3c50	336	OK	10723681
4201	FUN_1801d3da0	1801d3da0	393	OK	10725845
4202	FUN_1801d3f30	1801d3f30	430	OK	10728446
4203	FUN_1801d40e0	1801d40e0	358	OK	10730111
4204	FUN_1801d4250	1801d4250	359	OK	10731760
4205	FUN_1801d43c0	1801d43c0	346	OK	10733917
4206	FUN_1801d4520	1801d4520	1974	OK	10745771
4207	FUN_1801d4ce0	1801d4ce0	31	OK	10746206
4208	FUN_1801d4d00	1801d4d00	165	OK	10747275
4209	FUN_1801d4db0	1801d4db0	188	OK	10748221
4210	FUN_1801d4e70	1801d4e70	1371	OK	10755260
4211	FUN_1801d53d0	1801d53d0	289	OK	10756838
4212	FUN_1801d5500	1801d5500	2663	OK	10774566
4213	FUN_1801d5f70	1801d5f70	1407	OK	10781939
4214	FUN_1801d64f0	1801d64f0	320	OK	10783834
4215	FUN_1801d6630	1801d6630	909	OK	10790215
4216	FUN_1801d69c0	1801d69c0	464	OK	10793281
4217	FUN_1801d6b90	1801d6b90	143	OK	10793885
4218	FUN_1801d6c20	1801d6c20	525	OK	10797286
4219	FUN_1801d6e30	1801d6e30	405	OK	10799829
4220	FUN_1801d6fd0	1801d6fd0	125	OK	10800655
4221	FUN_1801d7050	1801d7050	90	OK	10801752
4222	FUN_1801d70b0	1801d70b0	374	OK	10803595
4223	FUN_1801d7230	1801d7230	282	OK	10805029
4224	FUN_1801d7350	1801d7350	1016	OK	10810011
4225	FUN_1801d7750	1801d7750	123	OK	10810548
4226	FUN_1801d77d0	1801d77d0	127	OK	10811096
4227	FUN_1801d7850	1801d7850	189	OK	10812170
4228	FUN_1801d7910	1801d7910	150	OK	10812769
4229	FUN_1801d79b0	1801d79b0	118	OK	10813281
4230	FUN_1801d7a30	1801d7a30	169	OK	10813923
4231	FUN_1801d7ae0	1801d7ae0	190	OK	10814954
4232	FUN_1801d7ba0	1801d7ba0	118	OK	10815467
4233	FUN_1801d7c20	1801d7c20	189	OK	10816541
4234	FUN_1801d7ce0	1801d7ce0	118	OK	10817054
4235	FUN_1801d7d60	1801d7d60	118	OK	10817567
4236	FUN_1801d7de0	1801d7de0	118	OK	10818080
4237	FUN_1801d7e60	1801d7e60	189	OK	10819154
4238	FUN_1801d7f20	1801d7f20	190	OK	10820185
4239	FUN_1801d7fe0	1801d7fe0	840	OK	10824527
4240	FUN_1801d8330	1801d8330	383	OK	10826833
4241	FUN_1801d84b0	1801d84b0	100	OK	10827496
4242	FUN_1801d8520	1801d8520	100	OK	10828159
4243	FUN_1801d8590	1801d8590	170	OK	10829222
4244	FUN_1801d8640	1801d8640	137	OK	10829958
4245	FUN_1801d86d0	1801d86d0	125	OK	10830808
4246	FUN_1801d8750	1801d8750	1076	OK	10835865
4247	FUN_1801d8b90	1801d8b90	211	OK	10837343
4248	FUN_1801d8c70	1801d8c70	139	OK	10838210
4249	FUN_1801d8d00	1801d8d00	183	OK	10838989
4250	FUN_1801d8dc0	1801d8dc0	226	OK	10840250
4251	FUN_1801d8eb0	1801d8eb0	378	OK	10842828
4252	FUN_1801d9030	1801d9030	93	OK	10843282
4253	FUN_1801d9090	1801d9090	55	OK	10843718
4254	FUN_1801d90d0	1801d90d0	149	OK	10844807
4255	FUN_1801d9170	1801d9170	75	OK	10845289
4256	FUN_1801d91c0	1801d91c0	64	OK	10845670
4257	FUN_1801d9200	1801d9200	385	OK	10847884
4258	FUN_1801d9390	1801d9390	384	OK	10850056
4259	FUN_1801d9520	1801d9520	160	OK	10850996
4260	FUN_1801d95c0	1801d95c0	703	OK	10855611
4261	FUN_1801d9880	1801d9880	1146	OK	10861640
4262	FUN_1801d9d00	1801d9d00	912	OK	10865982
4263	FUN_1801da090	1801da090	318	OK	10867709
4264	FUN_1801da1d0	1801da1d0	28854	FAILED	10867818
4265	FUN_1801e1290	1801e1290	1408	OK	10874287
4266	FUN_1801e1900	1801e1900	264	OK	10875485
4267	FUN_1801e1a10	1801e1a10	280	OK	10877142
4268	FUN_1801e1b30	1801e1b30	159	OK	10877918
4269	FUN_1801e1bd0	1801e1bd0	338	OK	10879957
4270	FUN_1801e1d30	1801e1d30	112	OK	10880477
4271	FUN_1801e1da0	1801e1da0	190	OK	10881781
4272	FUN_1801e1e60	1801e1e60	189	OK	10882784
4273	FUN_1801e1f20	1801e1f20	485	OK	10886225
4274	FUN_1801e2110	1801e2110	189	OK	10887228
4275	FUN_1801e21d0	1801e21d0	485	OK	10890681
4276	FUN_1801e23c0	1801e23c0	476	OK	10893458
4277	FUN_1801e25a0	1801e25a0	476	OK	10896225
4278	FUN_1801e2780	1801e2780	476	OK	10898972
4279	FUN_1801e2960	1801e2960	477	OK	10901736
4280	FUN_1801e2b40	1801e2b40	477	OK	10904482
4281	FUN_1801e2d20	1801e2d20	477	OK	10907252
4282	FUN_1801e2f00	1801e2f00	483	OK	10910043
4283	FUN_1801e30f0	1801e30f0	209	OK	10911254
4284	FUN_1801e31d0	1801e31d0	214	OK	10912426
4285	FUN_1801e32b0	1801e32b0	189	OK	10913429
4286	FUN_1801e3370	1801e3370	592	OK	10916483
4287	FUN_1801e35c0	1801e35c0	461	OK	10919670
4288	FUN_1801e3790	1801e3790	469	OK	10922186
4289	FUN_1801e3970	1801e3970	189	OK	10923189
4290	FUN_1801e3a30	1801e3a30	307	OK	10924874
4291	FUN_1801e3b70	1801e3b70	483	OK	10927667
4292	FUN_1801e3d60	1801e3d60	1094	OK	10936341
4293	FUN_1801e41b0	1801e41b0	804	OK	10942163
4294	FUN_1801e44e0	1801e44e0	779	OK	10947474
4295	FUN_1801e47f0	1801e47f0	740	OK	10952195
4296	FUN_1801e4ae0	1801e4ae0	798	OK	10957627
4297	FUN_1801e4e00	1801e4e00	859	OK	10963438
4298	FUN_1801e5160	1801e5160	702	OK	10968303
4299	FUN_1801e5420	1801e5420	740	OK	10973023
4300	FUN_1801e5710	1801e5710	680	OK	10977130
4301	FUN_1801e59c0	1801e59c0	769	OK	10982660
4302	FUN_1801e5cd0	1801e5cd0	890	OK	10988321
4303	FUN_1801e6050	1801e6050	164	OK	10989519
4304	FUN_1801e6100	1801e6100	231	OK	10991192
4305	FUN_1801e61f0	1801e61f0	270	OK	10992559
4306	FUN_1801e6300	1801e6300	134	OK	10993465
4307	FUN_1801e6390	1801e6390	426	OK	10995916
4308	FUN_1801e6540	1801e6540	539	OK	10998063
4309	FUN_1801e6760	1801e6760	538	OK	11000627
4310	FUN_1801e6980	1801e6980	516	OK	11003242
4311	FUN_1801e6b90	1801e6b90	402	OK	11005665
4312	FUN_1801e6d30	1801e6d30	632	OK	11009514
4313	FUN_1801e6fb0	1801e6fb0	104	OK	11010310
4314	FUN_1801e7020	1801e7020	107	OK	11011079
4315	FUN_1801e7090	1801e7090	107	OK	11011848
4316	FUN_1801e7100	1801e7100	153	OK	11013090
4317	FUN_1801e71a0	1801e71a0	819	OK	11019726
4318	FUN_1801e74e0	1801e74e0	289	OK	11021612
4319	FUN_1801e7610	1801e7610	395	OK	11023818
4320	FUN_1801e77a0	1801e77a0	768	OK	11027789
4321	FUN_1801e7aa0	1801e7aa0	392	OK	11030608
4322	FUN_1801e7c30	1801e7c30	75	OK	11030917
4323	FUN_1801e7c80	1801e7c80	134	OK	11032505
4324	FUN_1801e7d10	1801e7d10	330	OK	11034271
4325	FUN_1801e7e60	1801e7e60	136	OK	11035271
4326	FUN_1801e7ef0	1801e7ef0	139	OK	11036268
4327	FUN_1801e7f80	1801e7f80	300	OK	11038102
4328	FUN_1801e80b0	1801e80b0	117	OK	11038660
4329	FUN_1801e8130	1801e8130	537	OK	11041103
4330	FUN_1801e8350	1801e8350	618	OK	11045131
4331	vector<CHN*___ptr64,std::allocator<CHN*___ptr64>_>	1801e85c0	142	OK	11046551
4332	FUN_1801e8650	1801e8650	136	OK	11047136
4333	FUN_1801e86e0	1801e86e0	230	OK	11048247
4334	FUN_1801e87d0	1801e87d0	1408	OK	11055844
4335	FUN_1801e8d60	1801e8d60	266	OK	11057008
4336	FUN_1801e8e70	1801e8e70	121	OK	11058089
4337	FUN_1801e8ef0	1801e8ef0	227	OK	11059201
4338	FUN_1801e8fe0	1801e8fe0	139	OK	11059996
4339	FUN_1801e9070	1801e9070	55	OK	11060300
4340	FUN_1801e90b0	1801e90b0	78	OK	11060621
4341	FUN_1801e9100	1801e9100	136	OK	11061307
4342	FUN_1801e9190	1801e9190	231	OK	11062845
4343	FUN_1801e9280	1801e9280	530	OK	11066371
4344	FUN_1801e94a0	1801e94a0	261	OK	11067904
4345	FUN_1801e95b0	1801e95b0	48	OK	11068288
4346	FUN_1801e95e0	1801e95e0	49	OK	11068669
4347	FUN_1801e9620	1801e9620	283	OK	11070095
4348	FUN_1801e9740	1801e9740	122	OK	11070886
4349	FUN_1801e97c0	1801e97c0	280	OK	11072279
4350	FUN_1801e98e0	1801e98e0	234	OK	11073667
4351	FUN_1801e99d0	1801e99d0	230	OK	11075036
4352	FUN_1801e9ac0	1801e9ac0	238	OK	11076443
4353	FUN_1801e9bb0	1801e9bb0	340	OK	11078368
4354	FUN_1801e9d10	1801e9d10	240	OK	11079765
4355	FUN_1801e9e10	1801e9e10	232	OK	11081124
4356	FUN_1801e9f00	1801e9f00	608	OK	11083819
4357	FUN_1801ea160	1801ea160	1082	OK	11088222
4358	FUN_1801ea5a0	1801ea5a0	1594	OK	11094380
4359	FUN_1801eabe0	1801eabe0	997	OK	11099320
4360	FUN_1801eafd0	1801eafd0	696	OK	11102279
4361	FUN_1801eb290	1801eb290	1127	OK	11106788
4362	FUN_1801eb700	1801eb700	750	OK	11110194
4363	FUN_1801eb9f0	1801eb9f0	560	OK	11112720
4364	FUN_1801ebc20	1801ebc20	270	OK	11114078
4365	FUN_1801ebd30	1801ebd30	667	OK	11117788
4366	FUN_1801ebfd0	1801ebfd0	540	OK	11120205
4367	FUN_1801ec1f0	1801ec1f0	609	OK	11122922
4368	FUN_1801ec460	1801ec460	766	OK	11126179
4369	FUN_1801ec760	1801ec760	1900	OK	11138572
4370	FUN_1801eced0	1801eced0	709	OK	11141584
4371	FUN_1801ed1a0	1801ed1a0	2409	OK	11151463
4372	FUN_1801edb10	1801edb10	107	OK	11152227
4373	FUN_1801edb80	1801edb80	125	OK	11153063
4374	FUN_1801edc00	1801edc00	52	OK	11153323
4375	FUN_1801edc40	1801edc40	143	OK	11154242
4376	FUN_1801edcd0	1801edcd0	1738	OK	11164676
4377	FUN_1801ee3a0	1801ee3a0	1800	OK	11176273
4378	FUN_1801eeaf0	1801eeaf0	99	OK	11176648
4379	FUN_1801eeb60	1801eeb60	95	OK	11176973
4380	FUN_1801eebc0	1801eebc0	1200	OK	11184962
4381	FUN_1801ef080	1801ef080	149	OK	11185779
4382	FUN_1801ef140	1801ef140	48	OK	11186102
4383	FUN_1801ef170	1801ef170	796	OK	11190976
4384	FUN_1801ef490	1801ef490	92	OK	11191426
4385	FUN_1801ef4f0	1801ef4f0	90	OK	11191876
4386	FUN_1801ef550	1801ef550	997	OK	11197837
4387	FUN_1801ef940	1801ef940	650	OK	11202442
4388	FUN_1801efbd0	1801efbd0	1087	OK	11209103
4389	FUN_1801f0020	1801f0020	627	OK	11212713
4390	FUN_1801f02a0	1801f02a0	1131	OK	11219858
4391	FUN_1801f0710	1801f0710	1164	OK	11226029
4392	FUN_1801f0ba0	1801f0ba0	185	OK	11226925
4393	FUN_1801f0c60	1801f0c60	438	OK	11229320
4394	FUN_1801f0e20	1801f0e20	1375	OK	11237413
4395	FUN_1801f1390	1801f1390	371	OK	11239312
4396	FUN_1801f1510	1801f1510	543	OK	11242521
4397	FUN_1801f1730	1801f1730	1267	OK	11249939
4398	FUN_1801f1c90	1801f1c90	1097	OK	11256794
4399	FUN_1801f20e0	1801f20e0	448	OK	11259087
4400	FUN_1801f22a0	1801f22a0	3114	OK	11277295
4401	FUN_1801f2ed0	1801f2ed0	3151	OK	11296763
4402	FUN_1801f3b20	1801f3b20	1346	OK	11304610
4403	FUN_1801f4070	1801f4070	392	OK	11306618
4404	FUN_1801f4200	1801f4200	966	OK	11311314
4405	FUN_1801f45d0	1801f45d0	471	OK	11313914
4406	FUN_1801f47b0	1801f47b0	457	OK	11316000
4407	FUN_1801f4ad0	1801f4ad0	1131	OK	11322273
4408	FUN_1801f4f40	1801f4f40	725	OK	11326285
4409	FUN_1801f5220	1801f5220	1401	OK	11335854
4410	FUN_1801f57a0	1801f57a0	532	OK	11339336
4411	FUN_1801f59c0	1801f59c0	1330	OK	11346707
4412	FUN_1801f5f00	1801f5f00	1377	OK	11356276
4413	FUN_1801f6470	1801f6470	998	OK	11361876
4414	FUN_1801f6860	1801f6860	1015	OK	11367526
4415	FUN_1801f6c60	1801f6c60	1138	OK	11374369
4416	FUN_1801f70e0	1801f70e0	703	OK	11378982
4417	FUN_1801f73a0	1801f73a0	777	OK	11383795
4418	FUN_1801f76b0	1801f76b0	616	OK	11387634
4419	FUN_1801f7920	1801f7920	573	OK	11391052
4420	FUN_1801f7b60	1801f7b60	659	OK	11395062
4421	FUN_1801f7e00	1801f7e00	524	OK	11398531
4422	FUN_1801f8010	1801f8010	485	OK	11401540
4423	FUN_1801f8200	1801f8200	656	OK	11405610
4424	FUN_1801f8490	1801f8490	563	OK	11409335
4425	FUN_1801f86d0	1801f86d0	1333	OK	11416684
4426	FUN_1801f8c10	1801f8c10	799	OK	11420989
4427	FUN_1801f8f30	1801f8f30	524	OK	11424444
4428	FUN_1801f9140	1801f9140	481	OK	11427574
4429	FUN_1801f9330	1801f9330	426	OK	11429868
4430	FUN_1801f94e0	1801f94e0	572	OK	11432687
4431	FUN_1801f9720	1801f9720	162	OK	11433528
4432	FUN_1801f97d0	1801f97d0	2213	OK	11445613
4433	FUN_1801fa230	1801fa230	566	OK	11448889
4434	FUN_1801fa480	1801fa480	5314	OK	11489743
4435	FUN_1801fb970	1801fb970	1794	OK	11501438
4436	FUN_1801fc080	1801fc080	593	OK	11504540
4437	FUN_1801fc2e0	1801fc2e0	1355	OK	11514087
4438	FUN_1801fc830	1801fc830	1238	OK	11521693
4439	FUN_1801fcd10	1801fcd10	279	OK	11523383
4440	FUN_1801fce30	1801fce30	712	OK	11527570
4441	FUN_1801fd100	1801fd100	600	OK	11531103
4442	FUN_1801fd360	1801fd360	1309	OK	11537478
4443	FUN_1801fd880	1801fd880	2475	OK	11553327
4444	FUN_1801fe230	1801fe230	110	OK	11553850
4445	FUN_1801fe2a0	1801fe2a0	332	OK	11555885
4446	FUN_1801fe3f0	1801fe3f0	277	OK	11557399
4447	FUN_1801fe510	1801fe510	89	OK	11557957
4448	FUN_1801fe570	1801fe570	258	OK	11559319
4449	FUN_1801fe680	1801fe680	871	OK	11563906
4450	FUN_1801fe9f0	1801fe9f0	512	OK	11566429
4451	FUN_1801febf0	1801febf0	1697	OK	11580777
4452	FUN_1801ff2a0	1801ff2a0	3648	OK	11598366
4453	FUN_1802001d0	1802001d0	256	OK	11599635
4454	FUN_1802002d0	1802002d0	3361	OK	11618653
4455	FUN_180201000	180201000	495	OK	11621023
4456	FUN_1802011f0	1802011f0	918	OK	11626503
4457	FUN_180201590	180201590	534	OK	11629489
4458	FUN_1802017b0	1802017b0	338	OK	11631475
4459	FUN_180201910	180201910	203	OK	11632381
4460	FUN_1802019e0	1802019e0	485	OK	11635294
4461	FUN_180201bd0	180201bd0	323	OK	11637145
4462	FUN_180201d20	180201d20	449	OK	11640172
4463	FUN_180201ef0	180201ef0	1285	OK	11648147
4464	FUN_180202400	180202400	302	OK	11650185
4465	FUN_180202530	180202530	713	OK	11654211
4466	FUN_180202800	180202800	702	OK	11658062
4467	FUN_180202ac0	180202ac0	551	OK	11661003
4468	FUN_180202cf0	180202cf0	235	OK	11662191
4469	FUN_180202de0	180202de0	339	OK	11663949
4470	FUN_180202f40	180202f40	1669	OK	11671122
4471	FUN_180203680	180203680	2027	OK	11684706
4472	FUN_180203e70	180203e70	203	OK	11685895
4473	FUN_180203f40	180203f40	1579	OK	11695312
4474	FUN_180204590	180204590	896	OK	11701472
4475	FUN_180204920	180204920	460	OK	11703959
4476	FUN_180204af0	180204af0	1110	OK	11710252
4477	FUN_180205030	180205030	1450	OK	11720311
4478	FUN_1802055e0	1802055e0	1520	OK	11730224
4479	FUN_180205be0	180205be0	572	OK	11733755
4480	FUN_180205ee0	180205ee0	262	OK	11735185
4481	FUN_180205ff0	180205ff0	400	OK	11737181
4482	FUN_180206180	180206180	113	OK	11737806
4483	FUN_180206200	180206200	1834	OK	11750926
4484	FUN_180206930	180206930	1316	OK	11758376
4485	FUN_180206e60	180206e60	161	OK	11759204
4486	FUN_180206f20	180206f20	1227	OK	11766871
4487	FUN_1802073f0	1802073f0	639	OK	11770603
4488	FUN_180207670	180207670	424	OK	11772899
4489	FUN_180207820	180207820	825	OK	11777826
4490	FUN_180207b60	180207b60	191	OK	11778860
4491	FUN_180207c20	180207c20	862	OK	11784051
4492	FUN_180207f80	180207f80	200	OK	11785016
4493	FUN_180208050	180208050	1135	OK	11792050
4494	FUN_1802084d0	1802084d0	532	OK	11795221
4495	FUN_1802086f0	1802086f0	576	OK	11797988
4496	FUN_180208930	180208930	505	OK	11800500
4497	FUN_180208b30	180208b30	403	OK	11803234
4498	FUN_180208cd0	180208cd0	4371	OK	11828724
4499	FUN_180209df0	180209df0	694	OK	11833131
4500	FUN_18020a0b0	18020a0b0	977	OK	11838887
4501	FUN_18020a490	18020a490	478	OK	11841736
4502	FUN_18020a670	18020a670	118	OK	11842543
4503	FUN_18020a6f0	18020a6f0	370	OK	11844561
4504	FUN_18020a870	18020a870	545	OK	11847422
4505	FUN_18020aaa0	18020aaa0	962	OK	11853152
4506	FUN_18020ae70	18020ae70	1423	OK	11862368
4507	FUN_18020b400	18020b400	838	OK	11868151
4508	FUN_18020b750	18020b750	86	OK	11868778
4509	FUN_18020b7b0	18020b7b0	1301	OK	11877457
4510	FUN_18020be00	18020be00	990	OK	11883322
4511	FUN_18020c1e0	18020c1e0	42	OK	11883650
4512	FUN_18020c210	18020c210	199	OK	11884559
4513	FUN_18020c2e0	18020c2e0	2154	OK	11900140
4514	FUN_18020cb50	18020cb50	1099	OK	11907007
4515	FUN_18020cfa0	18020cfa0	1047	OK	11913305
4516	FUN_18020d3f0	18020d3f0	1387	OK	11922628
4517	FUN_18020d960	18020d960	205	OK	11923523
4518	FUN_18020da30	18020da30	129	OK	11924207
4519	FUN_18020dac0	18020dac0	519	OK	11927175
4520	FUN_18020dcd0	18020dcd0	862	OK	11932213
4521	FUN_18020e030	18020e030	380	OK	11934240
4522	FUN_18020e1b0	18020e1b0	1029	OK	11940999
4523	FUN_18020e5c0	18020e5c0	492	OK	11943766
4524	FUN_18020e7b0	18020e7b0	622	OK	11947445
4525	FUN_18020ea20	18020ea20	1046	OK	11954893
4526	FUN_18020ee40	18020ee40	9776	OK	12013074
4527	FUN_1802116c0	1802116c0	282	OK	12014770
4528	FUN_1802117e0	1802117e0	1277	OK	12024324
4529	FUN_180211ce0	180211ce0	634	OK	12028061
4530	FUN_180211f60	180211f60	870	OK	12033760
4531	FUN_1802122d0	1802122d0	2130	OK	12048678
4532	FUN_180212b30	180212b30	4319	OK	12074366
4533	FUN_180213c20	180213c20	109	OK	12075268
4534	FUN_180213c90	180213c90	128	OK	12076167
4535	FUN_180213d10	180213d10	915	OK	12083392
4536	FUN_1802140b0	1802140b0	85	OK	12084252
4537	FUN_180214110	180214110	89	OK	12085122
4538	FUN_180214170	180214170	215	OK	12086188
4539	FUN_180214250	180214250	193	OK	12087292
4540	FUN_180214320	180214320	111	OK	12088522
4541	FUN_180214390	180214390	156	OK	12090422
4542	FUN_180214430	180214430	46	OK	12090875
4543	FUN_180214460	180214460	109	OK	12091678
4544	FUN_1802144d0	1802144d0	1319	OK	12102255
4545	FUN_180214a00	180214a00	58	OK	12102617
4546	FUN_180214a40	180214a40	477	OK	12105019
4547	FUN_180214c20	180214c20	259	OK	12106102
4548	FUN_180214d30	180214d30	136	OK	12107018
4549	FUN_180214dc0	180214dc0	209	OK	12108469
4550	FUN_180214ea0	180214ea0	568	OK	12112590
4551	FUN_1802150e0	1802150e0	560	OK	12116497
4552	FUN_180215310	180215310	560	OK	12120404
4553	FUN_180215540	180215540	183	OK	12121719
4554	FUN_180215600	180215600	142	OK	12122678
4555	FUN_180215690	180215690	469	OK	12125327
4556	FUN_180215870	180215870	36	OK	12125723
4557	FUN_1802158a0	1802158a0	575	OK	12129768
4558	FUN_180215af0	180215af0	1249	OK	12138360
4559	FUN_180215fe0	180215fe0	308	OK	12140188
4560	FUN_180216120	180216120	283	OK	12141612
4561	FUN_180216240	180216240	369	OK	12143636
4562	FUN_1802163c0	1802163c0	399	OK	12146364
4563	FUN_180216560	180216560	422	OK	12149191
4564	FUN_180216710	180216710	147	OK	12150250
4565	FUN_1802167b0	1802167b0	83	OK	12151055
4566	FUN_180216810	180216810	204	OK	12152017
4567	FUN_1802168e0	1802168e0	1209	OK	12158914
4568	FUN_180216da0	180216da0	1980	OK	12170704
4569	FUN_180217560	180217560	444	OK	12173253
4570	FUN_180217720	180217720	100	OK	12173840
4571	FUN_1802177d0	1802177d0	65	OK	12174128
4572	FUN_180217820	180217820	1012	OK	12180690
4573	FUN_180217c20	180217c20	63	OK	12181213
4574	FUN_180217c60	180217c60	50	OK	12181667
4575	FUN_180217ca0	180217ca0	1247	OK	12190098
4576	FUN_180218180	180218180	36	OK	12190336
4577	FUN_1802181b0	1802181b0	187	OK	12191403
4578	FUN_180218270	180218270	143	OK	12192295
4579	FUN_180218300	180218300	169	OK	12193068
4580	FUN_1802183b0	1802183b0	1575	OK	12202525
4581	FUN_1802189e0	1802189e0	402	OK	12204948
4582	FUN_180218b80	180218b80	542	OK	12208253
4583	FUN_180218da0	180218da0	469	OK	12211029
4584	FUN_180218f80	180218f80	208	OK	12213092
4585	FUN_180219050	180219050	926	OK	12219469
4586	FUN_1802193f0	1802193f0	317	OK	12221819
4587	FUN_180219530	180219530	747	OK	12225779
4588	FUN_180219820	180219820	36	OK	12226017
4589	FUN_180219850	180219850	182	OK	12226909
4590	FUN_180219910	180219910	181	OK	12227940
4591	FUN_1802199d0	1802199d0	792	OK	12232018
4592	FUN_180219cf0	180219cf0	113	OK	12232821
4593	FUN_180219d70	180219d70	552	OK	12236017
4594	FUN_180219fa0	180219fa0	15	OK	12236215
4595	FUN_180219fb0	180219fb0	35	OK	12236583
4596	FUN_180219fe0	180219fe0	182	OK	12237401
4597	FUN_18021a0a0	18021a0a0	1131	OK	12243312
4598	FUN_18021a510	18021a510	3066	OK	12261211
4599	FUN_18021b110	18021b110	642	OK	12264644
4600	FUN_18021b3a0	18021b3a0	1880	OK	12273005
4601	FUN_18021bb00	18021bb00	36	OK	12273243
4602	FUN_18021bb30	18021bb30	181	OK	12274274
4603	FUN_18021bbf0	18021bbf0	92	OK	12274846
4604	FUN_18021bc50	18021bc50	2471	OK	12289728
4605	FUN_18021c600	18021c600	750	OK	12293853
4606	FUN_18021c8f0	18021c8f0	199	OK	12295050
4607	FUN_18021c9c0	18021c9c0	169	OK	12295829
4608	FUN_18021ca70	18021ca70	299	OK	12297171
4609	FUN_18021cba0	18021cba0	871	OK	12302243
4610	FUN_18021cf10	18021cf10	36	OK	12302481
4611	FUN_18021cf40	18021cf40	181	OK	12303512
4612	FUN_18021d000	18021d000	312	OK	12305344
4613	FUN_18021d140	18021d140	109	OK	12306198
4614	FUN_18021d1b0	18021d1b0	618	OK	12308973
4615	FUN_18021d420	18021d420	516	OK	12312317
4616	FUN_18021d630	18021d630	402	OK	12314738
4617	FUN_18021d7d0	18021d7d0	651	OK	12318726
4618	FUN_18021da60	18021da60	481	OK	12321657
4619	FUN_18021dc50	18021dc50	448	OK	12324189
4620	FUN_18021de20	18021de20	754	OK	12328502
4621	FUN_18021e120	18021e120	508	OK	12331362
4622	FUN_18021e320	18021e320	131	OK	12332250
4623	FUN_18021e3b0	18021e3b0	190	OK	12333096
4624	FUN_18021e470	18021e470	2223	OK	12346019
4625	FUN_18021ed20	18021ed20	257	OK	12347637
4626	FUN_18021ee30	18021ee30	346	OK	12349706
4627	FUN_18021ef90	18021ef90	714	OK	12352935
4628	FUN_18021f260	18021f260	2440	OK	12368294
4629	FUN_18021fbf0	18021fbf0	403	OK	12370300
4630	FUN_18021fd90	18021fd90	4158	OK	12400613
4631	FUN_180220dd0	180220dd0	223	OK	12401660
4632	FUN_180220eb0	180220eb0	431	OK	12403422
4633	FUN_180221060	180221060	453	OK	12405463
4634	FUN_180221230	180221230	175	OK	12406116
4635	FUN_1802212e0	1802212e0	63	OK	12406541
4636	FUN_180221320	180221320	82	OK	12406797
4637	FUN_180221380	180221380	188	OK	12407700
4638	FUN_180221440	180221440	260	OK	12408879
4639	FUN_180221550	180221550	54	OK	12409194
4640	FUN_180221590	180221590	251	OK	12410558
4641	FUN_1802216a0	1802216a0	556	OK	12413753
4642	FUN_1802218d0	1802218d0	814	OK	12419160
4643	FUN_180221c00	180221c00	1207	OK	12427169
4644	FUN_1802220c0	1802220c0	251	OK	12428529
4645	FUN_1802221c0	1802221c0	675	OK	12432072
4646	FUN_180222470	180222470	2687	OK	12447903
4647	FUN_180222f00	180222f00	42	OK	12448147
4648	FUN_180222f30	180222f30	273	OK	12449713
4649	FUN_180223050	180223050	193	OK	12450732
4650	FUN_180223120	180223120	840	OK	12455406
4651	FUN_180223470	180223470	1028	OK	12460275
4652	FUN_180223880	180223880	1350	OK	12469165
4653	FUN_180223dd0	180223dd0	1932	OK	12479262
4654	FUN_180224560	180224560	918	OK	12485257
4655	FUN_180224900	180224900	307	OK	12486791
4656	FUN_180224a40	180224a40	2152	OK	12500448
4657	FUN_1802252b0	1802252b0	231	OK	12501734
4658	FUN_1802253a0	1802253a0	236	OK	12502935
4659	FUN_180225490	180225490	24	OK	12503230
4660	FUN_1802254b0	1802254b0	38	OK	12503508
4661	FUN_1802254e0	1802254e0	29	OK	12503784
4662	FUN_180225500	180225500	516	OK	12506987
4663	FUN_180225710	180225710	531	OK	12509725
4664	FUN_180225930	180225930	507	OK	12512932
4665	FUN_180225b30	180225b30	122	OK	12513496
4666	FUN_180225bb0	180225bb0	154	OK	12514331
4667	FUN_180225c50	180225c50	52	OK	12514650
4668	FUN_180225c90	180225c90	381	OK	12516278
4669	FUN_180225e10	180225e10	591	OK	12519619
4670	FUN_180226060	180226060	607	OK	12523346
4671	FUN_1802262c0	1802262c0	383	OK	12525349
4672	FUN_180226440	180226440	87	OK	12526041
4673	FUN_1802264a0	1802264a0	236	OK	12527422
4674	FUN_180226590	180226590	134	OK	12528194
4675	FUN_180226620	180226620	731	OK	12531337
4676	FUN_180226900	180226900	54	OK	12531714
4677	FUN_180226940	180226940	42	OK	12532135
4678	FUN_180226970	180226970	18	OK	12532420
4679	FUN_180226990	180226990	12	OK	12532700
4680	FUN_1802269a0	1802269a0	78	OK	12533216
4681	FUN_1802269f0	1802269f0	55	OK	12533619
4682	FUN_180226a30	180226a30	29	OK	12533948
4683	FUN_180226a50	180226a50	65	OK	12534304
4684	FUN_180226aa0	180226aa0	422	OK	12536897
4685	FUN_180226c50	180226c50	232	OK	12538274
4686	FUN_180226d40	180226d40	58	OK	12538725
4687	FUN_180226d80	180226d80	102	OK	12539668
4688	FUN_180226df0	180226df0	81	OK	12540264
4689	FUN_180226e50	180226e50	3109	OK	12557525
4690	FUN_180227a80	180227a80	1287	OK	12565115
4691	FUN_180227f90	180227f90	2976	OK	12582766
4692	FUN_180228b30	180228b30	824	OK	12587872
4693	FUN_180228e70	180228e70	5106	OK	12617343
4694	FUN_18022a350	18022a350	69	OK	12617630
4695	FUN_18022a3a0	18022a3a0	52	OK	12618015
4696	FUN_18022a430	18022a430	62	OK	12618432
4697	FUN_18022a470	18022a470	142	OK	12619139
4698	FUN_18022a500	18022a500	16	OK	12619354
4699	FUN_18022a510	18022a510	527	OK	12622268
4700	FUN_18022a720	18022a720	118	OK	12622996
4701	FUN_18022a7a0	18022a7a0	15	OK	12623244
4702	FUN_18022a7b0	18022a7b0	29	OK	12623480
4703	FUN_18022a7d0	18022a7d0	300	OK	12625104
4704	FUN_18022a900	18022a900	52	OK	12625571
4705	FUN_18022a940	18022a940	117	OK	12626378
4706	FUN_18022a9c0	18022a9c0	66	OK	12626887
4707	FUN_18022aa10	18022aa10	107	OK	12627546
4708	FUN_18022aa80	18022aa80	114	OK	12628164
4709	FUN_18022ab00	18022ab00	56	OK	12628719
4710	FUN_18022ab40	18022ab40	107	OK	12629458
4711	FUN_18022abb0	18022abb0	314	OK	12631504
4712	FUN_18022acf0	18022acf0	233	OK	12633053
4713	FUN_18022ade0	18022ade0	137	OK	12633710
4714	FUN_18022ae70	18022ae70	40	OK	12634096
4715	FUN_18022aea0	18022aea0	198	OK	12635194
4716	FUN_18022af70	18022af70	306	OK	12636695
4717	FUN_18022b0b0	18022b0b0	129	OK	12637448
4718	FUN_18022b140	18022b140	95	OK	12637976
4719	FUN_18022b1a0	18022b1a0	137	OK	12638657
4720	FUN_18022b230	18022b230	137	OK	12639338
4721	FUN_18022b2c0	18022b2c0	253	OK	12640605
4722	FUN_18022b3c0	18022b3c0	254	OK	12641740
4723	FUN_18022b4c0	18022b4c0	151	OK	12642502
4724	FUN_18022b560	18022b560	1553	OK	12651729
4725	FUN_18022bb80	18022bb80	3631	OK	12678147
4726	FUN_18022c9c0	18022c9c0	366	OK	12679793
4727	FUN_18022cb30	18022cb30	294	OK	12681090
4728	FUN_18022cc60	18022cc60	156	OK	12681757
4729	FUN_18022cd00	18022cd00	624	OK	12685908
4730	FUN_18022cf70	18022cf70	477	OK	12689104
4731	FUN_18022d150	18022d150	1826	OK	12700245
4732	FUN_18022d880	18022d880	449	OK	12702716
4733	FUN_18022da50	18022da50	505	OK	12705675
4734	FUN_18022dc50	18022dc50	821	OK	12710879
4735	FUN_18022df90	18022df90	452	OK	12713262
4736	FUN_18022e160	18022e160	2104	OK	12724292
4737	FUN_18022e9b0	18022e9b0	140	OK	12725025
4738	FUN_18022ea40	18022ea40	637	OK	12730315
4739	FUN_18022ecc0	18022ecc0	809	OK	12734684
4740	FUN_18022f050	18022f050	221	OK	12735594
4741	FUN_18022f130	18022f130	918	OK	12740473
4742	FUN_18022f4d0	18022f4d0	1177	OK	12746391
4743	FUN_18022f970	18022f970	2591	OK	12762376
4744	FUN_180230390	180230390	550	OK	12764919
4745	FUN_180230630	180230630	177	OK	12765936
4746	FUN_1802306f0	1802306f0	721	OK	12769326
4747	FUN_180230a00	180230a00	168	OK	12770084
4748	FUN_180230ab0	180230ab0	760	OK	12774192
4749	FUN_180230db0	180230db0	256	OK	12775689
4750	FUN_180230eb0	180230eb0	244	OK	12777103
4751	FUN_180230fb0	180230fb0	352	OK	12778974
4752	FUN_180231110	180231110	443	OK	12781526
4753	FUN_1802312d0	1802312d0	531	OK	12784129
4754	FUN_1802314f0	1802314f0	227	OK	12785422
4755	FUN_1802315e0	1802315e0	354	OK	12787327
4756	FUN_180231750	180231750	603	OK	12790733
4757	FUN_1802319b0	1802319b0	191	OK	12791821
4758	FUN_180231a70	180231a70	263	OK	12793058
4759	FUN_180231b80	180231b80	965	OK	12799558
4760	FUN_180231f50	180231f50	137	OK	12800303
4761	FUN_180231fe0	180231fe0	15	OK	12800560
4762	FUN_180231ff0	180231ff0	1925	OK	12812430
4763	FUN_180232780	180232780	330	OK	12814334
4764	FUN_1802328d0	1802328d0	508	OK	12817185
4765	FUN_180232ad0	180232ad0	85	OK	12817836
4766	FUN_180232b30	180232b30	1342	OK	12826504
4767	FUN_180233070	180233070	645	OK	12830133
4768	FUN_180233300	180233300	280	OK	12831736
4769	FUN_180233420	180233420	1477	OK	12840337
4770	FUN_1802339f0	1802339f0	830	OK	12844355
4771	FUN_180233d30	180233d30	476	OK	12846653
4772	FUN_180233f10	180233f10	186	OK	12847697
4773	FUN_180233fd0	180233fd0	483	OK	12850681
4774	FUN_1802341c0	1802341c0	154	OK	12851722
4775	FUN_180234260	180234260	1063	OK	12858608
4776	FUN_180234690	180234690	145	OK	12859335
4777	FUN_180234730	180234730	597	OK	12862411
4778	FUN_180234990	180234990	840	OK	12867348
4779	FUN_180234d20	180234d20	229	OK	12868759
4780	FUN_180234e10	180234e10	269	OK	12869916
4781	FUN_180234f20	180234f20	889	OK	12876281
4782	FUN_1802352a0	1802352a0	253	OK	12877739
4783	FUN_1802353a0	1802353a0	345	OK	12879666
4784	FUN_180235500	180235500	106	OK	12880141
4785	FUN_180235570	180235570	554	OK	12882803
4786	FUN_1802357a0	1802357a0	1637	OK	12895867
4787	FUN_180235e10	180235e10	691	OK	12899631
4788	FUN_1802360d0	1802360d0	367	OK	12902435
4789	FUN_180236240	180236240	456	OK	12904524
4790	FUN_180236410	180236410	2107	OK	12920613
4791	FUN_180236c50	180236c50	174	OK	12922014
4792	FUN_180236d00	180236d00	680	OK	12926893
4793	FUN_180236ff0	180236ff0	398	OK	12928726
4794	FUN_180237180	180237180	1379	OK	12935822
4795	FUN_1802376f0	1802376f0	756	OK	12940782
4796	FUN_1802379f0	1802379f0	953	OK	12945499
4797	FUN_180237db0	180237db0	262	OK	12946752
4798	FUN_180237ec0	180237ec0	256	OK	12948498
4799	FUN_180237fc0	180237fc0	690	OK	12952267
4800	FUN_180238280	180238280	1105	OK	12960331
4801	FUN_1802386e0	1802386e0	676	OK	12964113
4802	FUN_180238990	180238990	664	OK	12968314
4803	FUN_180238c30	180238c30	91	OK	12968705
4804	FUN_180238c90	180238c90	2859	OK	12987714
4805	FUN_1802397c0	1802397c0	526	OK	12989998
4806	FUN_1802399d0	1802399d0	226	OK	12991034
4807	FUN_180239ac0	180239ac0	605	OK	12993409
4808	FUN_180239d20	180239d20	529	OK	12995829
4809	FUN_180239f40	180239f40	194	OK	12996909
4810	FUN_18023a010	18023a010	225	OK	12997858
4811	FUN_18023a100	18023a100	29	OK	12998151
4812	FUN_18023a120	18023a120	166	OK	12999242
4813	FUN_18023a1d0	18023a1d0	41	OK	12999685
4814	FUN_18023a200	18023a200	73	OK	13000071
4815	FUN_18023a250	18023a250	186	OK	13000974
4816	FUN_18023a310	18023a310	63	OK	13001798
4817	FUN_18023a350	18023a350	356	OK	13003859
4818	FUN_18023a4c0	18023a4c0	14	OK	13004075
4819	FUN_18023a4d0	18023a4d0	4686	OK	13033828
4820	FUN_18023b720	18023b720	712	OK	13037550
4821	FUN_18023b9f0	18023b9f0	673	OK	13040516
4822	FUN_18023bca0	18023bca0	122	OK	13040948
4823	FUN_18023bd20	18023bd20	4209	OK	13067623
4824	FUN_18023cda0	18023cda0	69	OK	13067910
4825	FUN_18023cdf0	18023cdf0	435	OK	13069843
4826	FUN_18023cfb0	18023cfb0	575	OK	13072867
4827	FUN_18023d1f0	18023d1f0	503	OK	13075255
4828	FUN_18023d3f0	18023d3f0	256	OK	13076409
4829	FUN_18023d4f0	18023d4f0	2947	OK	13093748
4830	FUN_18023e080	18023e080	1286	OK	13101757
4831	FUN_18023e590	18023e590	600	OK	13105612
4832	FUN_18023e7f0	18023e7f0	12837	OK	13181019
4833	FUN_180241a20	180241a20	511	OK	13183396
4834	FUN_180241c20	180241c20	970	OK	13188985
4835	FUN_180241ff0	180241ff0	88	OK	13189597
4836	FUN_180242050	180242050	194	OK	13190696
4837	FUN_180242120	180242120	466	OK	13193237
4838	FUN_180242300	180242300	344	OK	13195321
4839	FUN_180242460	180242460	113	OK	13196124
4840	FUN_1802424e0	1802424e0	108	OK	13196690
4841	FUN_180242550	180242550	58	OK	13197060
4842	FUN_180242590	180242590	212	OK	13198279
4843	FUN_180242670	180242670	66	OK	13198612
4844	FUN_1802426c0	1802426c0	36	OK	13199233
4845	FUN_180242760	180242760	42	OK	13199549
4846	FUN_180242790	180242790	113	OK	13200237
4847	FUN_180242810	180242810	124	OK	13201002
4848	FUN_180242890	180242890	171	OK	13202151
4849	FUN_180242940	180242940	1369	OK	13209263
4850	FUN_180242ea0	180242ea0	18	OK	13209542
4851	FUN_180242ec0	180242ec0	49	OK	13209909
4852	FUN_180242f00	180242f00	45	OK	13210342
4853	FUN_180242f30	180242f30	755	OK	13214023
4854	FUN_180243230	180243230	77	OK	13214649
4855	FUN_180243280	180243280	29	OK	13214949
4856	FUN_1802432a0	1802432a0	1540	OK	13224982
4857	FUN_1802438b0	1802438b0	1447	OK	13234995
4858	FUN_180243e60	180243e60	373	OK	13237079
4859	FUN_180243fe0	180243fe0	117	OK	13237932
4860	FUN_180244060	180244060	99	OK	13238662
4861	FUN_1802440d0	1802440d0	102	OK	13239281
4862	FUN_180244140	180244140	102	OK	13239900
4863	FUN_1802441b0	1802441b0	377	OK	13242586
4864	FUN_180244330	180244330	102	OK	13243231
4865	FUN_1802443a0	1802443a0	597	OK	13245814
4866	FUN_180244600	180244600	570	OK	13248733
4867	FUN_180244840	180244840	592	OK	13252181
4868	FUN_180244a90	180244a90	1240	OK	13259936
4869	FUN_180244f70	180244f70	316	OK	13261754
4870	FUN_1802450b0	1802450b0	369	OK	13263778
4871	FUN_180245230	180245230	347	OK	13265836
4872	FUN_180245390	180245390	804	OK	13270380
4873	FUN_1802456c0	1802456c0	408	OK	13272550
4874	FUN_180245860	180245860	657	OK	13275546
4875	FUN_180245b00	180245b00	79	OK	13276211
4876	FUN_180245b50	180245b50	159	OK	13276993
4877	FUN_180245bf0	180245bf0	518	OK	13280125
4878	FUN_180245e00	180245e00	567	OK	13283665
4879	FUN_180246040	180246040	633	OK	13286639
4880	FUN_1802462c0	1802462c0	142	OK	13287324
4881	FUN_180246350	180246350	140	OK	13289343
4882	FUN_1802463e0	1802463e0	1680	OK	13301431
4883	FUN_180246a70	180246a70	1428	OK	13310401
4884	FUN_180247010	180247010	499	OK	13313589
4885	FUN_180247210	180247210	502	OK	13315987
4886	FUN_180247410	180247410	366	OK	13317698
4887	FUN_180247580	180247580	729	OK	13321415
4888	FUN_180247860	180247860	452	OK	13324199
4889	FUN_180247a30	180247a30	280	OK	13325575
4890	FUN_180247b50	180247b50	172	OK	13326976
4891	FUN_180247c00	180247c00	650	OK	13330543
4892	FUN_180247e90	180247e90	294	OK	13332150
4893	FUN_180247fc0	180247fc0	93	OK	13332725
4894	FUN_180248020	180248020	2976	OK	13352534
4895	FUN_180248bd0	180248bd0	1400	OK	13360196
4896	FUN_180249150	180249150	257	OK	13361884
4897	FUN_180249260	180249260	220	OK	13363432
4898	FUN_180249340	180249340	245	OK	13364786
4899	FUN_180249440	180249440	547	OK	13367742
4900	FUN_180249670	180249670	738	OK	13371513
4901	FUN_180249960	180249960	146	OK	13372300
4902	FUN_180249a00	180249a00	113	OK	13373383
4903	FUN_180249a80	180249a80	1538	OK	13382049
4904	FUN_18024a090	18024a090	668	OK	13386930
4905	FUN_18024a330	18024a330	618	OK	13390231
4906	FUN_18024a5a0	18024a5a0	346	OK	13392220
4907	FUN_18024a700	18024a700	359	OK	13393931
4908	FUN_18024a870	18024a870	715	OK	13398136
4909	FUN_18024ab40	18024ab40	181	OK	13400188
4910	FUN_18024ac00	18024ac00	287	OK	13401567
4911	FUN_18024ad20	18024ad20	513	OK	13403587
4912	FUN_18024af30	18024af30	27	OK	13403871
4913	FUN_18024af50	18024af50	51	OK	13404230
4914	FUN_18024af90	18024af90	25	OK	13404549
4915	FUN_18024afb0	18024afb0	43	OK	13404865
4916	FUN_18024afe0	18024afe0	106	OK	13405315
4917	FUN_18024b050	18024b050	178	OK	13406764
4918	FUN_18024b110	18024b110	533	OK	13409273
4919	FUN_18024b330	18024b330	237	OK	13410459
4920	FUN_18024b420	18024b420	73	OK	13410920
4921	FUN_18024b470	18024b470	306	OK	13412210
4922	FUN_18024b5b0	18024b5b0	101	OK	13412983
4923	FUN_18024b620	18024b620	192	OK	13414027
4924	FUN_18024b6e0	18024b6e0	201	OK	13415315
4925	FUN_18024b7b0	18024b7b0	696	OK	13419431
4926	FUN_18024ba70	18024ba70	841	OK	13424185
4927	FUN_18024bdc0	18024bdc0	103	OK	13424997
4928	FUN_18024be30	18024be30	785	OK	13429714
4929	FUN_18024c150	18024c150	3273	OK	13449166
4930	FUN_18024ce20	18024ce20	133	OK	13450072
4931	FUN_18024ceb0	18024ceb0	180	OK	13450912
4932	FUN_18024cf70	18024cf70	149	OK	13451811
4933	FUN_18024d010	18024d010	480	OK	13453603
4934	FUN_18024d1f0	18024d1f0	105	OK	13454399
4935	FUN_18024d260	18024d260	87	OK	13455135
4936	FUN_18024d2c0	18024d2c0	2396	OK	13469918
4937	FUN_18024dc20	18024dc20	959	OK	13480578
4938	FUN_18024dfe0	18024dfe0	160	OK	13481638
4939	FUN_18024e080	18024e080	118	OK	13482311
4940	FUN_18024e100	18024e100	200	OK	13483760
4941	FUN_18024e1d0	18024e1d0	1031	OK	13490117
4942	FUN_18024e5e0	18024e5e0	692	OK	13495188
4943	FUN_18024e8a0	18024e8a0	438	OK	13498024
4944	FUN_18024ea60	18024ea60	240	OK	13499184
4945	FUN_18024eb50	18024eb50	333	OK	13501007
4946	FUN_18024eca0	18024eca0	199	OK	13501902
4947	FUN_18024ed70	18024ed70	61	OK	13502288
4948	FUN_18024edb0	18024edb0	384	OK	13504920
4949	FUN_18024ef30	18024ef30	380	OK	13507060
4950	FUN_18024f0b0	18024f0b0	1678	OK	13517541
4951	FUN_18024f740	18024f740	1297	OK	13525622
4952	FUN_18024fc60	18024fc60	5431	OK	13558224
4953	FUN_1802511a0	1802511a0	287	OK	13559797
4954	FUN_1802512c0	1802512c0	171	OK	13560941
4955	FUN_180251370	180251370	225	OK	13561586
4956	FUN_180251460	180251460	904	OK	13564553
4957	FUN_1802517f0	1802517f0	827	OK	13567951
4958	FUN_180251b30	180251b30	239	OK	13568696
4959	FUN_180251c20	180251c20	513	OK	13572450
4960	FUN_180251e30	180251e30	630	OK	13575967
4961	FUN_1802520b0	1802520b0	522	OK	13578953
4962	FUN_1802522c0	1802522c0	579	OK	13582037
4963	FUN_180252510	180252510	707	OK	13585444
4964	FUN_1802527e0	1802527e0	631	OK	13588149
4965	FUN_180252a60	180252a60	475	OK	13590557
4966	FUN_180252c40	180252c40	327	OK	13592463
4967	FUN_180252d90	180252d90	47	OK	13592797
4968	FUN_180252dc0	180252dc0	1238	OK	13599803
4969	FUN_1802532a0	1802532a0	384	OK	13601773
4970	FUN_180253420	180253420	667	OK	13604946
4971	FUN_1802536c0	1802536c0	268	OK	13605734
4972	FUN_1802537d0	1802537d0	601	OK	13608514
4973	FUN_180253a30	180253a30	130	OK	13609093
4974	FUN_180253ac0	180253ac0	75	OK	13609606
4975	FUN_180253b10	180253b10	53	OK	13609932
4976	FUN_180253b50	180253b50	515	OK	13612418
4977	FUN_180253d60	180253d60	346	OK	13614256
4978	FUN_180253ec0	180253ec0	130	OK	13615031
4979	FUN_180253f50	180253f50	65	OK	13615360
4980	FUN_180253fa0	180253fa0	205	OK	13616303
4981	FUN_180254070	180254070	180	OK	13617239
4982	FUN_180254130	180254130	106	OK	13618023
4983	FUN_1802541a0	1802541a0	868	OK	13622596
4984	FUN_180254510	180254510	946	OK	13628030
4985	FUN_1802548d0	1802548d0	349	OK	13629864
4986	FUN_180254a30	180254a30	1660	OK	13638159
4987	FUN_1802550b0	1802550b0	664	OK	13642080
4988	FUN_180255350	180255350	152	OK	13642845
4989	FUN_1802553f0	1802553f0	326	OK	13644681
4990	FUN_180255540	180255540	555	OK	13647504
4991	FUN_180255770	180255770	885	OK	13652542
4992	FUN_180255af0	180255af0	1744	OK	13664826
4993	FUN_180256200	180256200	2651	OK	13678256
4994	FUN_180256c60	180256c60	3158	OK	13694155
4995	FUN_1802578c0	1802578c0	51	OK	13694447
4996	FUN_180257900	180257900	85	OK	13694812
4997	FUN_180257960	180257960	960	OK	13700249
4998	FUN_180257d20	180257d20	138	OK	13701233
4999	FUN_180257db0	180257db0	134	OK	13701999
5000	FUN_180257e40	180257e40	3428	OK	13721178
5001	FUN_180258bb0	180258bb0	543	OK	13724646
5002	FUN_180258dd0	180258dd0	439	OK	13727417
5003	FUN_180258f90	180258f90	1725	OK	13737887
5004	FUN_180259650	180259650	451	OK	13739949
5005	FUN_180259820	180259820	335	OK	13741923
5006	FUN_180259970	180259970	248	OK	13743265
5007	FUN_180259a70	180259a70	401	OK	13745431
5008	FUN_180259c10	180259c10	220	OK	13746731
5009	FUN_180259cf0	180259cf0	482	OK	13749679
5010	FUN_180259ee0	180259ee0	1427	OK	13757110
5011	FUN_18025a480	18025a480	337	OK	13759121
5012	FUN_18025a5e0	18025a5e0	188	OK	13760140
5013	FUN_18025a6a0	18025a6a0	367	OK	13762443
5014	FUN_18025a810	18025a810	519	OK	13765517
5015	FUN_18025aa20	18025aa20	455	OK	13768361
5016	FUN_18025abf0	18025abf0	192	OK	13769441
5017	FUN_18025acb0	18025acb0	334	OK	13771449
5018	FUN_18025ae00	18025ae00	884	OK	13777597
5019	FUN_18025b180	18025b180	3664	OK	13800426
5020	FUN_18025bfd0	18025bfd0	1142	OK	13806269
5021	FUN_18025c450	18025c450	2167	OK	13817896
5022	FUN_18025ccd0	18025ccd0	1021	OK	13825731
5023	FUN_18025cea0	18025cea0	1	OK	13829650
5024	FUN_18025d100	18025d100	1360	OK	13838262
5025	FUN_18025d650	18025d650	439	OK	13840092
5026	FUN_18025d810	18025d810	439	OK	13841922
5027	FUN_18025d9d0	18025d9d0	448	OK	13843808
5028	FUN_18025db90	18025db90	448	OK	13845694
5029	FUN_18025dd50	18025dd50	335	OK	13847687
5030	FUN_18025dea0	18025dea0	439	OK	13849518
5031	FUN_18025e060	18025e060	439	OK	13851349
5032	FUN_18025e220	18025e220	448	OK	13853235
5033	FUN_18025e3e0	18025e3e0	193	OK	13854129
5034	FUN_18025e4b0	18025e4b0	204	OK	13855106
5035	FUN_18025e580	18025e580	463	OK	13857763
5036	FUN_18025e750	18025e750	637	OK	13861478
5037	FUN_18025ea00	18025ea00	566	OK	13864471
5038	FUN_18025ec40	18025ec40	477	OK	13866926
5039	FUN_18025ee20	18025ee20	393	OK	13869088
5040	FUN_18025efb0	18025efb0	1526	OK	13878135
5041	FUN_18025f5b0	18025f5b0	849	OK	13883578
5042	FUN_18025f910	18025f910	2390	OK	13900094
5043	FUN_180260270	180260270	290	OK	13901844
5044	FUN_1802603a0	1802603a0	500	OK	13904530
5045	FUN_1802605a0	1802605a0	748	OK	13908027
5046	FUN_180260890	180260890	1054	OK	13914431
5047	FUN_180260cb0	180260cb0	158	OK	13915178
5048	FUN_180260d50	180260d50	869	OK	13921980
5049	FUN_1802610c0	1802610c0	287	OK	13922863
5050	FUN_1802611e0	1802611e0	22	OK	13923084
5051	FUN_180261200	180261200	14	OK	13923291
5052	FUN_180261210	180261210	8	OK	13923491
5053	FUN_180261220	180261220	164	OK	13924489
5054	FUN_1802612d0	1802612d0	191	OK	13925677
5055	FUN_180261390	180261390	200	OK	13926947
5056	FUN_180261460	180261460	398	OK	13929862
5057	FUN_1802615f0	1802615f0	264	OK	13931263
5058	FUN_180261700	180261700	26	OK	13931514
5059	FUN_180261720	180261720	26	OK	13931763
5060	FUN_180261740	180261740	70	OK	13932255
5061	FUN_180261790	180261790	51	OK	13932909
5062	FUN_1802617d0	1802617d0	237	OK	13934020
5063	FUN_1802618c0	1802618c0	402	OK	13936090
5064	FUN_180261a60	180261a60	332	OK	13937638
5065	FUN_180261bb0	180261bb0	158	OK	13938677
5066	FUN_180261c50	180261c50	189	OK	13939850
5067	FUN_180261d10	180261d10	189	OK	13941041
5068	FUN_180261dd0	180261dd0	140	OK	13941817
5069	FUN_180261e60	180261e60	1794	OK	13952877
5070	FUN_180262570	180262570	92	OK	13953460
5071	FUN_1802625d0	1802625d0	92	OK	13954043
5072	FUN_180262630	180262630	104	OK	13954579
5073	FUN_1802626a0	1802626a0	230	OK	13955684
5074	FUN_180262790	180262790	104	OK	13956435
5075	FUN_180262800	180262800	99	OK	13957069
5076	FUN_180262870	180262870	829	OK	13961759
5077	FUN_180262bb0	180262bb0	131	OK	13962422
5078	FUN_180262c40	180262c40	265	OK	13964503
5079	FUN_180262d50	180262d50	706	OK	13969026
5080	FUN_180263020	180263020	604	OK	13972406
5081	FUN_180263280	180263280	812	OK	13976917
5082	FUN_1802635b0	1802635b0	1685	OK	13984913
5083	FUN_180263c50	180263c50	273	OK	13986203
5084	FUN_180263d70	180263d70	550	OK	13988919
5085	FUN_180263fa0	180263fa0	57	OK	13989288
5086	FUN_180263fe0	180263fe0	81	OK	13989774
5087	FUN_180264040	180264040	96	OK	13990253
5088	FUN_1802640a0	1802640a0	40	OK	13990553
5089	FUN_1802640d0	1802640d0	49	OK	13990875
5090	FUN_180264110	180264110	40	OK	13991175
5091	FUN_180264140	180264140	49	OK	13991497
5092	FUN_180264180	180264180	261	OK	13992323
5093	FUN_180264290	180264290	91	OK	13992711
5094	FUN_1802642f0	1802642f0	182	OK	13993659
5095	FUN_1802643b0	1802643b0	40	OK	13993958
5096	FUN_1802643e0	1802643e0	230	OK	13994993
5097	FUN_1802644d0	1802644d0	40	OK	13995293
5098	FUN_180264500	180264500	40	OK	13995593
5099	FUN_180264530	180264530	33	OK	13995863
5100	FUN_180264560	180264560	38	OK	13996158
5101	FUN_180264590	180264590	40	OK	13996458
5102	FUN_1802645c0	1802645c0	40	OK	13996758
5103	FUN_1802645f0	1802645f0	90	OK	13997252
5104	FUN_180264650	180264650	87	OK	13997703
5105	FUN_1802646b0	1802646b0	58	OK	13998224
5106	FUN_1802646f0	1802646f0	106	OK	13998640
5107	FUN_180264760	180264760	90	OK	13999134
5108	FUN_1802647c0	1802647c0	87	OK	13999585
5109	FUN_180264820	180264820	77	OK	14000172
5110	FUN_180264870	180264870	117	OK	14000588
5111	FUN_1802648f0	1802648f0	181	OK	14001561
5112	FUN_1802649b0	1802649b0	52	OK	14001883
5113	FUN_1802649f0	1802649f0	40	OK	14002183
5114	FUN_180264a20	180264a20	81	OK	14002669
5115	FUN_180264a80	180264a80	96	OK	14003149
5116	FUN_180264ae0	180264ae0	97	OK	14003597
5117	FUN_180264b50	180264b50	32	OK	14003865
5118	FUN_180264b70	180264b70	40	OK	14004165
5119	FUN_180264ba0	180264ba0	38	OK	14004460
5120	FUN_180264bd0	180264bd0	38	OK	14004755
5121	FUN_180264c00	180264c00	40	OK	14005055
5122	FUN_180264c30	180264c30	184	OK	14005764
5123	FUN_180264cf0	180264cf0	157	OK	14006452
5124	FUN_180264d90	180264d90	81	OK	14006938
5125	FUN_180264df0	180264df0	38	OK	14007233
5126	FUN_180264e20	180264e20	40	OK	14007533
5127	FUN_180264e50	180264e50	149	OK	14008030
5128	FUN_180264ef0	180264ef0	96	OK	14008510
5129	FUN_180264f50	180264f50	127	OK	14009135
5130	FUN_180264fd0	180264fd0	96	OK	14009614
5131	FUN_180265030	180265030	258	OK	14010440
5132	FUN_180265140	180265140	38	OK	14010735
5133	FUN_180265170	180265170	81	OK	14011221
5134	FUN_1802651d0	1802651d0	40	OK	14011521
5135	FUN_180265200	180265200	37	OK	14011816
5136	FUN_180265230	180265230	151	OK	14012467
5137	FUN_1802652d0	1802652d0	40	OK	14012767
5138	FUN_180265300	180265300	38	OK	14013062
5139	FUN_180265330	180265330	486	OK	14015843
5140	FUN_180265520	180265520	212	OK	14017363
5141	FUN_180265600	180265600	237	OK	14018820
5142	FUN_1802656f0	1802656f0	4539	OK	14047138
5143	FUN_1802668b0	1802668b0	2551	OK	14063163
5144	FUN_1802672b0	1802672b0	2143	OK	14075670
5145	FUN_180267b10	180267b10	5842	OK	14108726
5146	FUN_1802691f0	1802691f0	2173	OK	14121942
5147	FUN_180269a80	180269a80	288	OK	14123522
5148	FUN_180269ba0	180269ba0	1791	OK	14133718
5149	FUN_18026a2a0	18026a2a0	196	OK	14134801
5150	FUN_18026a370	18026a370	617	OK	14138503
5151	FUN_18026a5e0	18026a5e0	125	OK	14139627
5152	FUN_18026a660	18026a660	2916	OK	14158779
5153	FUN_18026b1d0	18026b1d0	939	OK	14164472
5154	FUN_18026b580	18026b580	160	OK	14165724
5155	FUN_18026b620	18026b620	2466	OK	14181419
5156	FUN_18026bfd0	18026bfd0	388	OK	14183699
5157	FUN_18026c160	18026c160	1203	OK	14191179
5158	FUN_18026c620	18026c620	539	OK	14194083
5159	FUN_18026c840	18026c840	1414	OK	14202094
5160	FUN_18026cdd0	18026cdd0	3040	OK	14222619
5161	FUN_18026d9b0	18026d9b0	528	OK	14225249
5162	FUN_18026dbc0	18026dbc0	1658	OK	14237316
5163	FUN_18026e240	18026e240	1074	OK	14241860
5164	FUN_18026e680	18026e680	1906	OK	14254448
5165	FUN_18026ee00	18026ee00	3355	OK	14276881
5166	FUN_18026fb20	18026fb20	6814	OK	14320968
5167	FUN_1802715d0	1802715d0	1577	OK	14330776
5168	FUN_180271c00	180271c00	2346	OK	14343396
5169	FUN_180272530	180272530	171	OK	14344329
5170	FUN_1802725e0	1802725e0	327	OK	14346479
5171	FUN_180272730	180272730	140	OK	14347212
5172	FUN_1802727c0	1802727c0	105	OK	14348015
5173	FUN_180272830	180272830	105	OK	14348812
5174	FUN_1802728a0	1802728a0	50	OK	14349220
5175	FUN_1802728e0	1802728e0	1788	OK	14359791
5176	FUN_180272fe0	180272fe0	54	OK	14360102
5177	FUN_180273020	180273020	366	OK	14361961
5178	FUN_180273190	180273190	48	OK	14362610
5179	FUN_1802731c0	1802731c0	1595	OK	14371683
5180	FUN_180273800	180273800	935	OK	14377137
5181	FUN_180273bb0	180273bb0	648	OK	14381454
5182	FUN_180273e40	180273e40	272	OK	14382746
5183	FUN_180273f50	180273f50	111	OK	14383641
5184	FUN_180273fc0	180273fc0	1136	OK	14390296
5185	FUN_180274430	180274430	78	OK	14390875
5186	FUN_180274480	180274480	33	OK	14391205
5187	FUN_1802744b0	1802744b0	325	OK	14392841
5188	FUN_180274600	180274600	228	OK	14393991
5189	FUN_1802746f0	1802746f0	236	OK	14395141
5190	FUN_1802747e0	1802747e0	418	OK	14397211
5191	FUN_180274990	180274990	395	OK	14399339
5192	FUN_180274b20	180274b20	148	OK	14400549
5193	FUN_180274bc0	180274bc0	1247	OK	14409332
5194	FUN_1802750a0	1802750a0	477	OK	14412485
5195	FUN_180275280	180275280	1188	OK	14419186
5196	FUN_180275730	180275730	301	OK	14421242
5197	FUN_180275860	180275860	133	OK	14422180
5198	FUN_1802758f0	1802758f0	2607	OK	14439573
5199	FUN_180276320	180276320	2844	OK	14454339
5200	FUN_180276e40	180276e40	1847	OK	14468285
5201	FUN_180277580	180277580	467	OK	14471341
5202	FUN_180277760	180277760	467	OK	14474466
5203	FUN_180277940	180277940	546	OK	14477806
5204	FUN_180277b70	180277b70	568	OK	14480965
5205	FUN_180277db0	180277db0	56	OK	14481499
5206	FUN_180277df0	180277df0	1191	OK	14488477
5207	FUN_1802782a0	1802782a0	870	OK	14494162
5208	FUN_180278610	180278610	332	OK	14496186
5209	FUN_180278760	180278760	548	OK	14498544
5210	FUN_180278990	180278990	94	OK	14498969
5211	FUN_1802789f0	1802789f0	80	OK	14499767
5212	FUN_180278a40	180278a40	118	OK	14500401
5213	FUN_180278ac0	180278ac0	1130	OK	14506377
5214	FUN_180278f30	180278f30	1347	OK	14513571
5215	FUN_180279480	180279480	843	OK	14518985
5216	FUN_1802797d0	1802797d0	880	OK	14523226
5217	FUN_180279b60	180279b60	392	OK	14525237
5218	FUN_180279cf0	180279cf0	778	OK	14528837
5219	FUN_18027a000	18027a000	903	OK	14534133
5220	FUN_18027a390	18027a390	609	OK	14537841
5221	FUN_18027a600	18027a600	2534	OK	14554040
5222	FUN_18027aff0	18027aff0	1594	OK	14562872
5223	FUN_18027b630	18027b630	116	OK	14563636
5224	FUN_18027b6b0	18027b6b0	108	OK	14564211
5225	FUN_18027b720	18027b720	644	OK	14567242
5226	FUN_18027b9b0	18027b9b0	1276	OK	14575953
5227	FUN_18027beb0	18027beb0	203	OK	14577422
5228	FUN_18027bf80	18027bf80	202	OK	14578548
5229	FUN_18027c050	18027c050	123	OK	14579287
5230	FUN_18027c0d0	18027c0d0	361	OK	14580965
5231	FUN_18027c240	18027c240	170	OK	14582028
5232	FUN_18027c2f0	18027c2f0	593	OK	14585218
5233	FUN_18027c550	18027c550	307	OK	14586550
5234	FUN_18027c690	18027c690	257	OK	14588344
5235	FUN_18027c7a0	18027c7a0	1315	OK	14596274
5236	FUN_18027ccd0	18027ccd0	1009	OK	14601645
5237	FUN_18027d0d0	18027d0d0	268	OK	14603140
5238	FUN_18027d1e0	18027d1e0	398	OK	14605413
5239	FUN_18027d370	18027d370	97	OK	14606141
5240	FUN_18027d3e0	18027d3e0	294	OK	14607878
5241	FUN_18027d510	18027d510	317	OK	14609224
5242	FUN_18027d650	18027d650	211	OK	14610691
5243	FUN_18027d730	18027d730	286	OK	14611856
5244	FUN_18027d850	18027d850	112	OK	14612409
5245	FUN_18027d8c0	18027d8c0	311	OK	14613772
5246	FUN_18027da00	18027da00	129	OK	14614327
5247	FUN_18027da90	18027da90	175	OK	14615355
5248	FUN_18027db40	18027db40	405	OK	14617563
5249	FUN_18027dce0	18027dce0	552	OK	14620188
5250	FUN_18027df10	18027df10	603	OK	14622748
5251	FUN_18027e170	18027e170	543	OK	14625076
5252	FUN_18027e390	18027e390	696	OK	14628513
5253	FUN_18027e650	18027e650	399	OK	14630768
5254	FUN_18027e7e0	18027e7e0	524	OK	14632922
5255	FUN_18027e9f0	18027e9f0	290	OK	14634296
5256	FUN_18027eb20	18027eb20	317	OK	14635637
5257	FUN_18027ec60	18027ec60	311	OK	14637001
5258	FUN_18027eda0	18027eda0	777	OK	14640799
5259	FUN_18027f0b0	18027f0b0	548	OK	14643157
5260	FUN_18027f2e0	18027f2e0	495	OK	14645321
5261	FUN_18027f4d0	18027f4d0	340	OK	14647180
5262	FUN_18027f630	18027f630	301	OK	14648981
5263	FUN_18027f760	18027f760	225	OK	14649726
5264	FUN_18027f850	18027f850	269	OK	14650912
5265	FUN_18027f960	18027f960	218	OK	14651743
5266	FUN_18027fa40	18027fa40	238	OK	14652570
5267	FUN_18027fb30	18027fb30	225	OK	14653315
5268	FUN_18027fc20	18027fc20	168	OK	14653982
5269	FUN_18027fcd0	18027fcd0	250	OK	14655177
5270	FUN_18027fdd0	18027fdd0	250	OK	14656372
5271	FUN_18027fed0	18027fed0	213	OK	14657101
5272	FUN_18027ffb0	18027ffb0	274	OK	14658373
5273	FUN_1802800d0	1802800d0	311	OK	14659737
5274	FUN_180280210	180280210	269	OK	14660923
5275	FUN_180280320	180280320	101	OK	14661451
5276	FUN_180280390	180280390	149	OK	14662401
5277	FUN_180280430	180280430	361	OK	14664472
5278	FUN_1802805a0	1802805a0	313	OK	14665854
5279	FUN_1802806e0	1802806e0	272	OK	14667124
5280	FUN_1802807f0	1802807f0	305	OK	14668924
5281	FUN_180280930	180280930	221	OK	14669947
5282	FUN_180280a10	180280a10	2043	OK	14679367
5283	FUN_1802814a0	1802814a0	62	OK	14679657
5284	FUN_1802814e0	1802814e0	89	OK	14680053
5285	FUN_180281540	180281540	89	OK	14680449
5286	FUN_1802815a0	1802815a0	62	OK	14680739
5287	FUN_1802815e0	1802815e0	62	OK	14681023
5288	FUN_180281620	180281620	97	OK	14681398
5289	FUN_180281690	180281690	89	OK	14681794
5290	FUN_1802816f0	1802816f0	71	OK	14682153
5291	FUN_180281740	180281740	89	OK	14682549
5292	FUN_1802817a0	1802817a0	166	OK	14683495
5293	FUN_180281850	180281850	164	OK	14684309
5294	FUN_180281900	180281900	69	OK	14685045
5295	FUN_180281950	180281950	89	OK	14685507
5296	FUN_1802819b0	1802819b0	247	OK	14686702
5297	FUN_180281ab0	180281ab0	602	OK	14690082
5298	FUN_180281d10	180281d10	420	OK	14692964
5299	FUN_180281ec0	180281ec0	322	OK	14694560
5300	FUN_180282010	180282010	107	OK	14695580
5301	FUN_180282080	180282080	104	OK	14696594
5302	FUN_1802820f0	1802820f0	258	OK	14697819
5303	FUN_180282200	180282200	324	OK	14699727
5304	FUN_180282350	180282350	53	OK	14700063
5305	FUN_180282390	180282390	188	OK	14700896
5306	FUN_180282450	180282450	330	OK	14702131
5307	FUN_1802825a0	1802825a0	436	OK	14704243
5308	FUN_180282760	180282760	205	OK	14705587
5309	FUN_180282830	180282830	150	OK	14706247
5310	FUN_1802828d0	1802828d0	295	OK	14707489
5311	FUN_180282a00	180282a00	77	OK	14707949
5312	FUN_180282a50	180282a50	385	OK	14709611
5313	FUN_180282be0	180282be0	848	OK	14713559
5314	FUN_180282f40	180282f40	321	OK	14715679
5315	FUN_180283090	180283090	220	OK	14716620
5316	FUN_180283170	180283170	475	OK	14719559
5317	FUN_180283350	180283350	109	OK	14720005
5318	FUN_1802833c0	1802833c0	121	OK	14720532
5319	FUN_180283440	180283440	1004	OK	14725477
5320	FUN_180283830	180283830	2767	OK	14741847
5321	FUN_180284370	180284370	3248	OK	14758381
5322	FUN_180285240	180285240	907	OK	14763459
5323	FUN_1802855d0	1802855d0	383	OK	14765526
5324	FUN_180285750	180285750	398	OK	14767333
5325	FUN_1802858e0	1802858e0	577	OK	14769827
5326	FUN_180285b30	180285b30	630	OK	14773560
5327	FUN_180285db0	180285db0	476	OK	14776282
5328	FUN_180285f90	180285f90	498	OK	14778815
5329	FUN_180286190	180286190	696	OK	14782712
5330	FUN_1802865f0	1802865f0	612	OK	14785700
5331	FUN_180286860	180286860	364	OK	14787287
5332	FUN_1802869d0	1802869d0	1555	OK	14794985
5333	FUN_180287020	180287020	756	OK	14798675
5334	FUN_180287320	180287320	1391	OK	14806919
5335	FUN_180287890	180287890	277	OK	14808334
5336	FUN_1802879b0	1802879b0	1475	OK	14815289
5337	FUN_180287f80	180287f80	338	OK	14816826
5338	FUN_1802880e0	1802880e0	333	OK	14818360
5339	FUN_180288230	180288230	382	OK	14820189
5340	FUN_1802883b0	1802883b0	2208	OK	14831921
5341	FUN_180288c50	180288c50	498	OK	14834957
5342	FUN_180288e50	180288e50	730	OK	14839566
5343	FUN_180289130	180289130	508	OK	14842698
5344	FUN_180289330	180289330	1067	OK	14847719
5345	FUN_180289760	180289760	917	OK	14852439
5346	FUN_180289b00	180289b00	1170	OK	14858024
5347	FUN_180289fa0	180289fa0	954	OK	14863197
5348	FUN_18028a360	18028a360	573	OK	14865529
5349	FUN_18028a5a0	18028a5a0	704	OK	14869246
5350	FUN_18028a860	18028a860	1180	OK	14874584
5351	FUN_18028ad00	18028ad00	1291	OK	14880666
5352	FUN_18028b210	18028b210	802	OK	14885078
5353	FUN_18028b540	18028b540	399	OK	14887189
5354	FUN_18028b6d0	18028b6d0	452	OK	14889883
5355	FUN_18028b8a0	18028b8a0	1153	OK	14895860
5356	FUN_18028bd30	18028bd30	1596	OK	14904665
5357	FUN_18028c370	18028c370	2923	OK	14919484
5358	FUN_18028d050	18028d050	603	OK	14922049
5359	FUN_18028d2b0	18028d2b0	655	OK	14925799
5360	FUN_18028d540	18028d540	797	OK	14929646
5361	FUN_18028d970	18028d970	3025	OK	14945399
5362	FUN_18028e550	18028e550	788	OK	14949289
5363	FUN_18028e870	18028e870	333	OK	14950889
5364	FUN_18028e9c0	18028e9c0	58	OK	14951218
5365	FUN_18028ea00	18028ea00	321	OK	14952637
5366	FUN_18028eb50	18028eb50	36	OK	14952875
5367	FUN_18028eb80	18028eb80	181	OK	14953906
5368	FUN_18028ec40	18028ec40	52	OK	14954166
5369	FUN_18028ec80	18028ec80	341	OK	14956138
5370	FUN_18028ede0	18028ede0	797	OK	14960296
5371	FUN_18028f100	18028f100	624	OK	14963989
5372	FUN_18028f370	18028f370	547	OK	14968695
5373	FUN_18028f5a0	18028f5a0	784	OK	14973380
5374	FUN_18028f8b0	18028f8b0	5554	OK	15010919
5375	FUN_180290e70	180290e70	107	OK	15011415
5376	FUN_180290ee0	180290ee0	808	OK	15016477
5377	FUN_180291210	180291210	587	OK	15019785
5378	FUN_180291460	180291460	464	OK	15022158
5379	FUN_180291630	180291630	131	OK	15023046
5380	FUN_1802916c0	1802916c0	190	OK	15023894
5381	FUN_180291780	180291780	412	OK	15026377
5382	FUN_180291920	180291920	248	OK	15027795
5383	FUN_180291a20	180291a20	152	OK	15028644
5384	FUN_180291ac0	180291ac0	191	OK	15029902
5385	FUN_180291b80	180291b80	256	OK	15030977
5386	FUN_180291c80	180291c80	183	OK	15031863
5387	FUN_180291d40	180291d40	133	OK	15032542
5388	FUN_180291dd0	180291dd0	110	OK	15033098
5389	FUN_180291e40	180291e40	1718	OK	15043742
5390	FUN_180292500	180292500	87	OK	15044118
5391	FUN_180292560	180292560	313	OK	15046018
5392	FUN_1802926a0	1802926a0	676	OK	15050184
5393	FUN_180292950	180292950	190	OK	15051573
5394	FUN_180292a10	180292a10	576	OK	15055150
5395	FUN_180292c50	180292c50	464	OK	15057577
5396	FUN_180292e20	180292e20	343	OK	15059488
5397	FUN_180292f80	180292f80	821	OK	15063699
5398	FUN_1802932c0	1802932c0	367	OK	15065689
5399	FUN_180293430	180293430	46	OK	15065959
5400	FUN_180293460	180293460	286	OK	15067783
5401	FUN_180293580	180293580	46	OK	15068053
5402	FUN_1802935b0	1802935b0	514	OK	15070614
5403	FUN_1802937c0	1802937c0	1364	OK	15078463
5404	FUN_180293d20	180293d20	234	OK	15079696
5405	FUN_180293e10	180293e10	617	OK	15083471
5406	FUN_1802940d0	1802940d0	335	OK	15084831
5407	FUN_180294220	180294220	1755	OK	15095366
5408	FUN_180294900	180294900	396	OK	15097806
5409	FUN_180294a90	180294a90	811	OK	15102887
5410	FUN_180294dc0	180294dc0	451	OK	15105425
5411	FUN_180294f90	180294f90	204	OK	15106353
5412	FUN_180295060	180295060	1391	OK	15114038
5413	FUN_1802955d0	1802955d0	30	OK	15114268
5414	FUN_1802955f0	1802955f0	14	OK	15114475
5415	FUN_180295600	180295600	8	OK	15114675
5416	FUN_180295610	180295610	126	OK	15115438
5417	FUN_180295690	180295690	261	OK	15116342
5418	FUN_1802957a0	1802957a0	190	OK	15117643
5419	FUN_180295860	180295860	32	OK	15117949
5420	FUN_180295880	180295880	146	OK	15118783
5421	FUN_180295920	180295920	35	OK	15119126
5422	FUN_180295950	180295950	3246	OK	15139557
5423	FUN_180296600	180296600	1365	OK	15147736
5424	FUN_180296b60	180296b60	927	OK	15153663
5425	FUN_180296f00	180296f00	498	OK	15157151
5426	FUN_180297100	180297100	173	OK	15158287
5427	FUN_1802971b0	1802971b0	690	OK	15162181
5428	FUN_180297470	180297470	272	OK	15163700
5429	FUN_180297580	180297580	2456	OK	15182774
5430	FUN_180297f20	180297f20	153	OK	15183845
5431	FUN_180297fc0	180297fc0	583	OK	15187489
5432	FUN_180298210	180298210	645	OK	15191936
5433	FUN_1802984a0	1802984a0	901	OK	15197962
5434	FUN_180298830	180298830	230	OK	15199337
5435	FUN_180298920	180298920	371	OK	15201320
5436	FUN_180298aa0	180298aa0	349	OK	15203354
5437	FUN_180298c00	180298c00	120	OK	15203934
5438	FUN_180298c80	180298c80	146	OK	15204639
5439	FUN_180298d20	180298d20	452	OK	15207080
5440	FUN_180298ef0	180298ef0	295	OK	15208800
5441	FUN_180299020	180299020	270	OK	15210455
5442	FUN_180299130	180299130	79	OK	15210881
5443	FUN_180299180	180299180	11	OK	15211078
5444	FUN_180299190	180299190	113	OK	15211909
5445	FUN_180299210	180299210	43	OK	15212211
5446	FUN_180299240	180299240	142	OK	15212912
5447	FUN_1802992d0	1802992d0	22	OK	15213162
5448	FUN_1802992f0	1802992f0	76	OK	15213675
5449	FUN_180299340	180299340	120	OK	15214416
5450	FUN_1802993c0	1802993c0	8	OK	15214625
5451	FUN_1802993d0	1802993d0	288	OK	15215662
5452	FUN_1802994f0	1802994f0	255	OK	15216702
5453	FUN_1802995f0	1802995f0	226	OK	15217898
5454	FUN_1802996e0	1802996e0	36	OK	15218229
5455	FUN_180299710	180299710	20	OK	15218475
5456	FUN_180299730	180299730	129	OK	15219171
5457	FUN_1802997c0	1802997c0	48	OK	15219347
5458	FUN_1802997f0	1802997f0	48	OK	15219523
5459	FUN_180299820	180299820	92	OK	15220001
5460	FUN_180299880	180299880	40	OK	15220450
5461	FUN_1802998b0	1802998b0	1063	OK	15227181
5462	FUN_180299ce0	180299ce0	9	OK	15227346
5463	FUN_180299cf0	180299cf0	474	OK	15230188
5464	FUN_180299ed0	180299ed0	114	OK	15230895
5465	FUN_180299f50	180299f50	360	OK	15233119
5466	FUN_18029a0c0	18029a0c0	20	OK	15233295
5467	FUN_18029a0e0	18029a0e0	1066	OK	15240321
5468	FUN_18029a510	18029a510	215	OK	15241406
5469	FUN_18029a5f0	18029a5f0	20	OK	15241582
5470	FUN_18029a610	18029a610	32	OK	15242002
5471	FUN_18029a630	18029a630	2097	OK	15254353
5472	FUN_18029aed0	18029aed0	39	OK	15254806
5473	FUN_18029af00	18029af00	131	OK	15255694
5474	FUN_18029af90	18029af90	169	OK	15256475
5475	FUN_18029b040	18029b040	109	OK	15257053
5476	FUN_18029b0b0	18029b0b0	20	OK	15257229
5477	FUN_18029b0d0	18029b0d0	20	OK	15257405
5478	FUN_18029b0f0	18029b0f0	20	OK	15257581
5479	FUN_18029b110	18029b110	75	OK	15258066
5480	FUN_18029b160	18029b160	186	OK	15259293
5481	FUN_18029b220	18029b220	417	OK	15262004
5482	FUN_18029b3d0	18029b3d0	369	OK	15263847
5483	FUN_18029b550	18029b550	963	OK	15269816
5484	FUN_18029b920	18029b920	20	OK	15269992
5485	FUN_18029b940	18029b940	20	OK	15270168
5486	FUN_18029b960	18029b960	254	OK	15271802
5487	FUN_18029ba60	18029ba60	127	OK	15272345
5488	FUN_18029bae0	18029bae0	417	OK	15275033
5489	FUN_18029bc90	18029bc90	415	OK	15277730
5490	FUN_18029be30	18029be30	181	OK	15278779
5491	FUN_18029bef0	18029bef0	57	OK	15279115
5492	FUN_18029c020	18029c020	1292	OK	15288717
5493	FUN_18029c530	18029c530	539	OK	15291779
5494	FUN_18029c750	18029c750	139	OK	15292763
5495	FUN_18029c7e0	18029c7e0	139	OK	15293747
5496	FUN_18029c870	18029c870	216	OK	15294878
5497	FUN_18029c950	18029c950	211	OK	15296203
5498	FUN_18029ca30	18029ca30	331	OK	15297955
5499	FUN_18029cb80	18029cb80	427	OK	15300613
5500	FUN_18029cd30	18029cd30	607	OK	15303277
5501	FUN_18029cf90	18029cf90	89	OK	15303878
5502	FUN_18029cff0	18029cff0	36	OK	15304116
5503	FUN_18029d020	18029d020	1355	OK	15313135
5504	FUN_18029d570	18029d570	684	OK	15317601
5505	FUN_18029d820	18029d820	484	OK	15319592
5506	FUN_18029da10	18029da10	67	OK	15320348
5507	FUN_18029da60	18029da60	66	OK	15320989
5508	FUN_18029dab0	18029dab0	526	OK	15323807
5509	FUN_18029dcc0	18029dcc0	175	OK	15324610
5510	FUN_18029dd70	18029dd70	226	OK	15325944
5511	FUN_18029de60	18029de60	172	OK	15326868
5512	FUN_18029df10	18029df10	94	OK	15327319
5513	FUN_18029df70	18029df70	109	OK	15327900
5514	FUN_18029dfe0	18029dfe0	267	OK	15329343
5515	FUN_18029e0f0	18029e0f0	126	OK	15330102
5516	FUN_18029e170	18029e170	335	OK	15331663
5517	FUN_18029e2c0	18029e2c0	292	OK	15333227
5518	FUN_18029e3f0	18029e3f0	181	OK	15334130
5519	FUN_18029e4b0	18029e4b0	64	OK	15334426
5520	FUN_18029e4f0	18029e4f0	167	OK	15335338
5521	FUN_18029e5a0	18029e5a0	1117	OK	15342026
5522	FUN_18029ea00	18029ea00	479	OK	15344878
5523	FUN_18029ebe0	18029ebe0	220	OK	15345950
5524	FUN_18029ecc0	18029ecc0	811	OK	15350961
5525	FUN_18029eff0	18029eff0	314	OK	15352904
5526	FUN_18029f130	18029f130	22	OK	15353139
5527	FUN_18029f150	18029f150	414	OK	15356093
5528	FUN_18029f2f0	18029f2f0	113	OK	15356773
5529	FUN_18029f370	18029f370	330	OK	15358289
5530	FUN_18029f4c0	18029f4c0	454	OK	15360857
5531	FUN_18029f690	18029f690	353	OK	15362467
5532	FUN_18029f800	18029f800	411	OK	15364770
5533	FUN_18029f9a0	18029f9a0	559	OK	15368177
5534	FUN_18029fbd0	18029fbd0	741	OK	15371684
5535	FUN_18029fec0	18029fec0	52	OK	15372172
5536	FUN_18029ff00	18029ff00	247	OK	15373537
5537	FUN_1802a0000	1802a0000	254	OK	15374948
5538	FUN_1802a0100	1802a0100	294	OK	15376645
5539	FUN_1802a0230	1802a0230	254	OK	15378114
5540	FUN_1802a0330	1802a0330	316	OK	15379830
5541	FUN_1802a0470	1802a0470	1433	OK	15390262
5542	FUN_1802a0a10	1802a0a10	93	OK	15390785
5543	FUN_1802a0a70	1802a0a70	8	OK	15390977
5544	FUN_1802a0a80	1802a0a80	203	OK	15392180
5545	FUN_1802a0b50	1802a0b50	131	OK	15393068
5546	FUN_1802a0be0	1802a0be0	174	OK	15393856
5547	FUN_1802a0c90	1802a0c90	1067	OK	15400231
5548	FUN_1802a10c0	1802a10c0	93	OK	15400868
5549	FUN_1802a1120	1802a1120	411	OK	15403156
5550	FUN_1802a12c0	1802a12c0	566	OK	15406572
5551	FUN_1802a1500	1802a1500	22	OK	15410122
5552	FUN_1802a1520	1802a1520	1273	OK	15420012
5553	FUN_1802a1a20	1802a1a20	108	OK	15420592
5554	FUN_1802a1a90	1802a1a90	9	OK	15420760
5555	FUN_1802a1aa0	1802a1aa0	907	OK	15427154
5556	FUN_1802a1e30	1802a1e30	457	OK	15429711
5557	FUN_1802a2000	1802a2000	9	OK	15429879
5558	FUN_1802a2010	1802a2010	828	OK	15435559
5559	FUN_1802a2350	1802a2350	44	OK	15435987
5560	FUN_1802a2380	1802a2380	143	OK	15436591
5561	FUN_1802a2410	1802a2410	102	OK	15437195
5562	FUN_1802a2480	1802a2480	1175	OK	15443320
5563	FUN_1802a2920	1802a2920	329	OK	15445420
5564	FUN_1802a2a70	1802a2a70	398	OK	15447920
5565	FUN_1802a2c00	1802a2c00	275	OK	15449855
5566	FUN_1802a2d20	1802a2d20	1086	OK	15456519
5567	FUN_1802a3160	1802a3160	663	OK	15460816
5568	FUN_1802a3400	1802a3400	110	OK	15461446
5569	FUN_1802a3470	1802a3470	105	OK	15461998
5570	FUN_1802a34e0	1802a34e0	516	OK	15465439
5571	FUN_1802a36f0	1802a36f0	631	OK	15469568
5572	FUN_1802a3970	1802a3970	36	OK	15469806
5573	FUN_1802a39a0	1802a39a0	222	OK	15471183
5574	FUN_1802a3a80	1802a3a80	115	OK	15471662
5575	FUN_1802a3b00	1802a3b00	418	OK	15474226
5576	FUN_1802a3cb0	1802a3cb0	8	OK	15474419
5577	FUN_1802a3cc0	1802a3cc0	131	OK	15475307
5578	FUN_1802a3d50	1802a3d50	169	OK	15476084
5579	FUN_1802a3e00	1802a3e00	700	OK	15481401
5580	FUN_1802a40c0	1802a40c0	9	OK	15481569
5581	FUN_1802a40d0	1802a40d0	43	OK	15481933
5582	FUN_1802a4100	1802a4100	24	OK	15482160
5583	FUN_1802a4120	1802a4120	283	OK	15483733
5584	FUN_1802a4240	1802a4240	333	OK	15485301
5585	FUN_1802a4390	1802a4390	54	OK	15485658
5586	FUN_1802a43d0	1802a43d0	608	OK	15490061
5587	FUN_1802a4630	1802a4630	316	OK	15491873
5588	FUN_1802a4770	1802a4770	370	OK	15493884
5589	FUN_1802a48f0	1802a48f0	348	OK	15495936
5590	FUN_1802a4a50	1802a4a50	4113	OK	15515760
5591	FUN_1802a5a70	1802a5a70	2916	OK	15529922
5592	FUN_1802a65e0	1802a65e0	14	OK	15530129
5593	FUN_1802a65f0	1802a65f0	8	OK	15530329
5594	FUN_1802a6600	1802a6600	14	OK	15530536
5595	FUN_1802a6610	1802a6610	8	OK	15530736
5596	FUN_1802a6620	1802a6620	14	OK	15530943
5597	FUN_1802a6630	1802a6630	8	OK	15531143
5598	FUN_1802a6640	1802a6640	14	OK	15531350
5599	FUN_1802a6650	1802a6650	8	OK	15531550
5600	FUN_1802a6660	1802a6660	14	OK	15531757
5601	FUN_1802a6670	1802a6670	8	OK	15531957
5602	FUN_1802a6680	1802a6680	14	OK	15532164
5603	FUN_1802a6690	1802a6690	8	OK	15532364
5604	FUN_1802a66a0	1802a66a0	38	OK	15532573
5605	FUN_1802a66d0	1802a66d0	179	OK	15533448
5606	FUN_1802a6790	1802a6790	183	OK	15534630
5607	FUN_1802a6850	1802a6850	180	OK	15535874
5608	FUN_1802a6910	1802a6910	180	OK	15537118
5609	FUN_1802a69d0	1802a69d0	287	OK	15538730
5610	FUN_1802a6af0	1802a6af0	287	OK	15540342
5611	FUN_1802a6c10	1802a6c10	183	OK	15541640
5612	FUN_1802a6cd0	1802a6cd0	237	OK	15542929
5613	FUN_1802a6dc0	1802a6dc0	445	OK	15544459
5614	FUN_1802a6f80	1802a6f80	531	OK	15546408
5615	FUN_1802a71a0	1802a71a0	392	OK	15548254
5616	FUN_1802a7330	1802a7330	583	OK	15551354
5617	FUN_1802a7580	1802a7580	531	OK	15553797
5618	FUN_1802a77a0	1802a77a0	331	OK	15555382
5619	FUN_1802a78f0	1802a78f0	142	OK	15556033
5620	FUN_1802a7980	1802a7980	377	OK	15557188
5621	FUN_1802a7b00	1802a7b00	262	OK	15557973
5622	FUN_1802a7c10	1802a7c10	168	OK	15558924
5623	FUN_1802a7cc0	1802a7cc0	220	OK	15560089
5624	FUN_1802a7da0	1802a7da0	63	OK	15560604
5625	FUN_1802a7de0	1802a7de0	40	OK	15560914
5626	FUN_1802a7e10	1802a7e10	251	OK	15562141
5627	FUN_1802a7f10	1802a7f10	162	OK	15562742
5628	FUN_1802a7fc0	1802a7fc0	162	OK	15563343
5629	FUN_1802a8070	1802a8070	707	OK	15567049
5630	FUN_1802a8340	1802a8340	707	OK	15570755
5631	FUN_1802a8610	1802a8610	221	OK	15571947
5632	FUN_1802a86f0	1802a86f0	678	OK	15575289
5633	FUN_1802a89a0	1802a89a0	678	OK	15578631
5634	FUN_1802a8c50	1802a8c50	507	OK	15581662
5635	FUN_1802a8e50	1802a8e50	375	OK	15583377
5636	FUN_1802a8fd0	1802a8fd0	74	OK	15584148
5637	FUN_1802a9020	1802a9020	153	OK	15584841
5638	FUN_1802a90c0	1802a90c0	190	OK	15585728
5639	FUN_1802a9180	1802a9180	134	OK	15586290
5640	FUN_1802a9210	1802a9210	57	OK	15586714
5641	FUN_1802a9250	1802a9250	222	OK	15588328
5642	FUN_1802a9330	1802a9330	56	OK	15588670
5643	FUN_1802a9370	1802a9370	355	OK	15590860
5644	FUN_1802a94e0	1802a94e0	96	OK	15591282
5645	FUN_1802a9540	1802a9540	126	OK	15592026
5646	FUN_1802a95c0	1802a95c0	131	OK	15592618
5647	FUN_1802a9650	1802a9650	126	OK	15593362
5648	FUN_1802a96d0	1802a96d0	767	OK	15596974
5649	FUN_1802a99d0	1802a99d0	1004	OK	15604090
5650	FUN_1802a9dc0	1802a9dc0	130	OK	15604802
5651	FUN_1802a9e50	1802a9e50	39	OK	15605107
5652	FUN_1802a9e80	1802a9e80	169	OK	15606031
5653	FUN_1802a9f30	1802a9f30	55	OK	15606335
5654	FUN_1802a9f70	1802a9f70	178	OK	15607638
5655	FUN_1802aa030	1802aa030	1170	OK	15613111
5656	FUN_1802aa4d0	1802aa4d0	276	OK	15614621
5657	FUN_1802aa5f0	1802aa5f0	346	OK	15616464
5658	FUN_1802aa750	1802aa750	32	OK	15616669
5659	FUN_1802aa770	1802aa770	220	OK	15617896
5660	FUN_1802aa850	1802aa850	202	OK	15618927
5661	FUN_1802aa920	1802aa920	202	OK	15619958
5662	FUN_1802aa9f0	1802aa9f0	222	OK	15621084
5663	FUN_1802aaad0	1802aaad0	112	OK	15621636
5664	FUN_1802aab40	1802aab40	313	OK	15622997
5665	FUN_1802aac80	1802aac80	511	OK	15625308
5666	FUN_1802aae80	1802aae80	239	OK	15626338
5667	FUN_1802aaf70	1802aaf70	188	OK	15627104
5668	FUN_1802ab030	1802ab030	277	OK	15628525
5669	FUN_1802ab150	1802ab150	1143	OK	15634790
5670	FUN_1802ab5d0	1802ab5d0	492	OK	15637118
5671	FUN_1802ab7c0	1802ab7c0	143	OK	15637611
5672	FUN_1802ab850	1802ab850	370	OK	15639412
5673	FUN_1802ab9d0	1802ab9d0	404	OK	15642271
5674	FUN_1802abb70	1802abb70	96	OK	15642684
5675	FUN_1802abbd0	1802abbd0	1310	OK	15649470
5676	FUN_1802ac0f0	1802ac0f0	832	OK	15654204
5677	FUN_1802ac470	1802ac470	86	OK	15655087
5678	FUN_1802ac4d0	1802ac4d0	1188	OK	15661770
5679	FUN_1802ac980	1802ac980	878	OK	15667237
5680	FUN_1802acd20	1802acd20	1064	OK	15675537
5681	FUN_1802ad150	1802ad150	9	OK	15675721
5682	FUN_1802ad160	1802ad160	21	OK	15675988
5683	FUN_1802ad180	1802ad180	53	OK	15676323
5684	FUN_1802ad1c0	1802ad1c0	1254	OK	15684582
5685	FUN_1802ad6b0	1802ad6b0	409	OK	15686765
5686	FUN_1802ad850	1802ad850	1027	OK	15694375
5687	FUN_1802adc60	1802adc60	239	OK	15695464
5688	FUN_1802add50	1802add50	254	OK	15696642
5689	FUN_1802ade50	1802ade50	1095	OK	15702170
5690	FUN_1802ae2a0	1802ae2a0	845	OK	15707492
5691	FUN_1802ae5f0	1802ae5f0	121	OK	15708428
5692	FUN_1802ae670	1802ae670	190	OK	15709625
5693	FUN_1802ae730	1802ae730	237	OK	15711849
5694	FUN_1802ae820	1802ae820	981	OK	15717831
5695	FUN_1802aec70	1802aec70	327	OK	15720085
5696	FUN_1802aedc0	1802aedc0	31	OK	15720574
5697	FUN_1802aede0	1802aede0	46	OK	15721107
5698	FUN_1802aee10	1802aee10	2985	OK	15740975
5699	FUN_1802af9c0	1802af9c0	105	OK	15741709
5700	FUN_1802afa30	1802afa30	197	OK	15742835
5701	FUN_1802afb00	1802afb00	2772	OK	15755475
5702	FUN_1802b0600	1802b0600	634	OK	15758537
5703	FUN_1802b0880	1802b0880	693	OK	15762035
5704	FUN_1802b0b40	1802b0b40	845	OK	15766456
5705	FUN_1802b0e90	1802b0e90	243	OK	15767560
5706	FUN_1802b0f90	1802b0f90	684	OK	15770882
5707	FUN_1802b1240	1802b1240	255	OK	15772493
5708	FUN_1802b1340	1802b1340	754	OK	15776973
5709	FUN_1802b1640	1802b1640	111	OK	15777776
5710	FUN_1802b16b0	1802b16b0	900	OK	15782564
5711	FUN_1802b1a40	1802b1a40	1024	OK	15789481
5712	FUN_1802b1e40	1802b1e40	131	OK	15790127
5713	FUN_1802b1ed0	1802b1ed0	109	OK	15790930
5714	FUN_1802b1f40	1802b1f40	124	OK	15791775
5715	FUN_1802b1fc0	1802b1fc0	9	OK	15791944
5716	FUN_1802b1fd0	1802b1fd0	408	OK	15794580
5717	FUN_1802b2170	1802b2170	332	OK	15796306
5718	FUN_1802b22c0	1802b22c0	497	OK	15798913
5719	FUN_1802b24c0	1802b24c0	210	OK	15799933
5720	FUN_1802b25a0	1802b25a0	202	OK	15800628
5721	FUN_1802b2670	1802b2670	1173	OK	15807976
5722	FUN_1802b2b10	1802b2b10	780	OK	15812630
5723	FUN_1802b2e20	1802b2e20	2428	OK	15828903
5724	FUN_1802b37b0	1802b37b0	713	OK	15832971
5725	FUN_1802b3a80	1802b3a80	420	OK	15834659
5726	FUN_1802b3c30	1802b3c30	1544	OK	15842044
5727	FUN_1802b4240	1802b4240	1175	OK	15848158
5728	FUN_1802b4700	1802b4700	696	OK	15851596
5729	FUN_1802b49c0	1802b49c0	272	OK	15852917
5730	FUN_1802b4ad0	1802b4ad0	1312	OK	15860083
5731	FUN_1802b5000	1802b5000	1788	OK	15869246
5732	FUN_1802b5200	1802b5200	25	OK	15875074
5733	FUN_1802b5740	1802b5740	2587	OK	15890530
5734	FUN_1802b6160	1802b6160	983	OK	15895431
5735	FUN_1802b6540	1802b6540	499	OK	15898283
5736	FUN_1802b6740	1802b6740	422	OK	15900490
5737	FUN_1802b68f0	1802b68f0	1931	OK	15912086
5738	FUN_1802b7080	1802b7080	635	OK	15915996
5739	FUN_1802b7300	1802b7300	1721	OK	15926645
5740	FUN_1802b79c0	1802b79c0	1294	OK	15931634
5741	FUN_1802b7f00	1802b7f00	801	OK	15936628
5742	FUN_1802b8230	1802b8230	5353	OK	15963373
5743	FUN_1802b97d0	1802b97d0	753	OK	15967023
5744	FUN_1802b9ad0	1802b9ad0	205	OK	15968578
5745	FUN_1802b9ba0	1802b9ba0	112	OK	15969138
5746	FUN_1802b9c10	1802b9c10	126	OK	15969751
5747	FUN_1802b9c90	1802b9c90	214	OK	15971015
5748	FUN_1802b9d70	1802b9d70	107	OK	15971538
5749	FUN_1802b9de0	1802b9de0	107	OK	15972061
5750	FUN_1802b9e50	1802b9e50	119	OK	15972696
5751	FUN_1802b9ed0	1802b9ed0	121	OK	15973288
5752	FUN_1802b9f50	1802b9f50	247	OK	15974670
5753	FUN_1802ba050	1802ba050	145	OK	15975245
5754	FUN_1802ba0f0	1802ba0f0	798	OK	15978618
5755	FUN_1802ba410	1802ba410	828	OK	15982373
5756	FUN_1802ba750	1802ba750	20	OK	15982550
5757	FUN_1802ba770	1802ba770	546	OK	15985458
5758	FUN_1802ba9a0	1802ba9a0	336	OK	15988071
5759	FUN_1802baaf0	1802baaf0	333	OK	15989720
5760	FUN_1802bac40	1802bac40	399	OK	15991860
5761	FUN_1802badd0	1802badd0	181	OK	15992958
5762	FUN_1802bae90	1802bae90	332	OK	15994968
5763	FUN_1802bafe0	1802bafe0	274	OK	15996343
5764	FUN_1802bb100	1802bb100	184	OK	15997732
5765	FUN_1802bb1c0	1802bb1c0	1744	OK	16007530
5766	FUN_1802bb890	1802bb890	12	OK	16007700
5767	FUN_1802bb8a0	1802bb8a0	1701	OK	16019474
5768	FUN_1802bbf50	1802bbf50	965	OK	16025358
5769	FUN_1802bc320	1802bc320	32	OK	16025751
5770	FUN_1802bc340	1802bc340	806	OK	16031500
5771	FUN_1802bc670	1802bc670	6252	OK	16070505
5772	FUN_1802bdef0	1802bdef0	875	OK	16075096
5773	FUN_1802be260	1802be260	325	OK	16076536
5774	FUN_1802be3b0	1802be3b0	81	OK	16076894
5775	FUN_1802be410	1802be410	827	OK	16081085
5776	FUN_1802be750	1802be750	152	OK	16081874
5777	FUN_1802be7f0	1802be7f0	1182	OK	16089539
5778	FUN_1802bec90	1802bec90	640	OK	16093903
5779	FUN_1802bef10	1802bef10	4	OK	16094076
5780	FUN_1802bef20	1802bef20	56	OK	16094364
5781	FUN_1802bef60	1802bef60	308	OK	16096153
5782	FUN_1802bf0a0	1802bf0a0	111	OK	16096600
5783	FUN_1802bf110	1802bf110	3236	OK	16116623
5784	FUN_1802bfdc0	1802bfdc0	781	OK	16122028
5785	FUN_1802c00d0	1802c00d0	105	OK	16122641
5786	FUN_1802c0140	1802c0140	5	OK	16122814
5787	FUN_1802c0150	1802c0150	52	OK	16123182
5788	FUN_1802c0190	1802c0190	387	OK	16125185
5789	FUN_1802c0320	1802c0320	153	OK	16126109
5790	FUN_1802c03c0	1802c03c0	316	OK	16127664
5791	FUN_1802c0500	1802c0500	270	OK	16129081
5792	FUN_1802c0610	1802c0610	210	OK	16130291
5793	FUN_1802c06f0	1802c06f0	5	OK	16130464
5794	FUN_1802c0700	1802c0700	797	OK	16135648
5795	FUN_1802c0a20	1802c0a20	56	OK	16136052
5796	FUN_1802c0a60	1802c0a60	296	OK	16137416
5797	FUN_1802c0b90	1802c0b90	630	OK	16141192
5798	FUN_1802c0e10	1802c0e10	145	OK	16141815
5799	FUN_1802c0eb0	1802c0eb0	1688	OK	16152772
5800	FUN_1802c1550	1802c1550	52	OK	16153072
5801	FUN_1802c1590	1802c1590	349	OK	16154508
5802	FUN_1802c16f0	1802c16f0	4226	OK	16181408
5803	FUN_1802c2780	1802c2780	193	OK	16182150
5804	FUN_1802c2850	1802c2850	116	OK	16182726
5805	FUN_1802c28d0	1802c28d0	175	OK	16183648
5806	FUN_1802c2980	1802c2980	212	OK	16184771
5807	FUN_1802c2a60	1802c2a60	215	OK	16185896
5808	FUN_1802c2b40	1802c2b40	215	OK	16187021
5809	FUN_1802c2c20	1802c2c20	253	OK	16188122
5810	FUN_1802c2d20	1802c2d20	1352	OK	16194762
5811	FUN_1802c3270	1802c3270	84	OK	16195156
5812	FUN_1802c32d0	1802c32d0	540	OK	16198109
5813	FUN_1802c34f0	1802c34f0	546	OK	16200884
5814	FUN_1802c3720	1802c3720	523	OK	16203481
5815	FUN_1802c3930	1802c3930	201	OK	16204685
5816	FUN_1802c3a00	1802c3a00	374	OK	16206217
5817	FUN_1802c3b80	1802c3b80	263	OK	16207732
5818	FUN_1802c3c90	1802c3c90	33	OK	16208062
5819	FUN_1802c3cc0	1802c3cc0	423	OK	16210495
5820	FUN_1802c3e70	1802c3e70	519	OK	16213317
5821	FUN_1802c4080	1802c4080	858	OK	16216899
5822	FUN_1802c43e0	1802c43e0	1085	OK	16222269
5823	FUN_1802c4820	1802c4820	6704	OK	16259832
5824	FUN_1802c6250	1802c6250	555	OK	16262171
5825	FUN_1802c6480	1802c6480	688	OK	16265547
5826	FUN_1802c6730	1802c6730	45	OK	16265813
5827	FUN_1802c6760	1802c6760	266	OK	16267133
5828	FUN_1802c6870	1802c6870	168	OK	16268284
5829	FUN_1802c6920	1802c6920	13	OK	16268477
5830	FUN_1802c6930	1802c6930	127	OK	16269698
5831	FUN_1802c69b0	1802c69b0	13	OK	16269893
5832	FUN_1802c69c0	1802c69c0	127	OK	16271116
5833	FUN_1802c6a40	1802c6a40	642	OK	16273785
5834	FUN_1802c6cd0	1802c6cd0	121	OK	16274402
5835	FUN_1802c6d50	1802c6d50	46	OK	16274691
5836	FUN_1802c6d80	1802c6d80	46	OK	16274980
5837	FUN_1802c6db0	1802c6db0	389	OK	16276489
5838	FUN_1802c6f40	1802c6f40	1113	OK	16281865
5839	FUN_1802c73a0	1802c73a0	215	OK	16282990
5840	FUN_1802c7480	1802c7480	369	OK	16284933
5841	FUN_1802c7600	1802c7600	369	OK	16286876
5842	FUN_1802c7780	1802c7780	86	OK	16287920
5843	FUN_1802c7810	1802c7810	81	OK	16288487
5844	FUN_1802c7870	1802c7870	1173	OK	16294870
5845	FUN_1802c7d10	1802c7d10	2908	OK	16310679
5846	FUN_1802c8870	1802c8870	13	OK	16310872
5847	FUN_1802c8880	1802c8880	127	OK	16312093
5848	FUN_1802c8900	1802c8900	13	OK	16312287
5849	FUN_1802c8910	1802c8910	127	OK	16313509
5850	FUN_1802c8990	1802c8990	341	OK	16315157
5851	FUN_1802c8af0	1802c8af0	122	OK	16316376
5852	FUN_1802c8b70	1802c8b70	380	OK	16318150
5853	FUN_1802c8cf0	1802c8cf0	485	OK	16320525
5854	FUN_1802c8ee0	1802c8ee0	118	OK	16321142
5855	FUN_1802c8f60	1802c8f60	172	OK	16322119
5856	FUN_1802c9010	1802c9010	187	OK	16323161
5857	FUN_1802c90d0	1802c90d0	387	OK	16325176
5858	FUN_1802c9260	1802c9260	82	OK	16325572
5859	FUN_1802c92c0	1802c92c0	452	OK	16328202
5860	FUN_1802c9490	1802c9490	535	OK	16331273
5861	FUN_1802c96b0	1802c96b0	412	OK	16333401
5862	FUN_1802c9850	1802c9850	510	OK	16336428
5863	FUN_1802c9a50	1802c9a50	236	OK	16337578
5864	FUN_1802c9b40	1802c9b40	228	OK	16338728
5865	FUN_1802c9c30	1802c9c30	228	OK	16339878
5866	FUN_1802c9d20	1802c9d20	236	OK	16341028
5867	FUN_1802c9e10	1802c9e10	236	OK	16342178
5868	FUN_1802c9f00	1802c9f00	228	OK	16343518
5869	FUN_1802c9ff0	1802c9ff0	228	OK	16344858
5870	FUN_1802ca0e0	1802ca0e0	198	OK	16345714
5871	FUN_1802ca1b0	1802ca1b0	481	OK	16348150
5872	FUN_1802ca3a0	1802ca3a0	456	OK	16350489
5873	FUN_1802ca570	1802ca570	360	OK	16352508
5874	FUN_1802ca6e0	1802ca6e0	103	OK	16353043
5875	FUN_1802ca750	1802ca750	20	OK	16353221
5876	FUN_1802ca770	1802ca770	57	OK	16353528
5877	FUN_1802ca7b0	1802ca7b0	166	OK	16354631
5878	FUN_1802ca860	1802ca860	1600	OK	16363708
5879	FUN_1802caea0	1802caea0	1983	OK	16373375
5880	FUN_1802cb660	1802cb660	1026	OK	16378622
5881	FUN_1802cba70	1802cba70	41	OK	16379192
5882	FUN_1802cbaa0	1802cbaa0	332	OK	16381243
5883	FUN_1802cbbf0	1802cbbf0	43	OK	16381862
5884	FUN_1802cbc20	1802cbc20	187	OK	16382790
5885	FUN_1802cbce0	1802cbce0	187	OK	16383718
5886	FUN_1802cbda0	1802cbda0	170	OK	16384474
5887	FUN_1802cbe50	1802cbe50	242	OK	16385743
5888	FUN_1802cbf50	1802cbf50	131	OK	16386631
5889	FUN_1802cbfe0	1802cbfe0	198	OK	16387511
5890	FUN_1802cc0b0	1802cc0b0	322	OK	16389069
5891	FUN_1802cc200	1802cc200	278	OK	16390438
5892	FUN_1802cc320	1802cc320	215	OK	16391378
5893	FUN_1802cc400	1802cc400	255	OK	16392969
5894	FUN_1802cc500	1802cc500	235	OK	16394198
5895	FUN_1802cc5f0	1802cc5f0	806	OK	16398566
5896	FUN_1802cc920	1802cc920	98	OK	16399218
5897	FUN_1802cc990	1802cc990	87	OK	16399701
5898	FUN_1802cc9f0	1802cc9f0	39	OK	16400104
5899	FUN_1802cca20	1802cca20	93	OK	16400475
5900	FUN_1802cca80	1802cca80	1814	OK	16408575
5901	FUN_1802cd1a0	1802cd1a0	553	OK	16411753
5902	FUN_1802cd3d0	1802cd3d0	210	OK	16412524
5903	FUN_1802cd4b0	1802cd4b0	277	OK	16413860
5904	FUN_1802cd5d0	1802cd5d0	682	OK	16417464
5905	FUN_1802cd880	1802cd880	532	OK	16420453
5906	FUN_1802cdaa0	1802cdaa0	336	OK	16422043
5907	FUN_1802cdbf0	1802cdbf0	1124	OK	16428363
5908	FUN_1802ce060	1802ce060	1041	OK	16433425
5909	FUN_1802ce480	1802ce480	83	OK	16434066
5910	FUN_1802ce4e0	1802ce4e0	98	OK	16434582
5911	FUN_1802ce550	1802ce550	98	OK	16435098
5912	FUN_1802ce5c0	1802ce5c0	148	OK	16435956
5913	FUN_1802ce660	1802ce660	159	OK	16436627
5914	FUN_1802ce700	1802ce700	138	OK	16437201
5915	FUN_1802ce790	1802ce790	148	OK	16438059
5916	FUN_1802ce830	1802ce830	255	OK	16439405
5917	FUN_1802ce930	1802ce930	980	OK	16443730
5918	FUN_1802ced10	1802ced10	1119	OK	16450207
5919	FUN_1802cf170	1802cf170	591	OK	16453444
5920	FUN_1802cf3c0	1802cf3c0	450	OK	16456008
5921	FUN_1802cf590	1802cf590	843	OK	16460220
5922	FUN_1802cf8e0	1802cf8e0	813	OK	16464097
5923	FUN_1802cfc10	1802cfc10	20	OK	16464275
5924	FUN_1802cfc30	1802cfc30	363	OK	16466007
5925	FUN_1802cfda0	1802cfda0	108	OK	16466875
5926	FUN_1802cfe10	1802cfe10	83	OK	16467501
5927	FUN_1802cfe70	1802cfe70	396	OK	16469907
5928	FUN_1802d0000	1802d0000	12	OK	16470106
5929	FUN_1802d0010	1802d0010	76	OK	16470662
5930	FUN_1802d0060	1802d0060	390	OK	16472611
5931	FUN_1802d01f0	1802d01f0	391	OK	16475006
5932	FUN_1802d0380	1802d0380	507	OK	16478356
5933	FUN_1802d0580	1802d0580	467	OK	16481410
5934	FUN_1802d0760	1802d0760	467	OK	16484550
5935	FUN_1802d0940	1802d0940	365	OK	16486897
5936	FUN_1802d0ab0	1802d0ab0	423	OK	16489510
5937	FUN_1802d0c60	1802d0c60	491	OK	16492451
5938	FUN_1802d0e50	1802d0e50	573	OK	16496032
5939	FUN_1802d1090	1802d1090	402	OK	16498464
5940	FUN_1802d1230	1802d1230	2937	OK	16514590
5941	FUN_1802d1df0	1802d1df0	250	OK	16516198
5942	FUN_1802d1ef0	1802d1ef0	100	OK	16516643
5943	FUN_1802d1f60	1802d1f60	346	OK	16518520
5944	FUN_1802d20c0	1802d20c0	3586	OK	16553826
5945	FUN_1802d2ed0	1802d2ed0	9	OK	16554011
5946	FUN_1802d2ee0	1802d2ee0	20	OK	16554189
5947	FUN_1802d2f00	1802d2f00	610	OK	16557061
5948	FUN_1802d3170	1802d3170	335	OK	16561290
5949	FUN_1802d32c0	1802d32c0	185	OK	16562303
5950	FUN_1802d3380	1802d3380	202	OK	16563386
5951	FUN_1802d3450	1802d3450	183	OK	16564376
5952	FUN_1802d3510	1802d3510	199	OK	16565438
5953	FUN_1802d35e0	1802d35e0	181	OK	16566466
5954	FUN_1802d36a0	1802d36a0	253	OK	16567966
5955	FUN_1802d37a0	1802d37a0	55	OK	16568303
5956	FUN_1802d37e0	1802d37e0	175	OK	16569437
5957	FUN_1802d3890	1802d3890	131	OK	16570134
5958	FUN_1802d3920	1802d3920	574	OK	16572574
5959	FUN_1802d3b60	1802d3b60	458	OK	16574928
5960	FUN_1802d3d30	1802d3d30	78	OK	16575575
5961	FUN_1802d3d80	1802d3d80	34	OK	16575950
5962	FUN_1802d3db0	1802d3db0	206	OK	16577338
5963	FUN_1802d3e80	1802d3e80	2253	OK	16590341
5964	FUN_1802d4750	1802d4750	19	OK	16590576
5965	FUN_1802d4770	1802d4770	377	OK	16592622
5966	FUN_1802d48f0	1802d48f0	377	OK	16594668
5967	FUN_1802d4a70	1802d4a70	377	OK	16596714
5968	FUN_1802d4bf0	1802d4bf0	377	OK	16598760
5969	FUN_1802d4d70	1802d4d70	377	OK	16600806
5970	FUN_1802d4ef0	1802d4ef0	377	OK	16602852
5971	FUN_1802d5070	1802d5070	1696	OK	16611323
5972	FUN_1802d5710	1802d5710	1744	OK	16619971
5973	FUN_1802d5e20	1802d5e20	1461	OK	16627290
5974	FUN_1802d63f0	1802d63f0	1432	OK	16634483
5975	FUN_1802d69c0	1802d69c0	224	FAILED	16634590
5976	FUN_1802d7150	1802d7150	1	OK	16641980
5977	FUN_1802d7740	1802d7740	602	OK	16679145
5978	FUN_1802d79a0	1802d79a0	2206	OK	16705650
5979	FUN_1802d7b70	1802d7b70	14	OK	16726514
5980	FUN_1802d7d50	1802d7d50	14	OK	16740887
5981	FUN_1802d7f10	1802d7f10	1	OK	16748315
5982	FUN_1802d80f0	1802d80f0	2	OK	16750813
5983	FUN_1802d82c0	1802d82c0	528	OK	16754161
5984	FUN_1802d84d0	1802d84d0	545	OK	16757617
5985	FUN_1802d8700	1802d8700	147	OK	16758369
5986	FUN_1802d87a0	1802d87a0	1670	OK	16767520
5987	FUN_1802d8e30	1802d8e30	312	OK	16769343
5988	FUN_1802d8f70	1802d8f70	603	OK	16772747
5989	FUN_1802d91d0	1802d91d0	138	OK	16774633
5990	FUN_1802d9260	1802d9260	1362	OK	16784442
5991	FUN_1802d97c0	1802d97c0	485	OK	16787252
5992	FUN_1802d99b0	1802d99b0	722	OK	16791068
5993	FUN_1802d9c90	1802d9c90	233	OK	16792287
5994	FUN_1802d9d80	1802d9d80	21	OK	16792688
5995	FUN_1802d9da0	1802d9da0	241	OK	16794170
5996	FUN_1802d9ea0	1802d9ea0	606	OK	16798206
5997	FUN_1802da110	1802da110	598	OK	16802242
5998	FUN_1802da380	1802da380	293	OK	16804135
5999	FUN_1802da4b0	1802da4b0	490	OK	16807297
6000	FUN_1802da6a0	1802da6a0	466	OK	16810211
6001	FUN_1802da880	1802da880	635	OK	16814385
6002	FUN_1802dab00	1802dab00	64	OK	16814731
6003	FUN_1802dab40	1802dab40	74	OK	16815157
6004	FUN_1802dab90	1802dab90	231	OK	16816222
6005	FUN_1802dac80	1802dac80	183	OK	16817207
6006	FUN_1802dad40	1802dad40	58	OK	16817656
6007	FUN_1802dad80	1802dad80	720	OK	16821171
6008	FUN_1802db050	1802db050	800	OK	16824955
6009	FUN_1802db370	1802db370	104	OK	16825631
6010	FUN_1802db3e0	1802db3e0	79	OK	16826143
6011	FUN_1802db430	1802db430	499	OK	16829866
6012	FUN_1802db630	1802db630	1410	OK	16839390
6013	FUN_1802dbbc0	1802dbbc0	135	OK	16840169
6014	FUN_1802dbc50	1802dbc50	340	OK	16842024
6015	FUN_1802dbdb0	1802dbdb0	235	OK	16843198
6016	FUN_1802dbea0	1802dbea0	2380	OK	16857519
6017	FUN_1802dc7f0	1802dc7f0	171	OK	16858652
6018	FUN_1802dc8a0	1802dc8a0	171	OK	16859785
6019	FUN_1802dc950	1802dc950	228	OK	16860933
6020	FUN_1802dca40	1802dca40	398	OK	16863242
6021	FUN_1802dcbd0	1802dcbd0	463	OK	16865559
6022	FUN_1802dcdb0	1802dcdb0	92	OK	16866275
6023	FUN_1802dce10	1802dce10	320	OK	16867713
6024	FUN_1802dcf50	1802dcf50	3241	OK	16887509
6025	FUN_1802ddc00	1802ddc00	509	OK	16890094
6026	FUN_1802dde00	1802dde00	431	OK	16892633
6027	FUN_1802ddfb0	1802ddfb0	294	OK	16894059
6028	FUN_1802de0e0	1802de0e0	294	OK	16895485
6029	FUN_1802de210	1802de210	391	OK	16897747
6030	FUN_1802de3a0	1802de3a0	515	OK	16900851
6031	FUN_1802de5b0	1802de5b0	121	OK	16901394
6032	FUN_1802de630	1802de630	117	OK	16902195
6033	FUN_1802de6b0	1802de6b0	611	OK	16905163
6034	FUN_1802de920	1802de920	1030	OK	16911566
6035	FUN_1802ded30	1802ded30	99	OK	16912018
6036	FUN_1802deda0	1802deda0	1393	OK	16920137
6037	FUN_1802df320	1802df320	373	OK	16923300
6038	FUN_1802df4a0	1802df4a0	194	OK	16924543
6039	FUN_1802df570	1802df570	280	OK	16926311
6040	FUN_1802df690	1802df690	365	OK	16928653
6041	FUN_1802df800	1802df800	960	OK	16934310
6042	FUN_1802dfbc0	1802dfbc0	510	OK	16937961
6043	FUN_1802dfdc0	1802dfdc0	500	OK	16940316
6044	FUN_1802dffc0	1802dffc0	576	OK	16943862
6045	FUN_1802e0200	1802e0200	117	OK	16944411
6046	FUN_1802e0280	1802e0280	1153	OK	16951887
6047	FUN_1802e0710	1802e0710	491	OK	16954816
6048	FUN_1802e0900	1802e0900	516	OK	16957797
6049	FUN_1802e0b10	1802e0b10	145	OK	16958614
6050	FUN_1802e0bb0	1802e0bb0	184	OK	16959332
6051	FUN_1802e0c70	1802e0c70	309	OK	16960952
6052	FUN_1802e0db0	1802e0db0	149	OK	16961682
6053	FUN_1802e0e50	1802e0e50	131	OK	16962351
6054	FUN_1802e0ee0	1802e0ee0	101	OK	16963094
6055	FUN_1802e0f50	1802e0f50	626	OK	16966100
6056	FUN_1802e11d0	1802e11d0	52	OK	16966357
6057	FUN_1802e1210	1802e1210	52	OK	16966617
6058	FUN_1802e1250	1802e1250	96	OK	16967030
6059	FUN_1802e12b0	1802e12b0	563	OK	16972107
6060	FUN_1802e14f0	1802e14f0	59	OK	16972654
6061	FUN_1802e1530	1802e1530	1596	OK	16982197
6062	FUN_1802e1b70	1802e1b70	258	OK	16983811
6063	FUN_1802e1c80	1802e1c80	669	OK	16987905
6064	FUN_1802e1f20	1802e1f20	32	OK	16988116
6065	FUN_1802e1f40	1802e1f40	50	OK	16988700
6066	FUN_1802e1f80	1802e1f80	179	OK	16989602
6067	FUN_1802e2040	1802e2040	549	OK	16993576
6068	FUN_1802e2270	1802e2270	336	OK	16996114
6069	FUN_1802e23c0	1802e23c0	336	OK	16998652
6070	FUN_1802e2510	1802e2510	51	OK	16998928
6071	FUN_1802e2550	1802e2550	786	OK	17004609
6072	FUN_1802e2870	1802e2870	786	OK	17010290
6073	FUN_1802e2b90	1802e2b90	36	OK	17010581
6074	FUN_1802e2bc0	1802e2bc0	33	OK	17010897
6075	FUN_1802e2bf0	1802e2bf0	36	OK	17011188
6076	FUN_1802e2c20	1802e2c20	193	OK	17013108
6077	FUN_1802e2cf0	1802e2cf0	722	OK	17017091
6078	FUN_1802e2fd0	1802e2fd0	189	OK	17018922
6079	FUN_1802e3090	1802e3090	611	OK	17022236
6080	FUN_1802e3300	1802e3300	940	OK	17027136
6081	FUN_1802e36b0	1802e36b0	526	OK	17029795
6082	FUN_1802e3920	1802e3920	171	OK	17030605
6083	FUN_1802e39d0	1802e39d0	59	OK	17031143
6084	FUN_1802e3a10	1802e3a10	333	OK	17032999
6085	FUN_1802e3b60	1802e3b60	310	OK	17034700
6086	thunk_FUN_1802e3cb0	1802e3ca0	5	OK	17036782
6087	FUN_1802e3cb0	1802e3cb0	404	OK	17038857
6088	FUN_1802e3e50	1802e3e50	395	OK	17040690
6089	FUN_1802e3fe0	1802e3fe0	384	OK	17042472
6090	FUN_1802e4160	1802e4160	391	OK	17044774
6091	FUN_1802e42f0	1802e42f0	407	OK	17047188
6092	FUN_1802e4490	1802e4490	166	OK	17047944
6093	FUN_1802e4540	1802e4540	142	OK	17048479
6094	FUN_1802e45d0	1802e45d0	126	OK	17049067
6095	FUN_1802e4650	1802e4650	131	OK	17049955
6096	FUN_1802e46e0	1802e46e0	182	OK	17050771
6097	FUN_1802e47a0	1802e47a0	396	OK	17053748
6098	FUN_1802e4930	1802e4930	85	OK	17054516
6099	FUN_1802e4990	1802e4990	319	OK	17056699
6100	FUN_1802e4ad0	1802e4ad0	125	OK	17057954
6101	FUN_1802e4b50	1802e4b50	78	OK	17058607
6102	FUN_1802e4ba0	1802e4ba0	203	OK	17059591
6103	FUN_1802e4c70	1802e4c70	132	OK	17060535
6104	FUN_1802e4d00	1802e4d00	609	OK	17064319
6105	FUN_1802e4f70	1802e4f70	363	OK	17066498
6106	FUN_1802e50e0	1802e50e0	400	OK	17069214
6107	FUN_1802e5270	1802e5270	1094	OK	17075367
6108	FUN_1802e56c0	1802e56c0	1726	OK	17088282
6109	FUN_1802e5d80	1802e5d80	421	OK	17090621
6110	FUN_1802e5f30	1802e5f30	681	OK	17094730
6111	FUN_1802e61e0	1802e61e0	739	OK	17099206
6112	FUN_1802e64d0	1802e64d0	62	OK	17099587
6113	FUN_1802e6510	1802e6510	55	OK	17099924
6114	FUN_1802e6550	1802e6550	499	OK	17103295
6115	FUN_1802e6750	1802e6750	488	OK	17106514
6116	FUN_1802e6940	1802e6940	298	OK	17108721
6117	FUN_1802e6a70	1802e6a70	764	OK	17112887
6118	FUN_1802e6d70	1802e6d70	456	OK	17115573
6119	FUN_1802e6f40	1802e6f40	725	OK	17119991
6120	FUN_1802e7220	1802e7220	270	OK	17121372
6121	FUN_1802e7330	1802e7330	231	OK	17123521
6122	FUN_1802e7420	1802e7420	3281	OK	17144622
6123	FUN_1802e8100	1802e8100	3281	OK	17165723
6124	FUN_1802e8de0	1802e8de0	348	OK	17167802
6125	FUN_1802e8f40	1802e8f40	348	OK	17169881
6126	FUN_1802e90a0	1802e90a0	506	OK	17174096
6127	FUN_1802e92a0	1802e92a0	129	OK	17174766
6128	FUN_1802e9330	1802e9330	111	OK	17175376
6129	FUN_1802e93a0	1802e93a0	418	OK	17177498
6130	FUN_1802e9550	1802e9550	55	OK	17177885
6131	FUN_1802e9590	1802e9590	266	OK	17179753
6132	FUN_1802e96a0	1802e96a0	64	OK	17180050
6133	FUN_1802e96e0	1802e96e0	9	OK	17180219
6134	FUN_1802e96f0	1802e96f0	52	OK	17180480
6135	FUN_1802e9730	1802e9730	136	OK	17181315
6136	FUN_1802e97c0	1802e97c0	76	OK	17181784
6137	FUN_1802e9810	1802e9810	303	OK	17183734
6138	FUN_1802e9940	1802e9940	167	OK	17184980
6139	FUN_1802e99f0	1802e99f0	189	OK	17186196
6140	FUN_1802e9ab0	1802e9ab0	3082	OK	17210568
6141	FUN_1802ea6c0	1802ea6c0	526	OK	17213574
6142	FUN_1802ea8d0	1802ea8d0	660	OK	17216767
6143	FUN_1802eab70	1802eab70	360	OK	17218426
6144	FUN_1802eace0	1802eace0	126	OK	17218946
6145	FUN_1802ead60	1802ead60	220	OK	17220505
6146	FUN_1802eae40	1802eae40	37	OK	17220740
6147	FUN_1802eae70	1802eae70	91	OK	17221280
6148	FUN_1802eaed0	1802eaed0	14	OK	17221514
6149	FUN_1802eaee0	1802eaee0	5	OK	17221669
6150	FUN_1802eaef0	1802eaef0	482	OK	17223722
6151	FUN_1802eb0e0	1802eb0e0	22	OK	17223956
6152	FUN_1802eb100	1802eb100	22	OK	17224186
6153	FUN_1802eb120	1802eb120	1140	OK	17230992
6154	FUN_1802eb5a0	1802eb5a0	760	OK	17235743
6155	FUN_1802eb8a0	1802eb8a0	268	OK	17237203
6156	FUN_1802eb9b0	1802eb9b0	14	OK	17237410
6157	FUN_1802eb9c0	1802eb9c0	8	OK	17237610
6158	FUN_1802eb9d0	1802eb9d0	14	OK	17237817
6159	FUN_1802eb9e0	1802eb9e0	8	OK	17238017
6160	FUN_1802eb9f0	1802eb9f0	14	OK	17238224
6161	FUN_1802eba00	1802eba00	8	OK	17238424
6162	FUN_1802eba10	1802eba10	14	OK	17238631
6163	FUN_1802eba20	1802eba20	8	OK	17238831
6164	FUN_1802eba30	1802eba30	159	OK	17239830
6165	FUN_1802ebad0	1802ebad0	530	OK	17242703
6166	FUN_1802ebcf0	1802ebcf0	235	OK	17243866
6167	FUN_1802ebde0	1802ebde0	234	OK	17245127
6168	FUN_1802ebed0	1802ebed0	237	OK	17246416
6169	FUN_1802ebfc0	1802ebfc0	36	OK	17246654
6170	FUN_1802ebff0	1802ebff0	251	OK	17247881
6171	FUN_1802ec0f0	1802ec0f0	126	OK	17248478
6172	FUN_1802ec170	1802ec170	149	OK	17249413
6173	FUN_1802ec210	1802ec210	134	OK	17249975
6174	FUN_1802ec2a0	1802ec2a0	50	OK	17250326
6175	FUN_1802ec2e0	1802ec2e0	96	OK	17250748
6176	FUN_1802ec340	1802ec340	190	OK	17251882
6177	FUN_1802ec400	1802ec400	115	OK	17252569
6178	FUN_1802ec480	1802ec480	63	OK	17252916
6179	FUN_1802ec4c0	1802ec4c0	151	OK	17253490
6180	FUN_1802ec560	1802ec560	92	OK	17253886
6181	FUN_1802ec5c0	1802ec5c0	34	OK	17255819
6182	FUN_1802ec5f0	1802ec5f0	359	OK	17257957
6183	FUN_1802ec760	1802ec760	51	OK	17258233
6184	FUN_1802ec7a0	1802ec7a0	538	OK	17261621
6185	FUN_1802ec9c0	1802ec9c0	773	OK	17265952
6186	FUN_1802eccd0	1802eccd0	111	OK	17266358
6187	FUN_1802ecd40	1802ecd40	122	OK	17266790
6188	FUN_1802ecdc0	1802ecdc0	29	OK	17267132
6189	FUN_1802ecde0	1802ecde0	125	OK	17267751
6190	FUN_1802ece60	1802ece60	254	OK	17269078
6191	FUN_1802ecf60	1802ecf60	291	OK	17270532
6192	FUN_1802ed090	1802ed090	291	OK	17272260
6193	FUN_1802ed1c0	1802ed1c0	388	OK	17274251
6194	FUN_1802ed350	1802ed350	79	OK	17274763
6195	FUN_1802ed3a0	1802ed3a0	24	OK	17275001
6196	FUN_1802ed3c0	1802ed3c0	145	OK	17275894
6197	FUN_1802ed460	1802ed460	530	OK	17279389
6198	FUN_1802ed680	1802ed680	651	OK	17283088
6199	FUN_1802ed910	1802ed910	666	OK	17286995
6200	FUN_1802edbb0	1802edbb0	190	OK	17287851
6201	FUN_1802edc70	1802edc70	198	OK	17288707
6202	FUN_1802edd40	1802edd40	361	OK	17290494
6203	FUN_1802edeb0	1802edeb0	170	OK	17291250
6204	FUN_1802edf60	1802edf60	226	OK	17292523
6205	FUN_1802ee050	1802ee050	242	OK	17293792
6206	FUN_1802ee150	1802ee150	131	OK	17294680
6207	FUN_1802ee1e0	1802ee1e0	169	OK	17295471
6208	FUN_1802ee290	1802ee290	599	OK	17299162
6209	FUN_1802ee4f0	1802ee4f0	638	OK	17302757
6210	FUN_1802ee770	1802ee770	271	OK	17304116
6211	FUN_1802ee880	1802ee880	180	OK	17305098
6212	FUN_1802ee940	1802ee940	558	OK	17308023
6213	FUN_1802eeb70	1802eeb70	589	OK	17311254
6214	FUN_1802eedc0	1802eedc0	595	OK	17314203
6215	FUN_1802ef020	1802ef020	695	OK	17318118
6216	FUN_1802ef2e0	1802ef2e0	159	OK	17318982
6217	FUN_1802ef380	1802ef380	146	OK	17319607
6218	FUN_1802ef420	1802ef420	671	OK	17322736
6219	FUN_1802ef6c0	1802ef6c0	762	OK	17326307
6220	FUN_1802ef9c0	1802ef9c0	133	OK	17327019
6221	FUN_1802efa50	1802efa50	2225	OK	17338900
6222	FUN_1802f0310	1802f0310	677	OK	17342069
6223	FUN_1802f05c0	1802f05c0	366	OK	17343780
6224	FUN_1802f0730	1802f0730	117	OK	17344329
6225	FUN_1802f07b0	1802f07b0	211	OK	17345409
6226	FUN_1802f0890	1802f0890	118	OK	17346066
6227	FUN_1802f0910	1802f0910	244	OK	17347107
6228	FUN_1802f0a10	1802f0a10	124	OK	17347773
6229	FUN_1802f0a90	1802f0a90	84	OK	17348132
6230	FUN_1802f0af0	1802f0af0	568	OK	17352172
6231	FUN_1802f0d30	1802f0d30	185	OK	17353205
6232	FUN_1802f0df0	1802f0df0	131	OK	17354093
6233	FUN_1802f0e80	1802f0e80	169	OK	17354874
6234	FUN_1802f0f30	1802f0f30	1399	OK	17363015
6235	FUN_1802f14b0	1802f14b0	420	OK	17365064
6236	FUN_1802f1660	1802f1660	1121	OK	17372366
6237	FUN_1802f1ad0	1802f1ad0	104	OK	17373340
6238	FUN_1802f1b40	1802f1b40	25	OK	17374102
6239	FUN_1802f1b60	1802f1b60	373	OK	17376286
6240	FUN_1802f1ce0	1802f1ce0	476	OK	17378897
6241	FUN_1802f1ec0	1802f1ec0	134	OK	17379748
6242	FUN_1802f1f50	1802f1f50	900	OK	17384069
6243	FUN_1802f22e0	1802f22e0	361	OK	17386030
6244	FUN_1802f2450	1802f2450	14	OK	17386237
6245	FUN_1802f2460	1802f2460	8	OK	17386437
6246	FUN_1802f2470	1802f2470	22	OK	17386652
6247	FUN_1802f2490	1802f2490	32	OK	17386980
6248	FUN_1802f24b0	1802f24b0	160	OK	17388074
6249	FUN_1802f2560	1802f2560	15	OK	17388251
6250	FUN_1802f2570	1802f2570	21	OK	17388455
6251	FUN_1802f2590	1802f2590	116	OK	17389068
6252	FUN_1802f2610	1802f2610	24	OK	17389322
6253	FUN_1802f2630	1802f2630	52	OK	17389582
6254	FUN_1802f2670	1802f2670	174	OK	17390661
6255	FUN_1802f2720	1802f2720	220	OK	17391826
6256	FUN_1802f2800	1802f2800	211	OK	17393034
6257	FUN_1802f28e0	1802f28e0	114	OK	17393647
6258	FUN_1802f2960	1802f2960	96	OK	17394133
6259	FUN_1802f29c0	1802f29c0	64	OK	17394429
6260	FUN_1802f2a00	1802f2a00	487	OK	17397435
6261	FUN_1802f2bf0	1802f2bf0	413	OK	17399891
6262	FUN_1802f2d90	1802f2d90	107	OK	17400445
6263	FUN_1802f2e00	1802f2e00	134	OK	17401152
6264	FUN_1802f2e90	1802f2e90	115	OK	17401905
6265	FUN_1802f2f10	1802f2f10	430	OK	17404372
6266	FUN_1802f30c0	1802f30c0	18	OK	17404618
6267	FUN_1802f30e0	1802f30e0	35	OK	17405043
6268	FUN_1802f3110	1802f3110	131	OK	17405931
6269	FUN_1802f31a0	1802f31a0	169	OK	17406718
6270	FUN_1802f3250	1802f3250	71	OK	17407223
6271	FUN_1802f32a0	1802f32a0	117	OK	17407708
6272	FUN_1802f3320	1802f3320	18	OK	17407980
6273	FUN_1802f3340	1802f3340	117	OK	17408465
6274	FUN_1802f33c0	1802f33c0	18	OK	17408737
6275	FUN_1802f33e0	1802f33e0	14	OK	17408944
6276	FUN_1802f33f0	1802f33f0	8	OK	17409144
6277	FUN_1802f3400	1802f3400	167	OK	17410169
6278	FUN_1802f34b0	1802f34b0	869	OK	17414834
6279	FUN_1802f3820	1802f3820	522	OK	17418955
6280	FUN_1802f3a30	1802f3a30	254	OK	17421602
6281	FUN_1802f3b30	1802f3b30	973	OK	17428296
6282	FUN_1802f3f00	1802f3f00	396	OK	17431370
6283	FUN_1802f4090	1802f4090	800	OK	17435697
6284	FUN_1802f43b0	1802f43b0	60	OK	17436198
6285	FUN_1802f43f0	1802f43f0	427	OK	17439208
6286	FUN_1802f45a0	1802f45a0	104	OK	17439626
6287	FUN_1802f4610	1802f4610	531	OK	17441981
6288	FUN_1802f4830	1802f4830	291	OK	17443540
6289	FUN_1802f4960	1802f4960	170	OK	17444695
6290	FUN_1802f4a10	1802f4a10	103	OK	17445121
6291	FUN_1802f4a80	1802f4a80	329	OK	17446560
6292	FUN_1802f4bd0	1802f4bd0	93	OK	17447005
6293	FUN_1802f4c30	1802f4c30	244	OK	17447842
6294	FUN_1802f4d30	1802f4d30	10154	OK	17482579
6295	FUN_1802f74e0	1802f74e0	158	OK	17483342
6296	FUN_1802f7580	1802f7580	160	OK	17484159
6297	FUN_1802f7620	1802f7620	181	OK	17485319
6298	FUN_1802f76e0	1802f76e0	168	OK	17486216
6299	FUN_1802f7790	1802f7790	507	OK	17488830
6300	FUN_1802f7990	1802f7990	89	OK	17489400
6301	FUN_1802f79f0	1802f79f0	484	OK	17492545
6302	FUN_1802f7be0	1802f7be0	2229	OK	17514361
6303	FUN_1802f84e0	1802f84e0	131	OK	17515249
6304	FUN_1802f8570	1802f8570	169	OK	17516028
6305	FUN_1802f8620	1802f8620	3509	OK	17536476
6306	FUN_1802f9700	1802f9700	577	OK	17539320
6307	FUN_1802f9950	1802f9950	897	OK	17545132
6308	FUN_1802f9ce0	1802f9ce0	323	OK	17547111
6309	FUN_1802f9e30	1802f9e30	384	OK	17549062
6310	FUN_1802f9fb0	1802f9fb0	267	OK	17550450
6311	FUN_1802fa0c0	1802fa0c0	667	OK	17554400
6312	FUN_1802fa360	1802fa360	365	OK	17556357
6313	FUN_1802fa4d0	1802fa4d0	140	OK	17557289
6314	FUN_1802fa560	1802fa560	14	OK	17557496
6315	FUN_1802fa570	1802fa570	8	OK	17557696
6316	FUN_1802fa580	1802fa580	14	OK	17557903
6317	FUN_1802fa590	1802fa590	8	OK	17558103
6318	FUN_1802fa5a0	1802fa5a0	12	OK	17558272
6319	FUN_1802fa5b0	1802fa5b0	560	OK	17561639
6320	FUN_1802fa7e0	1802fa7e0	171	OK	17562783
6321	FUN_1802fa890	1802fa890	1636	OK	17573868
6322	FUN_1802faf00	1802faf00	418	OK	17576510
6323	FUN_1802fb0b0	1802fb0b0	432	OK	17579119
6324	FUN_1802fb270	1802fb270	417	OK	17581235
6325	FUN_1802fb420	1802fb420	274	OK	17582779
6326	FUN_1802fb540	1802fb540	220	OK	17583944
6327	FUN_1802fb620	1802fb620	472	OK	17586058
6328	FUN_1802fb800	1802fb800	430	OK	17588264
6329	FUN_1802fb9b0	1802fb9b0	112	OK	17588893
6330	FUN_1802fba20	1802fba20	212	OK	17589837
6331	FUN_1802fbb00	1802fbb00	30	OK	17590027
6332	FUN_1802fbb20	1802fbb20	11	OK	17590198
6333	FUN_1802fbb30	1802fbb30	163	OK	17590924
6334	FUN_1802fbbe0	1802fbbe0	216	OK	17591894
6335	FUN_1802fbcc0	1802fbcc0	118	OK	17592485
6336	FUN_1802fbd40	1802fbd40	69	OK	17593243
6337	FUN_1802fbd90	1802fbd90	215	OK	17594340
6338	FUN_1802fbe70	1802fbe70	477	OK	17596662
6339	FUN_1802fc050	1802fc050	82	OK	17597065
6340	FUN_1802fc0b0	1802fc0b0	192	OK	17598061
6341	FUN_1802fc180	1802fc180	52	OK	17598321
6342	FUN_1802fc1c0	1802fc1c0	92	OK	17598714
6343	FUN_1802fc220	1802fc220	175	OK	17599444
6344	FUN_1802fc2d0	1802fc2d0	465	OK	17601855
6345	FUN_1802fc4b0	1802fc4b0	179	OK	17602957
6346	FUN_1802fc570	1802fc570	16	OK	17603171
6347	FUN_1802fc590	1802fc590	733	OK	17607406
6348	FUN_1802fc870	1802fc870	866	OK	17611980
6349	FUN_1802fcbe0	1802fcbe0	291	OK	17613316
6350	FUN_1802fcd10	1802fcd10	1603	OK	17623684
6351	FUN_1802fd360	1802fd360	190	OK	17625082
6352	FUN_1802fd420	1802fd420	123	OK	17625673
6353	FUN_1802fd4a0	1802fd4a0	479	OK	17628313
6354	FUN_1802fd680	1802fd680	52	OK	17628589
6355	FUN_1802fd6c0	1802fd6c0	93	OK	17629056
6356	FUN_1802fd720	1802fd720	101	OK	17629809
6357	FUN_1802fd790	1802fd790	124	OK	17630349
6358	FUN_1802fd810	1802fd810	640	OK	17634338
6359	FUN_1802fdaa0	1802fdaa0	645	OK	17638109
6360	FUN_1802fdd30	1802fdd30	18	OK	17638345
6361	FUN_1802fdd50	1802fdd50	189	OK	17639553
6362	FUN_1802fde10	1802fde10	114	OK	17640130
6363	FUN_1802fde90	1802fde90	291	OK	17641763
6364	FUN_1802fdfc0	1802fdfc0	728	OK	17646704
6365	FUN_1802fe2a0	1802fe2a0	776	OK	17650650
6366	FUN_1802fe5b0	1802fe5b0	410	OK	17653131
6367	FUN_1802fe750	1802fe750	394	OK	17655210
6368	FUN_1802fe8e0	1802fe8e0	340	OK	17657175
6369	FUN_1802fea40	1802fea40	131	OK	17658063
6370	FUN_1802fead0	1802fead0	182	OK	17658883
6371	FUN_1802feb90	1802feb90	1874	OK	17669949
6372	FUN_1802ff2f0	1802ff2f0	1863	OK	17680122
6373	FUN_1802ffa40	1802ffa40	161	OK	17681427
6374	FUN_1802ffaf0	1802ffaf0	103	OK	17682492
6375	FUN_1802ffb60	1802ffb60	323	OK	17684356
6376	FUN_1802ffcb0	1802ffcb0	1397	OK	17693514
6377	FUN_180300230	180300230	23	OK	17693744
6378	FUN_180300250	180300250	4	OK	17693914
6379	FUN_180300260	180300260	24	OK	17694164
6380	FUN_180300280	180300280	722	OK	17698349
6381	FUN_180300560	180300560	37	OK	17698640
6382	FUN_180300590	180300590	39	OK	17698974
6383	FUN_1803005c0	1803005c0	194	OK	17700015
6384	FUN_180300690	180300690	604	OK	17703010
6385	FUN_1803008f0	1803008f0	8	OK	17703175
6386	FUN_180300900	180300900	701	OK	17706526
6387	FUN_180300bc0	180300bc0	207	OK	17707932
6388	FUN_180300c90	180300c90	1423	OK	17716157
6389	FUN_180301230	180301230	2598	OK	17730256
6390	FUN_180301c60	180301c60	36	OK	17730494
6391	FUN_180301c90	180301c90	871	OK	17734561
6392	FUN_180302000	180302000	183	OK	17735610
6393	FUN_1803020c0	1803020c0	275	OK	17737062
6394	FUN_1803021e0	1803021e0	129	OK	17737600
6395	FUN_180302270	180302270	39	OK	17737876
6396	FUN_1803022a0	1803022a0	156	OK	17738820
6397	FUN_180302340	180302340	408	OK	17741416
6398	FUN_1803024e0	1803024e0	30	OK	17741636
6399	FUN_180302500	180302500	131	OK	17742524
6400	FUN_180302590	180302590	174	OK	17743328
6401	FUN_180302640	180302640	291	OK	17744970
6402	FUN_180302770	180302770	563	OK	17747329
6403	FUN_1803029b0	1803029b0	620	OK	17749805
6404	FUN_180302c20	180302c20	638	OK	17752792
6405	FUN_180302ea0	180302ea0	1151	OK	17757464
6406	FUN_180303320	180303320	887	OK	17762406
6407	FUN_1803036a0	1803036a0	253	OK	17763826
6408	FUN_1803037a0	1803037a0	517	OK	17766742
6409	FUN_1803039b0	1803039b0	164	OK	17767543
6410	FUN_180303a60	180303a60	433	OK	17770256
6411	FUN_180303c20	180303c20	1471	OK	17777585
6412	FUN_1803041e0	1803041e0	403	OK	17779884
6413	FUN_180304380	180304380	403	OK	17782183
6414	FUN_180304520	180304520	403	OK	17784482
6415	FUN_1803046c0	1803046c0	403	OK	17786781
6416	FUN_180304860	180304860	403	OK	17789080
6417	FUN_180304a00	180304a00	403	OK	17791379
6418	FUN_180304ba0	180304ba0	403	OK	17793678
6419	FUN_180304d40	180304d40	403	OK	17795977
6420	FUN_180304ee0	180304ee0	117	OK	17796528
6421	FUN_180304f60	180304f60	36	OK	17796766
6422	FUN_180304f90	180304f90	191	OK	17797583
6423	FUN_180305050	180305050	183	OK	17798632
6424	FUN_180305110	180305110	100	OK	17799402
6425	FUN_180305180	180305180	369	OK	17801326
6426	FUN_180305300	180305300	43	OK	17801603
6427	FUN_180305330	180305330	96	OK	17802015
6428	FUN_180305390	180305390	106	OK	17802489
6429	FUN_180305400	180305400	191	OK	17803515
6430	FUN_1803054c0	1803054c0	9	OK	17803697
6431	FUN_1803054d0	1803054d0	9	OK	17803879
6432	FUN_1803054e0	1803054e0	72	OK	17804465
6433	FUN_180305530	180305530	9	OK	17804647
6434	FUN_180305540	180305540	9	OK	17804829
6435	FUN_180305550	180305550	9	OK	17805011
6436	FUN_180305560	180305560	9	OK	17805193
6437	FUN_180305570	180305570	9	OK	17805375
6438	FUN_180305580	180305580	115	OK	17805950
6439	FUN_180305600	180305600	215	OK	17807040
6440	FUN_1803056e0	1803056e0	679	OK	17810070
6441	FUN_180305990	180305990	217	OK	17811223
6442	FUN_180305a70	180305a70	418	OK	17813558
6443	FUN_180305c20	180305c20	497	OK	17816289
6444	FUN_180305e20	180305e20	9	OK	17816471
6445	FUN_180305e30	180305e30	3	OK	17816602
6446	FUN_180305e40	180305e40	123	OK	17817200
6447	FUN_180305ec0	180305ec0	9	OK	17817382
6448	FUN_180305ed0	180305ed0	9	OK	17817564
6449	FUN_180305ee0	180305ee0	6	OK	17817698
6450	FUN_180305ef0	180305ef0	9	OK	17817880
6451	FUN_180305f00	180305f00	9	OK	17818062
6452	FUN_180305f10	180305f10	9	OK	17818244
6453	FUN_180305f20	180305f20	9	OK	17818426
6454	FUN_180305f30	180305f30	9	OK	17818608
6455	FUN_180305f40	180305f40	113	OK	17819176
6456	FUN_180305fc0	180305fc0	113	OK	17819744
6457	FUN_180306040	180306040	9	OK	17819926
6458	FUN_180306050	180306050	9	OK	17820108
6459	FUN_180306060	180306060	9	OK	17820290
6460	FUN_180306070	180306070	9	OK	17820472
6461	FUN_180306080	180306080	9	OK	17820654
6462	FUN_180306090	180306090	9	OK	17820836
6463	FUN_1803060a0	1803060a0	9	OK	17821018
6464	FUN_1803060b0	1803060b0	9	OK	17821200
6465	FUN_1803060c0	1803060c0	207	OK	17822953
6466	FUN_180306190	180306190	127	OK	17823529
6467	FUN_180306210	180306210	126	OK	17824105
6468	FUN_180306290	180306290	926	OK	17828665
6469	FUN_180306630	180306630	668	OK	17832334
6470	FUN_1803068d0	1803068d0	43	OK	17832665
6471	FUN_180306900	180306900	43	OK	17832996
6472	FUN_180306930	180306930	145	OK	17833587
6473	FUN_1803069d0	1803069d0	169	OK	17834263
6474	FUN_180306a80	180306a80	129	OK	17834834
6475	FUN_180306b10	180306b10	340	OK	17837155
6476	FUN_180306c70	180306c70	171	OK	17837965
6477	FUN_180306d20	180306d20	432	OK	17839847
6478	FUN_180306ed0	180306ed0	131	OK	17840735
6479	FUN_180306f60	180306f60	238	OK	17841743
6480	FUN_180307050	180307050	131	OK	17842631
6481	FUN_1803070e0	1803070e0	169	OK	17843408
6482	FUN_180307190	180307190	134	OK	17844196
6483	FUN_180307220	180307220	164	OK	17845165
6484	FUN_1803072d0	1803072d0	62	OK	17845715
6485	FUN_180307310	180307310	9	OK	17845897
6486	FUN_180307320	180307320	9	OK	17846079
6487	FUN_180307330	180307330	9	OK	17846261
6488	FUN_180307340	180307340	136	OK	17846831
6489	FUN_1803073d0	1803073d0	236	OK	17848038
6490	FUN_1803074c0	1803074c0	874	OK	17852047
6491	FUN_180307830	180307830	8	OK	17852245
6492	FUN_180307840	180307840	227	OK	17853366
6493	FUN_180307930	180307930	755	OK	17857550
6494	FUN_180307c30	180307c30	36	OK	17857788
6495	FUN_180307c60	180307c60	266	OK	17859368
6496	FUN_180307d70	180307d70	239	OK	17861087
6497	FUN_180307e60	180307e60	183	OK	17862136
6498	FUN_180307f20	180307f20	96	OK	17862821
6499	FUN_180307f80	180307f80	256	OK	17865021
6500	FUN_180308080	180308080	124	OK	17865619
6501	FUN_180308100	180308100	2973	OK	17885239
6502	FUN_180308ca0	180308ca0	741	OK	17889290
6503	FUN_180308f90	180308f90	2338	OK	17899978
6504	FUN_1803098c0	1803098c0	344	OK	17901671
6505	FUN_180309a20	180309a20	451	OK	17905872
6506	FUN_180309bf0	180309bf0	425	OK	17909781
6507	FUN_180309da0	180309da0	1999	OK	17923305
6508	FUN_18030a570	18030a570	3512	OK	17943867
6509	FUN_18030b330	18030b330	1979	OK	17957885
6510	FUN_18030baf0	18030baf0	1640	OK	17967220
6511	FUN_18030c160	18030c160	616	OK	17969837
6512	FUN_18030c3d0	18030c3d0	1360	OK	17975702
6513	FUN_18030c920	18030c920	332	OK	17977294
6514	FUN_18030ca70	18030ca70	87	OK	17977851
6515	FUN_18030cad0	18030cad0	238	OK	17979104
6516	FUN_18030cbc0	18030cbc0	178	OK	17980070
6517	FUN_18030cc80	18030cc80	125	OK	17980746
6518	FUN_18030cd00	18030cd00	219	OK	17981701
6519	FUN_18030cde0	18030cde0	920	OK	17985340
6520	FUN_18030d180	18030d180	222	OK	17986307
6521	FUN_18030d260	18030d260	314	OK	17988340
6522	FUN_18030d3a0	18030d3a0	1337	OK	17995991
6523	FUN_18030d8e0	18030d8e0	39	OK	17996338
6524	FUN_18030d910	18030d910	586	OK	18001120
6525	FUN_18030db60	18030db60	423	OK	18003600
6526	FUN_18030dd10	18030dd10	165	OK	18004699
6527	FUN_18030ddc0	18030ddc0	131	OK	18005587
6528	FUN_18030de50	18030de50	198	OK	18006456
6529	FUN_18030df20	18030df20	259	OK	18008009
6530	FUN_18030e030	18030e030	378	OK	18009941
6531	FUN_18030e1b0	18030e1b0	80	OK	18010854
6532	FUN_18030e200	18030e200	296	OK	18012319
6533	FUN_18030e330	18030e330	84	OK	18012862
6534	FUN_18030e390	18030e390	136	OK	18013475
6535	FUN_18030e420	18030e420	298	OK	18015558
6536	FUN_18030e550	18030e550	355	OK	18017724
6537	FUN_18030e6c0	18030e6c0	797	OK	18022256
6538	FUN_18030e9e0	18030e9e0	679	OK	18025669
6539	FUN_18030ec90	18030ec90	171	OK	18026633
6540	FUN_18030ed40	18030ed40	98	OK	18027124
6541	FUN_18030edb0	18030edb0	156	OK	18028079
6542	FUN_18030ee50	18030ee50	102	OK	18028652
6543	FUN_18030eec0	18030eec0	102	OK	18029225
6544	FUN_18030ef30	18030ef30	250	OK	18030613
6545	FUN_18030f030	18030f030	830	OK	18035886
6546	FUN_18030f370	18030f370	178	OK	18036872
6547	FUN_18030f430	18030f430	246	OK	18038014
6548	FUN_18030f530	18030f530	179	OK	18039214
6549	FUN_18030f5f0	18030f5f0	524	OK	18042105
6550	FUN_18030f800	18030f800	35	OK	18042314
6551	FUN_18030f830	18030f830	418	OK	18044525
6552	FUN_18030f9e0	18030f9e0	572	OK	18047876
6553	FUN_18030fc20	18030fc20	89	OK	18048425
6554	FUN_18030fc80	18030fc80	211	OK	18049532
6555	FUN_18030fd60	18030fd60	225	OK	18050881
6556	FUN_18030fe50	18030fe50	36	OK	18051119
6557	FUN_18030fe80	18030fe80	279	OK	18052560
6558	FUN_18030ffa0	18030ffa0	104	OK	18053001
6559	FUN_180310010	180310010	183	OK	18054050
6560	FUN_1803100d0	1803100d0	169	OK	18054949
6561	FUN_180310180	180310180	134	OK	18055562
6562	FUN_180310210	180310210	171	OK	18056375
6563	FUN_1803102c0	1803102c0	96	OK	18056788
6564	FUN_180310320	180310320	2922	OK	18079803
6565	FUN_180310ec0	180310ec0	3225	OK	18100945
6566	FUN_180311b60	180311b60	1338	OK	18109542
6567	FUN_1803120a0	1803120a0	825	OK	18115504
6568	FUN_1803123e0	1803123e0	754	OK	18120241
6569	FUN_1803126e0	1803126e0	22	OK	18120491
6570	FUN_180312700	180312700	8	OK	18120691
6571	FUN_180312710	180312710	962	OK	18126810
6572	FUN_180312ae0	180312ae0	568	OK	18130211
6573	FUN_180312d20	180312d20	482	OK	18132594
6574	FUN_180312f10	180312f10	1151	OK	18139981
6575	FUN_180313390	180313390	52	OK	18140314
6576	FUN_1803133d0	1803133d0	51	OK	18140590
6577	FUN_180313410	180313410	182	OK	18141743
6578	FUN_1803134d0	1803134d0	119	OK	18142377
6579	FUN_180313550	180313550	57	OK	18142765
6580	FUN_180313590	180313590	316	OK	18144272
6581	FUN_1803136d0	1803136d0	681	OK	18147987
6582	FUN_180313980	180313980	228	OK	18149135
6583	FUN_180313a70	180313a70	370	OK	18151172
6584	FUN_180313bf0	180313bf0	155	OK	18152014
6585	FUN_180313c90	180313c90	131	OK	18152902
6586	FUN_180313d20	180313d20	182	OK	18153722
6587	FUN_180313de0	180313de0	1931	OK	18165488
6588	FUN_180314570	180314570	1538	OK	18174531
6589	FUN_180314b80	180314b80	373	OK	18176770
6590	FUN_180314d00	180314d00	348	OK	18178828
6591	FUN_180314e60	180314e60	203	OK	18179911
6592	FUN_180314f30	180314f30	178	OK	18181188
6593	FUN_180314ff0	180314ff0	36	OK	18181426
6594	FUN_180315020	180315020	39	OK	18182076
6595	FUN_1803150c0	1803150c0	301	OK	18183577
6596	FUN_1803151f0	1803151f0	183	OK	18184626
6597	FUN_1803152b0	1803152b0	75	OK	18184990
6598	FUN_180315300	180315300	268	OK	18186044
6599	FUN_180315410	180315410	42	OK	18186423
6600	FUN_180315440	180315440	337	OK	18188157
6601	FUN_1803155a0	1803155a0	41	OK	18188524
6602	FUN_1803155d0	1803155d0	62	OK	18188956
6603	FUN_180315610	180315610	595	OK	18191485
6604	FUN_180315870	180315870	1493	OK	18201770
6605	FUN_180315e70	180315e70	266	OK	18203211
6606	FUN_180315f80	180315f80	148	OK	18203856
6607	FUN_180316020	180316020	104	OK	18204410
6608	FUN_180316090	180316090	268	OK	18205469
6609	FUN_1803161a0	1803161a0	183	OK	18206637
6610	FUN_180316280	180316280	354	OK	18208542
6611	FUN_1803163f0	1803163f0	299	OK	18209941
6612	FUN_180316520	180316520	131	OK	18210829
6613	FUN_1803165b0	1803165b0	169	OK	18211610
6614	FUN_180316660	180316660	209	OK	18212892
6615	FUN_180316740	180316740	919	OK	18218584
6616	FUN_180316ae0	180316ae0	213	OK	18219624
6617	FUN_180316bc0	180316bc0	218	OK	18220907
6618	FUN_180316ca0	180316ca0	747	OK	18224071
6619	FUN_180316f90	180316f90	177	OK	18224725
6620	FUN_180317050	180317050	1211	OK	18232648
6621	FUN_180317510	180317510	2061	OK	18243035
6622	FUN_180317d20	180317d20	457	OK	18244990
6623	FUN_180317ef0	180317ef0	125	OK	18245241
6624	FUN_180317f70	180317f70	259	OK	18246218
6625	FUN_180318080	180318080	679	OK	18250238
6626	FUN_180318330	180318330	195	OK	18251171
6627	FUN_180318400	180318400	419	OK	18254108
6628	FUN_1803185b0	1803185b0	407	OK	18256474
6629	FUN_180318750	180318750	196	OK	18257594
6630	FUN_180318820	180318820	36	OK	18257832
6631	FUN_180318850	180318850	181	OK	18258863
6632	FUN_180318910	180318910	194	OK	18259875
6633	FUN_1803189e0	1803189e0	9	OK	18260044
6634	FUN_1803189f0	1803189f0	76	OK	18260375
6635	FUN_180318a40	180318a40	52	OK	18260635
6636	FUN_180318a80	180318a80	136	OK	18261470
6637	FUN_180318b10	180318b10	468	OK	18263886
6638	FUN_180318cf0	180318cf0	101	OK	18264348
6639	FUN_180318d60	180318d60	493	OK	18266769
6640	FUN_180318f50	180318f50	126	OK	18267289
6641	FUN_180318fd0	180318fd0	204	OK	18268703
6642	FUN_1803190a0	1803190a0	52	OK	18268979
6643	FUN_1803190e0	1803190e0	22	OK	18269208
6644	FUN_180319100	180319100	22	OK	18269432
6645	FUN_180319120	180319120	131	OK	18270320
6646	FUN_1803191b0	1803191b0	169	OK	18271100
6647	FUN_180319260	180319260	136	OK	18271706
6648	FUN_1803192f0	1803192f0	1898	OK	18283951
6649	FUN_180319a60	180319a60	128	OK	18285014
6650	FUN_180319ae0	180319ae0	360	OK	18286969
6651	FUN_180319c50	180319c50	35	OK	18287220
6652	FUN_180319c80	180319c80	166	OK	18288080
6653	FUN_180319d30	180319d30	221	OK	18289286
6654	FUN_180319e10	180319e10	35	OK	18289537
6655	FUN_180319e40	180319e40	32	OK	18289742
6656	FUN_180319e60	180319e60	82	OK	18290260
6657	FUN_180319ec0	180319ec0	539	OK	18293314
6658	FUN_18031a0e0	18031a0e0	274	OK	18295746
6659	FUN_18031a200	18031a200	542	OK	18299274
6660	FUN_18031a420	18031a420	396	OK	18301695
6661	FUN_18031a5b0	18031a5b0	499	OK	18305095
6662	FUN_18031a7b0	18031a7b0	179	OK	18306177
6663	FUN_18031a870	18031a870	125	OK	18307362
6664	FUN_18031a8f0	18031a8f0	167	OK	18308499
6665	FUN_18031a9a0	18031a9a0	225	OK	18310314
6666	FUN_18031aa90	18031aa90	213	OK	18311854
6667	FUN_18031ab70	18031ab70	306	OK	18313312
6668	FUN_18031acb0	18031acb0	219	OK	18314677
6669	FUN_18031ad90	18031ad90	219	OK	18316042
6670	FUN_18031ae70	18031ae70	219	OK	18317407
6671	FUN_18031af50	18031af50	160	OK	18318340
6672	FUN_18031aff0	18031aff0	101	OK	18319289
6673	FUN_18031b060	18031b060	92	OK	18319904
6674	FUN_18031b0c0	18031b0c0	321	OK	18321777
6675	FUN_18031b210	18031b210	321	OK	18323650
6676	FUN_18031b360	18031b360	321	OK	18325523
6677	FUN_18031b4b0	18031b4b0	321	OK	18327396
6678	FUN_18031b600	18031b600	321	OK	18329269
6679	FUN_18031b750	18031b750	320	OK	18331425
6680	FUN_18031b890	18031b890	320	OK	18333582
6681	FUN_18031b9d0	18031b9d0	128	OK	18334549
6682	FUN_18031ba50	18031ba50	195	OK	18336280
6683	FUN_18031bb20	18031bb20	134	OK	18336831
6684	FUN_18031bbb0	18031bbb0	60	OK	18337181
6685	FUN_18031bbf0	18031bbf0	60	OK	18337531
6686	FUN_18031bc30	18031bc30	85	OK	18337947
6687	FUN_18031bc90	18031bc90	442	OK	18340974
6688	FUN_18031be50	18031be50	936	OK	18348469
6689	FUN_18031c200	18031c200	432	OK	18350394
6690	FUN_18031c3b0	18031c3b0	121	OK	18351016
6691	FUN_18031c430	18031c430	98	OK	18351715
6692	FUN_18031c4a0	18031c4a0	297	OK	18353661
6693	FUN_18031c5d0	18031c5d0	11	OK	18353856
6694	FUN_18031c5e0	18031c5e0	315	OK	18355301
6695	FUN_18031c720	18031c720	128	OK	18356169
6696	FUN_18031c7a0	18031c7a0	3194	OK	18376127
6697	FUN_18031d490	18031d490	134	OK	18376747
6698	FUN_18031d520	18031d520	459	OK	18379467
6699	FUN_18031d6f0	18031d6f0	522	OK	18383447
6700	FUN_18031d900	18031d900	1093	OK	18389562
6701	FUN_18031dd50	18031dd50	340	OK	18391030
6702	FUN_18031deb0	18031deb0	11	OK	18391225
6703	FUN_18031dec0	18031dec0	212	OK	18392258
6704	FUN_18031dfa0	18031dfa0	71	OK	18392671
6705	FUN_18031dff0	18031dff0	299	OK	18394051
6706	FUN_18031e120	18031e120	710	OK	18399301
6707	FUN_18031e440	18031e440	1607	OK	18409258
6708	FUN_18031ebb0	18031ebb0	60	OK	18409739
6709	FUN_18031ebf0	18031ebf0	1388	OK	18416403
6710	FUN_18031f160	18031f160	457	OK	18418508
6711	FUN_18031f330	18031f330	190	OK	18419259
6712	FUN_18031f3f0	18031f3f0	181	OK	18419969
6713	FUN_18031f4b0	18031f4b0	332	OK	18421510
6714	FUN_18031f600	18031f600	1282	OK	18428946
6715	FUN_18031fb10	18031fb10	167	OK	18429918
6716	FUN_18031fbc0	18031fbc0	154	OK	18430861
6717	FUN_18031fc60	18031fc60	144	OK	18431800
6718	FUN_18031fcf0	18031fcf0	387	OK	18433366
6719	FUN_18031fe80	18031fe80	11984	OK	18528782
6720	FUN_180322d80	180322d80	9472	OK	18594013
6721	FUN_180325360	180325360	914	OK	18599063
6722	FUN_180325700	180325700	1563	OK	18607503
6723	FUN_180325d20	180325d20	1639	OK	18616587
6724	FUN_180326390	180326390	905	OK	18620665
6725	FUN_180326720	180326720	45	OK	18620985
6726	FUN_180326750	180326750	954	OK	18625704
6727	FUN_180326b10	180326b10	463	OK	18627795
6728	FUN_180326ce0	180326ce0	324	OK	18628902
6729	FUN_180326e30	180326e30	664	OK	18631875
6730	FUN_1803270d0	1803270d0	565	OK	18634311
6731	FUN_180327310	180327310	56	OK	18634934
6732	FUN_180327350	180327350	55	OK	18635510
6733	FUN_180327390	180327390	110	OK	18636158
6734	FUN_180327400	180327400	47	OK	18636418
6735	FUN_180327430	180327430	572	OK	18640063
6736	FUN_180327670	180327670	285	OK	18641777
6737	FUN_180327790	180327790	748	OK	18644364
6738	FUN_180327bb0	180327bb0	31	OK	18644609
6739	FUN_180327bd0	180327bd0	39	OK	18644929
6740	FUN_180327c00	180327c00	41	OK	18645306
6741	FUN_180327c30	180327c30	60	OK	18645724
6742	FUN_180327c70	180327c70	316	OK	18647272
6743	FUN_180327db0	180327db0	127	OK	18648448
6744	FUN_180327e30	180327e30	571	OK	18652226
6745	FUN_180328070	180328070	926	OK	18656925
6746	FUN_180328410	180328410	1206	OK	18663685
6747	FUN_1803288d0	1803288d0	103	OK	18664340
6748	FUN_180328940	180328940	135	OK	18665296
6749	FUN_1803289d0	1803289d0	630	OK	18669535
6750	FUN_180328c50	180328c50	1099	OK	18675476
6751	FUN_1803290a0	1803290a0	106	OK	18676101
6752	FUN_180329110	180329110	262	OK	18677340
6753	FUN_180329220	180329220	276	OK	18678601
6754	FUN_180329340	180329340	382	OK	18680330
6755	FUN_1803294c0	1803294c0	540	OK	18683868
6756	FUN_1803296e0	1803296e0	363	OK	18685828
6757	FUN_180329850	180329850	134	OK	18686551
6758	FUN_1803298e0	1803298e0	284	OK	18687562
6759	FUN_180329a00	180329a00	71	OK	18688208
6760	FUN_180329a50	180329a50	724	OK	18692806
6761	FUN_180329d30	180329d30	744	OK	18698088
6762	FUN_18032a040	18032a040	1206	OK	18706482
6763	FUN_18032a650	18032a650	515	OK	18709225
6764	FUN_18032a860	18032a860	155	OK	18710427
6765	FUN_18032a900	18032a900	270	OK	18712122
6766	FUN_18032aa10	18032aa10	369	OK	18713777
6767	FUN_18032ab90	18032ab90	1770	OK	18726188
6768	FUN_18032b280	18032b280	248	OK	18727637
6769	FUN_18032b380	18032b380	4121	OK	18751791
6770	FUN_18032c3a0	18032c3a0	315	OK	18753236
6771	FUN_18032c4e0	18032c4e0	128	OK	18754104
6772	FUN_18032c560	18032c560	500	OK	18757079
6773	FUN_18032c760	18032c760	553	OK	18759527
6774	FUN_18032c990	18032c990	2165	OK	18773866
6775	FUN_18032d210	18032d210	146	OK	18774761
6776	FUN_18032d2b0	18032d2b0	66	OK	18775188
6777	FUN_18032d300	18032d300	66	OK	18775615
6778	FUN_18032d350	18032d350	126	OK	18776343
6779	FUN_18032d3d0	18032d3d0	605	OK	18779625
6780	FUN_18032d630	18032d630	918	OK	18785832
6781	FUN_18032da30	18032da30	445	OK	18788253
6782	FUN_18032dbf0	18032dbf0	463	OK	18791214
6783	FUN_18032ddc0	18032ddc0	84	OK	18791774
6784	FUN_18032de20	18032de20	209	OK	18792899
6785	FUN_18032df00	18032df00	488	OK	18796016
6786	FUN_18032e110	18032e110	51	OK	18796539
6787	FUN_18032e150	18032e150	946	OK	18801780
6788	FUN_18032e510	18032e510	592	OK	18805814
6789	FUN_18032e790	18032e790	1070	OK	18811887
6790	FUN_18032ebc0	18032ebc0	689	OK	18815231
6791	FUN_18032ee80	18032ee80	1581	OK	18823725
6792	FUN_18032f500	18032f500	552	OK	18826298
6793	FUN_18032f730	18032f730	281	OK	18828131
6794	FUN_18032f890	18032f890	117	OK	18828994
6795	FUN_18032f910	18032f910	1124	OK	18835703
6796	FUN_18032fd80	18032fd80	70	OK	18836461
6797	FUN_18032fe20	18032fe20	98	OK	18836917
6798	FUN_18032fe90	18032fe90	123	OK	18837591
6799	FUN_18032ff10	18032ff10	64	OK	18837970
6800	FUN_18032ff50	18032ff50	42	OK	18838383
6801	FUN_18032ff80	18032ff80	3859	OK	18859563
6802	FUN_180330ee0	180330ee0	1918	OK	18869578
6803	FUN_180331660	180331660	1027	OK	18875279
6804	FUN_180331a70	180331a70	152	OK	18876103
6805	FUN_180331b10	180331b10	105	OK	18876495
6806	FUN_180331b80	180331b80	135	OK	18877053
6807	FUN_180331c10	180331c10	654	OK	18880184
6808	FUN_180331ea0	180331ea0	2625	OK	18891959
6809	FUN_1803328f0	1803328f0	157	OK	18892665
6810	FUN_180332990	180332990	87	OK	18893056
6811	FUN_1803329f0	1803329f0	262	OK	18894804
6812	FUN_180332b00	180332b00	584	OK	18897915
6813	FUN_180332d50	180332d50	666	OK	18901528
6814	FUN_180332ff0	180332ff0	135	OK	18902224
6815	FUN_180333080	180333080	820	OK	18907187
6816	FUN_1803333c0	1803333c0	154	OK	18907884
6817	FUN_180333460	180333460	42	OK	18908361
6818	FUN_180333490	180333490	919	OK	18913871
6819	FUN_180333850	180333850	1006	OK	18919957
6820	FUN_180333c40	180333c40	1715	OK	18929572
6821	FUN_180334300	180334300	1692	OK	18943752
6822	FUN_180334a70	180334a70	82	OK	18944204
6823	FUN_180334ad0	180334ad0	246	OK	18945121
6824	FUN_180334bd0	180334bd0	3772	OK	18963285
6825	FUN_180335cb0	180335cb0	3640	OK	18984828
6826	FUN_180336cd0	180336cd0	1619	OK	18993713
6827	FUN_180337330	180337330	222	OK	18995259
6828	FUN_180337410	180337410	11	OK	18995454
6829	FUN_180337420	180337420	1356	OK	19003900
6830	FUN_180337970	180337970	1234	OK	19010657
6831	FUN_180337e80	180337e80	1931	OK	19021282
6832	FUN_180338610	180338610	1486	OK	19032485
6833	FUN_180338be0	180338be0	226	OK	19033377
6834	FUN_180338cd0	180338cd0	521	OK	19035620
6835	thunk_FUN_18052f6d8	180338ee0	5	OK	19036371
6836	FUN_180338ef0	180338ef0	1026	OK	19041885
6837	FUN_180339300	180339300	1067	OK	19046842
6838	FUN_180339730	180339730	3244	OK	19065655
6839	FUN_18033a3e0	18033a3e0	4232	OK	19089322
6840	FUN_18033b620	18033b620	105	OK	19089912
6841	FUN_18033b690	18033b690	417	OK	19091864
6842	FUN_18033b840	18033b840	306	OK	19093272
6843	FUN_18033b980	18033b980	147	OK	19094229
6844	FUN_18033ba20	18033ba20	2472	OK	19106693
6845	FUN_18033c570	18033c570	57	OK	19107062
6846	FUN_18033c5b0	18033c5b0	25	OK	19107453
6847	FUN_18033c5d0	18033c5d0	248	OK	19109023
6848	FUN_18033c6d0	18033c6d0	1671	OK	19120818
6849	FUN_18033cd60	18033cd60	298	OK	19122430
6850	FUN_18033ce90	18033ce90	130	OK	19123219
6851	FUN_18033cf20	18033cf20	648	OK	19127066
6852	FUN_18033d1b0	18033d1b0	1617	OK	19137480
6853	FUN_18033d810	18033d810	169	OK	19138735
6854	FUN_18033d8c0	18033d8c0	158	OK	19139584
6855	FUN_18033d960	18033d960	158	OK	19140433
6856	FUN_18033da00	18033da00	154	OK	19141238
6857	FUN_18033daa0	18033daa0	158	OK	19142087
6858	FUN_18033db40	18033db40	97	OK	19142644
6859	FUN_18033dbb0	18033dbb0	823	OK	19147220
6860	FUN_18033def0	18033def0	191	OK	19148308
6861	FUN_18033dfb0	18033dfb0	192	OK	19149403
6862	FUN_18033e070	18033e070	562	OK	19153262
6863	FUN_18033e2b0	18033e2b0	45	OK	19153827
6864	FUN_18033e2e0	18033e2e0	704	OK	19158971
6865	FUN_18033e5a0	18033e5a0	164	OK	19159627
6866	FUN_18033e650	18033e650	45	OK	19159989
6867	FUN_18033e680	18033e680	242	OK	19161782
6868	FUN_18033e780	18033e780	72	OK	19162555
6869	FUN_18033e7d0	18033e7d0	84	OK	19163484
6870	FUN_18033e830	18033e830	69	OK	19164190
6871	FUN_18033e880	18033e880	69	OK	19164896
6872	FUN_18033e8d0	18033e8d0	153	OK	19166002
6873	FUN_18033e970	18033e970	95	OK	19167008
6874	FUN_18033e9d0	18033e9d0	214	OK	19168622
6875	FUN_18033eab0	18033eab0	287	OK	19170587
6876	FUN_18033ebd0	18033ebd0	63	OK	19171017
6877	FUN_18033ec10	18033ec10	209	OK	19172504
6878	FUN_18033ecf0	18033ecf0	412	OK	19175583
6879	FUN_18033ee90	18033ee90	387	OK	19178178
6880	FUN_18033f020	18033f020	506	OK	19181850
6881	FUN_18033f220	18033f220	410	OK	19184167
6882	FUN_18033f3c0	18033f3c0	373	OK	19186531
6883	FUN_18033f540	18033f540	73	OK	19187368
6884	FUN_18033f590	18033f590	121	OK	19188085
6885	FUN_18033f610	18033f610	310	OK	19190573
6886	FUN_18033f750	18033f750	310	OK	19193061
6887	FUN_18033f890	18033f890	240	OK	19194685
6888	FUN_18033f980	18033f980	163	OK	19195990
6889	FUN_18033fa30	18033fa30	334	OK	19198777
6890	FUN_18033fb80	18033fb80	275	OK	19200628
6891	FUN_18033fca0	18033fca0	237	OK	19202245
6892	FUN_18033fd90	18033fd90	126	OK	19203398
6893	FUN_18033fe10	18033fe10	167	OK	19204535
6894	FUN_18033fec0	18033fec0	250	OK	19205758
6895	FUN_18033ffc0	18033ffc0	250	OK	19206981
6896	FUN_1803400c0	1803400c0	125	OK	19207824
6897	FUN_180340140	180340140	125	OK	19208668
6898	FUN_1803401c0	1803401c0	201	OK	19210214
6899	FUN_180340290	180340290	201	OK	19211760
6900	FUN_180340360	180340360	201	OK	19213306
6901	FUN_180340430	180340430	201	OK	19214852
6902	FUN_180340500	180340500	298	OK	19217020
6903	FUN_180340630	180340630	147	OK	19218098
6904	FUN_1803406d0	1803406d0	222	OK	19219849
6905	FUN_1803407b0	1803407b0	232	OK	19221293
6906	FUN_1803408a0	1803408a0	200	OK	19222642
6907	FUN_180340970	180340970	482	OK	19224907
6908	FUN_180340b60	180340b60	170	OK	19225953
6909	FUN_180340c10	180340c10	85	OK	19226625
6910	FUN_180340c70	180340c70	392	OK	19229093
6911	FUN_180340e00	180340e00	22	OK	19229236
6912	FUN_180340e20	180340e20	572	OK	19233286
6913	FUN_180341060	180341060	32	OK	19233429
6914	FUN_180341080	180341080	2971	OK	19250837
6915	FUN_180341c20	180341c20	11	OK	19250980
6916	FUN_180341c30	180341c30	600	OK	19254311
6917	FUN_180341eb0	180341eb0	832	OK	19256980
6918	FUN_180342230	180342230	22	OK	19257123
6919	FUN_180342250	180342250	132	OK	19257718
6920	FUN_1803422e0	1803422e0	466	OK	19260287
6921	FUN_1803424c0	1803424c0	409	OK	19262279
6922	FUN_180342660	180342660	22	OK	19262422
6923	FUN_180342680	180342680	47	OK	19262639
6924	FUN_1803426b0	1803426b0	222	OK	19264095
6925	FUN_180342790	180342790	194	OK	19265463
6926	FUN_180342860	180342860	422	OK	19267892
6927	FUN_180342a10	180342a10	22	OK	19268035
6928	FUN_180342a30	180342a30	1502	OK	19278459
6929	FUN_180343080	180343080	32	OK	19278602
6930	FUN_1803430a0	1803430a0	547	OK	19281988
6931	FUN_1803432d0	1803432d0	22	OK	19282131
6932	FUN_1803432f0	1803432f0	519	OK	19285310
6933	FUN_180343500	180343500	22	OK	19285453
6934	FUN_180343520	180343520	138	OK	19286243
6935	FUN_1803435b0	1803435b0	22	OK	19286386
6936	FUN_1803435d0	1803435d0	92	OK	19286971
6937	FUN_180343630	180343630	240	OK	19288263
6938	FUN_180343720	180343720	22	OK	19288406
6939	FUN_180343740	180343740	746	OK	19293016
6940	FUN_180343a30	180343a30	22	OK	19293159
6941	FUN_180343a50	180343a50	42	OK	19293524
6942	FUN_180343a80	180343a80	2053	OK	19305750
6943	FUN_180344290	180344290	33	OK	19306171
6944	FUN_1803442c0	1803442c0	3905	OK	19334909
6945	FUN_180345260	180345260	22	OK	19335052
6946	FUN_180345280	180345280	332	OK	19337239
6947	FUN_1803453d0	1803453d0	3852	OK	19359249
6948	FUN_1803463c0	1803463c0	927	OK	19364450
6949	FUN_180346760	180346760	22	OK	19364593
6950	FUN_180346780	180346780	542	OK	19368088
6951	FUN_1803469a0	1803469a0	11	OK	19368231
6952	FUN_1803469b0	1803469b0	1712	OK	19382163
6953	FUN_180347060	180347060	11	OK	19382306
6954	FUN_180347070	180347070	675	OK	19385640
6955	FUN_180347320	180347320	292	OK	19387027
6956	FUN_180347450	180347450	98	OK	19387410
6957	FUN_1803474c0	1803474c0	102	OK	19387766
6958	FUN_180347530	180347530	641	OK	19392025
6959	FUN_1803477c0	1803477c0	11	OK	19392168
6960	FUN_1803477d0	1803477d0	832	OK	19396861
6961	FUN_180347b10	180347b10	22	OK	19397004
6962	FUN_180347b30	180347b30	809	OK	19402959
6963	FUN_180347e80	180347e80	222	OK	19404035
6964	FUN_180347f60	180347f60	32	OK	19404178
6965	FUN_180347f80	180347f80	1210	OK	19411849
6966	FUN_180348440	180348440	46	OK	19412343
6967	FUN_180348470	180348470	1710	OK	19425252
6968	FUN_180348b20	180348b20	32	OK	19425395
6969	FUN_180348b40	180348b40	36	OK	19425620
6970	FUN_180348b70	180348b70	476	OK	19428871
6971	FUN_180348d50	180348d50	11	OK	19429014
6972	FUN_180348d60	180348d60	1132	OK	19436016
6973	FUN_1803491d0	1803491d0	31	OK	19436159
6974	FUN_1803491f0	1803491f0	284	OK	19437960
6975	FUN_180349310	180349310	11	OK	19438103
6976	FUN_180349320	180349320	301	OK	19439867
6977	FUN_180349450	180349450	473	OK	19442826
6978	FUN_180349650	180349650	387	OK	19445642
6979	FUN_1803497e0	1803497e0	488	OK	19447783
6980	FUN_1803499d0	1803499d0	1520	OK	19455165
6981	FUN_180349fc0	180349fc0	168	OK	19456352
6982	FUN_18034a070	18034a070	413	OK	19458912
6983	FUN_18034a210	18034a210	41	OK	19459198
6984	FUN_18034a260	18034a260	867	OK	19463438
6985	FUN_18034a5d0	18034a5d0	36	OK	19463912
6986	FUN_18034a600	18034a600	106	OK	19464415
6987	FUN_18034a670	18034a670	108	OK	19465216
6988	FUN_18034a6e0	18034a6e0	194	OK	19466331
6989	FUN_18034a7b0	18034a7b0	53	OK	19466707
6990	FUN_18034a7f0	18034a7f0	170	OK	19467710
6991	FUN_18034a8a0	18034a8a0	141	OK	19468546
6992	FUN_18034a930	18034a930	214	OK	19470028
6993	FUN_18034aa10	18034aa10	753	OK	19474637
6994	FUN_18034ad10	18034ad10	188	OK	19475987
6995	FUN_18034add0	18034add0	992	OK	19480980
6996	FUN_18034b1b0	18034b1b0	625	OK	19484554
6997	FUN_18034b430	18034b430	768	OK	19488744
6998	FUN_18034b730	18034b730	386	OK	19491260
6999	FUN_18034b8c0	18034b8c0	1379	OK	19500625
7000	FUN_18034bf50	18034bf50	232	OK	19501813
7001	FUN_18034c040	18034c040	1004	OK	19508311
7002	FUN_18034c450	18034c450	582	OK	19512170
7003	FUN_18034c6a0	18034c6a0	223	OK	19513395
7004	FUN_18034c780	18034c780	413	OK	19516051
7005	FUN_18034c970	18034c970	3435	OK	19536508
7006	FUN_18034d730	18034d730	803	OK	19541732
7007	FUN_18034da60	18034da60	568	OK	19545083
7008	FUN_18034dca0	18034dca0	1606	OK	19553197
7009	FUN_18034e330	18034e330	1981	OK	19565695
7010	FUN_18034e820	18034e820	8	OK	19569459
7011	FUN_18034eb40	18034eb40	726	OK	19573921
7012	FUN_18034ee20	18034ee20	214	OK	19575103
7013	FUN_18034ef00	18034ef00	996	OK	19581435
7014	FUN_18034f2f0	18034f2f0	418	OK	19584322
7015	FUN_18034f4a0	18034f4a0	1323	OK	19592032
7016	FUN_18034f9d0	18034f9d0	1056	OK	19598223
7017	FUN_180350010	180350010	1040	OK	19603429
7018	FUN_180350420	180350420	387	OK	19605102
7019	FUN_1803505b0	1803505b0	161	OK	19606117
7020	FUN_180350660	180350660	31	OK	19606391
7021	FUN_180350680	180350680	956	OK	19608738
7022	FUN_180350a40	180350a40	269	OK	19610242
7023	FUN_180350b50	180350b50	259	OK	19611567
7024	FUN_180350c60	180350c60	693	OK	19615074
7025	FUN_180350f20	180350f20	299	OK	19616680
7026	FUN_180351050	180351050	823	OK	19621192
7027	FUN_180351390	180351390	157	OK	19621852
7028	FUN_180351430	180351430	198	OK	19622848
7029	FUN_180351500	180351500	109	OK	19623292
7030	FUN_180351570	180351570	90	OK	19623713
7031	FUN_1803515d0	1803515d0	64	OK	19624010
7032	FUN_180351610	180351610	277	OK	19625750
7033	FUN_180351730	180351730	187	OK	19627186
7034	FUN_1803517f0	1803517f0	211	OK	19628640
7035	FUN_1803518d0	1803518d0	989	OK	19634047
7036	FUN_180351cb0	180351cb0	814	OK	19637271
7037	FUN_180351fe0	180351fe0	1700	OK	19645707
7038	FUN_180352690	180352690	1349	OK	19652621
7039	FUN_180352be0	180352be0	827	OK	19656092
7040	FUN_180352f20	180352f20	715	OK	19660765
7041	FUN_1803531f0	1803531f0	2904	OK	19677297
7042	FUN_180353d50	180353d50	487	OK	19679904
7043	FUN_180353f40	180353f40	693	OK	19683865
7044	FUN_180354200	180354200	631	OK	19688222
7045	FUN_180354480	180354480	1790	OK	19701892
7046	FUN_180354b80	180354b80	247	OK	19703274
7047	FUN_180354c80	180354c80	209	OK	19704509
7048	FUN_180354d60	180354d60	82	OK	19704867
7049	FUN_180354dc0	180354dc0	450	OK	19707384
7050	FUN_180354f90	180354f90	402	OK	19709591
7051	FUN_180355130	180355130	209	OK	19710606
7052	FUN_180355210	180355210	172	OK	19711731
7053	FUN_1803552c0	1803552c0	399	OK	19713900
7054	FUN_180355450	180355450	202	OK	19714756
7055	FUN_180355520	180355520	215	OK	19715834
7056	FUN_180355600	180355600	170	OK	19716590
7057	FUN_1803556b0	1803556b0	242	OK	19717859
7058	FUN_1803557b0	1803557b0	131	OK	19718747
7059	FUN_180355840	180355840	190	OK	19719595
7060	FUN_180355900	180355900	667	OK	19723304
7061	FUN_180355ba0	180355ba0	574	OK	19726779
7062	FUN_180355de0	180355de0	394	OK	19732672
7063	FUN_180355f70	180355f70	9	OK	19732840
7064	FUN_180355f80	180355f80	525	OK	19736236
7065	FUN_180356190	180356190	293	OK	19738083
7066	FUN_1803562c0	1803562c0	365	OK	19739788
7067	FUN_180356430	180356430	690	OK	19743643
7068	FUN_1803566f0	1803566f0	156	OK	19744292
7069	FUN_180356790	180356790	64	OK	19744588
7070	FUN_1803567d0	1803567d0	60	OK	19744890
7071	FUN_180356810	180356810	49	OK	19745129
7072	FUN_180356850	180356850	35	OK	19745338
7073	FUN_180356880	180356880	131	OK	19746226
7074	FUN_180356910	180356910	182	OK	19747052
7075	FUN_1803569d0	1803569d0	139	OK	19747781
7076	FUN_180356a60	180356a60	42	OK	19748106
7077	FUN_180356a90	180356a90	187	OK	19749194
7078	FUN_180356b50	180356b50	134	OK	19749966
7079	FUN_180356be0	180356be0	97	OK	19750510
7080	FUN_180356c50	180356c50	76	OK	19751023
7081	FUN_180356ca0	180356ca0	180	OK	19751977
7082	FUN_180356d60	180356d60	189	OK	19753330
7083	FUN_180356e20	180356e20	22	OK	19753580
7084	FUN_180356e40	180356e40	101	OK	19754229
7085	FUN_180356eb0	180356eb0	8	OK	19754429
7086	FUN_180356ec0	180356ec0	210	OK	19755573
7087	FUN_180356fa0	180356fa0	947	OK	19760804
7088	FUN_180357360	180357360	922	OK	19765748
7089	FUN_180357700	180357700	1695	OK	19776371
7090	FUN_180357e00	180357e00	184	OK	19777539
7091	FUN_180357ec0	180357ec0	475	OK	19780592
7092	FUN_1803580a0	1803580a0	432	OK	19783141
7093	FUN_180358250	180358250	226	OK	19784487
7094	FUN_180358340	180358340	293	OK	19786017
7095	FUN_180358470	180358470	232	OK	19787060
7096	FUN_180358560	180358560	228	OK	19788210
7097	FUN_180358650	180358650	76	OK	19788694
7098	FUN_1803586a0	1803586a0	76	OK	19789181
7099	FUN_1803586f0	1803586f0	76	OK	19789668
7100	FUN_180358740	180358740	76	OK	19790152
7101	FUN_180358790	180358790	495	OK	19793233
7102	FUN_180358980	180358980	162	OK	19794211
7103	FUN_180358a30	180358a30	76	OK	19794695
7104	FUN_180358a80	180358a80	76	OK	19795181
7105	FUN_180358ad0	180358ad0	76	OK	19795665
7106	FUN_180358b20	180358b20	32	OK	19795963
7107	FUN_180358b40	180358b40	76	OK	19796450
7108	FUN_180358b90	180358b90	76	OK	19796937
7109	FUN_180358be0	180358be0	2922	OK	19811014
7110	FUN_180359750	180359750	485	OK	19813718
7111	FUN_180359940	180359940	737	OK	19818435
7112	FUN_180359c70	180359c70	27	OK	19818715
7113	FUN_180359c90	180359c90	413	OK	19820688
7114	FUN_180359e30	180359e30	1046	OK	19826985
7115	FUN_18035a250	18035a250	23	OK	19827175
7116	FUN_18035a270	18035a270	422	OK	19829474
7117	FUN_18035a420	18035a420	1212	OK	19836701
7118	FUN_18035a8e0	18035a8e0	424	OK	19839054
7119	FUN_18035aa90	18035aa90	455	OK	19841203
7120	FUN_18035ac60	18035ac60	1852	OK	19852742
7121	FUN_18035b3a0	18035b3a0	23	OK	19852932
7122	FUN_18035b3c0	18035b3c0	682	OK	19856193
7123	FUN_18035b670	18035b670	1495	OK	19864194
7124	FUN_18035bc70	18035bc70	166	OK	19865236
7125	FUN_18035bd20	18035bd20	240	OK	19866414
7126	FUN_18035be10	18035be10	112	OK	19866898
7127	FUN_18035be80	18035be80	24	OK	19867151
7128	FUN_18035bea0	18035bea0	175	OK	19868299
7129	FUN_18035bf50	18035bf50	821	OK	19874172
7130	FUN_18035c290	18035c290	170	OK	19875334
7131	FUN_18035c340	18035c340	104	OK	19876124
7132	FUN_18035c3b0	18035c3b0	181	OK	19877402
7133	FUN_18035c470	18035c470	14	OK	19877609
7134	FUN_18035c480	18035c480	8	OK	19877809
7135	FUN_18035c490	18035c490	417	OK	19880043
7136	FUN_18035c640	18035c640	107	OK	19880606
7137	FUN_18035c6b0	18035c6b0	25	OK	19880862
7138	FUN_18035c6d0	18035c6d0	608	OK	19884549
7139	FUN_18035c940	18035c940	623	OK	19888378
7140	FUN_18035cbb0	18035cbb0	348	OK	19890943
7141	FUN_18035cd10	18035cd10	131	OK	19891710
7142	FUN_18035cda0	18035cda0	1288	OK	19900914
7143	FUN_18035d2b0	18035d2b0	221	OK	19902075
7144	FUN_18035d390	18035d390	194	OK	19903289
7145	FUN_18035d460	18035d460	175	OK	19904485
7146	FUN_18035d510	18035d510	141	OK	19905564
7147	FUN_18035d5a0	18035d5a0	36	OK	19905803
7148	FUN_18035d5d0	18035d5d0	27	OK	19906195
7149	FUN_18035d5f0	18035d5f0	172	OK	19907037
7150	FUN_18035d6a0	18035d6a0	132	OK	19907709
7151	FUN_18035d730	18035d730	68	OK	19908121
7152	FUN_18035d780	18035d780	189	OK	19909268
7153	FUN_18035d840	18035d840	583	OK	19912693
7154	FUN_18035da90	18035da90	192	OK	19913799
7155	FUN_18035db60	18035db60	17	OK	19914047
7156	FUN_18035db80	18035db80	21	OK	19914254
7157	FUN_18035dba0	18035dba0	56	OK	19914519
7158	FUN_18035dbe0	18035dbe0	112	OK	19915229
7159	FUN_18035dc60	18035dc60	13	OK	19915764
7160	FUN_18035dc70	18035dc70	292	OK	19917020
7161	FUN_18035dda0	18035dda0	75	OK	19917389
7162	FUN_18035ddf0	18035ddf0	153	OK	19918260
7163	FUN_18035de90	18035de90	297	OK	19920145
7164	FUN_18035dfc0	18035dfc0	306	OK	19921804
7165	FUN_18035e100	18035e100	230	OK	19923130
7166	FUN_18035e1f0	18035e1f0	165	OK	19923817
7167	FUN_18035e2a0	18035e2a0	778	OK	19927335
7168	FUN_18035e5b0	18035e5b0	154	OK	19928179
7169	FUN_18035e650	18035e650	91	OK	19928568
7170	FUN_18035e6b0	18035e6b0	35	OK	19928899
7171	FUN_18035e6e0	18035e6e0	22	OK	19929237
7172	FUN_18035e700	18035e700	22	OK	19929487
7173	FUN_18035e720	18035e720	98	OK	19930062
7174	FUN_18035e790	18035e790	82	OK	19930542
7175	FUN_18035e7f0	18035e7f0	8	OK	19930742
7176	FUN_18035e800	18035e800	8	OK	19930942
7177	FUN_18035e810	18035e810	313	OK	19933037
7178	FUN_18035e950	18035e950	888	OK	19937591
7179	FUN_18035ecd0	18035ecd0	785	OK	19942979
7180	FUN_18035eff0	18035eff0	3826	OK	19964092
7181	FUN_18035fef0	18035fef0	452	OK	19966628
7182	FUN_1803600c0	1803600c0	4643	OK	19994343
7183	FUN_1803612f0	1803612f0	1315	OK	20002771
7184	FUN_180361820	180361820	130	OK	20003563
7185	FUN_1803618b0	1803618b0	848	OK	20009654
7186	FUN_180361c10	180361c10	42	OK	20009923
7187	FUN_180361c40	180361c40	721	OK	20013537
7188	FUN_180361f20	180361f20	1168	OK	20021559
7189	FUN_1803623b0	1803623b0	66	OK	20021876
7190	FUN_180362400	180362400	91	OK	20022246
7191	FUN_180362460	180362460	80	OK	20022670
7192	FUN_1803624b0	1803624b0	560	OK	20025511
7193	FUN_1803626e0	1803626e0	477	OK	20028200
7194	FUN_1803628c0	1803628c0	464	OK	20031408
7195	FUN_180362a90	180362a90	417	OK	20034002
7196	FUN_180362c40	180362c40	202	OK	20034858
7197	FUN_180362d10	180362d10	11	OK	20035141
7198	FUN_180362d20	180362d20	12	OK	20035328
7199	FUN_180362d30	180362d30	170	OK	20036084
7200	FUN_180362de0	180362de0	203	OK	20037000
7201	FUN_180362eb0	180362eb0	187	OK	20037871
7202	FUN_180362f70	180362f70	191	OK	20038959
7203	FUN_180363030	180363030	198	OK	20039829
7204	FUN_180363100	180363100	200	OK	20041352
7205	FUN_1803631d0	1803631d0	131	OK	20042240
7206	FUN_180363260	180363260	190	OK	20043101
7207	FUN_180363320	180363320	235	OK	20044520
7208	FUN_180363410	180363410	212	OK	20045664
7209	FUN_1803634f0	1803634f0	183	OK	20046728
7210	FUN_1803635b0	1803635b0	282	OK	20048258
7211	FUN_1803636d0	1803636d0	56	OK	20048737
7212	FUN_180363710	180363710	1065	OK	20057054
7213	FUN_180363b40	180363b40	15	OK	20057230
7214	FUN_180363b50	180363b50	341	OK	20059106
7215	FUN_180363cb0	180363cb0	257	OK	20060981
7216	FUN_180363dc0	180363dc0	307	OK	20062938
7217	FUN_180363f00	180363f00	314	OK	20064696
7218	FUN_180364040	180364040	343	OK	20066779
7219	FUN_1803641a0	1803641a0	342	OK	20068585
7220	FUN_180364300	180364300	309	OK	20070508
7221	FUN_180364440	180364440	317	OK	20072242
7222	FUN_180364580	180364580	32	OK	20072571
7223	FUN_1803645a0	1803645a0	372	OK	20074522
7224	FUN_180364720	180364720	201	OK	20075837
7225	FUN_1803647f0	1803647f0	259	OK	20077162
7226	FUN_180364900	180364900	36	OK	20077400
7227	FUN_180364930	180364930	104	OK	20077991
7228	FUN_1803649d0	1803649d0	330	OK	20079929
7229	FUN_180364b20	180364b20	262	OK	20081173
7230	FUN_180364c30	180364c30	449	OK	20083894
7231	FUN_180364e00	180364e00	431	OK	20086269
7232	FUN_180364fb0	180364fb0	101	OK	20087364
7233	FUN_180365020	180365020	96	OK	20087786
7234	FUN_180365080	180365080	81	OK	20088205
7235	FUN_1803650e0	1803650e0	97	OK	20088737
7236	FUN_180365150	180365150	64	OK	20089203
7237	FUN_180365190	180365190	230	OK	20090350
7238	FUN_180365280	180365280	83	OK	20090772
7239	FUN_1803652e0	1803652e0	59	OK	20091175
7240	FUN_180365320	180365320	200	OK	20092756
7241	FUN_1803653f0	1803653f0	164	OK	20093992
7242	FUN_1803654a0	1803654a0	136	OK	20094781
7243	FUN_180365530	180365530	139	OK	20095422
7244	FUN_1803655c0	1803655c0	77	OK	20095824
7245	FUN_180365610	180365610	74	OK	20096157
7246	FUN_180365660	180365660	611	OK	20099760
7247	FUN_1803658d0	1803658d0	14	OK	20099967
7248	FUN_1803658e0	1803658e0	14	OK	20100174
7249	FUN_1803658f0	1803658f0	14	OK	20100381
7250	FUN_180365900	180365900	22	OK	20100631
7251	FUN_180365920	180365920	22	OK	20100881
7252	FUN_180365940	180365940	22	OK	20101219
7253	FUN_180365960	180365960	14	OK	20101426
7254	FUN_180365970	180365970	29	OK	20101677
7255	FUN_180365990	180365990	29	OK	20101928
7256	FUN_1803659b0	1803659b0	29	OK	20102179
7257	FUN_1803659d0	1803659d0	42	OK	20102453
7258	FUN_180365a00	180365a00	69	OK	20102786
7259	FUN_180365a50	180365a50	49	OK	20103136
7260	FUN_180365a90	180365a90	29	OK	20103387
7261	FUN_180365ab0	180365ab0	8	OK	20103587
7262	FUN_180365ac0	180365ac0	8	OK	20103787
7263	FUN_180365ad0	180365ad0	8	OK	20103987
7264	FUN_180365ae0	180365ae0	8	OK	20104187
7265	FUN_180365af0	180365af0	8	OK	20104387
7266	FUN_180365b00	180365b00	8	OK	20104587
7267	FUN_180365b10	180365b10	8	OK	20104787
7268	FUN_180365b20	180365b20	13	OK	20105005
7269	FUN_180365b30	180365b30	487	OK	20107612
7270	FUN_180365d20	180365d20	359	OK	20109630
7271	FUN_180365e90	180365e90	374	OK	20111762
7272	FUN_180366010	180366010	247	OK	20113144
7273	FUN_180366110	180366110	161	OK	20113870
7274	FUN_1803661c0	1803661c0	257	OK	20115428
7275	FUN_1803662d0	1803662d0	744	OK	20119848
7276	FUN_1803665c0	1803665c0	325	OK	20121700
7277	FUN_180366710	180366710	49	OK	20122023
7278	FUN_180366750	180366750	51	OK	20122299
7279	FUN_180366790	180366790	170	OK	20123409
7280	FUN_180366840	180366840	615	OK	20126862
7281	FUN_180366ab0	180366ab0	443	OK	20129152
7282	FUN_180366c70	180366c70	267	OK	20130339
7283	FUN_180366d80	180366d80	722	OK	20134373
7284	FUN_180367060	180367060	2201	OK	20148313
7285	FUN_180367900	180367900	148	OK	20148997
7286	FUN_1803679a0	1803679a0	223	OK	20150204
7287	FUN_180367a80	180367a80	5	OK	20150358
7288	FUN_180367a90	180367a90	242	OK	20151570
7289	FUN_180367b90	180367b90	537	OK	20154493
7290	FUN_180367db0	180367db0	331	OK	20156588
7291	FUN_180367f00	180367f00	477	OK	20159190
7292	FUN_1803680e0	1803680e0	364	OK	20160945
7293	FUN_180368250	180368250	505	OK	20163616
7294	FUN_180368450	180368450	459	OK	20166050
7295	FUN_180368620	180368620	842	OK	20170095
7296	FUN_180368970	180368970	480	OK	20172489
7297	FUN_180368b50	180368b50	309	OK	20173975
7298	FUN_180368c90	180368c90	202	OK	20174831
7299	FUN_180368d60	180368d60	228	OK	20175979
7300	FUN_180368e50	180368e50	476	OK	20178900
7301	FUN_180369030	180369030	53	OK	20179215
7302	FUN_180369070	180369070	185	OK	20180276
7303	FUN_180369130	180369130	170	OK	20181032
7304	FUN_1803691e0	1803691e0	187	OK	20181903
7305	FUN_1803692a0	1803692a0	242	OK	20183172
7306	FUN_1803693a0	1803693a0	131	OK	20184060
7307	FUN_180369430	180369430	182	OK	20184886
7308	FUN_1803694f0	1803694f0	1009	OK	20191782
7309	FUN_1803698f0	1803698f0	306	OK	20193039
7310	FUN_180369a30	180369a30	854	OK	20198281
7311	FUN_180369d90	180369d90	171	OK	20199081
7312	FUN_180369e40	180369e40	175	OK	20200090
7313	FUN_180369ef0	180369ef0	456	OK	20202776
7314	FUN_18036a0c0	18036a0c0	71	OK	20203240
7315	FUN_18036a110	18036a110	402	OK	20206387
7316	FUN_18036a2b0	18036a2b0	494	OK	20208785
7317	FUN_18036a4a0	18036a4a0	574	OK	20212260
7318	FUN_18036a6e0	18036a6e0	378	OK	20214452
7319	FUN_18036a860	18036a860	491	OK	20217602
7320	FUN_18036aa50	18036aa50	203	OK	20218341
7321	FUN_18036ab20	18036ab20	9	OK	20218509
7322	FUN_18036ab30	18036ab30	313	OK	20220176
7323	FUN_18036ac70	18036ac70	826	OK	20225035
7324	FUN_18036afb0	18036afb0	470	OK	20227418
7325	FUN_18036b190	18036b190	462	OK	20229242
7326	FUN_18036b360	18036b360	1025	OK	20234286
7327	FUN_18036b770	18036b770	1565	OK	20243217
7328	FUN_18036bd90	18036bd90	1125	OK	20250238
7329	FUN_18036c200	18036c200	2328	OK	20262339
7330	FUN_18036cb20	18036cb20	128	OK	20263145
7331	FUN_18036cba0	18036cba0	246	OK	20264381
7332	FUN_18036cca0	18036cca0	158	OK	20265259
7333	FUN_18036cd40	18036cd40	36	OK	20265497
7334	FUN_18036cd70	18036cd70	183	OK	20266546
7335	FUN_18036ce30	18036ce30	75	OK	20266913
7336	FUN_18036ce80	18036ce80	110	OK	20267672
7337	FUN_18036cef0	18036cef0	1577	OK	20275208
7338	FUN_18036d520	18036d520	22	OK	20275443
7339	FUN_18036d540	18036d540	131	OK	20276331
7340	FUN_18036d5d0	18036d5d0	174	OK	20277131
7341	FUN_18036d680	18036d680	144	OK	20278023
7342	FUN_18036d710	18036d710	131	OK	20278790
7343	FUN_18036d7a0	18036d7a0	178	OK	20280021
7344	FUN_18036d860	18036d860	162	OK	20281011
7345	FUN_18036d910	18036d910	379	OK	20284931
7346	FUN_18036da90	18036da90	402	OK	20288679
7347	FUN_18036dc30	18036dc30	875	OK	20294569
7348	FUN_18036dfa0	18036dfa0	205	OK	20295623
7349	FUN_18036e070	18036e070	125	OK	20296453
7350	FUN_18036e0f0	18036e0f0	970	OK	20303000
7351	FUN_18036e4c0	18036e4c0	643	OK	20306619
7352	FUN_18036e750	18036e750	31	OK	20306952
7353	FUN_18036e770	18036e770	236	OK	20308102
7354	FUN_18036e860	18036e860	248	OK	20309254
7355	FUN_18036e960	18036e960	12	OK	20309423
7356	FUN_18036e970	18036e970	428	OK	20312118
7357	FUN_18036eb20	18036eb20	453	OK	20315548
7358	FUN_18036ecf0	18036ecf0	3525	OK	20337078
7359	FUN_18036fac0	18036fac0	267	OK	20338534
7360	FUN_18036fbd0	18036fbd0	43	OK	20338808
7361	FUN_18036fc00	18036fc00	43	OK	20339085
7362	FUN_18036fc30	18036fc30	43	OK	20339362
7363	FUN_18036fc60	18036fc60	1742	OK	20349174
7364	FUN_180370390	180370390	48	OK	20349569
7365	FUN_1803703c0	1803703c0	137	OK	20350405
7366	FUN_180370450	180370450	62	OK	20350852
7367	FUN_180370490	180370490	26	OK	20351295
7368	FUN_1803704b0	1803704b0	94	OK	20351783
7369	FUN_180370510	180370510	675	OK	20356094
7370	FUN_1803707c0	1803707c0	43	OK	20356467
7371	FUN_1803707f0	1803707f0	5	OK	20356641
7372	FUN_180370800	180370800	5	OK	20356812
7373	FUN_180370810	180370810	62	OK	20357308
7374	FUN_180370850	180370850	111	OK	20358018
7375	FUN_1803708c0	1803708c0	377	OK	20360064
7376	FUN_180370a40	180370a40	1482	OK	20367068
7377	FUN_180371040	180371040	490	OK	20370048
7378	FUN_180371230	180371230	14	OK	20370255
7379	FUN_180371240	180371240	8	OK	20370455
7380	FUN_180371250	180371250	14	OK	20370662
7381	FUN_180371260	180371260	8	OK	20370862
7382	FUN_180371270	180371270	14	OK	20371069
7383	FUN_180371280	180371280	8	OK	20371269
7384	FUN_180371290	180371290	158	OK	20372373
7385	FUN_180371330	180371330	113	OK	20373009
7386	FUN_1803713b0	1803713b0	85	OK	20373489
7387	FUN_180371410	180371410	240	OK	20375028
7388	FUN_180371510	180371510	235	OK	20376263
7389	FUN_180371600	180371600	332	OK	20378179
7390	FUN_180371750	180371750	1111	OK	20384946
7391	FUN_180371bb0	180371bb0	103	OK	20385595
7392	FUN_180371c20	180371c20	104	OK	20386318
7393	FUN_180371c90	180371c90	2005	OK	20398705
7394	FUN_180372470	180372470	297	OK	20400423
7395	FUN_1803725a0	1803725a0	226	OK	20401819
7396	FUN_180372690	180372690	158	OK	20402941
7397	FUN_180372730	180372730	405	OK	20404613
7398	FUN_1803728d0	1803728d0	562	OK	20407102
7399	FUN_180372b10	180372b10	390	OK	20411780
7400	FUN_180372ca0	180372ca0	386	OK	20415811
7401	FUN_180372e30	180372e30	879	OK	20423165
7402	FUN_1803731a0	1803731a0	114	OK	20424221
7403	FUN_180373220	180373220	25	OK	20424462
7404	FUN_180373240	180373240	529	OK	20427328
7405	FUN_180373460	180373460	138	OK	20428672
7406	FUN_1803734f0	1803734f0	353	OK	20430722
7407	FUN_180373660	180373660	201	OK	20432128
7408	FUN_180373730	180373730	159	OK	20433414
7409	FUN_1803737d0	1803737d0	325	OK	20436016
7410	FUN_180373920	180373920	268	OK	20437907
7411	FUN_180373a30	180373a30	286	OK	20439551
7412	FUN_180373b50	180373b50	189	OK	20440767
7413	FUN_180373c10	180373c10	252	OK	20441834
7414	FUN_180373d10	180373d10	264	OK	20443650
7415	FUN_180373e20	180373e20	101	OK	20444449
7416	FUN_180373e90	180373e90	473	OK	20447626
7417	FUN_180374070	180374070	742	OK	20452592
7418	FUN_180374360	180374360	358	OK	20454788
7419	FUN_1803744d0	1803744d0	389	OK	20456745
7420	FUN_180374660	180374660	459	OK	20459651
7421	FUN_180374830	180374830	638	OK	20463610
7422	FUN_180374ab0	180374ab0	488	OK	20465981
7423	FUN_180374ca0	180374ca0	168	OK	20467103
7424	FUN_180374d50	180374d50	363	OK	20469022
7425	FUN_180374ec0	180374ec0	101	OK	20469543
7426	FUN_180374f30	180374f30	420	OK	20471802
7427	FUN_1803750e0	1803750e0	628	OK	20475335
7428	FUN_180375360	180375360	245	OK	20477028
7429	FUN_180375460	180375460	894	OK	20483654
7430	FUN_1803757e0	1803757e0	641	OK	20487350
7431	FUN_180375a70	180375a70	274	OK	20488919
7432	FUN_180375b90	180375b90	537	OK	20492433
7433	FUN_180375db0	180375db0	333	OK	20494331
7434	FUN_180375f00	180375f00	1960	OK	20508206
7435	FUN_1803766b0	1803766b0	42	OK	20508560
7436	FUN_1803766e0	1803766e0	23	OK	20508830
7437	FUN_180376700	180376700	64	OK	20509301
7438	FUN_180376740	180376740	43	OK	20509793
7439	FUN_180376770	180376770	518	OK	20512348
7440	FUN_180376980	180376980	431	OK	20514971
7441	FUN_180376b30	180376b30	370	OK	20516982
7442	FUN_180376cb0	180376cb0	248	OK	20518516
7443	FUN_180376db0	180376db0	205	OK	20519477
7444	FUN_180376e80	180376e80	435	OK	20522745
7445	FUN_180377040	180377040	120	OK	20523653
7446	FUN_1803770c0	1803770c0	81	OK	20524188
7447	FUN_180377120	180377120	16	OK	20524450
7448	FUN_180377130	180377130	75	OK	20525323
7449	FUN_180377180	180377180	645	OK	20529557
7450	FUN_180377410	180377410	257	OK	20531427
7451	FUN_180377520	180377520	134	OK	20532199
7452	FUN_1803775b0	1803775b0	194	OK	20533387
7453	FUN_180377680	180377680	193	OK	20534637
7454	FUN_180377750	180377750	175	OK	20535819
7455	FUN_180377800	180377800	269	OK	20537364
7456	FUN_180377910	180377910	269	OK	20538868
7457	FUN_180377a20	180377a20	269	OK	20540372
7458	FUN_180377b30	180377b30	526	OK	20542935
7459	FUN_180377d50	180377d50	535	OK	20545639
7460	FUN_180377f70	180377f70	181	OK	20546634
7461	FUN_180378030	180378030	883	OK	20551770
7462	FUN_1803783b0	1803783b0	294	OK	20553557
7463	FUN_1803784e0	1803784e0	673	OK	20556921
7464	FUN_180378790	180378790	627	OK	20560938
7465	FUN_180378a10	180378a10	88	OK	20561333
7466	FUN_180378a70	180378a70	36	OK	20561571
7467	FUN_180378aa0	180378aa0	183	OK	20562619
7468	FUN_180378b60	180378b60	183	OK	20563668
7469	FUN_180378c20	180378c20	250	OK	20565566
7470	FUN_180378d20	180378d20	121	OK	20566203
7471	FUN_180378da0	180378da0	144	OK	20566951
7472	FUN_180378e30	180378e30	158	OK	20567719
7473	FUN_180378ed0	180378ed0	154	OK	20568485
7474	FUN_180378f70	180378f70	101	OK	20569012
7475	FUN_180378fe0	180378fe0	181	OK	20569870
7476	FUN_1803790a0	1803790a0	107	OK	20570340
7477	FUN_180379110	180379110	280	OK	20572296
7478	FUN_180379230	180379230	328	OK	20573813
7479	FUN_180379380	180379380	329	OK	20575338
7480	FUN_1803794d0	1803794d0	328	OK	20576855
7481	FUN_180379620	180379620	289	OK	20579314
7482	FUN_180379750	180379750	297	OK	20581741
7483	FUN_180379880	180379880	360	OK	20583960
7484	FUN_1803799f0	1803799f0	289	OK	20586409
7485	FUN_180379b20	180379b20	100	OK	20586917
7486	FUN_180379b90	180379b90	208	OK	20587720
7487	FUN_180379c60	180379c60	74	OK	20588061
7488	FUN_180379cb0	180379cb0	62	OK	20588480
7489	FUN_180379cf0	180379cf0	22	OK	20588730
7490	FUN_180379d10	180379d10	8	OK	20588930
7491	FUN_180379d20	180379d20	86	OK	20589619
7492	FUN_180379d80	180379d80	16	OK	20589842
7493	FUN_180379da0	180379da0	166	OK	20590507
7494	FUN_180379e50	180379e50	297	OK	20591686
7495	FUN_180379f80	180379f80	223	OK	20593631
7496	FUN_18037a060	18037a060	415	OK	20595724
7497	FUN_18037a200	18037a200	278	OK	20597037
7498	FUN_18037a320	18037a320	208	OK	20598385
7499	thunk_FUN_18037ee70	18037a3f0	5	OK	20599942
7500	FUN_18037a400	18037a400	1991	OK	20614633
7501	FUN_18037abd0	18037abd0	490	OK	20617169
7502	FUN_18037adc0	18037adc0	847	OK	20621184
7503	FUN_18037b120	18037b120	192	OK	20622351
7504	FUN_18037b1f0	18037b1f0	114	OK	20622866
7505	FUN_18037b270	18037b270	187	OK	20624027
7506	FUN_18037b330	18037b330	22	OK	20624262
7507	FUN_18037b350	18037b350	207	OK	20625557
7508	FUN_18037b420	18037b420	217	OK	20626826
7509	FUN_18037b500	18037b500	535	OK	20629806
7510	FUN_18037b720	18037b720	486	OK	20632462
7511	FUN_18037b910	18037b910	616	OK	20635501
7512	FUN_18037bb80	18037bb80	612	OK	20638538
7513	FUN_18037bdf0	18037bdf0	373	OK	20640808
7514	FUN_18037bf70	18037bf70	233	OK	20641964
7515	FUN_18037c060	18037c060	250	OK	20643123
7516	FUN_18037c160	18037c160	256	OK	20644357
7517	FUN_18037c260	18037c260	264	OK	20645593
7518	FUN_18037c370	18037c370	131	OK	20646481
7519	FUN_18037c400	18037c400	169	OK	20647260
7520	FUN_18037c4b0	18037c4b0	91	OK	20647833
7521	FUN_18037c510	18037c510	743	OK	20651536
7522	FUN_18037c800	18037c800	360	OK	20653702
7523	FUN_18037c970	18037c970	407	OK	20656642
7524	FUN_18037cb10	18037cb10	694	OK	20661065
7525	FUN_18037cdd0	18037cdd0	417	OK	20663617
7526	FUN_18037cf80	18037cf80	365	OK	20665811
7527	FUN_18037d0f0	18037d0f0	427	OK	20668120
7528	FUN_18037d2a0	18037d2a0	437	OK	20670692
7529	FUN_18037d460	18037d460	1121	OK	20676423
7530	FUN_18037d8d0	18037d8d0	752	OK	20680622
7531	FUN_18037dbc0	18037dbc0	461	OK	20682855
7532	FUN_18037dd90	18037dd90	2889	OK	20701222
7533	FUN_18037e8e0	18037e8e0	926	OK	20706085
7534	FUN_18037eca0	18037eca0	213	OK	20708007
7535	FUN_18037ed80	18037ed80	237	OK	20709214
7536	FUN_18037ee70	18037ee70	244	OK	20710761
7537	FUN_18037ef70	18037ef70	787	OK	20714574
7538	FUN_18037f290	18037f290	2290	OK	20735347
7539	FUN_18037fbb0	18037fbb0	857	OK	20740107
7540	FUN_180380030	180380030	1287	OK	20747676
7541	FUN_180380540	180380540	525	OK	20751043
7542	FUN_180380790	180380790	297	OK	20752592
7543	FUN_1803808c0	1803808c0	469	OK	20754978
7544	FUN_180380aa0	180380aa0	134	OK	20755750
7545	FUN_180380b30	180380b30	162	OK	20756799
7546	FUN_180380be0	180380be0	158	OK	20757918
7547	FUN_180380c80	180380c80	629	OK	20761157
7548	FUN_180380f00	180380f00	612	OK	20764744
7549	FUN_180381170	180381170	36	OK	20764982
7550	FUN_1803811a0	1803811a0	315	OK	20766833
7551	FUN_1803812e0	1803812e0	335	OK	20768694
7552	FUN_180381430	180381430	72	OK	20769552
7553	FUN_180381480	180381480	183	OK	20770601
7554	FUN_180381540	180381540	235	OK	20772033
7555	FUN_180381630	180381630	1128	OK	20779760
7556	FUN_180381aa0	180381aa0	128	OK	20780428
7557	FUN_180381b20	180381b20	121	OK	20781061
7558	FUN_180381ba0	180381ba0	525	OK	20784288
7559	FUN_180381db0	180381db0	100	OK	20784796
7560	FUN_180381e20	180381e20	74	OK	20785137
7561	FUN_180381e70	180381e70	22	OK	20785387
7562	FUN_180381e90	180381e90	8	OK	20785587
7563	FUN_180381ea0	180381ea0	120	OK	20786218
7564	FUN_180381f20	180381f20	301	OK	20788060
7565	FUN_180382050	180382050	369	OK	20790268
7566	FUN_1803821d0	1803821d0	142	OK	20791224
7567	thunk_FUN_180383fc0	180382260	5	OK	20792693
7568	FUN_180382270	180382270	490	OK	20795229
7569	FUN_180382460	180382460	1705	OK	20804257
7570	FUN_180382b10	180382b10	114	OK	20804772
7571	FUN_180382b90	180382b90	1054	OK	20810912
7572	FUN_180382fb0	180382fb0	403	OK	20813353
7573	FUN_180383150	180383150	430	OK	20815842
7574	FUN_180383300	180383300	543	OK	20818766
7575	FUN_180383520	180383520	133	OK	20819555
7576	FUN_1803835b0	1803835b0	131	OK	20820443
7577	FUN_180383640	180383640	169	OK	20821222
7578	FUN_1803836f0	1803836f0	91	OK	20821795
7579	FUN_180383750	180383750	98	OK	20822654
7580	FUN_1803837c0	1803837c0	752	OK	20827824
7581	FUN_180383ab0	180383ab0	828	OK	20833509
7582	FUN_180383df0	180383df0	464	OK	20836713
7583	FUN_180383fc0	180383fc0	210	OK	20838172
7584	FUN_1803840a0	1803840a0	107	OK	20838682
7585	FUN_180384110	180384110	1025	OK	20843562
7586	FUN_180384520	180384520	2290	OK	20864335
7587	FUN_180384e40	180384e40	648	OK	20868110
7588	FUN_1803850d0	1803850d0	118	OK	20868726
7589	FUN_180385150	180385150	857	OK	20873486
7590	FUN_1803855d0	1803855d0	1287	OK	20881055
7591	FUN_180385ae0	180385ae0	36	OK	20881293
7592	FUN_180385b10	180385b10	183	OK	20882342
7593	FUN_180385bd0	180385bd0	75	OK	20882709
7594	FUN_180385c20	180385c20	115	OK	20883496
7595	FUN_180385ca0	180385ca0	145	OK	20884312
7596	FUN_180385d40	180385d40	94	OK	20884758
7597	FUN_180385da0	180385da0	41	OK	20885128
7598	FUN_180385dd0	180385dd0	103	OK	20885710
7599	FUN_180385e40	180385e40	54	OK	20886056
7600	FUN_180385e80	180385e80	115	OK	20886867
7601	FUN_180385f30	180385f30	131	OK	20887755
7602	FUN_180385fc0	180385fc0	169	OK	20888532
7603	FUN_180386070	180386070	46	OK	20888846
7604	FUN_1803860a0	1803860a0	36	OK	20889084
7605	FUN_1803860d0	1803860d0	183	OK	20890133
7606	FUN_180386190	180386190	106	OK	20890710
7607	FUN_180386200	180386200	229	OK	20891898
7608	FUN_1803862f0	1803862f0	267	OK	20893019
7609	FUN_180386400	180386400	174	OK	20893876
7610	FUN_1803864b0	1803864b0	131	OK	20894764
7611	FUN_180386540	180386540	169	OK	20895544
7612	FUN_1803865f0	1803865f0	1217	OK	20902109
7613	FUN_180386ac0	180386ac0	259	OK	20903434
7614	FUN_180386bd0	180386bd0	36	OK	20903672
7615	FUN_180386c00	180386c00	38	OK	20904034
7616	FUN_180386c30	180386c30	183	OK	20905083
7617	FUN_180386cf0	180386cf0	121	OK	20905773
7618	FUN_180386d70	180386d70	275	OK	20907225
7619	FUN_180386e90	180386e90	194	OK	20908268
7620	FUN_180386f60	180386f60	180	OK	20909189
7621	FUN_180387020	180387020	137	OK	20909764
7622	FUN_1803870b0	1803870b0	25	OK	20910096
7623	FUN_1803870d0	1803870d0	13	OK	20910314
7624	FUN_1803870e0	1803870e0	362	OK	20912413
7625	FUN_180387250	180387250	74	OK	20913242
7626	FUN_1803872a0	1803872a0	224	OK	20914545
7627	FUN_180387380	180387380	182	OK	20915367
7628	FUN_180387440	180387440	368	OK	20917117
7629	FUN_1803875b0	1803875b0	202	OK	20917973
7630	FUN_180387680	180387680	186	OK	20918899
7631	FUN_180387740	180387740	242	OK	20920168
7632	FUN_180387840	180387840	131	OK	20921056
7633	FUN_1803878d0	1803878d0	169	OK	20921831
7634	FUN_180387980	180387980	306	OK	20923320
7635	FUN_180387ac0	180387ac0	1674	OK	20934492
7636	FUN_180388150	180388150	574	OK	20937967
7637	FUN_180388390	180388390	3306	OK	20958988
7638	FUN_180389090	180389090	280	OK	20960684
7639	FUN_1803891b0	1803891b0	185	OK	20961900
7640	FUN_180389270	180389270	117	OK	20962449
7641	FUN_1803892f0	1803892f0	102	OK	20963015
7642	FUN_180389360	180389360	74	OK	20963356
7643	FUN_1803893b0	1803893b0	67	OK	20963673
7644	FUN_180389400	180389400	56	OK	20963934
7645	FUN_180389440	180389440	35	OK	20964143
7646	FUN_180389470	180389470	131	OK	20965031
7647	FUN_180389500	180389500	182	OK	20965859
7648	FUN_1803895c0	1803895c0	92	OK	20966332
7649	FUN_180389620	180389620	25	OK	20966997
7650	FUN_180389640	180389640	448	OK	20969379
7651	FUN_180389800	180389800	141	OK	20970067
7652	FUN_180389890	180389890	243	OK	20971110
7653	FUN_180389990	180389990	490	OK	20973608
7654	FUN_180389b80	180389b80	515	OK	20976004
7655	FUN_180389d90	180389d90	148	OK	20976690
7656	FUN_180389e30	180389e30	119	OK	20977281
7657	FUN_180389eb0	180389eb0	108	OK	20977958
7658	FUN_180389f20	180389f20	138	OK	20978754
7659	FUN_180389fb0	180389fb0	421	OK	20980944
7660	FUN_18038a160	18038a160	108	OK	20981406
7661	FUN_18038a1d0	18038a1d0	43	OK	20981698
7662	FUN_18038a200	18038a200	124	OK	20982250
7663	FUN_18038a280	18038a280	264	OK	20983413
7664	FUN_18038a390	18038a390	234	OK	20984614
7665	FUN_18038a480	18038a480	22	OK	20984864
7666	FUN_18038a4a0	18038a4a0	8	OK	20985064
7667	FUN_18038a4b0	18038a4b0	338	OK	20986728
7668	FUN_18038a610	18038a610	105	OK	20987524
7669	FUN_18038a680	18038a680	1911	OK	21000479
7670	FUN_18038ae50	18038ae50	736	OK	21004444
7671	FUN_18038b130	18038b130	32	OK	21004881
7672	FUN_18038b150	18038b150	419	OK	21006812
7673	FUN_18038b300	18038b300	381	OK	21008558
7674	FUN_18038b480	18038b480	37	OK	21008793
7675	FUN_18038b4b0	18038b4b0	233	OK	21009984
7676	FUN_18038b5a0	18038b5a0	840	OK	21014200
7677	FUN_18038b8f0	18038b8f0	1201	OK	21021779
7678	FUN_18038bdb0	18038bdb0	1142	OK	21027499
7679	FUN_18038c230	18038c230	479	OK	21030197
7680	FUN_18038c420	18038c420	131	OK	21031085
7681	FUN_18038c4b0	18038c4b0	174	OK	21031889
7682	FUN_18038c560	18038c560	118	OK	21032449
7683	FUN_18038c5e0	18038c5e0	487	OK	21034722
7684	FUN_18038c7d0	18038c7d0	1748	OK	21045421
7685	FUN_18038ceb0	18038ceb0	76	OK	21046047
7686	FUN_18038cf00	18038cf00	1279	OK	21053205
7687	FUN_18038d400	18038d400	427	OK	21055502
7688	FUN_18038d5b0	18038d5b0	76	OK	21055976
7689	FUN_18038d600	18038d600	10	OK	21056147
7690	FUN_18038d610	18038d610	10	OK	21056318
7691	FUN_18038d620	18038d620	10	OK	21056489
7692	FUN_18038d630	18038d630	9	OK	21056670
7693	FUN_18038d640	18038d640	170	OK	21057371
7694	FUN_18038d6f0	18038d6f0	22	OK	21057685
7695	FUN_18038d710	18038d710	123	OK	21058565
7696	FUN_18038d790	18038d790	196	OK	21059872
7697	FUN_18038d860	18038d860	35	OK	21060067
7698	FUN_18038d890	18038d890	177	OK	21061018
7699	FUN_18038d9c0	18038d9c0	83	OK	21062599
7700	FUN_18038da20	18038da20	193	OK	21063847
7701	FUN_18038daf0	18038daf0	653	OK	21067568
7702	FUN_18038dd80	18038dd80	65	OK	21068209
7703	FUN_18038ddd0	18038ddd0	189	OK	21069423
7704	FUN_18038de90	18038de90	426	OK	21072297
7705	FUN_18038e040	18038e040	111	OK	21073020
7706	FUN_18038e0b0	18038e0b0	334	OK	21074573
7707	FUN_18038e200	18038e200	202	OK	21075604
7708	FUN_18038e2d0	18038e2d0	304	OK	21077448
7709	FUN_18038e400	18038e400	2521	OK	21090252
7710	FUN_18038ede0	18038ede0	2406	OK	21104212
7711	FUN_18038f750	18038f750	4378	OK	21131950
7712	FUN_180390870	180390870	74	OK	21132501
7713	FUN_1803908c0	1803908c0	535	OK	21135645
7714	FUN_180390ae0	180390ae0	228	OK	21136799
7715	FUN_180390bd0	180390bd0	248	OK	21137951
7716	FUN_180390cd0	180390cd0	368	OK	21139949
7717	FUN_180390e40	180390e40	385	OK	21142405
7718	FUN_180390fd0	180390fd0	155	OK	21143241
7719	FUN_180391070	180391070	378	OK	21145254
7720	FUN_1803911f0	1803911f0	49	OK	21145735
7721	FUN_180391230	180391230	451	OK	21149240
7722	FUN_180391400	180391400	402	OK	21151520
7723	FUN_1803915a0	1803915a0	419	OK	21153719
7724	FUN_180391750	180391750	776	OK	21159076
7725	FUN_180391a60	180391a60	509	OK	21161337
7726	FUN_180391c60	180391c60	520	OK	21163637
7727	FUN_180391e70	180391e70	140	OK	21164444
7728	FUN_180391f00	180391f00	461	OK	21167025
7729	FUN_1803920d0	1803920d0	363	OK	21168789
7730	FUN_180392240	180392240	619	OK	21172432
7731	FUN_1803924b0	1803924b0	1802	OK	21182015
7732	FUN_180392bc0	180392bc0	2317	OK	21196364
7733	FUN_1803934d0	1803934d0	1351	OK	21202761
7734	FUN_180393a20	180393a20	330	OK	21205249
7735	FUN_180393b70	180393b70	1114	OK	21211424
7736	FUN_180393fd0	180393fd0	130	OK	21212258
7737	FUN_180394060	180394060	246	OK	21213459
7738	FUN_180394160	180394160	209	OK	21214962
7739	FUN_180394240	180394240	27	OK	21215318
7740	FUN_180394260	180394260	27	OK	21215671
7741	FUN_180394280	180394280	26	OK	21215988
7742	FUN_1803942a0	1803942a0	27	OK	21216344
7743	FUN_1803942c0	1803942c0	24	OK	21216784
7744	FUN_1803942e0	1803942e0	24	OK	21217218
7745	FUN_180394300	180394300	22	OK	21217563
7746	FUN_180394320	180394320	24	OK	21218003
7747	FUN_180394340	180394340	641	OK	21221904
7748	FUN_1803945d0	1803945d0	57	OK	21222261
7749	FUN_180394610	180394610	647	OK	21225028
7750	FUN_1803948a0	1803948a0	430	OK	21227649
7751	FUN_180394a50	180394a50	2342	OK	21241707
7752	FUN_180395380	180395380	193	OK	21242664
7753	FUN_180395450	180395450	104	OK	21243196
7754	FUN_1803954c0	1803954c0	217	OK	21244466
7755	FUN_1803955a0	1803955a0	280	OK	21245860
7756	FUN_1803956c0	1803956c0	79	OK	21246192
7757	FUN_180395710	180395710	45	OK	21246578
7758	FUN_180395740	180395740	58	OK	21246815
7759	thunk_FUN_1803965e0	180395780	5	OK	21247500
7760	FUN_180395790	180395790	356	OK	21249647
7761	thunk_FUN_1803f3f00	180395900	5	OK	21250893
7762	FUN_180395910	180395910	17	OK	21251069
7763	FUN_180395930	180395930	45	OK	21251296
7764	FUN_180395960	180395960	11	OK	21251507
7765	FUN_180395970	180395970	207	OK	21252508
7766	FUN_180395a40	180395a40	8	OK	21252717
7767	FUN_180395a50	180395a50	25	OK	21252974
7768	FUN_180395a70	180395a70	2675	OK	21268403
7769	FUN_1803964f0	1803964f0	228	OK	21269551
7770	FUN_1803965e0	1803965e0	135	OK	21270218
7771	FUN_180396690	180396690	96	OK	21270774
7772	FUN_1803966f0	1803966f0	421	OK	21273374
7773	FUN_1803968a0	1803968a0	166	OK	21274244
7774	FUN_180396950	180396950	164	OK	21275248
7775	FUN_180396a00	180396a00	138	OK	21275864
7776	FUN_180396af0	180396af0	175	OK	21277046
7777	FUN_180396ba0	180396ba0	135	OK	21277947
7778	FUN_180396c30	180396c30	154	OK	21278917
7779	FUN_180396cd0	180396cd0	210	OK	21280322
7780	FUN_180396db0	180396db0	341	OK	21281925
7781	FUN_180396f10	180396f10	516	OK	21284094
7782	FUN_180397120	180397120	467	OK	21287449
7783	FUN_180397300	180397300	518	OK	21290231
7784	FUN_180397510	180397510	588	OK	21296719
7785	FUN_180397760	180397760	340	OK	21298366
7786	FUN_1803978c0	1803978c0	424	OK	21300210
7787	FUN_180397a70	180397a70	348	OK	21301989
7788	FUN_180397bd0	180397bd0	169	OK	21304135
7789	FUN_180397c80	180397c80	149	OK	21304909
7790	FUN_180397d20	180397d20	201	OK	21306612
7791	FUN_180397df0	180397df0	331	OK	21308458
7792	FUN_180397f40	180397f40	117	OK	21308865
7793	FUN_180397fc0	180397fc0	410	OK	21310998
7794	FUN_180398180	180398180	18	OK	21311229
7795	FUN_1803981a0	1803981a0	18	OK	21311458
7796	FUN_180398240	180398240	407	OK	21313017
7797	FUN_1803983e0	1803983e0	54	OK	21313434
7798	FUN_180398420	180398420	195	OK	21314377
7799	FUN_1803984f0	1803984f0	107	OK	21315313
7800	FUN_180398600	180398600	43	OK	21315705
7801	FUN_180398630	180398630	1276	OK	21321745
7802	FUN_180398b30	180398b30	162	OK	21322916
7803	FUN_180398be0	180398be0	28	OK	21323262
7804	FUN_180398c00	180398c00	71	OK	21323593
7805	FUN_180398c50	180398c50	217	OK	21324863
7806	FUN_180398d30	180398d30	33	OK	21325144
7807	FUN_180398d60	180398d60	136	OK	21325934
7808	FUN_180398df0	180398df0	102	OK	21326516
7809	FUN_180398e60	180398e60	278	OK	21327992
7810	FUN_180398f80	180398f80	117	OK	21328625
7811	FUN_180399000	180399000	132	OK	21329311
7812	FUN_180399090	180399090	1536	OK	21337231
7813	FUN_1803996a0	1803996a0	135	OK	21338037
7814	FUN_180399730	180399730	178	OK	21339345
7815	FUN_1803997f0	1803997f0	666	OK	21343232
7816	FUN_180399a90	180399a90	194	OK	21344185
7817	FUN_180399b60	180399b60	15	OK	21344411
7818	FUN_180399be0	180399be0	561	OK	21347597
7819	FUN_180399e20	180399e20	87	OK	21348184
7820	FUN_180399e80	180399e80	123	OK	21348918
7821	FUN_180399f00	180399f00	52	OK	21349178
7822	FUN_180399f40	180399f40	52	OK	21349439
7823	FUN_180399f80	180399f80	52	OK	21349696
7824	FUN_180399fc0	180399fc0	78	OK	21350036
7825	FUN_18039a010	18039a010	22	OK	21350406
7826	FUN_18039a030	18039a030	54	OK	21350643
7827	FUN_18039a070	18039a070	354	OK	21352280
7828	FUN_18039a1e0	18039a1e0	135	OK	21352887
7829	FUN_18039a270	18039a270	90	OK	21353201
7830	FUN_18039a2d0	18039a2d0	100	OK	21353577
7831	FUN_18039a340	18039a340	135	OK	21354184
7832	FUN_18039a3d0	18039a3d0	99	OK	21354532
7833	FUN_18039a440	18039a440	86	OK	21354846
7834	FUN_18039a4a0	18039a4a0	183	OK	21355770
7835	FUN_18039a560	18039a560	69	OK	21356057
7836	FUN_18039a5b0	18039a5b0	90	OK	21356386
7837	FUN_18039a610	18039a610	156	OK	21357113
7838	FUN_18039a6b0	18039a6b0	794	OK	21361476
7839	FUN_18039a9d0	18039a9d0	202	OK	21362747
7840	FUN_18039aaa0	18039aaa0	756	OK	21366136
7841	FUN_18039ada0	18039ada0	522	OK	21368626
7842	FUN_18039afb0	18039afb0	22	OK	21368876
7843	FUN_18039afd0	18039afd0	11	OK	21369088
7844	FUN_18039afe0	18039afe0	8	OK	21369288
7845	FUN_18039aff0	18039aff0	132	OK	21369974
7846	FUN_18039b080	18039b080	221	OK	21371319
7847	FUN_18039b160	18039b160	76	OK	21372289
7848	FUN_18039b1b0	18039b1b0	159	OK	21373056
7849	FUN_18039b250	18039b250	1086	OK	21378070
7850	FUN_18039b7b0	18039b7b0	718	OK	21381711
7851	FUN_18039ba80	18039ba80	1543	OK	21389787
7852	FUN_18039c090	18039c090	43	OK	21390093
7853	FUN_18039c0c0	18039c0c0	112	OK	21390597
7854	FUN_18039c130	18039c130	37	OK	21390807
7855	FUN_18039c160	18039c160	61	OK	21391058
7856	FUN_18039c1a0	18039c1a0	11	OK	21391335
7857	FUN_18039c1b0	18039c1b0	154	OK	21391907
7858	FUN_18039c250	18039c250	1139	OK	21398786
7859	FUN_18039c740	18039c740	2700	OK	21417622
7860	FUN_18039d1e0	18039d1e0	486	OK	21420091
7861	FUN_18039d3d0	18039d3d0	253	OK	21421632
7862	FUN_18039d510	18039d510	110	OK	21422181
7863	FUN_18039d650	18039d650	89	OK	21422686
7864	FUN_18039d830	18039d830	91	OK	21423398
7865	FUN_18039d890	18039d890	19	OK	21423711
7866	FUN_18039d8b0	18039d8b0	66	OK	21424114
7867	FUN_18039d900	18039d900	135	OK	21424780
7868	FUN_18039d990	18039d990	152	OK	21425445
7869	FUN_18039da30	18039da30	2137	OK	21437643
7870	FUN_18039e290	18039e290	671	OK	21442307
7871	FUN_18039e570	18039e570	132	OK	21443035
7872	FUN_18039e600	18039e600	168	OK	21443930
7873	FUN_18039e6b0	18039e6b0	295	OK	21445395
7874	FUN_18039e7e0	18039e7e0	891	OK	21450314
7875	FUN_18039eb60	18039eb60	336	OK	21452018
7876	FUN_18039ecc0	18039ecc0	505	OK	21454629
7877	FUN_18039eec0	18039eec0	668	OK	21458432
7878	FUN_18039f160	18039f160	25	OK	21458817
7879	FUN_18039f190	18039f190	531	OK	21461170
7880	FUN_18039f3b0	18039f3b0	1688	OK	21471754
7881	FUN_18039fa60	18039fa60	418	OK	21474053
7882	FUN_18039fc10	18039fc10	627	OK	21477463
7883	FUN_18039fe90	18039fe90	855	OK	21481652
7884	FUN_1803a01f0	1803a01f0	58	OK	21481973
7885	FUN_1803a0230	1803a0230	8	OK	21482113
7886	FUN_1803a0240	1803a0240	108	OK	21482737
7887	FUN_1803a02b0	1803a02b0	1951	OK	21488604
7888	FUN_1803a0b60	1803a0b60	1362	OK	21496442
7889	FUN_1803a10c0	1803a10c0	2001	OK	21507098
7890	FUN_1803a18a0	1803a18a0	213	OK	21508344
7891	FUN_1803a1980	1803a1980	795	OK	21513595
7892	FUN_1803a1ca0	1803a1ca0	12656	OK	21572387
7893	FUN_1803a4e90	1803a4e90	2734	FAILED	21572495
7894	FUN_1803ab8b0	1803ab8b0	1902	OK	21584523
7895	FUN_1803ac020	1803ac020	1156	OK	21592447
7896	FUN_1803ac4b0	1803ac4b0	687	OK	21595242
7897	FUN_1803ac760	1803ac760	1823	OK	21607950
7898	FUN_1803ace90	1803ace90	5098	OK	21633148
7899	FUN_1803ae330	1803ae330	787	OK	21636942
7900	FUN_1803ae650	1803ae650	1023	OK	21641486
7901	FUN_1803aea50	1803aea50	3279	OK	21658034
7902	FUN_1803af780	1803af780	1580	OK	21668345
7903	FUN_1803afdb0	1803afdb0	3011	OK	21684551
7904	FUN_1803b0990	1803b0990	58	OK	21685008
7905	FUN_1803b09d0	1803b09d0	359	OK	21687136
7906	FUN_1803b0b60	1803b0b60	1629	OK	21697175
7907	FUN_1803b11c0	1803b11c0	268	OK	21698496
7908	FUN_1803b12d0	1803b12d0	1353	OK	21706232
7909	FUN_1803b1820	1803b1820	310	OK	21707698
7910	FUN_1803b1960	1803b1960	698	OK	21711490
7911	FUN_1803b1c20	1803b1c20	826	OK	21715310
7912	FUN_1803b1f60	1803b1f60	204	OK	21716275
7913	FUN_1803b2030	1803b2030	154	OK	21716947
7914	FUN_1803b20d0	1803b20d0	3990	OK	21743349
7915	FUN_1803b30b0	1803b30b0	8	OK	21743524
7916	FUN_1803b3120	1803b3120	64	OK	21743856
7917	FUN_1803b3160	1803b3160	35	OK	21744028
7918	FUN_1803b3190	1803b3190	38	OK	21744346
7919	FUN_1803b31c0	1803b31c0	40	OK	21744664
7920	FUN_1803b31f0	1803b31f0	53	OK	21745101
7921	FUN_1803b3230	1803b3230	199	OK	21746089
7922	FUN_1803b3300	1803b3300	202	OK	21747080
7923	FUN_1803b33d0	1803b33d0	199	OK	21748068
7924	FUN_1803b34a0	1803b34a0	211	OK	21749007
7925	FUN_1803b3580	1803b3580	165	OK	21749867
7926	FUN_1803b3630	1803b3630	152	OK	21750713
7927	FUN_1803b36d0	1803b36d0	166	OK	21751870
7928	FUN_1803b3780	1803b3780	186	OK	21753190
7929	FUN_1803b3840	1803b3840	76	OK	21753780
7930	FUN_1803b3890	1803b3890	60	OK	21754530
7931	FUN_1803b38d0	1803b38d0	122	OK	21755252
7932	FUN_1803b3950	1803b3950	40	OK	21755568
7933	FUN_1803b3980	1803b3980	301	OK	21757024
7934	FUN_1803b3ab0	1803b3ab0	134	OK	21757824
7935	FUN_1803b3b40	1803b3b40	352	OK	21759302
7936	FUN_1803b3ca0	1803b3ca0	17	OK	21759556
7937	FUN_1803b3cc0	1803b3cc0	177	OK	21760276
7938	FUN_1803b3d80	1803b3d80	499	OK	21762879
7939	FUN_1803b3f80	1803b3f80	120	OK	21763478
7940	FUN_1803b4000	1803b4000	112	OK	21764190
7941	FUN_1803b4070	1803b4070	242	OK	21765452
7942	FUN_1803b4170	1803b4170	46	OK	21765730
7943	FUN_1803b41a0	1803b41a0	508	OK	21768377
7944	FUN_1803b43a0	1803b43a0	477	OK	21771008
7945	FUN_1803b4580	1803b4580	84	OK	21771448
7946	FUN_1803b45e0	1803b45e0	60	OK	21771791
7947	FUN_1803b4620	1803b4620	468	OK	21774223
7948	FUN_1803b4800	1803b4800	45	OK	21774665
7949	FUN_1803b4830	1803b4830	132	OK	21775574
7950	FUN_1803b48c0	1803b48c0	412	OK	21778266
7951	FUN_1803b4a60	1803b4a60	183	OK	21779228
7952	FUN_1803b4b20	1803b4b20	126	OK	21779876
7953	FUN_1803b4ba0	1803b4ba0	90	OK	21780254
7954	FUN_1803b4c00	1803b4c00	114	OK	21780735
7955	FUN_1803b4c80	1803b4c80	125	OK	21780879
7956	FUN_1803b4d00	1803b4d00	125	OK	21781023
7957	FUN_1803b4d80	1803b4d80	206	OK	21781990
7958	FUN_1803b4e50	1803b4e50	267	OK	21783210
7959	FUN_1803b4f60	1803b4f60	926	OK	21789638
7960	FUN_1803b5300	1803b5300	316	OK	21791163
7961	FUN_1803b5440	1803b5440	371	OK	21793171
7962	FUN_1803b55c0	1803b55c0	344	OK	21795151
7963	FUN_1803b5720	1803b5720	380	OK	21797251
7964	FUN_1803b58a0	1803b58a0	404	OK	21799251
7965	FUN_1803b5a40	1803b5a40	413	OK	21801342
7966	FUN_1803b5be0	1803b5be0	11	OK	21801559
7967	FUN_1803b5bf0	1803b5bf0	196	OK	21802421
7968	FUN_1803b5cc0	1803b5cc0	89	OK	21803053
7969	FUN_1803b5d20	1803b5d20	225	OK	21804107
7970	FUN_1803b5e10	1803b5e10	11	OK	21804283
7971	FUN_1803b5e20	1803b5e20	3516	OK	21823726
7972	FUN_1803b6c30	1803b6c30	111	OK	21824422
7973	FUN_1803b6ca0	1803b6ca0	688	OK	21828043
7974	FUN_1803b6f60	1803b6f60	148	OK	21829112
7975	FUN_1803b7000	1803b7000	155	OK	21830215
7976	FUN_1803b70a0	1803b70a0	330	OK	21832154
7977	FUN_1803b71f0	1803b71f0	349	OK	21834194
7978	FUN_1803b7350	1803b7350	349	OK	21836228
7979	FUN_1803b74b0	1803b74b0	371	OK	21838349
7980	FUN_1803b7630	1803b7630	389	OK	21840649
7981	FUN_1803b77c0	1803b77c0	26	OK	21840848
7982	FUN_1803b77e0	1803b77e0	1601	OK	21848336
7983	FUN_1803b7e30	1803b7e30	26	OK	21848535
7984	FUN_1803b7e50	1803b7e50	1681	OK	21856907
7985	FUN_1803b84f0	1803b84f0	373	OK	21859214
7986	FUN_1803b8670	1803b8670	26	OK	21859413
7987	FUN_1803b8690	1803b8690	880	OK	21863125
7988	FUN_1803b8a00	1803b8a00	804	OK	21867376
7989	FUN_1803b8d30	1803b8d30	15952	OK	21975232
7990	FUN_1803bcc40	1803bcc40	164	OK	21976223
7991	FUN_1803bccf0	1803bccf0	820	OK	21981001
7992	FUN_1803bd030	1803bd030	366	OK	21982545
7993	FUN_1803bd1a0	1803bd1a0	10	OK	21982747
7994	FUN_1803bd1b0	1803bd1b0	10	OK	21982940
7995	FUN_1803bd1c0	1803bd1c0	284	OK	21984575
7996	FUN_1803bd2e0	1803bd2e0	336	OK	21986469
7997	FUN_1803bd430	1803bd430	338	OK	21988344
7998	FUN_1803bd590	1803bd590	7	OK	21988516
7999	FUN_1803bd5a0	1803bd5a0	1624	OK	21998121
8000	FUN_1803bdc00	1803bdc00	671	OK	22001700
8001	FUN_1803bdea0	1803bdea0	946	OK	22006384
8002	FUN_1803be260	1803be260	189	OK	22007425
8003	FUN_1803be320	1803be320	8	OK	22007590
8004	FUN_1803be330	1803be330	768	OK	22012377
8005	FUN_1803be630	1803be630	656	OK	22016551
8006	FUN_1803be8c0	1803be8c0	359	OK	22018743
8007	FUN_1803bea30	1803bea30	145	OK	22019948
8008	FUN_1803bead0	1803bead0	763	OK	22025067
8009	FUN_1803bedd0	1803bedd0	274	OK	22026754
8010	FUN_1803beef0	1803beef0	567	OK	22029843
8011	FUN_1803bf130	1803bf130	308	OK	22031569
8012	FUN_1803bf270	1803bf270	392	OK	22033543
8013	FUN_1803bf400	1803bf400	293	OK	22034887
8014	FUN_1803bf530	1803bf530	963	OK	22041133
8015	FUN_1803bf900	1803bf900	36	OK	22041421
8016	FUN_1803bf930	1803bf930	111	OK	22042067
8017	FUN_1803bf9a0	1803bf9a0	19	OK	22042269
8018	FUN_1803bf9c0	1803bf9c0	66	OK	22042576
8019	FUN_1803bfa10	1803bfa10	664	OK	22046184
8020	FUN_1803bfcb0	1803bfcb0	81	OK	22046799
8021	FUN_1803bfd10	1803bfd10	121	OK	22047358
8022	FUN_1803bfd90	1803bfd90	117	OK	22047996
8023	FUN_1803bfe10	1803bfe10	51	OK	22048427
8024	FUN_1803bfe50	1803bfe50	26	OK	22048665
8025	FUN_1803bfe70	1803bfe70	607	OK	22052436
8026	FUN_1803c00e0	1803c00e0	407	OK	22054954
8027	FUN_1803c0280	1803c0280	629	OK	22059331
8028	FUN_1803c0500	1803c0500	133	OK	22060086
8029	FUN_1803c0590	1803c0590	39	OK	22060374
8030	FUN_1803c05c0	1803c05c0	188	OK	22061396
8031	FUN_1803c0680	1803c0680	530	OK	22063928
8032	FUN_1803c08a0	1803c08a0	98	OK	22064392
8033	FUN_1803c0910	1803c0910	168	OK	22065337
8034	FUN_1803c09c0	1803c09c0	50	OK	22065773
8035	FUN_1803c0a00	1803c0a00	27	OK	22066037
8036	FUN_1803c0a20	1803c0a20	526	OK	22068446
8037	FUN_1803c0c30	1803c0c30	177	OK	22069764
8038	FUN_1803c0cf0	1803c0cf0	403	OK	22071912
8039	FUN_1803c0e90	1803c0e90	446	OK	22074157
8040	FUN_1803c1050	1803c1050	626	OK	22077347
8041	FUN_1803c12d0	1803c12d0	412	OK	22079511
8042	FUN_1803c1470	1803c1470	567	OK	22082231
8043	FUN_1803c16b0	1803c16b0	497	OK	22084872
8044	FUN_1803c18b0	1803c18b0	135	OK	22086131
8045	FUN_1803c1940	1803c1940	136	OK	22087693
8046	FUN_1803c19d0	1803c19d0	246	OK	22088844
8047	FUN_1803c1ad0	1803c1ad0	245	OK	22089963
8048	thunk_FUN_1803c3270	1803c1bd0	5	OK	22091927
8049	FUN_1803c1be0	1803c1be0	426	OK	22094026
8050	FUN_1803c1d90	1803c1d90	143	OK	22094756
8051	FUN_1803c1e20	1803c1e20	366	OK	22096503
8052	thunk_FUN_1803c3410	1803c1f90	5	OK	22100613
8053	thunk_FUN_1803c36f0	1803c1fa0	5	OK	22102500
8054	FUN_1803c1fb0	1803c1fb0	653	OK	22109119
8055	FUN_1803c2240	1803c2240	444	OK	22111885
8056	FUN_1803c2400	1803c2400	955	OK	22115936
8057	FUN_1803c27c0	1803c27c0	69	OK	22116544
8058	FUN_1803c2810	1803c2810	410	OK	22119293
8059	FUN_1803c29b0	1803c29b0	105	OK	22120118
8060	FUN_1803c2a20	1803c2a20	104	OK	22120769
8061	FUN_1803c2a90	1803c2a90	100	OK	22121432
8062	FUN_1803c2b00	1803c2b00	242	OK	22122573
8063	FUN_1803c2c00	1803c2c00	177	OK	22123401
8064	FUN_1803c2cc0	1803c2cc0	176	OK	22124222
8065	FUN_1803c2d80	1803c2d80	183	OK	22125131
8066	FUN_1803c2e40	1803c2e40	361	OK	22126812
8067	FUN_1803c2fb0	1803c2fb0	258	OK	22128592
8068	FUN_1803c30c0	1803c30c0	142	OK	22129651
8069	FUN_1803c3150	1803c3150	280	OK	22131045
8070	FUN_1803c3270	1803c3270	403	OK	22132961
8071	FUN_1803c3410	1803c3410	729	OK	22137011
8072	FUN_1803c36f0	1803c36f0	395	OK	22138881
8073	FUN_1803c3880	1803c3880	52	OK	22139142
8074	FUN_1803c38c0	1803c38c0	719	OK	22142943
8075	FUN_1803c3b90	1803c3b90	751	OK	22146754
8076	FUN_1803c3e80	1803c3e80	286	OK	22148377
8077	FUN_1803c3fa0	1803c3fa0	152	OK	22149073
8078	FUN_1803c4040	1803c4040	2043	OK	22160600
8079	FUN_1803c4840	1803c4840	283	OK	22162264
8080	FUN_1803c4960	1803c4960	232	OK	22163270
8081	FUN_1803c4a50	1803c4a50	465	OK	22165681
8082	FUN_1803c4c30	1803c4c30	76	OK	22166748
8083	FUN_1803c4c80	1803c4c80	355	OK	22169157
8084	FUN_1803c4df0	1803c4df0	298	OK	22170748
8085	FUN_1803c4f20	1803c4f20	319	OK	22172705
8086	FUN_1803c5060	1803c5060	627	OK	22176660
8087	FUN_1803c52e0	1803c52e0	664	OK	22180616
8088	FUN_1803c5580	1803c5580	171	OK	22181738
8089	FUN_1803c5630	1803c5630	100	OK	22182115
8090	FUN_1803c56a0	1803c56a0	431	OK	22184548
8091	FUN_1803c5850	1803c5850	131	OK	22185355
8092	FUN_1803c58e0	1803c58e0	364	OK	22187427
8093	FUN_1803c5a50	1803c5a50	195	OK	22188809
8094	FUN_1803c5b20	1803c5b20	691	OK	22192244
8095	FUN_1803c5de0	1803c5de0	1873	OK	22207276
8096	FUN_1803c6540	1803c6540	554	OK	22210606
8097	FUN_1803c6770	1803c6770	25	OK	22210885
8098	FUN_1803c6790	1803c6790	460	OK	22213450
8099	FUN_1803c6a70	1803c6a70	8	OK	22213623
8100	FUN_1803c6a80	1803c6a80	5	OK	22213777
8101	FUN_1803c6a90	1803c6a90	8	OK	22213950
8102	FUN_1803c6aa0	1803c6aa0	8	OK	22214123
8103	FUN_1803c6ab0	1803c6ab0	1917	OK	22224506
8104	FUN_1803c7230	1803c7230	87	OK	22225021
8105	FUN_1803c7290	1803c7290	7345	OK	22244324
8106	FUN_1803c8f50	1803c8f50	434	OK	22246549
8107	FUN_1803c9110	1803c9110	8	OK	22246723
8108	FUN_1803c9120	1803c9120	152	OK	22247606
8109	FUN_1803c91c0	1803c91c0	89	OK	22248132
8110	FUN_1803c9220	1803c9220	117	OK	22248727
8111	FUN_1803c92a0	1803c92a0	215	OK	22249699
8112	FUN_1803c9380	1803c9380	589	OK	22253768
8113	FUN_1803c95d0	1803c95d0	932	OK	22258651
8114	FUN_1803c9980	1803c9980	287	OK	22259923
8115	FUN_1803c9aa0	1803c9aa0	343	OK	22261920
8116	FUN_1803c9c00	1803c9c00	216	OK	22262988
8117	FUN_1803c9ce0	1803c9ce0	268	OK	22264467
8118	FUN_1803c9df0	1803c9df0	1038	OK	22269388
8119	FUN_1803ca200	1803ca200	203	OK	22270565
8120	FUN_1803ca2d0	1803ca2d0	492	OK	22273245
8121	FUN_1803ca4c0	1803ca4c0	410	OK	22275477
8122	FUN_1803ca660	1803ca660	498	OK	22277362
8123	FUN_1803ca860	1803ca860	1605	OK	22286074
8124	FUN_1803caeb0	1803caeb0	968	OK	22291018
8125	FUN_1803cb280	1803cb280	861	OK	22296250
8126	FUN_1803cb5e0	1803cb5e0	1056	OK	22301948
8127	FUN_1803cba00	1803cba00	653	OK	22305546
8128	FUN_1803cbc90	1803cbc90	736	OK	22309572
8129	FUN_1803cbf70	1803cbf70	1020	OK	22314728
8130	FUN_1803cc370	1803cc370	781	OK	22318741
8131	FUN_1803cc680	1803cc680	397	OK	22320786
8132	FUN_1803cc810	1803cc810	325	OK	22322504
8133	FUN_1803cc960	1803cc960	2690	OK	22340815
8134	FUN_1803cd3f0	1803cd3f0	602	OK	22343852
8135	FUN_1803cd650	1803cd650	248	OK	22344966
8136	FUN_1803cd750	1803cd750	638	OK	22348106
8137	FUN_1803cd9d0	1803cd9d0	386	OK	22350201
8138	FUN_1803cdb60	1803cdb60	601	OK	22353583
8139	FUN_1803cddc0	1803cddc0	1108	OK	22360428
8140	FUN_1803ce220	1803ce220	1141	OK	22367251
8141	FUN_1803ce6a0	1803ce6a0	669	OK	22371354
8142	FUN_1803ce940	1803ce940	939	OK	22376857
8143	FUN_1803cecf0	1803cecf0	154	OK	22377631
8144	FUN_1803ced90	1803ced90	719	OK	22381414
8145	FUN_1803cf060	1803cf060	409	OK	22383735
8146	FUN_1803cf200	1803cf200	389	OK	22386136
8147	FUN_1803cf390	1803cf390	3752	OK	22410823
8148	FUN_1803d0240	1803d0240	436	OK	22413253
8149	FUN_1803d0400	1803d0400	544	OK	22416373
8150	FUN_1803d0620	1803d0620	623	OK	22419686
8151	FUN_1803d0890	1803d0890	194	OK	22420799
8152	FUN_1803d0960	1803d0960	702	OK	22425201
8153	FUN_1803d0c20	1803d0c20	802	OK	22429137
8154	FUN_1803d0f50	1803d0f50	362	OK	22430974
8155	FUN_1803d10c0	1803d10c0	469	OK	22433329
8156	FUN_1803d12a0	1803d12a0	119	OK	22434019
8157	FUN_1803d1320	1803d1320	203	OK	22435201
8158	FUN_1803d13f0	1803d13f0	1323	OK	22444795
8159	FUN_1803d1990	1803d1990	834	OK	22449813
8160	FUN_1803d1ce0	1803d1ce0	559	OK	22452977
8161	FUN_1803d1f10	1803d1f10	423	OK	22455539
8162	FUN_1803d20c0	1803d20c0	7201	OK	22498648
8163	FUN_1803d3e30	1803d3e30	1178	OK	22507135
8164	FUN_1803d4300	1803d4300	3296	OK	22526872
8165	FUN_1803d4fe0	1803d4fe0	1571	OK	22538155
8166	FUN_1803d5610	1803d5610	177	OK	22539063
8167	FUN_1803d56d0	1803d56d0	193	OK	22540046
8168	FUN_1803d57a0	1803d57a0	97	OK	22540419
8169	FUN_1803d5810	1803d5810	3740	OK	22560477
8170	FUN_1803d6730	1803d6730	1380	OK	22566782
8171	FUN_1803d6ca0	1803d6ca0	189	OK	22567663
8172	FUN_1803d6d60	1803d6d60	5616	OK	22658970
8173	FUN_1803dae40	1803dae40	439	OK	22661218
8174	FUN_1803db000	1803db000	439	OK	22663445
8175	FUN_1803db1c0	1803db1c0	104	OK	22664163
8176	FUN_1803db230	1803db230	259	OK	22665087
8177	FUN_1803db340	1803db340	416	OK	22667993
8178	FUN_1803db4e0	1803db4e0	562	OK	22670906
8179	FUN_1803db720	1803db720	244	OK	22672002
8180	FUN_1803db820	1803db820	48	OK	22672403
8181	FUN_1803db850	1803db850	7	OK	22672603
8182	FUN_1803db860	1803db860	13	OK	22672849
8183	FUN_1803db870	1803db870	571	OK	22676855
8184	FUN_1803dbab0	1803dbab0	116	OK	22677564
8185	FUN_1803dbb30	1803dbb30	97	OK	22678249
8186	FUN_1803dbba0	1803dbba0	113	OK	22678950
8187	FUN_1803dbc20	1803dbc20	147	OK	22679751
8188	FUN_1803dbcc0	1803dbcc0	15	OK	22679992
8189	FUN_1803dbcd0	1803dbcd0	11	OK	22680207
8190	FUN_1803dbce0	1803dbce0	11	OK	22680425
8191	FUN_1803dbcf0	1803dbcf0	150	OK	22681133
8192	FUN_1803dbd90	1803dbd90	15	OK	22681324
8193	FUN_1803dbda0	1803dbda0	62	OK	22681620
8194	FUN_1803dbde0	1803dbde0	64	OK	22682437
8195	FUN_1803dbe20	1803dbe20	2487	OK	22695643
8196	FUN_1803dc7e0	1803dc7e0	453	OK	22698245
8197	FUN_1803dc9b0	1803dc9b0	719	OK	22703018
8198	FUN_1803dcc80	1803dcc80	354	OK	22705150
8199	FUN_1803dcdf0	1803dcdf0	365	OK	22707140
8200	FUN_1803dcf60	1803dcf60	490	OK	22710239
8201	FUN_1803dd150	1803dd150	696	OK	22714925
8202	FUN_1803dd410	1803dd410	593	OK	22718364
8203	FUN_1803dd670	1803dd670	4073	OK	22742781
8204	FUN_1803de760	1803de760	254	OK	22744167
8205	FUN_1803de860	1803de860	128	OK	22744895
8206	FUN_1803de8e0	1803de8e0	46	OK	22745310
8207	FUN_1803de910	1803de910	118	OK	22746406
8208	FUN_1803de990	1803de990	210	OK	22747644
8209	FUN_1803dea70	1803dea70	568	OK	22751333
8210	FUN_1803decb0	1803decb0	45	OK	22751857
8211	FUN_1803dece0	1803dece0	27	OK	22752249
8212	FUN_1803ded00	1803ded00	27	OK	22752641
8213	FUN_1803ded20	1803ded20	27	OK	22753033
8214	FUN_1803ded40	1803ded40	156	OK	22753858
8215	FUN_1803dede0	1803dede0	27	OK	22754250
8216	FUN_1803dee00	1803dee00	27	OK	22754642
8217	FUN_1803dee20	1803dee20	27	OK	22755034
8218	FUN_1803dee40	1803dee40	27	OK	22755426
8219	FUN_1803dee60	1803dee60	27	OK	22755818
8220	FUN_1803dee80	1803dee80	99	OK	22756466
8221	FUN_1803deef0	1803deef0	27	OK	22756858
8222	FUN_1803def10	1803def10	27	OK	22757250
8223	FUN_1803def30	1803def30	27	OK	22757642
8224	FUN_1803def50	1803def50	136	OK	22758419
8225	FUN_1803defe0	1803defe0	27	OK	22758811
8226	FUN_1803df000	1803df000	156	OK	22759644
8227	FUN_1803df0a0	1803df0a0	27	OK	22760036
8228	FUN_1803df0c0	1803df0c0	27	OK	22760428
8229	FUN_1803df0e0	1803df0e0	30	OK	22760849
8230	FUN_1803df100	1803df100	33	OK	22761270
8231	FUN_1803df130	1803df130	27	OK	22761662
8232	FUN_1803df150	1803df150	27	OK	22762054
8233	FUN_1803df170	1803df170	27	OK	22762446
8234	FUN_1803df190	1803df190	27	OK	22762838
8235	FUN_1803df1b0	1803df1b0	27	OK	22763230
8236	FUN_1803df1d0	1803df1d0	27	OK	22763622
8237	FUN_1803df1f0	1803df1f0	27	OK	22764014
8238	FUN_1803df210	1803df210	27	OK	22764406
8239	FUN_1803df230	1803df230	27	OK	22764798
8240	FUN_1803df250	1803df250	27	OK	22765190
8241	FUN_1803df270	1803df270	31	OK	22765428
8242	FUN_1803df290	1803df290	110	OK	22765786
8243	FUN_1803df300	1803df300	110	OK	22766145
8244	FUN_1803df370	1803df370	110	OK	22766497
8245	FUN_1803df3e0	1803df3e0	110	OK	22766849
8246	FUN_1803df450	1803df450	110	OK	22767207
8247	FUN_1803df4c0	1803df4c0	110	OK	22767566
8248	FUN_1803df530	1803df530	110	OK	22767924
8249	FUN_1803df5a0	1803df5a0	27	OK	22768316
8250	FUN_1803df5c0	1803df5c0	27	OK	22768708
8251	FUN_1803df5e0	1803df5e0	27	OK	22769100
8252	FUN_1803df600	1803df600	27	OK	22769492
8253	FUN_1803df620	1803df620	27	OK	22769884
8254	FUN_1803df640	1803df640	27	OK	22770276
8255	FUN_1803df660	1803df660	110	OK	22770648
8256	FUN_1803df6d0	1803df6d0	27	OK	22771040
8257	FUN_1803df6f0	1803df6f0	27	OK	22771432
8258	FUN_1803df710	1803df710	110	OK	22771809
8259	FUN_1803df780	1803df780	27	OK	22772201
8260	FUN_1803df7a0	1803df7a0	27	OK	22772593
8261	FUN_1803df7c0	1803df7c0	27	OK	22772985
8262	FUN_1803df7e0	1803df7e0	27	OK	22773377
8263	FUN_1803df800	1803df800	27	OK	22773769
8264	FUN_1803df820	1803df820	27	OK	22774161
8265	FUN_1803df840	1803df840	27	OK	22774553
8266	FUN_1803df860	1803df860	27	OK	22774945
8267	FUN_1803df880	1803df880	27	OK	22775337
8268	FUN_1803df8a0	1803df8a0	27	OK	22775729
8269	FUN_1803df8c0	1803df8c0	27	OK	22776121
8270	FUN_1803df8e0	1803df8e0	27	OK	22776513
8271	FUN_1803df900	1803df900	27	OK	22776905
8272	FUN_1803df920	1803df920	27	OK	22777297
8273	FUN_1803df940	1803df940	110	OK	22777655
8274	FUN_1803df9b0	1803df9b0	33	OK	22778076
8275	FUN_1803df9e0	1803df9e0	33	OK	22778497
8276	FUN_1803dfa10	1803dfa10	52	OK	22778757
8277	FUN_1803dfa50	1803dfa50	5356	OK	22793708
8278	FUN_1803e0f40	1803e0f40	124	OK	22794549
8279	FUN_1803e0fc0	1803e0fc0	603	OK	22798212
8280	FUN_1803e1220	1803e1220	65	OK	22798573
8281	FUN_1803e1270	1803e1270	72	OK	22799091
8282	FUN_1803e12c0	1803e12c0	970	OK	22804307
8283	FUN_1803e1690	1803e1690	379	OK	22806407
8284	FUN_1803e1810	1803e1810	541	OK	22809164
8285	FUN_1803e1a30	1803e1a30	422	OK	22811159
8286	FUN_1803e1be0	1803e1be0	389	OK	22813119
8287	FUN_1803e1d70	1803e1d70	504	OK	22815784
8288	FUN_1803e1f70	1803e1f70	894	OK	22820581
8289	FUN_1803e22f0	1803e22f0	293	OK	22822527
8290	FUN_1803e2420	1803e2420	185	OK	22823543
8291	FUN_1803e24e0	1803e24e0	248	OK	22825619
8292	FUN_1803e25e0	1803e25e0	1956	OK	22836543
8293	FUN_1803e2d90	1803e2d90	1583	OK	22845559
8294	FUN_1803e33c0	1803e33c0	981	OK	22850119
8295	FUN_1803e37a0	1803e37a0	1506	OK	22857272
8296	FUN_1803e3d90	1803e3d90	711	OK	22861597
8297	FUN_1803e4060	1803e4060	472	OK	22864449
8298	FUN_1803e4240	1803e4240	224	OK	22865475
8299	FUN_1803e4320	1803e4320	331	OK	22866629
8300	FUN_1803e4470	1803e4470	332	OK	22867775
8301	FUN_1803e45c0	1803e45c0	331	OK	22868919
8302	FUN_1803e4710	1803e4710	331	OK	22870063
8303	FUN_1803e4860	1803e4860	331	OK	22871215
8304	FUN_1803e49b0	1803e49b0	331	OK	22872358
8305	FUN_1803e4b00	1803e4b00	331	OK	22873509
8306	FUN_1803e4c50	1803e4c50	331	OK	22874663
8307	FUN_1803e4da0	1803e4da0	331	OK	22875816
8308	FUN_1803e4ef0	1803e4ef0	331	OK	22876969
8309	FUN_1803e5040	1803e5040	334	OK	22878147
8310	FUN_1803e5190	1803e5190	334	OK	22879326
8311	FUN_1803e52e0	1803e52e0	334	OK	22880499
8312	FUN_1803e5430	1803e5430	334	OK	22881668
8313	FUN_1803e5580	1803e5580	334	OK	22882844
8314	FUN_1803e56d0	1803e56d0	334	OK	22884017
8315	FUN_1803e5820	1803e5820	334	OK	22885192
8316	FUN_1803e5970	1803e5970	334	OK	22886371
8317	FUN_1803e5ac0	1803e5ac0	334	OK	22887547
8318	FUN_1803e5c10	1803e5c10	334	OK	22888724
8319	FUN_1803e5d60	1803e5d60	334	OK	22889897
8320	FUN_1803e5eb0	1803e5eb0	332	OK	22891067
8321	FUN_1803e6000	1803e6000	334	OK	22892246
8322	FUN_1803e6150	1803e6150	334	OK	22893417
8323	FUN_1803e62a0	1803e62a0	340	OK	22894582
8324	FUN_1803e6400	1803e6400	331	OK	22895735
8325	FUN_1803e6550	1803e6550	331	OK	22896887
8326	FUN_1803e66a0	1803e66a0	340	OK	22898048
8327	FUN_1803e6800	1803e6800	332	OK	22899203
8328	FUN_1803e6950	1803e6950	332	OK	22900358
8329	FUN_1803e6aa0	1803e6aa0	334	OK	22901507
8330	FUN_1803e6bf0	1803e6bf0	332	OK	22902662
8331	FUN_1803e6d40	1803e6d40	395	OK	22904343
8332	FUN_1803e6ed0	1803e6ed0	279	OK	22905719
8333	FUN_1803e6ff0	1803e6ff0	768	OK	22909443
8334	FUN_1803e72f0	1803e72f0	27	OK	22909835
8335	FUN_1803e7310	1803e7310	27	OK	22910227
8336	FUN_1803e7330	1803e7330	109	OK	22910706
8337	FUN_1803e73a0	1803e73a0	7	OK	22910871
8338	FUN_1803e73b0	1803e73b0	27	OK	22911263
8339	FUN_1803e73d0	1803e73d0	27	OK	22911655
8340	FUN_1803e73f0	1803e73f0	27	OK	22912047
8341	FUN_1803e7410	1803e7410	27	OK	22912439
8342	FUN_1803e7430	1803e7430	27	OK	22912831
8343	FUN_1803e7450	1803e7450	27	OK	22913223
8344	FUN_1803e7470	1803e7470	27	OK	22913615
8345	FUN_1803e7490	1803e7490	82	OK	22913933
8346	FUN_1803e74f0	1803e74f0	82	OK	22914239
8347	FUN_1803e7550	1803e7550	82	OK	22914549
8348	FUN_1803e75b0	1803e75b0	82	OK	22914864
8349	FUN_1803e7610	1803e7610	82	OK	22915174
8350	FUN_1803e7670	1803e7670	82	OK	22915479
8351	FUN_1803e76d0	1803e76d0	84	OK	22915800
8352	FUN_1803e7730	1803e7730	84	OK	22916110
8353	FUN_1803e7790	1803e7790	82	OK	22916426
8354	FUN_1803e77f0	1803e77f0	52	OK	22916686
8355	FUN_1803e7830	1803e7830	2016	OK	22922241
8356	FUN_1803e8010	1803e8010	874	OK	22924732
8357	FUN_1803e8380	1803e8380	354	OK	22926590
8358	FUN_1803e84f0	1803e84f0	411	OK	22928536
8359	FUN_1803e8690	1803e8690	240	OK	22929780
8360	FUN_1803e8780	1803e8780	771	OK	22933436
8361	FUN_1803e8a90	1803e8a90	552	OK	22936217
8362	FUN_1803e8cc0	1803e8cc0	888	OK	22940481
8363	FUN_1803e9040	1803e9040	754	OK	22943107
8364	FUN_1803e9340	1803e9340	410	OK	22945268
8365	FUN_1803e94e0	1803e94e0	4465	OK	22976658
8366	FUN_1803ea6d0	1803ea6d0	648	OK	22980455
8367	FUN_1803ea960	1803ea960	282	OK	22981532
8368	FUN_1803eaa80	1803eaa80	133	OK	22983092
8369	FUN_1803eab10	1803eab10	61	OK	22983471
8370	FUN_1803eab50	1803eab50	388	OK	22985497
8371	FUN_1803eace0	1803eace0	392	OK	22987620
8372	FUN_1803eae70	1803eae70	483	OK	22990324
8373	FUN_1803eb060	1803eb060	506	OK	22993768
8374	FUN_1803eb260	1803eb260	541	OK	22996764
8375	FUN_1803eb480	1803eb480	159	OK	22997838
8376	FUN_1803eb530	1803eb530	27	OK	22998230
8377	FUN_1803eb550	1803eb550	76	OK	22998605
8378	FUN_1803eb5a0	1803eb5a0	27	OK	22998997
8379	FUN_1803eb5c0	1803eb5c0	119	OK	22999614
8380	FUN_1803eb640	1803eb640	27	OK	23000006
8381	FUN_1803eb660	1803eb660	27	OK	23000398
8382	FUN_1803eb680	1803eb680	27	OK	23000790
8383	FUN_1803eb6a0	1803eb6a0	27	OK	23001182
8384	FUN_1803eb6c0	1803eb6c0	27	OK	23001574
8385	FUN_1803eb6e0	1803eb6e0	27	OK	23001966
8386	FUN_1803eb700	1803eb700	27	OK	23002358
8387	FUN_1803eb720	1803eb720	27	OK	23002750
8388	FUN_1803eb740	1803eb740	27	OK	23003142
8389	FUN_1803eb760	1803eb760	91	OK	23003577
8390	FUN_1803eb7c0	1803eb7c0	91	OK	23004012
8391	FUN_1803eb820	1803eb820	91	OK	23004447
8392	FUN_1803eb880	1803eb880	27	OK	23004839
8393	FUN_1803eb8a0	1803eb8a0	78	OK	23005216
8394	FUN_1803eb8f0	1803eb8f0	91	OK	23005651
8395	FUN_1803eb950	1803eb950	27	OK	23006043
8396	FUN_1803eb970	1803eb970	118	OK	23006475
8397	FUN_1803eb9f0	1803eb9f0	118	OK	23006895
8398	FUN_1803eba70	1803eba70	118	OK	23007325
8399	thunk_FUN_1803ebb00	1803ebaf0	5	OK	23009672
8400	FUN_1803ebb00	1803ebb00	470	OK	23011939
8401	FUN_1803ebce0	1803ebce0	1880	OK	23017116
8402	FUN_1803ec440	1803ec440	394	OK	23019167
8403	FUN_1803ec5d0	1803ec5d0	229	OK	23020550
8404	FUN_1803ec6c0	1803ec6c0	419	OK	23022968
8405	FUN_1803ec870	1803ec870	304	OK	23024673
8406	FUN_1803ec9a0	1803ec9a0	192	OK	23025621
8407	FUN_1803eca60	1803eca60	304	OK	23027326
8408	FUN_1803ecb90	1803ecb90	518	OK	23029844
8409	FUN_1803ecda0	1803ecda0	1104	OK	23035505
8410	FUN_1803ed1f0	1803ed1f0	304	OK	23037210
8411	FUN_1803ed320	1803ed320	535	OK	23039716
8412	FUN_1803ed540	1803ed540	192	OK	23040664
8413	FUN_1803ed600	1803ed600	217	OK	23041658
8414	FUN_1803ed6e0	1803ed6e0	484	OK	23044174
8415	FUN_1803ed8d0	1803ed8d0	288	OK	23045681
8416	FUN_1803ed9f0	1803ed9f0	670	OK	23049524
8417	FUN_1803edd00	1803edd00	294	OK	23050898
8418	FUN_1803ede30	1803ede30	57	OK	23051240
8419	FUN_1803ede70	1803ede70	563	OK	23053927
8420	FUN_1803ee0b0	1803ee0b0	27	OK	23054319
8421	FUN_1803ee0d0	1803ee0d0	27	OK	23054711
8422	FUN_1803ee0f0	1803ee0f0	27	OK	23055103
8423	FUN_1803ee110	1803ee110	52	OK	23055363
8424	FUN_1803ee150	1803ee150	745	OK	23057657
8425	FUN_1803ee440	1803ee440	77	OK	23058074
8426	FUN_1803ee490	1803ee490	121	OK	23058972
8427	FUN_1803ee510	1803ee510	815	OK	23064235
8428	FUN_1803ee840	1803ee840	293	OK	23065858
8429	FUN_1803ee970	1803ee970	799	OK	23069946
8430	FUN_1803eec90	1803eec90	1805	OK	23080193
8431	FUN_1803ef3a0	1803ef3a0	18	OK	23080417
8432	FUN_1803ef3c0	1803ef3c0	11	OK	23080589
8433	FUN_1803ef3d0	1803ef3d0	43	OK	23080866
8434	FUN_1803ef400	1803ef400	5	OK	23081062
8435	FUN_1803ef410	1803ef410	770	OK	23084464
8436	FUN_1803ef720	1803ef720	133	OK	23085266
8437	FUN_1803ef7b0	1803ef7b0	267	OK	23087290
8438	FUN_1803ef8c0	1803ef8c0	80	OK	23087858
8439	FUN_1803ef930	1803ef930	25	OK	23088067
8440	FUN_1803ef950	1803ef950	183	OK	23089253
8441	FUN_1803efa10	1803efa10	213	OK	23090260
8442	FUN_1803efaf0	1803efaf0	367	OK	23092495
8443	FUN_1803efc60	1803efc60	269	OK	23093995
8444	FUN_1803efd70	1803efd70	121	OK	23094483
8445	FUN_1803efdf0	1803efdf0	632	OK	23098332
8446	FUN_1803f0070	1803f0070	527	OK	23100611
8447	FUN_1803f0290	1803f0290	467	OK	23102372
8448	FUN_1803f0470	1803f0470	495	OK	23105201
8449	FUN_1803f0670	1803f0670	220	OK	23107892
8450	FUN_1803f0750	1803f0750	202	OK	23110366
8451	FUN_1803f0820	1803f0820	274	OK	23111806
8452	FUN_1803f0940	1803f0940	186	OK	23112655
8453	FUN_1803f0a00	1803f0a00	112	OK	23113499
8454	FUN_1803f0a70	1803f0a70	142	OK	23114246
8455	FUN_1803f0b00	1803f0b00	173	OK	23115074
8456	FUN_1803f0bb0	1803f0bb0	105	OK	23115763
8457	FUN_1803f0c20	1803f0c20	168	OK	23117035
8458	FUN_1803f0cd0	1803f0cd0	115	OK	23117547
8459	FUN_1803f0d50	1803f0d50	142	OK	23118153
8460	FUN_1803f0de0	1803f0de0	94	OK	23118922
8461	FUN_1803f0e40	1803f0e40	32	OK	23119187
8462	FUN_1803f0e60	1803f0e60	164	OK	23120008
8463	FUN_1803f0f10	1803f0f10	323	OK	23121829
8464	FUN_1803f1060	1803f1060	207	OK	23123041
8465	FUN_1803f1130	1803f1130	216	OK	23124216
8466	FUN_1803f1210	1803f1210	167	OK	23125227
8467	FUN_1803f12c0	1803f12c0	216	OK	23126405
8468	FUN_1803f13a0	1803f13a0	303	OK	23128197
8469	FUN_1803f14d0	1803f14d0	318	OK	23129852
8470	FUN_1803f1610	1803f1610	329	OK	23131597
8471	FUN_1803f1760	1803f1760	329	OK	23133332
8472	FUN_1803f18b0	1803f18b0	383	OK	23135493
8473	FUN_1803f1a30	1803f1a30	457	OK	23138406
8474	FUN_1803f1c00	1803f1c00	454	OK	23141101
8475	FUN_1803f1dd0	1803f1dd0	169	OK	23142510
8476	FUN_1803f1e80	1803f1e80	114	OK	23143423
8477	FUN_1803f1f00	1803f1f00	135	OK	23144213
8478	thunk_FUN_18008f340	1803f1f90	5	OK	23144686
8479	FUN_1803f1fa0	1803f1fa0	32	OK	23144969
8480	FUN_1803f1fc0	1803f1fc0	176	OK	23145980
8481	FUN_1803f2070	1803f2070	113	OK	23146752
8482	FUN_1803f20f0	1803f20f0	176	OK	23147573
8483	FUN_1803f21b0	1803f21b0	109	OK	23148376
8484	FUN_1803f2220	1803f2220	269	OK	23149297
8485	FUN_1803f2330	1803f2330	131	OK	23149769
8486	FUN_1803f23c0	1803f23c0	87	OK	23150158
8487	FUN_1803f2420	1803f2420	38	OK	23150583
8488	FUN_1803f2450	1803f2450	290	OK	23152291
8489	FUN_1803f2580	1803f2580	76	OK	23152889
8490	FUN_1803f25d0	1803f25d0	311	OK	23154718
8491	FUN_1803f2710	1803f2710	290	OK	23156426
8492	FUN_1803f2840	1803f2840	305	OK	23158230
8493	FUN_1803f2980	1803f2980	88	OK	23158845
8494	FUN_1803f29e0	1803f29e0	9	OK	23159035
8495	FUN_1803f29f0	1803f29f0	393	OK	23161107
8496	FUN_1803f2b80	1803f2b80	290	OK	23162817
8497	FUN_1803f2cb0	1803f2cb0	80	OK	23163508
8498	FUN_1803f2d00	1803f2d00	275	OK	23165154
8499	FUN_1803f2e20	1803f2e20	296	OK	23166887
8500	FUN_1803f2f50	1803f2f50	80	OK	23167578
8501	FUN_1803f2fa0	1803f2fa0	276	OK	23169261
8502	FUN_1803f30c0	1803f30c0	296	OK	23170994
8503	FUN_1803f31f0	1803f31f0	275	OK	23172638
8504	FUN_1803f3310	1803f3310	281	OK	23174347
8505	FUN_1803f3430	1803f3430	275	OK	23175991
8506	FUN_1803f3550	1803f3550	75	OK	23176616
8507	FUN_1803f35a0	1803f35a0	286	OK	23178324
8508	FUN_1803f36c0	1803f36c0	76	OK	23178925
8509	FUN_1803f3710	1803f3710	316	OK	23180757
8510	FUN_1803f3850	1803f3850	281	OK	23182467
8511	FUN_1803f3970	1803f3970	275	OK	23184113
8512	FUN_1803f3a90	1803f3a90	177	OK	23185120
8513	FUN_1803f3b50	1803f3b50	177	OK	23186127
8514	FUN_1803f3c10	1803f3c10	177	OK	23187136
8515	FUN_1803f3cd0	1803f3cd0	177	OK	23188145
8516	FUN_1803f3d90	1803f3d90	18	OK	23188377
8517	FUN_1803f3db0	1803f3db0	155	OK	23189546
8518	FUN_1803f3e50	1803f3e50	70	OK	23190175
8519	FUN_1803f3ea0	1803f3ea0	87	OK	23190514
8520	FUN_1803f3f00	1803f3f00	213	OK	23191750
8521	FUN_1803f3fe0	1803f3fe0	99	OK	23192668
8522	FUN_1803f4050	1803f4050	280	OK	23194123
8523	FUN_1803f4170	1803f4170	18	OK	23194464
8524	FUN_1803f4190	1803f4190	25	OK	23194640
8525	thunk_FUN_1803f4550	1803f41b0	5	OK	23195335
8526	FUN_1803f41c0	1803f41c0	185	OK	23196695
8527	FUN_1803f4280	1803f4280	149	OK	23197637
8528	FUN_1803f4320	1803f4320	396	OK	23200298
8529	FUN_1803f44b0	1803f44b0	151	OK	23201430
8530	FUN_1803f4550	1803f4550	125	OK	23202115
8531	FUN_1803f45d0	1803f45d0	101	OK	23202895
8532	FUN_1803f4640	1803f4640	14	OK	23203102
8533	FUN_1803f4650	1803f4650	8	OK	23203302
8534	FUN_1803f4660	1803f4660	28	OK	23203731
8535	FUN_1803f4680	1803f4680	23	OK	23204121
8536	FUN_1803f46a0	1803f46a0	24	OK	23204518
8537	FUN_1803f46c0	1803f46c0	18	OK	23204745
8538	FUN_1803f46e0	1803f46e0	66	OK	23205071
8539	FUN_1803f4730	1803f4730	414	OK	23207273
8540	FUN_1803f48d0	1803f48d0	20	OK	23207477
8541	FUN_1803f48f0	1803f48f0	189	OK	23208709
8542	FUN_1803f49b0	1803f49b0	24	OK	23208919
8543	FUN_1803f49d0	1803f49d0	30	OK	23209156
8544	FUN_1803f49f0	1803f49f0	103	OK	23209726
8545	FUN_1803f4a60	1803f4a60	52	OK	23209987
8546	FUN_1803f4aa0	1803f4aa0	168	OK	23211049
8547	FUN_1803f4b50	1803f4b50	340	OK	23213168
8548	FUN_1803f4cb0	1803f4cb0	164	OK	23213795
8549	FUN_1803f4d60	1803f4d60	190	OK	23214826
8550	FUN_1803f4e20	1803f4e20	190	OK	23215857
8551	FUN_1803f4ee0	1803f4ee0	121	OK	23216378
8552	FUN_1803f4f60	1803f4f60	448	OK	23218938
8553	FUN_1803f5120	1803f5120	242	OK	23220571
8554	FUN_1803f5220	1803f5220	432	OK	23222932
8555	FUN_1803f53d0	1803f53d0	168	OK	23224042
8556	FUN_1803f5480	1803f5480	1775	OK	23232517
8557	FUN_1803f5b70	1803f5b70	82	OK	23233024
8558	FUN_1803f5bd0	1803f5bd0	102	OK	23233641
8559	FUN_1803f5c40	1803f5c40	300	OK	23234959
8560	FUN_1803f5d70	1803f5d70	137	OK	23235702
8561	FUN_1803f5e00	1803f5e00	124	OK	23236331
8562	FUN_1803f5e80	1803f5e80	967	OK	23240223
8563	FUN_1803f6250	1803f6250	309	OK	23241992
8564	FUN_1803f6390	1803f6390	180	OK	23242900
8565	FUN_1803f6450	1803f6450	280	OK	23244281
8566	FUN_1803f6570	1803f6570	442	OK	23246411
8567	FUN_1803f6730	1803f6730	353	OK	23248374
8568	FUN_1803f68a0	1803f68a0	135	OK	23249295
8569	FUN_1803f6930	1803f6930	331	OK	23251030
8570	FUN_1803f6a80	1803f6a80	292	OK	23252322
8571	FUN_1803f6bb0	1803f6bb0	292	OK	23253614
8572	FUN_1803f6ce0	1803f6ce0	292	OK	23254906
8573	FUN_1803f6e10	1803f6e10	317	OK	23256264
8574	FUN_1803f6f50	1803f6f50	197	OK	23257263
8575	FUN_1803f7020	1803f7020	155	OK	23258262
8576	FUN_1803f70c0	1803f70c0	112	OK	23258847
8577	FUN_1803f7130	1803f7130	926	OK	23264172
8578	FUN_1803f74d0	1803f74d0	1242	OK	23270678
8579	FUN_1803f79b0	1803f79b0	655	OK	23274000
8580	FUN_1803f7c40	1803f7c40	383	OK	23275646
8581	FUN_1803f7dc0	1803f7dc0	45	OK	23275953
8582	FUN_1803f7df0	1803f7df0	1454	OK	23284539
8583	FUN_1803f83a0	1803f83a0	844	OK	23290067
8584	FUN_1803f86f0	1803f86f0	90	OK	23290678
8585	FUN_1803f8750	1803f8750	95	OK	23291268
8586	FUN_1803f87b0	1803f87b0	134	OK	23291925
8587	FUN_1803f8840	1803f8840	201	OK	23292879
8588	FUN_1803f8910	1803f8910	293	OK	23294492
8589	FUN_1803f8a40	1803f8a40	1006	OK	23300949
8590	FUN_1803f8e30	1803f8e30	722	OK	23305566
8591	FUN_1803f9110	1803f9110	249	OK	23306929
8592	FUN_1803f9210	1803f9210	231	OK	23307805
8593	FUN_1803f9300	1803f9300	248	OK	23309235
8594	FUN_1803f9400	1803f9400	987	OK	23315236
8595	FUN_1803f97e0	1803f97e0	1505	OK	23325689
8596	FUN_1803f9dd0	1803f9dd0	416	OK	23328157
8597	FUN_1803f9f70	1803f9f70	329	OK	23330214
8598	FUN_1803fa0c0	1803fa0c0	186	OK	23331077
8599	FUN_1803fa180	1803fa180	203	OK	23331993
8600	FUN_1803fa250	1803fa250	285	OK	23333763
8601	FUN_1803fa370	1803fa370	126	OK	23334341
8602	FUN_1803fa3f0	1803fa3f0	217	OK	23335539
8603	FUN_1803fa4d0	1803fa4d0	738	OK	23339686
8604	FUN_1803fa7c0	1803fa7c0	159	OK	23340434
8605	FUN_1803fa860	1803fa860	1687	OK	23350949
8606	FUN_1803faf00	1803faf00	758	OK	23354496
8607	FUN_1803fb210	1803fb210	4067	OK	23366935
8608	FUN_1803fc200	1803fc200	4518	OK	23380106
8609	FUN_1803fd3e0	1803fd3e0	6283	OK	23397706
8610	FUN_1803fec70	1803fec70	1726	OK	23403872
8611	FUN_1803ff330	1803ff330	628	OK	23406559
8612	FUN_1803ff5b0	1803ff5b0	130	OK	23407194
8613	FUN_1803ff640	1803ff640	511	OK	23409476
8614	FUN_1803ff840	1803ff840	114	OK	23410131
8615	FUN_1803ff8c0	1803ff8c0	118	OK	23410711
8616	FUN_1803ff940	1803ff940	146	OK	23411521
8617	FUN_1803ff9e0	1803ff9e0	105	OK	23412092
8618	FUN_1803ffa50	1803ffa50	125	OK	23412746
8619	FUN_1803ffad0	1803ffad0	125	OK	23413433
8620	FUN_1803ffb50	1803ffb50	122	OK	23414112
8621	FUN_1803ffbd0	1803ffbd0	51	OK	23414483
8622	FUN_1803ffc10	1803ffc10	1571	OK	23421841
8623	FUN_180400280	180400280	37	OK	23422075
8624	FUN_1804002b0	1804002b0	213	OK	23423198
8625	FUN_180400390	180400390	89	OK	23423753
8626	FUN_1804003f0	1804003f0	8721	OK	23509700
8627	FUN_180402610	180402610	3100	OK	23521501
8628	FUN_180403460	180403460	2096	OK	23534711
8629	FUN_180403ce0	180403ce0	22	OK	23534980
8630	FUN_180403d00	180403d00	136	OK	23535733
8631	FUN_180403d90	180403d90	491	OK	23538979
8632	FUN_180403f80	180403f80	414	OK	23542064
8633	FUN_180404130	180404130	124	OK	23542255
8634	FUN_1804041b0	1804041b0	1743	OK	23553877
8635	FUN_180404880	180404880	784	OK	23557866
8636	FUN_180404ba0	180404ba0	167	OK	23558741
8637	FUN_180404c50	180404c50	199	OK	23559628
8638	FUN_180404d20	180404d20	231	OK	23560787
8639	FUN_180404e10	180404e10	401	OK	23563584
8640	FUN_180404fb0	180404fb0	354	OK	23565765
8641	FUN_180405120	180405120	71	OK	23566193
8642	FUN_180405170	180405170	193	OK	23567327
8643	FUN_180405240	180405240	427	OK	23569827
8644	FUN_1804053f0	1804053f0	24	OK	23570200
8645	FUN_180405410	180405410	127	OK	23570757
8646	FUN_180405490	180405490	546	OK	23573763
8647	FUN_1804056c0	1804056c0	315	OK	23575332
8648	FUN_180405800	180405800	116	OK	23576261
8649	FUN_180405880	180405880	139	OK	23577223
8650	FUN_180405910	180405910	503	OK	23580328
8651	FUN_180405b10	180405b10	253	OK	23581750
8652	FUN_180405c10	180405c10	1240	OK	23588875
8653	FUN_1804060f0	1804060f0	1151	OK	23596697
8654	FUN_180406570	180406570	10	OK	23596867
8655	FUN_180406580	180406580	30	OK	23597150
8656	FUN_1804065a0	1804065a0	59	OK	23597468
8657	FUN_1804065e0	1804065e0	439	OK	23600247
8658	FUN_1804067a0	1804067a0	23	OK	23600565
8659	FUN_1804067c0	1804067c0	1918	OK	23612153
8660	FUN_180406f60	180406f60	21	OK	23612403
8661	FUN_180406f80	180406f80	22	OK	23612647
8662	FUN_180406fa0	180406fa0	12	OK	23612827
8663	FUN_180406fb0	180406fb0	17	OK	23613093
8664	FUN_180406fd0	180406fd0	224	OK	23614249
8665	FUN_1804070b0	1804070b0	149	OK	23614940
8666	FUN_180407150	180407150	22	OK	23615156
8667	FUN_180407170	180407170	77	OK	23615895
8668	FUN_1804071c0	1804071c0	17	OK	23616174
8669	FUN_1804071e0	1804071e0	574	OK	23619939
8670	FUN_180407420	180407420	54	OK	23620529
8671	thunk_FUN_180407470	180407460	5	OK	23623120
8672	FUN_180407470	180407470	547	OK	23625701
8673	FUN_1804076d0	1804076d0	599	OK	23629368
8674	FUN_180407930	180407930	24	OK	23629580
8675	FUN_180407950	180407950	298	OK	23631256
8676	FUN_180407a80	180407a80	44	OK	23631655
8677	FUN_180407ab0	180407ab0	27	OK	23631914
8678	FUN_180407ad0	180407ad0	11	OK	23632134
8679	FUN_180407ae0	180407ae0	331	OK	23633797
8680	FUN_180407c30	180407c30	177	OK	23635052
8681	FUN_180407cf0	180407cf0	118	OK	23635669
8682	FUN_180407d70	180407d70	10	OK	23635872
8683	FUN_180407d80	180407d80	84	OK	23666952
8684	FUN_180407e60	180407e60	3425	OK	23689497
8685	FUN_180408bd0	180408bd0	12	OK	23689677
8686	FUN_180408be0	180408be0	14	OK	23689983
8687	FUN_180408bf0	180408bf0	22	OK	23690203
8688	FUN_180408c10	180408c10	11	OK	23690369
8689	FUN_180408c20	180408c20	517	OK	23693687
8690	FUN_180408e30	180408e30	21	OK	23693941
8691	FUN_180408e50	180408e50	864	OK	23699881
8692	FUN_1804091b0	1804091b0	5	OK	23700080
8693	FUN_1804091c0	1804091c0	15	OK	23700271
8694	FUN_1804091d0	1804091d0	243	OK	23702156
8695	FUN_1804092d0	1804092d0	11	OK	23702328
8696	FUN_1804092e0	1804092e0	327	OK	23704308
8697	FUN_180409430	180409430	809	OK	23709349
8698	FUN_180409790	180409790	528	OK	23712662
8699	FUN_1804099a0	1804099a0	630	OK	23716612
8700	FUN_180409c20	180409c20	214	OK	23717923
8701	FUN_180409d00	180409d00	141	OK	23718632
8702	FUN_180409d90	180409d90	566	OK	23723182
8703	FUN_180409fd0	180409fd0	134	OK	23723954
8704	FUN_18040a060	18040a060	1710	OK	23732368
8705	FUN_18040a710	18040a710	46	OK	23732646
8706	FUN_18040a740	18040a740	205	OK	23734188
8707	FUN_18040a810	18040a810	257	OK	23735844
8708	FUN_18040a920	18040a920	398	OK	23737956
8709	FUN_18040aab0	18040aab0	8	OK	23738131
8710	FUN_18040aac0	18040aac0	8	OK	23738306
8711	FUN_18040aad0	18040aad0	8	OK	23738481
8712	FUN_18040aae0	18040aae0	449	OK	23741366
8713	FUN_18040acb0	18040acb0	8	OK	23741541
8714	FUN_18040acc0	18040acc0	269	OK	23743448
8715	FUN_18040add0	18040add0	273	OK	23745038
8716	FUN_18040aef0	18040aef0	30	OK	23745431
8717	FUN_18040af10	18040af10	8	OK	23745596
8718	FUN_18040af20	18040af20	8	OK	23745761
8719	FUN_18040af30	18040af30	30	OK	23746154
8720	FUN_18040af50	18040af50	8	OK	23746319
8721	FUN_18040af60	18040af60	236	OK	23747469
8722	FUN_18040b050	18040b050	109	OK	23748060
8723	FUN_18040b0c0	18040b0c0	14	OK	23748282
8724	FUN_18040b0d0	18040b0d0	415	OK	23751584
8725	FUN_18040b270	18040b270	152	OK	23752761
8726	FUN_18040b310	18040b310	505	OK	23756413
8727	FUN_18040b510	18040b510	11	OK	23756590
8728	FUN_18040b520	18040b520	27	OK	23756882
8729	FUN_18040b540	18040b540	590	OK	23759407
8730	FUN_18040b790	18040b790	106	OK	23759943
8731	FUN_18040b800	18040b800	657	OK	23762661
8732	FUN_18040baa0	18040baa0	85	OK	23763205
8733	FUN_18040bb00	18040bb00	109	OK	23763779
8734	FUN_18040bb70	18040bb70	61	OK	23764276
8735	FUN_18040bbb0	18040bbb0	244	OK	23765297
8736	FUN_18040bcb0	18040bcb0	40	OK	23767565
8737	FUN_18040bce0	18040bce0	40	OK	23769833
8738	FUN_18040bd10	18040bd10	40	OK	23772095
8739	FUN_18040bd40	18040bd40	212	OK	23773250
8740	FUN_18040be20	18040be20	220	OK	23774436
8741	FUN_18040bf00	18040bf00	220	OK	23775622
8742	FUN_18040bfe0	18040bfe0	243	OK	23777062
8743	FUN_18040c0e0	18040c0e0	544	OK	23780831
8744	FUN_18040c300	18040c300	495	OK	23783296
8745	FUN_18040c4f0	18040c4f0	188	OK	23784587
8746	FUN_18040c5b0	18040c5b0	8	OK	23784742
8747	FUN_18040c5c0	18040c5c0	103	OK	23785728
8748	FUN_18040c630	18040c630	131	OK	23786804
8749	FUN_18040c6c0	18040c6c0	98	OK	23787309
8750	FUN_18040c730	18040c730	30	OK	23787702
8751	FUN_18040c750	18040c750	8	OK	23787867
8752	FUN_18040c760	18040c760	278	OK	23789332
8753	FUN_18040c880	18040c880	219	OK	23790676
8754	FUN_18040c960	18040c960	682	OK	23794807
8755	FUN_18040cc10	18040cc10	383	OK	23797160
8756	FUN_18040cd90	18040cd90	94	OK	23798020
8757	FUN_18040cdf0	18040cdf0	8	OK	23798185
8758	FUN_18040ce00	18040ce00	329	OK	23800295
8759	FUN_18040cf50	18040cf50	46	OK	23800757
8760	FUN_18040cf80	18040cf80	368	OK	23802952
8761	FUN_18040d0f0	18040d0f0	386	OK	23805170
8762	FUN_18040d280	18040d280	73	OK	23805562
8763	FUN_18040d2d0	18040d2d0	91	OK	23806215
8764	FUN_18040d330	18040d330	329	OK	23807933
8765	FUN_18040d480	18040d480	88	OK	23808504
8766	FUN_18040d4e0	18040d4e0	51	OK	23809030
8767	FUN_18040d520	18040d520	122	OK	23809958
8768	FUN_18040d5a0	18040d5a0	136	OK	23810960
8769	FUN_18040d630	18040d630	55	OK	23811270
8770	FUN_18040d670	18040d670	103	OK	23811722
8771	FUN_18040d6e0	18040d6e0	55	OK	23812032
8772	FUN_18040d720	18040d720	86	OK	23812494
8773	FUN_18040d780	18040d780	86	OK	23812956
8774	FUN_18040d7e0	18040d7e0	86	OK	23813418
8775	FUN_18040d840	18040d840	86	OK	23813877
8776	FUN_18040d8a0	18040d8a0	34	OK	23814274
8777	FUN_18040d8d0	18040d8d0	41	OK	23814633
8778	FUN_18040d900	18040d900	271	OK	23816165
8779	FUN_18040da10	18040da10	271	OK	23817688
8780	FUN_18040db20	18040db20	20	OK	23817892
8781	FUN_18040db40	18040db40	12	OK	23818061
8782	FUN_18040db50	18040db50	483	OK	23820799
8783	FUN_18040dd40	18040dd40	24	OK	23821009
8784	FUN_18040dd60	18040dd60	30	OK	23821246
8785	FUN_18040dd80	18040dd80	29	OK	23821520
8786	FUN_18040dda0	18040dda0	52	OK	23821781
8787	FUN_18040dde0	18040dde0	14	OK	23821988
8788	FUN_18040ddf0	18040ddf0	8	OK	23822188
8789	FUN_18040de00	18040de00	14	OK	23822395
8790	FUN_18040de10	18040de10	8	OK	23822595
8791	FUN_18040de20	18040de20	14	OK	23822802
8792	FUN_18040de30	18040de30	8	OK	23823002
8793	FUN_18040de40	18040de40	202	OK	23824228
8794	FUN_18040df10	18040df10	148	OK	23825186
8795	FUN_18040dfb0	18040dfb0	29	OK	23825509
8796	FUN_18040dfd0	18040dfd0	152	OK	23826306
8797	FUN_18040e070	18040e070	811	OK	23830677
8798	FUN_18040e3a0	18040e3a0	93	OK	23831055
8799	FUN_18040e400	18040e400	151	OK	23831914
8800	FUN_18040e4a0	18040e4a0	183	OK	23832608
8801	FUN_18040e560	18040e560	452	OK	23834512
8802	FUN_18040e730	18040e730	335	OK	23836026
8803	FUN_18040e880	18040e880	127	OK	23836717
8804	FUN_18040e900	18040e900	299	OK	23838415
8805	FUN_18040ea30	18040ea30	100	OK	23838889
8806	FUN_18040eaa0	18040eaa0	61	OK	23839189
8807	FUN_18040eae0	18040eae0	168	OK	23839875
8808	FUN_18040eb90	18040eb90	463	OK	23841791
8809	FUN_18040ed60	18040ed60	61	OK	23842091
8810	FUN_18040eda0	18040eda0	280	OK	23843467
8811	FUN_18040eec0	18040eec0	70	OK	23844033
8812	FUN_18040ef10	18040ef10	1101	OK	23849759
8813	FUN_18040f360	18040f360	9	OK	23849928
8814	FUN_18040f370	18040f370	12	OK	23850099
8815	FUN_18040f380	18040f380	9	OK	23850268
8816	FUN_18040f390	18040f390	12	OK	23850439
8817	FUN_18040f3a0	18040f3a0	9	OK	23850608
8818	FUN_18040f3b0	18040f3b0	64	OK	23850905
8819	FUN_18040f3f0	18040f3f0	94	OK	23851305
8820	FUN_18040f450	18040f450	76	OK	23851636
8821	FUN_18040f4a0	18040f4a0	180	OK	23852301
8822	FUN_18040f560	18040f560	9	OK	23852470
8823	FUN_18040f570	18040f570	52	OK	23852731
8824	FUN_18040f5b0	18040f5b0	94	OK	23853131
8825	FUN_18040f610	18040f610	43	OK	23853405
8826	FUN_18040f640	18040f640	76	OK	23853736
8827	FUN_18040f690	18040f690	34	OK	23853974
8828	FUN_18040f6c0	18040f6c0	451	OK	23856108
8829	FUN_18040f890	18040f890	12	OK	23856320
8830	FUN_18040f8a0	18040f8a0	41	OK	23856623
8831	FUN_18040f8d0	18040f8d0	265	OK	23857775
8832	FUN_18040f9e0	18040f9e0	626	OK	23862012
8833	FUN_18040fc60	18040fc60	16	OK	23862201
8834	FUN_18040fc70	18040fc70	981	OK	23866766
8835	FUN_180410050	180410050	1282	OK	23875217
8836	FUN_180410560	180410560	351	OK	23876891
8837	FUN_1804106c0	1804106c0	28	OK	23877182
8838	FUN_1804106e0	1804106e0	385	OK	23878953
8839	FUN_180410870	180410870	132	OK	23879521
8840	FUN_180410900	180410900	383	OK	23881997
8841	FUN_180410a80	180410a80	658	OK	23885444
8842	FUN_180410d20	180410d20	11	OK	23885654
8843	FUN_180410d30	180410d30	17	OK	23885866
8844	FUN_180410d50	180410d50	104	OK	23886440
8845	FUN_180410dc0	180410dc0	200	OK	23887422
8846	FUN_180410e90	180410e90	105	OK	23888021
8847	FUN_180410f00	180410f00	212	OK	23889097
8848	FUN_180410fe0	180410fe0	680	OK	23894330
8849	FUN_180411290	180411290	449	OK	23897039
8850	FUN_180411460	180411460	563	OK	23900536
8851	FUN_1804116a0	1804116a0	300	OK	23902115
8852	FUN_1804117d0	1804117d0	1504	OK	23911702
8853	FUN_180411dc0	180411dc0	220	OK	23913199
8854	FUN_180411ea0	180411ea0	119	OK	23913827
8855	FUN_180411f20	180411f20	424	OK	23916726
8856	FUN_1804120d0	1804120d0	172	OK	23917614
8857	FUN_180412180	180412180	299	OK	23919106
8858	FUN_1804122b0	1804122b0	299	OK	23920597
8859	FUN_1804123e0	1804123e0	299	OK	23922097
8860	FUN_180412510	180412510	2164	OK	23933732
8861	FUN_180412d90	180412d90	124	OK	23934344
8862	FUN_180412e10	180412e10	369	OK	23936489
8863	FUN_180412f90	180412f90	308	OK	23938398
8864	FUN_1804130d0	1804130d0	965	OK	23943654
8865	FUN_1804134a0	1804134a0	45	OK	23943877
8866	FUN_1804134d0	1804134d0	8	OK	23944020
8867	FUN_1804134e0	1804134e0	577	OK	23947628
8868	FUN_180413730	180413730	9	OK	23947813
8869	FUN_180413740	180413740	12	OK	23947984
8870	FUN_180413750	180413750	132	OK	23948693
8871	FUN_1804137e0	1804137e0	6	OK	23948824
8872	FUN_1804137f0	1804137f0	22	OK	23949057
8873	FUN_180413810	180413810	22	OK	23949288
8874	FUN_180413830	180413830	483	OK	23952002
8875	FUN_180413a20	180413a20	371	OK	23953985
8876	FUN_180413ba0	180413ba0	583	OK	23957717
8877	FUN_180413df0	180413df0	1084	OK	23964294
8878	FUN_180414230	180414230	265	OK	23965846
8879	FUN_180414340	180414340	307	OK	23967692
8880	FUN_180414480	180414480	694	OK	23971211
8881	FUN_180414740	180414740	11	OK	23971353
8882	FUN_180414750	180414750	206	OK	23972296
8883	FUN_180414820	180414820	33	OK	23972563
8884	FUN_180414850	180414850	167	OK	23973584
8885	FUN_180414900	180414900	997	OK	23978904
8886	FUN_180414cf0	180414cf0	198	OK	23979954
8887	FUN_180414dc0	180414dc0	886	OK	23985949
8888	FUN_180415140	180415140	207	OK	23986834
8889	FUN_180415210	180415210	609	OK	23991228
8890	FUN_180415480	180415480	1658	OK	24000732
8891	FUN_180415b00	180415b00	458	OK	24002797
8892	FUN_180415cd0	180415cd0	269	OK	24004576
8893	FUN_180415de0	180415de0	282	OK	24005973
8894	FUN_180415f00	180415f00	1168	OK	24011260
8895	FUN_180416390	180416390	109	OK	24011821
8896	FUN_180416400	180416400	1105	OK	24018621
8897	FUN_180416860	180416860	3146	OK	24041600
8898	FUN_1804174b0	1804174b0	1847	OK	24053311
8899	FUN_180417bf0	180417bf0	374	OK	24055612
8900	FUN_180417d70	180417d70	205	OK	24056856
8901	FUN_180417e40	180417e40	399	OK	24059391
8902	FUN_180417fd0	180417fd0	212	OK	24060619
8903	FUN_1804180b0	1804180b0	120	OK	24061351
8904	FUN_180418130	180418130	203	OK	24062517
8905	FUN_180418200	180418200	259	OK	24064070
8906	FUN_180418310	180418310	271	OK	24065715
8907	FUN_180418420	180418420	115	OK	24066398
8908	FUN_1804184a0	1804184a0	211	OK	24067614
8909	FUN_180418580	180418580	268	OK	24069233
8910	FUN_180418690	180418690	187	OK	24070262
8911	FUN_180418750	180418750	250	OK	24071719
8912	FUN_180418850	180418850	320	OK	24073589
8913	FUN_180418990	180418990	334	OK	24075621
8914	FUN_180418ae0	180418ae0	141	OK	24076372
8915	FUN_180418b70	180418b70	278	OK	24078004
8916	FUN_180418c90	180418c90	93	OK	24078649
8917	FUN_180418cf0	180418cf0	171	OK	24079667
8918	FUN_180418da0	180418da0	94	OK	24080247
8919	FUN_180418e00	180418e00	359	OK	24082400
8920	FUN_180418f70	180418f70	154	OK	24083471
8921	FUN_180419010	180419010	807	OK	24088303
8922	FUN_180419340	180419340	278	OK	24090000
8923	FUN_180419460	180419460	569	OK	24092967
8924	FUN_1804196a0	1804196a0	13	OK	24093183
8925	thunk_FUN_18041a3d0	1804196b0	5	OK	24100301
8926	FUN_1804196c0	1804196c0	58	OK	24100727
8927	FUN_180419700	180419700	34	OK	24101192
8928	FUN_180419730	180419730	435	OK	24103571
8929	FUN_1804198f0	1804198f0	624	OK	24106277
8930	FUN_180419b60	180419b60	400	OK	24107872
8931	FUN_180419cf0	180419cf0	103	OK	24108618
8932	FUN_180419d60	180419d60	21	OK	24108921
8933	FUN_180419d80	180419d80	180	OK	24109842
8934	FUN_180419e40	180419e40	1410	OK	24118778
8935	FUN_18041a3d0	18041a3d0	1058	OK	24125862
8936	FUN_18041a800	18041a800	97	OK	24126444
8937	FUN_18041a870	18041a870	392	OK	24129049
8938	FUN_18041aa00	18041aa00	241	OK	24130452
8939	FUN_18041ab00	18041ab00	116	OK	24131063
8940	FUN_18041ab80	18041ab80	95	OK	24131704
8941	FUN_18041abe0	18041abe0	351	OK	24133603
8942	FUN_18041ad40	18041ad40	81	OK	24134124
8943	FUN_18041ada0	18041ada0	185	OK	24135282
8944	FUN_18041ae60	18041ae60	98	OK	24135914
8945	FUN_18041aed0	18041aed0	57	OK	24136266
8946	FUN_18041af10	18041af10	319	OK	24138125
8947	FUN_18041b050	18041b050	57	OK	24138732
8948	FUN_18041b090	18041b090	141	OK	24139647
8949	FUN_18041b120	18041b120	143	OK	24140436
8950	FUN_18041b1b0	18041b1b0	209	OK	24141725
8951	FUN_18041b290	18041b290	66	OK	24142215
8952	FUN_18041b2e0	18041b2e0	52	OK	24142659
8953	FUN_18041b320	18041b320	554	OK	24146290
8954	FUN_18041b550	18041b550	60	OK	24146609
8955	FUN_18041b590	18041b590	48	OK	24147065
8956	FUN_18041b5c0	18041b5c0	247	OK	24148366
8957	FUN_18041b6c0	18041b6c0	24	OK	24148633
8958	FUN_18041b6e0	18041b6e0	23	OK	24148881
8959	FUN_18041b700	18041b700	57	OK	24149313
8960	FUN_18041b740	18041b740	58	OK	24149818
8961	FUN_18041b780	18041b780	41	OK	24150217
8962	FUN_18041b7b0	18041b7b0	359	OK	24151884
8963	FUN_18041b920	18041b920	264	OK	24153188
8964	FUN_18041ba30	18041ba30	21	OK	24153448
8965	FUN_18041ba50	18041ba50	34	OK	24153878
8966	FUN_18041ba80	18041ba80	48	OK	24154392
8967	FUN_18041bab0	18041bab0	43	OK	24155150
8968	FUN_18041bb30	18041bb30	71	OK	24155666
8969	FUN_18041bb80	18041bb80	25	OK	24156055
8970	FUN_18041bba0	18041bba0	22	OK	24156299
8971	FUN_18041bbc0	18041bbc0	439	OK	24158648
8972	FUN_18041bd80	18041bd80	897	OK	24164775
8973	FUN_18041c110	18041c110	959	OK	24170399
8974	FUN_18041c4d0	18041c4d0	2378	OK	24186207
8975	FUN_18041ce20	18041ce20	1091	OK	24192965
8976	FUN_18041d270	18041d270	392	OK	24195270
8977	FUN_18041d400	18041d400	473	OK	24198218
8978	FUN_18041d5e0	18041d5e0	473	OK	24200711
8979	FUN_18041d7c0	18041d7c0	362	OK	24202835
8980	FUN_18041d930	18041d930	3303	OK	24218661
8981	FUN_18041e620	18041e620	470	OK	24221559
8982	FUN_18041e800	18041e800	233	OK	24222628
8983	FUN_18041e8f0	18041e8f0	1768	OK	24233514
8984	FUN_18041efe0	18041efe0	2221	OK	24245346
8985	FUN_18041f890	18041f890	2242	OK	24259577
8986	FUN_180420160	180420160	828	OK	24264977
8987	FUN_1804204a0	1804204a0	2039	OK	24279495
8988	FUN_180420ca0	180420ca0	377	OK	24281576
8989	FUN_180420e20	180420e20	479	OK	24285014
8990	FUN_180421000	180421000	702	OK	24289077
8991	FUN_1804212c0	1804212c0	1717	OK	24300338
8992	FUN_180421980	180421980	1143	OK	24306247
8993	FUN_180421f00	180421f00	372	OK	24308332
8994	FUN_180422080	180422080	665	OK	24312214
8995	FUN_180422320	180422320	480	OK	24314920
8996	FUN_180422500	180422500	999	OK	24321405
8997	FUN_1804228f0	1804228f0	1066	OK	24328637
8998	FUN_180422d20	180422d20	2084	OK	24342292
8999	FUN_180423550	180423550	669	OK	24347548
9000	FUN_180423810	180423810	344	OK	24349635
9001	FUN_180423970	180423970	3874	OK	24372833
9002	FUN_1804248a0	1804248a0	1730	OK	24383926
9003	FUN_180424f70	180424f70	404	OK	24386285
9004	FUN_180425110	180425110	311	OK	24388144
9005	FUN_180425250	180425250	1027	OK	24394520
9006	FUN_180425660	180425660	331	OK	24396251
9007	FUN_1804257b0	1804257b0	491	OK	24399284
9008	FUN_1804259a0	1804259a0	524	OK	24402162
9009	FUN_180425bb0	180425bb0	887	OK	24407418
9010	FUN_180425f30	180425f30	1865	OK	24419628
9011	FUN_1804266b0	1804266b0	748	OK	24423953
9012	FUN_1804269a0	1804269a0	1804	OK	24435821
9013	FUN_1804270b0	1804270b0	1335	OK	24443298
9014	FUN_1804275f0	1804275f0	664	OK	24446993
9015	FUN_180427890	180427890	217	OK	24448229
9016	FUN_180427970	180427970	570	OK	24451300
9017	FUN_180427bb0	180427bb0	634	OK	24454707
9018	FUN_180427e30	180427e30	583	OK	24458492
9019	FUN_180428080	180428080	544	OK	24461546
9020	FUN_1804282a0	1804282a0	874	OK	24466460
9021	FUN_180428610	180428610	575	OK	24469632
9022	FUN_180428850	180428850	874	OK	24474809
9023	FUN_180428bc0	180428bc0	717	OK	24478853
9024	FUN_180428e90	180428e90	314	OK	24480431
9025	FUN_180428fd0	180428fd0	909	OK	24485608
9026	FUN_180429360	180429360	262	OK	24487003
9027	FUN_180429470	180429470	498	OK	24489744
9028	FUN_180429670	180429670	755	OK	24494032
9029	FUN_180429970	180429970	298	OK	24495718
9030	FUN_180429aa0	180429aa0	1635	OK	24505547
9031	FUN_18042a110	18042a110	568	OK	24509092
9032	FUN_18042a350	18042a350	986	OK	24514972
9033	FUN_18042a730	18042a730	293	OK	24516624
9034	FUN_18042a860	18042a860	567	OK	24519788
9035	FUN_18042aaa0	18042aaa0	2029	OK	24531842
9036	FUN_18042b290	18042b290	1639	OK	24542494
9037	FUN_18042b900	18042b900	323	OK	24544794
9038	FUN_18042ba50	18042ba50	2112	OK	24557460
9039	FUN_18042c290	18042c290	296	OK	24559031
9040	FUN_18042c3c0	18042c3c0	350	OK	24560868
9041	FUN_18042c520	18042c520	374	OK	24563031
9042	FUN_18042c6a0	18042c6a0	374	OK	24565194
9043	FUN_18042c820	18042c820	350	OK	24567037
9044	FUN_18042c980	18042c980	2283	OK	24584083
9045	FUN_18042d270	18042d270	4135	OK	24607485
9046	FUN_18042e300	18042e300	1443	OK	24615645
9047	FUN_18042e8b0	18042e8b0	427	OK	24617986
9048	FUN_18042ea60	18042ea60	769	OK	24622941
9049	FUN_18042ed70	18042ed70	1949	OK	24635591
9050	FUN_18042f510	18042f510	322	OK	24637292
9051	FUN_18042f660	18042f660	474	OK	24640162
9052	FUN_18042f840	18042f840	4587	OK	24664940
9053	FUN_180430a30	180430a30	491	OK	24667669
9054	FUN_180430c20	180430c20	8479	OK	24724184
9055	FUN_180432ed0	180432ed0	53	OK	24724444
9056	FUN_180432f10	180432f10	720	OK	24729295
9057	FUN_1804331e0	1804331e0	871	OK	24734246
9058	FUN_180433550	180433550	1452	OK	24742670
9059	FUN_180433b40	180433b40	449	OK	24745530
9060	FUN_180433d10	180433d10	2004	OK	24757163
9061	FUN_1804344f0	1804344f0	323	OK	24758881
9062	FUN_180434640	180434640	699	OK	24762794
9063	FUN_180434900	180434900	449	OK	24765625
9064	FUN_180434ad0	180434ad0	744	OK	24769667
9065	FUN_180434dc0	180434dc0	641	OK	24773712
9066	FUN_180435050	180435050	907	OK	24779206
9067	FUN_1804353e0	1804353e0	706	OK	24783101
9068	FUN_1804356b0	1804356b0	2324	OK	24797329
9069	FUN_180435fd0	180435fd0	403	OK	24799667
9070	FUN_180436170	180436170	346	OK	24801808
9071	FUN_1804362d0	1804362d0	350	OK	24803649
9072	FUN_180436430	180436430	374	OK	24805812
9073	FUN_1804365b0	1804365b0	283	OK	24807214
9074	FUN_1804366d0	1804366d0	1086	OK	24813591
9075	FUN_180436b10	180436b10	940	OK	24819595
9076	FUN_180436ec0	180436ec0	2413	OK	24837547
9077	FUN_180437830	180437830	590	OK	24841244
9078	FUN_180437a80	180437a80	250	OK	24842590
9079	FUN_180437b80	180437b80	350	OK	24844432
9080	FUN_180437ce0	180437ce0	374	OK	24846595
9081	FUN_180437e60	180437e60	281	OK	24848064
9082	FUN_180437f80	180437f80	207	OK	24849231
9083	FUN_180438050	180438050	883	OK	24854744
9084	FUN_1804383d0	1804383d0	340	OK	24856593
9085	FUN_180438530	180438530	321	OK	24858387
9086	FUN_180438680	180438680	302	OK	24859902
9087	FUN_1804387b0	1804387b0	267	OK	24861403
9088	FUN_1804388c0	1804388c0	297	OK	24863056
9089	FUN_1804389f0	1804389f0	222	OK	24864230
9090	FUN_180438ad0	180438ad0	253	OK	24865889
9091	FUN_180438bd0	180438bd0	81	OK	24866409
9092	FUN_180438c30	180438c30	280	OK	24868031
9093	FUN_180438d50	180438d50	132	OK	24868826
9094	FUN_180438de0	180438de0	53	OK	24869559
9095	FUN_180438e20	180438e20	296	OK	24871253
9096	FUN_180438f50	180438f50	175	OK	24872330
9097	FUN_180439000	180439000	377	OK	24874338
9098	FUN_180439180	180439180	299	OK	24875888
9099	FUN_1804392b0	1804392b0	484	OK	24878606
9100	FUN_180439530	180439530	580	OK	24882278
9101	FUN_180439780	180439780	344	OK	24884179
9102	FUN_1804398e0	1804398e0	264	OK	24885903
9103	FUN_1804399f0	1804399f0	10	OK	24886061
9104	FUN_180439a00	180439a00	10	OK	24886219
9105	FUN_180439a10	180439a10	10	OK	24886377
9106	FUN_180439a20	180439a20	116	OK	24887050
9107	FUN_180439aa0	180439aa0	10	OK	24887208
9108	FUN_180439ab0	180439ab0	10	OK	24887366
9109	FUN_180439ac0	180439ac0	339	OK	24889227
9110	FUN_180439c20	180439c20	350	OK	24891111
9111	FUN_180439d80	180439d80	10	OK	24891269
9112	FUN_180439d90	180439d90	15	OK	24891441
9113	FUN_180439da0	180439da0	10	OK	24891599
9114	FUN_180439db0	180439db0	10	OK	24891757
9115	FUN_180439dc0	180439dc0	10	OK	24891915
9116	FUN_180439dd0	180439dd0	15	OK	24892087
9117	FUN_180439de0	180439de0	10	OK	24892245
9118	thunk_FUN_1804392b0	180439df0	5	OK	24894983
9119	FUN_180439e00	180439e00	10	OK	24895141
9120	FUN_180439e10	180439e10	77	OK	24895612
9121	FUN_180439e60	180439e60	10	OK	24895770
9122	FUN_180439e70	180439e70	40	OK	24896162
9123	FUN_180439ea0	180439ea0	10	OK	24896320
9124	thunk_FUN_180439530	180439eb0	5	OK	24900012
9125	FUN_180439ec0	180439ec0	288	OK	24901246
9126	FUN_18043a030	18043a030	38	OK	24901610
9127	FUN_18043a060	18043a060	10	OK	24901768
9128	FUN_18043a070	18043a070	42	OK	24902124
9129	FUN_18043a0a0	18043a0a0	10	OK	24902282
9130	FUN_18043a0b0	18043a0b0	10	OK	24902440
9131	FUN_18043a0c0	18043a0c0	10	OK	24902598
9132	FUN_18043a0d0	18043a0d0	532	OK	24906117
9133	FUN_18043a2f0	18043a2f0	501	OK	24909437
9134	FUN_18043a4f0	18043a4f0	431	OK	24911832
9135	FUN_18043a6a0	18043a6a0	264	OK	24913068
9136	FUN_18043a7b0	18043a7b0	264	OK	24914270
9137	FUN_18043a8c0	18043a8c0	147	OK	24915604
9138	FUN_18043a960	18043a960	166	OK	24916640
9139	FUN_18043aa10	18043aa10	22	OK	24917083
9140	FUN_18043aa30	18043aa30	24	OK	24917461
9141	FUN_18043aa50	18043aa50	349	OK	24919998
9142	FUN_18043abb0	18043abb0	72	OK	24920503
9143	FUN_18043ac00	18043ac00	18	OK	24920743
9144	FUN_18043ac20	18043ac20	24	OK	24921123
9145	FUN_18043ac40	18043ac40	22	OK	24921494
9146	FUN_18043ac60	18043ac60	24	OK	24921872
9147	FUN_18043ac80	18043ac80	22	OK	24922242
9148	FUN_18043aca0	18043aca0	439	OK	24924782
9149	FUN_18043ae60	18043ae60	442	OK	24927240
9150	FUN_18043b020	18043b020	163	OK	24927916
9151	FUN_18043b0d0	18043b0d0	957	OK	24933248
9152	FUN_18043b490	18043b490	180	OK	24934257
9153	FUN_18043b550	18043b550	515	OK	24938363
9154	FUN_18043b760	18043b760	204	OK	24939460
9155	FUN_18043b830	18043b830	275	OK	24941151
9156	FUN_18043b950	18043b950	74	OK	24941548
9157	FUN_18043b9a0	18043b9a0	306	OK	24942951
9158	FUN_18043bae0	18043bae0	99	OK	24943662
9159	FUN_18043bb50	18043bb50	26	OK	24943852
9160	FUN_18043bb70	18043bb70	38	OK	24944119
9161	FUN_18043bba0	18043bba0	414	OK	24947329
9162	FUN_18043bd40	18043bd40	403	OK	24949719
9163	FUN_18043bee0	18043bee0	103	OK	24950306
9164	FUN_18043bf50	18043bf50	125	OK	24951245
9165	FUN_18043bfd0	18043bfd0	237	OK	24952660
9166	FUN_18043c0c0	18043c0c0	144	OK	24953719
9167	FUN_18043c150	18043c150	636	OK	24972996
9168	FUN_18043c3d0	18043c3d0	32	OK	24973269
9169	FUN_18043c3f0	18043c3f0	113	OK	24974000
9170	FUN_18043c470	18043c470	52	OK	24974494
9171	FUN_18043c4b0	18043c4b0	135	OK	24975451
9172	FUN_18043c540	18043c540	136	OK	24976405
9173	FUN_18043c5d0	18043c5d0	125	OK	24977340
9174	FUN_18043c650	18043c650	128	OK	24978241
9175	FUN_18043c6d0	18043c6d0	28	OK	24978553
9176	FUN_18043c6f0	18043c6f0	26	OK	24978743
9177	FUN_18043c710	18043c710	366	OK	24986327
9178	FUN_18043c880	18043c880	622	OK	24990688
9179	FUN_18043caf0	18043caf0	46	OK	24991185
9180	FUN_18043cb20	18043cb20	212	OK	24992250
9181	FUN_18043cc00	18043cc00	4012	OK	25018775
9182	FUN_18043dc80	18043dc80	234	OK	25020075
9183	FUN_18043dd70	18043dd70	434	OK	25022519
9184	FUN_18043df30	18043df30	463	OK	25025783
9185	FUN_18043e100	18043e100	313	OK	25027726
9186	FUN_18043e240	18043e240	35	OK	25028227
9187	FUN_18043e270	18043e270	644	OK	25033356
9188	FUN_18043e500	18043e500	765	OK	25039587
9189	FUN_18043e800	18043e800	717	OK	25045402
9190	FUN_18043ead0	18043ead0	733	OK	25051255
9191	FUN_18043edb0	18043edb0	31	OK	25051718
9192	FUN_18043edd0	18043edd0	87	OK	25052192
9193	FUN_18043ee30	18043ee30	36	OK	25052687
9194	FUN_18043ee60	18043ee60	1074	OK	25060339
9195	FUN_18043f2a0	18043f2a0	180	OK	25061312
9196	FUN_18043f360	18043f360	240	OK	25062995
9197	FUN_18043f450	18043f450	576	OK	25066364
9198	FUN_18043f690	18043f690	628	OK	25069960
9199	FUN_18043f910	18043f910	520	OK	25073661
9200	FUN_18043fb90	18043fb90	55	OK	25073973
9201	FUN_18043fbd0	18043fbd0	234	OK	25075237
9202	FUN_18043fcc0	18043fcc0	730	OK	25078857
9203	FUN_18043ffa0	18043ffa0	7	OK	25079025
9204	FUN_18043ffb0	18043ffb0	74	OK	25079456
9205	FUN_180440000	180440000	29	OK	25079772
9206	FUN_180440020	180440020	1147	OK	25085896
9207	FUN_1804404a0	1804404a0	684	OK	25089548
9208	FUN_180440750	180440750	78	OK	25090052
9209	FUN_1804407a0	1804407a0	142	OK	25091230
9210	FUN_180440830	180440830	194	OK	25092509
9211	FUN_180440900	180440900	96	OK	25093098
9212	FUN_180440960	180440960	70	OK	25093531
9213	FUN_1804409b0	1804409b0	60	OK	25093999
9214	FUN_1804409f0	1804409f0	11	OK	25094192
9215	FUN_180440a00	180440a00	8	OK	25094384
9216	FUN_180440a10	180440a10	166	OK	25095398
9217	FUN_180440ac0	180440ac0	47	OK	25095683
9218	FUN_180440af0	180440af0	634	OK	25099518
9219	FUN_180440d70	180440d70	595	OK	25104055
9220	FUN_180440fd0	180440fd0	1321	OK	25113097
9221	FUN_180441500	180441500	27	OK	25113489
9222	FUN_180441520	180441520	54	OK	25113756
9223	FUN_180441560	180441560	54	OK	25114023
9224	FUN_1804415a0	1804415a0	54	OK	25114290
9225	FUN_1804415e0	1804415e0	671	OK	25118500
9226	FUN_180441880	180441880	45	OK	25118849
9227	FUN_1804418b0	1804418b0	102	OK	25119475
9228	FUN_180441920	180441920	188	OK	25120466
9229	FUN_1804419e0	1804419e0	112	OK	25121262
9230	FUN_180441a50	180441a50	103	OK	25122023
9231	FUN_180441ac0	180441ac0	37	OK	25122392
9232	FUN_180441af0	180441af0	304	OK	25124024
9233	FUN_180441c20	180441c20	78	OK	25124970
9234	FUN_180441c70	180441c70	245	OK	25126563
9235	FUN_180441d70	180441d70	17	OK	25126811
9236	FUN_180441d90	180441d90	11	OK	25126989
9237	FUN_180441da0	180441da0	474	OK	25129279
9238	FUN_180441f80	180441f80	273	OK	25131152
9239	FUN_1804420a0	1804420a0	222	OK	25132353
9240	FUN_180442180	180442180	579	OK	25135052
9241	FUN_1804423d0	1804423d0	390	OK	25137267
9242	FUN_180442560	180442560	600	OK	25139690
9243	FUN_1804427c0	1804427c0	2244	OK	25151365
9244	FUN_180443090	180443090	2259	OK	25163534
9245	FUN_180443970	180443970	239	OK	25165370
9246	FUN_180443a60	180443a60	359	OK	25167804
9247	FUN_180443bd0	180443bd0	382	OK	25170296
9248	FUN_180443d50	180443d50	409	OK	25172781
9249	FUN_180443ef0	180443ef0	56	OK	25173081
9250	FUN_180443f30	180443f30	372	OK	25176361
9251	FUN_1804440b0	1804440b0	199	OK	25177334
9252	FUN_180444180	180444180	297	OK	25178875
9253	FUN_1804442b0	1804442b0	100	OK	25179314
9254	FUN_180444320	180444320	725	OK	25183788
9255	FUN_180444600	180444600	80	OK	25184290
9256	FUN_180444650	180444650	294	OK	25185989
9257	FUN_180444780	180444780	122	OK	25186647
9258	FUN_180444800	180444800	122	OK	25187303
9259	FUN_180444880	180444880	382	OK	25189307
9260	FUN_180444a00	180444a00	382	OK	25191311
9261	FUN_180444b80	180444b80	382	OK	25193315
9262	FUN_180444d00	180444d00	2064	OK	25206710
9263	FUN_180445560	180445560	425	OK	25209960
9264	FUN_180445740	180445740	865	OK	25215318
9265	FUN_180445af0	180445af0	215	OK	25216614
9266	FUN_180445bd0	180445bd0	356	OK	25218942
9267	FUN_180445d40	180445d40	359	OK	25221285
9268	FUN_180445eb0	180445eb0	388	OK	25223607
9269	FUN_180446040	180446040	226	OK	25225388
9270	FUN_180446130	180446130	61	OK	25225785
9271	FUN_180446170	180446170	64	OK	25226184
9272	FUN_1804461b0	1804461b0	65	OK	25226584
9273	FUN_180446200	180446200	65	OK	25226984
9274	FUN_180446250	180446250	256	OK	25229016
9275	FUN_180446350	180446350	240	OK	25230839
9276	FUN_180446440	180446440	437	OK	25233335
9277	FUN_180446600	180446600	83	OK	25233810
9278	caseD_80446660	180446660	334	OK	25235451
9279	FUN_1804467b0	1804467b0	250	OK	25236514
9280	FUN_1804468b0	1804468b0	108	OK	25237099
9281	FUN_180446920	180446920	83	OK	25237574
9282	FUN_180446980	180446980	97	OK	25238192
9283	FUN_1804469f0	1804469f0	388	OK	25240515
9284	FUN_180446b80	180446b80	409	OK	25242933
9285	FUN_180446d20	180446d20	164	OK	25243697
9286	FUN_180446dd0	180446dd0	255	OK	25245547
9287	FUN_180446ed0	180446ed0	388	OK	25247868
9288	FUN_180447060	180447060	38	OK	25248093
9289	FUN_180447090	180447090	48	OK	25248350
9290	FUN_1804470c0	1804470c0	209	OK	25249318
9291	FUN_1804471a0	1804471a0	533	OK	25253181
9292	FUN_1804473c0	1804473c0	144	OK	25254265
9293	FUN_180447450	180447450	505	OK	25256858
9294	FUN_180447650	180447650	394	OK	25258914
9295	FUN_180447800	180447800	36	OK	25259114
9296	FUN_180447830	180447830	150	OK	25261359
9297	FUN_180447960	180447960	29	OK	25261689
9298	FUN_180447980	180447980	663	OK	25269373
9299	FUN_180447ae0	180447ae0	5	OK	25271912
9300	FUN_180447c30	180447c30	223	OK	25273028
9301	FUN_180447d10	180447d10	187	OK	25274045
9302	FUN_180447dd0	180447dd0	711	OK	25277397
9303	FUN_1804480a0	1804480a0	105	OK	25278106
9304	FUN_180448110	180448110	106	OK	25278827
9305	FUN_180448180	180448180	31	OK	25279201
9306	FUN_1804481a0	1804481a0	65	OK	25279785
9307	FUN_1804481f0	1804481f0	253	OK	25281655
9308	FUN_1804482f0	1804482f0	229	OK	25283757
9309	FUN_1804483e0	1804483e0	36	OK	25283956
9310	FUN_180448410	180448410	300	OK	25286310
9311	FUN_180448540	180448540	36	OK	25286510
9312	FUN_180448570	180448570	36	OK	25286710
9313	FUN_1804485a0	1804485a0	208	OK	25287725
9314	FUN_180448670	180448670	66	OK	25288111
9315	FUN_1804486c0	1804486c0	70	OK	25288497
9316	FUN_180448710	180448710	70	OK	25288883
9317	FUN_180448760	180448760	56	OK	25289257
9318	FUN_1804487a0	1804487a0	57	OK	25289632
9319	FUN_1804487e0	1804487e0	57	OK	25290007
9320	FUN_180448820	180448820	96	OK	25290438
9321	FUN_180448880	180448880	20	OK	25290661
9322	FUN_1804488a0	1804488a0	20	OK	25290884
9323	FUN_1804488c0	1804488c0	20	OK	25291107
9324	FUN_1804488e0	1804488e0	20	OK	25291330
9325	FUN_180448900	180448900	36	OK	25291530
9326	FUN_180448930	180448930	36	OK	25291730
9327	FUN_180448960	180448960	129	OK	25292414
9328	FUN_1804489f0	1804489f0	205	OK	25293427
9329	FUN_180448ac0	180448ac0	220	OK	25294402
9330	FUN_180448ba0	180448ba0	1149	OK	25301793
9331	FUN_180449020	180449020	312	OK	25303533
9332	FUN_180449160	180449160	307	OK	25305372
9333	FUN_1804492a0	1804492a0	548	OK	25308159
9334	FUN_1804494d0	1804494d0	194	OK	25309806
9335	FUN_1804495a0	1804495a0	300	OK	25312160
9336	FUN_1804496d0	1804496d0	264	OK	25313851
9337	FUN_1804497e0	1804497e0	547	OK	25316807
9338	FUN_180449a10	180449a10	241	OK	25318400
9339	FUN_180449b10	180449b10	56	OK	25318917
9340	FUN_180449b50	180449b50	361	OK	25320633
9341	FUN_180449cc0	180449cc0	270	OK	25322618
9342	FUN_180449dd0	180449dd0	225	OK	25324701
9343	FUN_180449ec0	180449ec0	20	OK	25324924
9344	FUN_180449ee0	180449ee0	105	OK	25325399
9345	FUN_180449f50	180449f50	171	OK	25326242
9346	FUN_18044a000	18044a000	38	OK	25326467
9347	FUN_18044a030	18044a030	48	OK	25326725
9348	FUN_18044a060	18044a060	525	OK	25329097
9349	FUN_18044a270	18044a270	119	OK	25329604
9350	FUN_18044a2f0	18044a2f0	358	OK	25331288
9351	FUN_18044a460	18044a460	50	OK	25331526
9352	FUN_18044a4a0	18044a4a0	698	OK	25336288
9353	FUN_18044a760	18044a760	30	OK	25336656
9354	FUN_18044a780	18044a780	261	OK	25337719
9355	FUN_18044a890	18044a890	9	OK	25337904
9356	FUN_18044a8a0	18044a8a0	36	OK	25338104
9357	FUN_18044a8d0	18044a8d0	630	OK	25343460
9358	FUN_18044ab50	18044ab50	118	OK	25344214
9359	FUN_18044abd0	18044abd0	199	OK	25345373
9360	FUN_18044aca0	18044aca0	5	OK	25345546
9361	FUN_18044acb0	18044acb0	20	OK	25345769
9362	FUN_18044acd0	18044acd0	173	OK	25346751
9363	FUN_18044ad80	18044ad80	5	OK	25346924
9364	FUN_18044ad90	18044ad90	38	OK	25347149
9365	FUN_18044adc0	18044adc0	20	OK	25347372
9366	FUN_18044ade0	18044ade0	121	OK	25347868
9367	FUN_18044ae60	18044ae60	20	OK	25348091
9368	FUN_18044ae80	18044ae80	36	OK	25348291
9369	FUN_18044aeb0	18044aeb0	270	OK	25350274
9370	FUN_18044afc0	18044afc0	48	OK	25350532
9371	FUN_18044aff0	18044aff0	18	OK	25350803
9372	FUN_18044b010	18044b010	5	OK	25350976
9373	FUN_18044b020	18044b020	243	OK	25353321
9374	FUN_18044b120	18044b120	111	OK	25353916
9375	FUN_18044b190	18044b190	206	OK	25354967
9376	FUN_18044b260	18044b260	262	OK	25356162
9377	FUN_18044b370	18044b370	5	OK	25356335
9378	FUN_18044b380	18044b380	1808	OK	25364840
9379	FUN_18044ba90	18044ba90	623	OK	25367653
9380	FUN_18044bd00	18044bd00	365	OK	25369778
9381	FUN_18044be70	18044be70	41	OK	25370071
9382	FUN_18044bea0	18044bea0	127	OK	25370873
9383	FUN_18044bf20	18044bf20	348	OK	25372387
9384	FUN_18044c080	18044c080	48	OK	25372644
9385	FUN_18044c0b0	18044c0b0	152	OK	25373477
9386	FUN_18044c150	18044c150	235	OK	25374649
9387	FUN_18044c240	18044c240	20	OK	25374872
9388	FUN_18044c260	18044c260	121	OK	25375368
9389	FUN_18044c2e0	18044c2e0	38	OK	25375593
9390	FUN_18044c310	18044c310	20	OK	25375816
9391	FUN_18044c330	18044c330	36	OK	25376016
9392	FUN_18044c360	18044c360	36	OK	25376292
9393	FUN_18044c390	18044c390	1436	OK	25387154
9394	FUN_18044c980	18044c980	36	OK	25387354
9395	FUN_18044c9b0	18044c9b0	20	OK	25387577
9396	FUN_18044c9d0	18044c9d0	121	OK	25388073
9397	FUN_18044ca50	18044ca50	150	OK	25388651
9398	FUN_18044caf0	18044caf0	37	OK	25390559
9399	FUN_18044cb20	18044cb20	462	OK	25393637
9400	FUN_18044ccf0	18044ccf0	462	OK	25396715
9401	FUN_18044cec0	18044cec0	531	OK	25399446
9402	FUN_18044d0e0	18044d0e0	385	OK	25401590
9403	FUN_18044d270	18044d270	192	OK	25402444
9404	FUN_18044d330	18044d330	202	OK	25403300
9405	FUN_18044d400	18044d400	728	OK	25407563
9406	FUN_18044d730	18044d730	440	OK	25410337
9407	FUN_18044d8f0	18044d8f0	607	OK	25413382
9408	FUN_18044db50	18044db50	562	OK	25416190
9409	FUN_18044dd90	18044dd90	480	OK	25418384
9410	FUN_18044df70	18044df70	258	OK	25419905
9411	FUN_18044e080	18044e080	16	OK	25420150
9412	FUN_18044e090	18044e090	241	OK	25421121
9413	FUN_18044e190	18044e190	124	OK	25421825
9414	FUN_18044e210	18044e210	644	OK	25424828
9415	FUN_18044e4a0	18044e4a0	141	OK	25425687
9416	FUN_18044e530	18044e530	16	OK	25425934
9417	FUN_18044e540	18044e540	16	OK	25426179
9418	FUN_18044e550	18044e550	67	OK	25426634
9419	FUN_18044e5a0	18044e5a0	12	OK	25426812
9420	FUN_18044e5b0	18044e5b0	299	OK	25428297
9421	FUN_18044e6e0	18044e6e0	9	OK	25428465
9422	FUN_18044e6f0	18044e6f0	140	OK	25429506
9423	FUN_18044e780	18044e780	172	OK	25430622
9424	FUN_18044e830	18044e830	483	OK	25434213
9425	FUN_18044ea20	18044ea20	224	OK	25435733
9426	FUN_18044eb00	18044eb00	213	OK	25437147
9427	FUN_18044ebe0	18044ebe0	277	OK	25438692
9428	FUN_18044ed00	18044ed00	309	OK	25440341
9429	FUN_18044ee40	18044ee40	214	OK	25441599
9430	FUN_18044ef20	18044ef20	614	OK	25444489
9431	FUN_18044f190	18044f190	277	OK	25446177
9432	FUN_18044f2b0	18044f2b0	40	OK	25446494
9433	FUN_18044f2e0	18044f2e0	12	OK	25446672
9434	FUN_18044f2f0	18044f2f0	648	OK	25449760
9435	FUN_18044f5a0	18044f5a0	403	OK	25452051
9436	FUN_18044f740	18044f740	87	OK	25452622
9437	FUN_18044f7a0	18044f7a0	765	OK	25456405
9438	FUN_18044faa0	18044faa0	637	OK	25460216
9439	FUN_18044fd20	18044fd20	184	OK	25461466
9440	FUN_18044fde0	18044fde0	184	OK	25462716
9441	FUN_18044fea0	18044fea0	150	OK	25463782
9442	FUN_18044ff40	18044ff40	84	OK	25464320
9443	FUN_18044ffa0	18044ffa0	484	OK	25467279
9444	FUN_180450190	180450190	989	OK	25474113
9445	FUN_180450570	180450570	365	OK	25475867
9446	FUN_1804506e0	1804506e0	346	OK	25477990
9447	FUN_180450840	180450840	333	OK	25479991
9448	FUN_180450990	180450990	121	OK	25480522
9449	FUN_180450a10	180450a10	532	OK	25483388
9450	FUN_180450c30	180450c30	220	OK	25484653
9451	FUN_180450d10	180450d10	204	OK	25485876
9452	FUN_180450de0	180450de0	393	OK	25488960
9453	FUN_180450f70	180450f70	484	OK	25492175
9454	FUN_180451160	180451160	416	OK	25495597
9455	FUN_180451300	180451300	29	OK	25495933
9456	FUN_180451320	180451320	480	OK	25499197
9457	FUN_180451500	180451500	827	OK	25503279
9458	FUN_180451840	180451840	33	OK	25503515
9459	FUN_180451870	180451870	94	OK	25504019
9460	FUN_1804518d0	1804518d0	94	OK	25504523
9461	FUN_180451930	180451930	11	OK	25504733
9462	FUN_180451940	180451940	87	OK	25505211
9463	FUN_1804519a0	1804519a0	87	OK	25505689
9464	FUN_180451a00	180451a00	40	OK	25505990
9465	FUN_180451a30	180451a30	115	OK	25506560
9466	FUN_180451ab0	180451ab0	115	OK	25507130
9467	FUN_180451b30	180451b30	231	OK	25508309
9468	FUN_180451c20	180451c20	142	OK	25509240
9469	FUN_180451cb0	180451cb0	24	OK	25509571
9470	FUN_180451cd0	180451cd0	42	OK	25510012
9471	FUN_180451d00	180451d00	13	OK	25510289
9472	FUN_180451d10	180451d10	421	OK	25512763
9473	FUN_180451ec0	180451ec0	863	OK	25518610
9474	FUN_180452230	180452230	39	OK	25518923
9475	FUN_180452260	180452260	236	OK	25520199
9476	FUN_180452350	180452350	360	OK	25521980
9477	FUN_1804524c0	1804524c0	652	OK	25525184
9478	FUN_180452750	180452750	21	OK	25525423
9479	FUN_180452770	180452770	18	OK	25525726
9480	FUN_180452790	180452790	18	OK	25526029
9481	FUN_1804527b0	1804527b0	539	OK	25528772
9482	FUN_1804529d0	1804529d0	21	OK	25529011
9483	FUN_1804529f0	1804529f0	24	OK	25529345
9484	FUN_180452a10	180452a10	667	OK	25532422
9485	FUN_180452cb0	180452cb0	751	OK	25535872
9486	FUN_180452fa0	180452fa0	30	OK	25536188
9487	FUN_180452fc0	180452fc0	114	OK	25536903
9488	FUN_180453040	180453040	31	OK	25537175
9489	FUN_180453060	180453060	10	OK	25537371
9490	FUN_180453070	180453070	36	OK	25537747
9491	FUN_1804530a0	1804530a0	568	OK	25541690
9492	FUN_1804532e0	1804532e0	209	OK	25542809
9493	FUN_1804533c0	1804533c0	401	OK	25544931
9494	FUN_180453560	180453560	269	OK	25546247
9495	FUN_180453670	180453670	309	OK	25547880
9496	FUN_1804537b0	1804537b0	326	OK	25549272
9497	FUN_180453900	180453900	328	OK	25550605
9498	FUN_180453a50	180453a50	357	OK	25552049
9499	FUN_180453bc0	180453bc0	662	OK	25555819
9500	FUN_180453e60	180453e60	369	OK	25557308
9501	FUN_180453fe0	180453fe0	786	OK	25562354
9502	FUN_180454300	180454300	455	OK	25565173
9503	FUN_1804544d0	1804544d0	35	OK	25565451
9504	FUN_180454500	180454500	912	OK	25570794
9505	FUN_1804548b0	1804548b0	125	OK	25571497
9506	FUN_180454930	180454930	53	OK	25572127
9507	FUN_180454970	180454970	155	OK	25573372
9508	FUN_180454a10	180454a10	4990	OK	25600427
9509	FUN_180455d90	180455d90	70	OK	25600930
9510	FUN_180455de0	180455de0	656	OK	25605551
9511	FUN_180456080	180456080	5039	OK	25616860
9512	FUN_180457430	180457430	103	OK	25617696
9513	FUN_1804574a0	1804574a0	87	OK	25618335
9514	FUN_180457500	180457500	40	OK	25618742
9515	FUN_180457530	180457530	61	OK	25619101
9516	FUN_180457570	180457570	73	OK	25619618
9517	FUN_1804575c0	1804575c0	73	OK	25620135
9518	FUN_180457610	180457610	36	OK	25620487
9519	FUN_180457640	180457640	291	OK	25621812
9520	FUN_180457770	180457770	13	OK	25622029
9521	FUN_180457780	180457780	49	OK	25622500
9522	FUN_1804577c0	1804577c0	1838	OK	25657946
9523	FUN_180457ef0	180457ef0	13	OK	25658160
9524	FUN_180457f00	180457f00	84	OK	25658663
9525	FUN_180457f60	180457f60	41	OK	25659070
9526	FUN_180457f90	180457f90	79	OK	25659608
9527	FUN_180457fe0	180457fe0	89	OK	25660484
9528	FUN_180458040	180458040	79	OK	25660932
9529	FUN_180458090	180458090	36	OK	25661284
9530	FUN_1804580c0	1804580c0	307	OK	25662861
9531	FUN_180458200	180458200	14	OK	25663078
9532	FUN_180458210	180458210	56	OK	25663617
9533	FUN_180458250	180458250	45	OK	25663863
9534	FUN_180458280	180458280	32	OK	25664100
9535	FUN_1804582a0	1804582a0	32	OK	25664337
9536	FUN_1804582c0	1804582c0	32	OK	25664574
9537	FUN_1804582e0	1804582e0	358	OK	25666708
9538	FUN_180458450	180458450	14	OK	25666905
9539	FUN_180458460	180458460	132	OK	25668192
9540	FUN_1804584f0	1804584f0	29	OK	25668666
9541	FUN_180458510	180458510	74	OK	25669393
9542	FUN_180458560	180458560	53	OK	25669942
9543	FUN_1804585a0	1804585a0	31	OK	25670373
9544	FUN_1804585c0	1804585c0	37	OK	25670774
9545	FUN_1804585f0	1804585f0	71	OK	25671430
9546	FUN_180458640	180458640	54	OK	25671976
9547	FUN_180458680	180458680	75	OK	25672703
9548	FUN_1804586d0	1804586d0	20	OK	25673054
9549	FUN_1804586f0	1804586f0	4245	OK	25691009
9550	FUN_180459790	180459790	20	OK	25691362
9551	FUN_1804597b0	1804597b0	175	OK	25692949
9552	FUN_180459860	180459860	20	OK	25693302
9553	FUN_180459880	180459880	20	OK	25693655
9554	FUN_1804598a0	1804598a0	597	OK	25696942
9555	thunk_FUN_180459b10	180459b00	5	OK	25706084
9556	FUN_180459b10	180459b10	1827	OK	25715014
9557	FUN_18045a240	18045a240	327	OK	25717413
9558	FUN_18045a390	18045a390	276	OK	25719425
9559	FUN_18045a4b0	18045a4b0	54	OK	25719728
9560	FUN_18045a4f0	18045a4f0	166	OK	25720821
9561	FUN_18045a5a0	18045a5a0	574	OK	25724231
9562	FUN_18045a7e0	18045a7e0	666	OK	25727651
9563	FUN_18045aa80	18045aa80	349	OK	25729219
9564	FUN_18045abe0	18045abe0	561	OK	25731924
9565	FUN_18045ae20	18045ae20	179	OK	25732875
9566	FUN_18045aee0	18045aee0	189	OK	25733883
9567	FUN_18045afa0	18045afa0	160	OK	25734831
9568	FUN_18045b040	18045b040	306	OK	25736437
9569	FUN_18045b180	18045b180	238	OK	25737969
9570	FUN_18045b270	18045b270	260	OK	25739712
9571	FUN_18045b380	18045b380	276	OK	25741457
9572	FUN_18045b4a0	18045b4a0	180	OK	25742734
9573	FUN_18045b560	18045b560	606	OK	25746024
9574	FUN_18045b7c0	18045b7c0	258	OK	25747636
9575	FUN_18045b8d0	18045b8d0	178	OK	25748939
9576	FUN_18045b990	18045b990	340	OK	25750960
9577	FUN_18045baf0	18045baf0	420	OK	25753234
9578	FUN_18045bca0	18045bca0	193	OK	25754619
9579	FUN_18045bd70	18045bd70	292	OK	25756478
9580	FUN_18045bea0	18045bea0	229	OK	25758054
9581	FUN_18045bf90	18045bf90	226	OK	25759683
9582	FUN_18045c080	18045c080	218	OK	25761246
9583	FUN_18045c160	18045c160	324	OK	25763250
9584	FUN_18045c2b0	18045c2b0	266	OK	25764999
9585	FUN_18045c3c0	18045c3c0	211	OK	25766531
9586	FUN_18045c4a0	18045c4a0	306	OK	25768410
9587	FUN_18045c5e0	18045c5e0	224	OK	25769885
9588	FUN_18045c6c0	18045c6c0	324	OK	25771847
9589	FUN_18045c810	18045c810	454	OK	25774131
9590	FUN_18045c9e0	18045c9e0	238	OK	25775711
9591	FUN_18045cad0	18045cad0	201	OK	25777158
9592	FUN_18045cba0	18045cba0	204	OK	25778628
9593	FUN_18045cc70	18045cc70	276	OK	25780374
9594	FUN_18045cd90	18045cd90	241	OK	25782058
9595	FUN_18045ce90	18045ce90	124	OK	25782971
9596	FUN_18045cf10	18045cf10	191	OK	25784226
9597	FUN_18045cfd0	18045cfd0	200	OK	25785512
9598	FUN_18045d0a0	18045d0a0	477	OK	25788232
9599	FUN_18045d280	18045d280	518	OK	25791321
9600	FUN_18045d490	18045d490	470	OK	25793985
9601	FUN_18045d670	18045d670	626	OK	25797158
9602	FUN_18045d8f0	18045d8f0	374	OK	25800152
9603	FUN_18045da70	18045da70	358	OK	25802701
9604	FUN_18045dbe0	18045dbe0	231	OK	25803346
9605	FUN_18045dcd0	18045dcd0	293	OK	25804924
9606	FUN_18045de00	18045de00	976	OK	25810845
9607	FUN_18045e1d0	18045e1d0	463	OK	25813902
9608	FUN_18045e3a0	18045e3a0	495	OK	25817870
9609	FUN_18045e590	18045e590	355	OK	25820395
9610	FUN_18045e700	18045e700	204	OK	25821646
9611	FUN_18045e7d0	18045e7d0	412	OK	25823802
9612	FUN_18045e970	18045e970	208	OK	25825297
9613	FUN_18045ea40	18045ea40	46	OK	25825667
9614	FUN_18045ea70	18045ea70	935	OK	25831505
9615	FUN_18045ee20	18045ee20	308	OK	25833021
9616	FUN_18045ef60	18045ef60	756	OK	25836272
9617	FUN_18045f260	18045f260	264	OK	25837205
9618	FUN_18045f370	18045f370	53	OK	25837689
9619	FUN_18045f3b0	18045f3b0	340	OK	25839919
9620	FUN_18045f510	18045f510	360	OK	25841945
9621	FUN_18045f680	18045f680	369	OK	25843988
9622	FUN_18045f800	18045f800	339	OK	25845949
9623	FUN_18045f960	18045f960	392	OK	25847916
9624	FUN_18045faf0	18045faf0	476	OK	25850147
9625	FUN_18045fcd0	18045fcd0	579	OK	25852647
9626	FUN_18045ff20	18045ff20	478	OK	25854872
9627	FUN_180460100	180460100	476	OK	25857103
9628	FUN_1804602e0	1804602e0	526	OK	25859432
9629	FUN_1804604f0	1804604f0	618	OK	25863073
9630	FUN_180460760	180460760	320	OK	25864920
9631	FUN_1804608a0	1804608a0	580	OK	25867395
9632	FUN_180460af0	180460af0	479	OK	25869595
9633	FUN_180460cd0	180460cd0	580	OK	25872076
9634	FUN_180460f20	180460f20	695	OK	25874889
9635	FUN_1804611e0	1804611e0	457	OK	25878127
9636	FUN_1804613b0	1804613b0	656	OK	25882357
9637	FUN_180461640	180461640	145	OK	25883126
9638	FUN_1804616e0	1804616e0	360	OK	25885119
9639	FUN_180461850	180461850	477	OK	25888538
9640	FUN_180461a30	180461a30	392	OK	25891174
9641	FUN_180461bc0	180461bc0	341	OK	25892819
9642	FUN_180461d20	180461d20	87	OK	25893458
9643	FUN_180461d80	180461d80	492	OK	25896240
9644	FUN_180461f70	180461f70	534	OK	25899100
9645	FUN_180462190	180462190	385	OK	25901220
9646	FUN_180462320	180462320	386	OK	25903533
9647	FUN_1804624b0	1804624b0	341	OK	25905279
9648	FUN_180462610	180462610	578	OK	25908602
9649	FUN_180462860	180462860	362	OK	25910704
9650	FUN_1804629d0	1804629d0	485	OK	25913783
9651	FUN_180462bc0	180462bc0	572	OK	25916809
9652	FUN_180462e00	180462e00	503	OK	25919394
9653	FUN_180463000	180463000	518	OK	25922182
9654	FUN_180463210	180463210	463	OK	25924848
9655	FUN_1804633e0	1804633e0	332	OK	25926706
9656	FUN_180463530	180463530	520	OK	25929669
9657	FUN_180463740	180463740	486	OK	25932144
9658	FUN_180463930	180463930	486	OK	25934619
9659	FUN_180463b20	180463b20	503	OK	25937070
9660	FUN_180463d20	180463d20	480	OK	25939490
9661	FUN_180463f00	180463f00	426	OK	25941831
9662	FUN_1804640b0	1804640b0	431	OK	25944199
9663	FUN_180464260	180464260	518	OK	25947031
9664	FUN_180464470	180464470	293	OK	25948749
9665	FUN_1804645a0	1804645a0	256	OK	25950473
9666	FUN_1804646a0	1804646a0	135	OK	25951310
9667	FUN_180464730	180464730	119	OK	25952042
9668	FUN_1804647b0	1804647b0	302	OK	25953958
9669	FUN_1804648e0	1804648e0	406	OK	25955895
9670	FUN_180464a80	180464a80	107	OK	25956453
9671	FUN_180464af0	180464af0	122	OK	25957158
9672	FUN_180464b70	180464b70	109	OK	25957791
9673	FUN_180464be0	180464be0	58	OK	25958174
9674	FUN_180464c20	180464c20	87	OK	25958698
9675	FUN_180464c80	180464c80	115	OK	25959269
9676	FUN_180464d00	180464d00	259	OK	25960801
9677	FUN_180464e10	180464e10	66	OK	25961281
9678	FUN_180464e60	180464e60	87	OK	25961652
9679	FUN_180464ec0	180464ec0	388	OK	25964037
9680	FUN_180465050	180465050	213	OK	25965168
9681	FUN_180465130	180465130	217	OK	25966349
9682	FUN_180465210	180465210	142	OK	25967481
9683	FUN_1804652a0	1804652a0	10	OK	25967674
9684	FUN_1804652b0	1804652b0	209	OK	25968765
9685	FUN_180465390	180465390	65	OK	25969288
9686	FUN_1804653e0	1804653e0	84	OK	25969898
9687	FUN_180465440	180465440	171	OK	25970969
9688	FUN_1804654f0	1804654f0	169	OK	25971855
9689	FUN_1804655a0	1804655a0	147	OK	25972787
9690	FUN_180465640	180465640	119	OK	25973338
9691	FUN_1804656c0	1804656c0	195	OK	25974816
9692	FUN_180465790	180465790	179	OK	25976132
9693	FUN_180465850	180465850	4125	OK	26000196
9694	FUN_1804668a0	1804668a0	875	OK	26004233
9695	FUN_180466c10	180466c10	707	OK	26006895
9696	FUN_180466ee0	180466ee0	605	OK	26010897
9697	FUN_180467140	180467140	511	OK	26012943
9698	FUN_180467340	180467340	518	OK	26015518
9699	FUN_180467550	180467550	458	OK	26017595
9700	FUN_180467720	180467720	756	OK	26020433
9701	FUN_180467a20	180467a20	302	OK	26022103
9702	FUN_180467b50	180467b50	933	OK	26027906
9703	FUN_180467f00	180467f00	139	OK	26028612
9704	FUN_180467f90	180467f90	376	OK	26030920
9705	FUN_180468180	180468180	47	OK	26031223
9706	FUN_1804681b0	1804681b0	60	OK	26031685
9707	FUN_1804681f0	1804681f0	365	OK	26033810
9708	FUN_180468360	180468360	101	OK	26034371
9709	FUN_1804683d0	1804683d0	712	OK	26038621
9710	FUN_1804686a0	1804686a0	12	OK	26038815
9711	FUN_1804686b0	1804686b0	2830	OK	26068066
9712	FUN_1804691c0	1804691c0	557	OK	26071337
9713	FUN_1804693f0	1804693f0	408	OK	26074300
9714	FUN_180469590	180469590	457	OK	26078010
9715	FUN_180469760	180469760	317	OK	26079748
9716	FUN_1804698a0	1804698a0	169	OK	26080503
9717	FUN_180469950	180469950	180	OK	26081370
9718	FUN_180469a10	180469a10	185	OK	26082496
9719	FUN_180469ad0	180469ad0	443	OK	26084960
9720	FUN_180469c90	180469c90	78	OK	26085449
9721	FUN_180469ce0	180469ce0	155	OK	26086508
9722	FUN_180469d80	180469d80	77	OK	26086900
9723	FUN_180469dd0	180469dd0	26	OK	26087257
9724	FUN_180469df0	180469df0	503	OK	26089612
9725	FUN_180469ff0	180469ff0	142	OK	26090368
9726	FUN_18046a080	18046a080	331	OK	26092216
9727	FUN_18046a1d0	18046a1d0	110	OK	26092943
9728	FUN_18046a240	18046a240	98	OK	26093362
9729	FUN_18046a2b0	18046a2b0	319	OK	26095119
9730	FUN_18046a3f0	18046a3f0	354	OK	26097005
9731	FUN_18046a560	18046a560	389	OK	26099014
9732	FUN_18046a6f0	18046a6f0	354	OK	26100900
9733	FUN_18046a860	18046a860	389	OK	26102896
9734	FUN_18046a9f0	18046a9f0	394	OK	26104905
9735	FUN_18046ab80	18046ab80	121	OK	26105599
9736	FUN_18046ac00	18046ac00	727	OK	26108778
9737	FUN_18046aee0	18046aee0	353	OK	26110707
9738	FUN_18046b050	18046b050	355	OK	26112593
9739	FUN_18046b1c0	18046b1c0	362	OK	26114566
9740	FUN_18046b330	18046b330	149	OK	26115599
9741	FUN_18046b3d0	18046b3d0	110	OK	26116327
9742	FUN_18046b440	18046b440	149	OK	26117380
9743	FUN_18046b4e0	18046b4e0	380	OK	26119782
9744	FUN_18046b660	18046b660	57	OK	26120886
9745	FUN_18046b6a0	18046b6a0	97	OK	26121574
9746	FUN_18046b710	18046b710	144	OK	26122566
9747	FUN_18046b7a0	18046b7a0	181	OK	26123614
9748	FUN_18046b860	18046b860	113	OK	26124362
9749	FUN_18046b8e0	18046b8e0	50	OK	26124858
9750	FUN_18046b920	18046b920	302	OK	26126524
9751	FUN_18046ba50	18046ba50	107	OK	26127343
9752	FUN_18046bac0	18046bac0	380	OK	26128867
9753	FUN_18046bc40	18046bc40	1636	OK	26136907
9754	FUN_18046c2b0	18046c2b0	32	OK	26137300
9755	FUN_18046c2d0	18046c2d0	8	OK	26137492
9756	FUN_18046c2e0	18046c2e0	14	OK	26137721
9757	FUN_18046c2f0	18046c2f0	330	OK	26139576
9758	FUN_18046c440	18046c440	195	OK	26140799
9759	FUN_18046c510	18046c510	22	OK	26141091
9760	FUN_18046c530	18046c530	94	OK	26141761
9761	FUN_18046c590	18046c590	134	OK	26142790
9762	FUN_18046c620	18046c620	564	OK	26146533
9763	FUN_18046c860	18046c860	572	OK	26150262
9764	FUN_18046caa0	18046caa0	485	OK	26153394
9765	FUN_18046cc90	18046cc90	318	OK	26155330
9766	FUN_18046cdd0	18046cdd0	464	OK	26158514
9767	FUN_18046cfa0	18046cfa0	472	OK	26161735
9768	FUN_18046d180	18046d180	613	OK	26165551
9769	FUN_18046d3f0	18046d3f0	516	OK	26168966
9770	FUN_18046d600	18046d600	514	OK	26172453
9771	FUN_18046d810	18046d810	505	OK	26175865
9772	FUN_18046da10	18046da10	495	OK	26179235
9773	FUN_18046dc00	18046dc00	511	OK	26182557
9774	FUN_18046de00	18046de00	318	OK	26184493
9775	FUN_18046df40	18046df40	525	OK	26187943
9776	FUN_18046e150	18046e150	482	OK	26191236
9777	FUN_18046e340	18046e340	490	OK	26194535
9778	FUN_18046e530	18046e530	568	OK	26198256
9779	FUN_18046e770	18046e770	529	OK	26201801
9780	FUN_18046e990	18046e990	404	OK	26204462
9781	FUN_18046eb30	18046eb30	540	OK	26207330
9782	FUN_18046ed50	18046ed50	540	OK	26210127
9783	FUN_18046ef70	18046ef70	227	OK	26211420
9784	FUN_18046f060	18046f060	227	OK	26212713
9785	FUN_18046f150	18046f150	227	OK	26214006
9786	FUN_18046f240	18046f240	227	OK	26215299
9787	FUN_18046f330	18046f330	227	OK	26216592
9788	FUN_18046f420	18046f420	227	OK	26217885
9789	FUN_18046f510	18046f510	227	OK	26219178
9790	FUN_18046f600	18046f600	389	OK	26221635
9791	FUN_18046f790	18046f790	343	OK	26223378
9792	FUN_18046f8f0	18046f8f0	548	OK	26226552
9793	FUN_18046fb20	18046fb20	152	OK	26227420
9794	FUN_18046fbc0	18046fbc0	324	OK	26229281
9795	FUN_18046fd10	18046fd10	663	OK	26234113
9796	FUN_18046ffb0	18046ffb0	130	OK	26235272
9797	FUN_180470040	180470040	147	OK	26236210
9798	FUN_1804700e0	1804700e0	268	OK	26237461
9799	FUN_1804701f0	1804701f0	553	OK	26241016
9800	FUN_180470420	180470420	361	OK	26243338
9801	FUN_180470590	180470590	454	OK	26246315
9802	FUN_180470760	180470760	538	OK	26249325
9803	FUN_180470980	180470980	430	OK	26252050
9804	FUN_180470b30	180470b30	378	OK	26254501
9805	FUN_180470cb0	180470cb0	409	OK	26257106
9806	FUN_180470e50	180470e50	442	OK	26259784
9807	FUN_180471010	180471010	353	OK	26261875
9808	FUN_180471180	180471180	986	OK	26268190
9809	FUN_1804715e0	1804715e0	107	OK	26268891
9810	FUN_180471650	180471650	31	OK	26269088
9811	FUN_180471670	180471670	273	OK	26270389
9812	FUN_180471790	180471790	474	OK	26273105
9813	FUN_180471970	180471970	134	OK	26273878
9814	FUN_180471a00	180471a00	203	OK	26275211
9815	FUN_180471ad0	180471ad0	218	OK	26276673
9816	FUN_180471bb0	180471bb0	90	OK	26276985
9817	FUN_180471c10	180471c10	62	OK	26277248
9818	FUN_180471c50	180471c50	733	OK	26282138
9819	FUN_180471f30	180471f30	89	OK	26282779
9820	FUN_180471f90	180471f90	113	OK	26283458
9821	FUN_180472010	180472010	77	OK	26283944
9822	FUN_180472060	180472060	52	OK	26284191
9823	FUN_1804720a0	1804720a0	347	OK	26286145
9824	FUN_180472200	180472200	189	OK	26288321
9825	FUN_1804722c0	1804722c0	143	OK	26289525
9826	FUN_180472350	180472350	678	OK	26293010
9827	FUN_180472600	180472600	2177	OK	26306115
9828	FUN_180472ef0	180472ef0	244	OK	26307890
9829	FUN_180472ff0	180472ff0	244	OK	26309553
9830	FUN_1804730f0	1804730f0	137	OK	26310568
9831	FUN_180473180	180473180	128	OK	26311523
9832	FUN_180473200	180473200	89	OK	26311993
9833	FUN_180473260	180473260	435	OK	26314472
9834	FUN_180473420	180473420	728	OK	26318588
9835	FUN_180473810	180473810	57	OK	26318957
9836	FUN_180473850	180473850	32	OK	26319349
9837	FUN_180473870	180473870	10	OK	26319635
9838	FUN_180473880	180473880	361	OK	26321746
9839	FUN_1804739f0	1804739f0	1111	OK	26328495
9840	FUN_180473e50	180473e50	59	OK	26329007
9841	FUN_180473ec0	180473ec0	117	OK	26329644
9842	FUN_180473f40	180473f40	23	OK	26329942
9843	FUN_180473f60	180473f60	9	OK	26330137
9844	FUN_180473f70	180473f70	9	OK	26330322
9845	FUN_180473f80	180473f80	124	OK	26331282
9846	FUN_180474000	180474000	112	OK	26332146
9847	FUN_1804740a0	1804740a0	558	OK	26334537
9848	FUN_1804743e0	1804743e0	338	OK	26336743
9849	FUN_180474570	180474570	9	OK	26336913
9850	FUN_180474580	180474580	10	OK	26337084
9851	FUN_180474590	180474590	8	OK	26337250
9852	FUN_1804745a0	1804745a0	246	OK	26338642
9853	FUN_1804746a0	1804746a0	10	OK	26338813
9854	FUN_1804746b0	1804746b0	10	OK	26338984
9855	FUN_1804746c0	1804746c0	10	OK	26339155
9856	FUN_1804746d0	1804746d0	1224	OK	26346174
9857	FUN_180474ba0	180474ba0	99	OK	26346876
9858	FUN_180474c10	180474c10	77	OK	26347429
9859	FUN_180474c60	180474c60	51	OK	26347828
9860	FUN_180474ca0	180474ca0	35	OK	26348199
9861	FUN_180474cd0	180474cd0	22	OK	26348476
9862	FUN_180474cf0	180474cf0	62	OK	26348850
9863	FUN_180474d30	180474d30	428	OK	26351396
9864	FUN_180474ee0	180474ee0	85	OK	26352357
9865	FUN_180474f40	180474f40	455	OK	26355470
9866	FUN_180475110	180475110	142	OK	26356567
9867	FUN_1804751a0	1804751a0	205	OK	26357461
9868	FUN_1804752c0	1804752c0	143	OK	26358247
9869	FUN_180475350	180475350	315	OK	26359802
9870	FUN_1804754e0	1804754e0	121	OK	26360617
9871	FUN_180475560	180475560	116	OK	26361354
9872	FUN_1804755e0	1804755e0	121	OK	26362167
9873	FUN_180475660	180475660	85	OK	26362747
9874	FUN_1804756c0	1804756c0	266	OK	26365081
9875	FUN_1804757d0	1804757d0	6	OK	26365305
9876	FUN_1804757e0	1804757e0	11	OK	26365590
9877	FUN_1804757f0	1804757f0	10	OK	26365879
9878	FUN_180475800	180475800	761	OK	26370755
9879	FUN_180475b30	180475b30	333	OK	26372359
9880	FUN_180475c80	180475c80	445	OK	26374502
9881	FUN_180475e40	180475e40	445	OK	26376645
9882	FUN_180476000	180476000	222	OK	26377793
9883	FUN_1804760e0	1804760e0	305	OK	26379341
9884	FUN_180476220	180476220	209	OK	26380524
9885	FUN_180476300	180476300	334	OK	26382276
9886	FUN_180476450	180476450	14	OK	26382483
9887	FUN_180476460	180476460	14	OK	26382690
9888	FUN_180476470	180476470	48	OK	26383140
9889	FUN_1804764a0	1804764a0	8	OK	26383340
9890	FUN_1804764b0	1804764b0	8	OK	26383540
9891	FUN_1804764c0	1804764c0	71	OK	26383926
9892	FUN_180476510	180476510	84	OK	26384432
9893	FUN_180476570	180476570	71	OK	26385086
9894	FUN_1804765c0	1804765c0	201	OK	26386241
9895	FUN_180476690	180476690	195	OK	26387452
9896	FUN_180476760	180476760	91	OK	26387882
9897	FUN_1804767c0	1804767c0	101	OK	26388572
9898	FUN_180476830	180476830	109	OK	26389578
9899	FUN_1804768a0	1804768a0	49	OK	26390079
9900	FUN_1804768e0	1804768e0	102	OK	26390895
9901	FUN_180476950	180476950	160	OK	26391793
9902	FUN_1804769f0	1804769f0	232	OK	26393186
9903	FUN_180476ae0	180476ae0	57	OK	26393720
9904	FUN_180476b20	180476b20	9	OK	26393915
9905	FUN_180476b30	180476b30	57	OK	26394331
9906	FUN_180476b70	180476b70	110	OK	26395169
9907	FUN_180476be0	180476be0	156	OK	26396131
9908	FUN_180476c80	180476c80	110	OK	26396973
9909	FUN_180476cf0	180476cf0	226	OK	26398497
9910	FUN_180476de0	180476de0	41	OK	26398902
9911	FUN_180476e10	180476e10	175	OK	26400136
9912	FUN_180476ec0	180476ec0	180	OK	26401250
9913	FUN_180476f80	180476f80	300	OK	26402689
9914	FUN_1804770b0	1804770b0	176	OK	26403602
9915	FUN_180477160	180477160	108	OK	26404336
9916	FUN_1804771d0	1804771d0	174	OK	26405166
9917	FUN_180477280	180477280	174	OK	26405996
9918	FUN_180477330	180477330	53	OK	26406495
9919	FUN_180477370	180477370	70	OK	26407163
9920	FUN_1804773c0	1804773c0	29	OK	26407472
9921	FUN_1804773e0	1804773e0	29	OK	26407764
9922	FUN_180477400	180477400	63	OK	26408324
9923	FUN_180477440	180477440	149	OK	26409232
9924	FUN_1804774e0	1804774e0	136	OK	26410043
9925	FUN_180477570	180477570	84	OK	26410482
9926	FUN_1804775d0	1804775d0	93	OK	26410991
9927	FUN_180477630	180477630	289	OK	26412377
9928	FUN_180477760	180477760	68	OK	26412907
9929	FUN_1804777b0	1804777b0	424	OK	26415220
9930	FUN_180477960	180477960	11	OK	26415419
9931	FUN_180477970	180477970	286	OK	26417235
9932	FUN_180477a90	180477a90	356	OK	26419320
9933	FUN_180477c00	180477c00	832	OK	26423787
9934	FUN_180477f50	180477f50	267	OK	26425265
9935	FUN_180478070	180478070	280	OK	26426925
9936	FUN_1804781a0	1804781a0	151	OK	26427850
9937	FUN_180478240	180478240	154	OK	26428820
9938	FUN_1804782e0	1804782e0	391	OK	26431082
9939	FUN_180478470	180478470	267	OK	26432686
9940	FUN_180478580	180478580	197	OK	26433664
9941	FUN_180478650	180478650	59	OK	26434148
9942	FUN_180478690	180478690	370	OK	26436329
9943	FUN_180478810	180478810	383	OK	26438477
9944	FUN_180478990	180478990	370	OK	26440649
9945	FUN_180478b10	180478b10	190	OK	26441495
9946	FUN_180478bd0	180478bd0	33	OK	26441638
9947	FUN_180478c00	180478c00	190	OK	26442484
9948	FUN_180478cc0	180478cc0	133	OK	26443353
9949	FUN_180478d50	180478d50	427	OK	26445993
9950	FUN_180478f00	180478f00	260	OK	26447578
9951	FUN_180479010	180479010	761	OK	26452578
9952	FUN_180479310	180479310	10	OK	26452744
9953	FUN_180479320	180479320	72	OK	26453153
9954	FUN_180479370	180479370	149	OK	26453923
9955	FUN_180479410	180479410	122	OK	26454626
9956	FUN_180479490	180479490	133	OK	26455449
9957	FUN_180479520	180479520	629	OK	26459340
9958	FUN_1804797a0	1804797a0	91	OK	26459932
9959	FUN_180479800	180479800	176	OK	26460642
9960	FUN_1804798b0	1804798b0	54	OK	26461110
9961	FUN_1804798f0	1804798f0	487	OK	26464155
9962	FUN_180479ae0	180479ae0	63	OK	26464597
9963	FUN_180479b20	180479b20	70	OK	26465142
9964	FUN_180479b70	180479b70	138	OK	26466571
9965	FUN_180479c00	180479c00	24	OK	26466905
9966	FUN_180479c20	180479c20	30	OK	26467140
9967	FUN_180479c40	180479c40	80	OK	26467938
9968	FUN_180479c90	180479c90	47	OK	26468440
9969	FUN_180479cc0	180479cc0	266	OK	26470742
9970	FUN_180479dd0	180479dd0	170	OK	26472343
9971	FUN_180479e80	180479e80	183	OK	26473895
9972	FUN_180479f40	180479f40	76	OK	26474305
9973	FUN_180479f90	180479f90	628	OK	26477774
9974	FUN_18047a210	18047a210	207	OK	26478941
9975	FUN_18047a2e0	18047a2e0	395	OK	26481337
9976	FUN_18047a470	18047a470	277	OK	26483014
9977	FUN_18047a590	18047a590	301	OK	26484822
9978	FUN_18047a6c0	18047a6c0	118	OK	26485252
9979	FUN_18047a740	18047a740	1162	OK	26492386
9980	FUN_18047abd0	18047abd0	3146	OK	26514753
9981	FUN_18047b820	18047b820	51	OK	26515071
9982	FUN_18047b860	18047b860	66	OK	26515508
9983	FUN_18047b8b0	18047b8b0	66	OK	26515945
9984	FUN_18047b900	18047b900	96	OK	26516527
9985	FUN_18047b960	18047b960	72	OK	26516905
9986	FUN_18047b9b0	18047b9b0	394	OK	26519492
9987	FUN_18047bb40	18047bb40	171	OK	26520412
9988	FUN_18047bbf0	18047bbf0	753	OK	26525665
9989	FUN_18047bef0	18047bef0	292	OK	26527632
9990	FUN_18047c020	18047c020	68	OK	26528012
9991	FUN_18047c070	18047c070	453	OK	26530377
9992	FUN_18047c240	18047c240	57	OK	26530744
9993	FUN_18047c280	18047c280	21673	OK	26615876
9994	FUN_180481a40	180481a40	555	OK	26619229
9995	FUN_180481c70	180481c70	18	OK	26619449
9996	FUN_180481c90	180481c90	18	OK	26619669
9997	FUN_180481cb0	180481cb0	338	OK	26621472
9998	FUN_180481e10	180481e10	66	OK	26622007
9999	FUN_180481e60	180481e60	14	OK	26622196
10000	FUN_180481e70	180481e70	626	OK	26626690
10001	FUN_1804820f0	1804820f0	885	OK	26631821
10002	FUN_180482470	180482470	75	OK	26632322
10003	FUN_1804824c0	1804824c0	372	OK	26634147
10004	FUN_180482640	180482640	546	OK	26636889
10005	FUN_180482870	180482870	3471	OK	26662436
10006	FUN_180483640	180483640	389	OK	26664798
10007	FUN_1804837d0	1804837d0	61	OK	26665297
10008	FUN_180483810	180483810	38	OK	26665562
10009	FUN_180483840	180483840	61	OK	26665915
10010	FUN_180483880	180483880	74	OK	26666420
10011	FUN_1804838d0	1804838d0	276	OK	26667658
10012	FUN_1804839f0	1804839f0	35	OK	26668027
10013	FUN_180483a20	180483a20	35	OK	26668396
10014	FUN_180483a50	180483a50	217	OK	26669588
10015	FUN_180483b30	180483b30	117	OK	26670297
10016	FUN_180483bb0	180483bb0	249	OK	26671997
10017	FUN_180483cb0	180483cb0	41	OK	26672327
10018	FUN_180483ce0	180483ce0	63	OK	26672729
10019	FUN_180483d20	180483d20	63	OK	26673131
10020	FUN_180483d60	180483d60	172	OK	26673999
10021	FUN_180483e10	180483e10	119	OK	26674562
10022	FUN_180483e90	180483e90	63	OK	26674964
10023	FUN_180483ed0	180483ed0	44	OK	26675272
10024	FUN_180483f00	180483f00	57	OK	26675841
10025	FUN_180483f40	180483f40	21	OK	26676167
10026	FUN_180483f60	180483f60	377	OK	26678030
10027	FUN_1804840e0	1804840e0	2061	OK	26689263
10028	FUN_180484960	180484960	76	OK	26689815
10029	FUN_1804849b0	1804849b0	14	OK	26689990
10030	FUN_1804849c0	1804849c0	304	OK	26692053
10031	FUN_180484af0	180484af0	401	OK	26694365
10032	FUN_180484c90	180484c90	143	OK	26695264
10033	FUN_180484d20	180484d20	66	OK	26695702
10034	FUN_180484d70	180484d70	66	OK	26696140
10035	FUN_180484dc0	180484dc0	72	OK	26696519
10036	FUN_180484e10	180484e10	158	OK	26697192
10037	FUN_180484eb0	180484eb0	188	OK	26698735
10038	FUN_180484f70	180484f70	316	OK	26700719
10039	FUN_1804850b0	1804850b0	324	OK	26702800
10040	FUN_180485200	180485200	324	OK	26704887
10041	FUN_180485350	180485350	109	OK	26705662
10042	FUN_1804853c0	1804853c0	110	OK	26706585
10043	FUN_180485430	180485430	71	OK	26706917
10044	FUN_180485480	180485480	161	OK	26707647
10045	FUN_180485530	180485530	199	OK	26708308
10046	FUN_180485600	180485600	139	OK	26708755
10047	FUN_180485690	180485690	257	OK	26710417
10048	FUN_1804857a0	1804857a0	71	OK	26710749
10049	FUN_1804857f0	1804857f0	398	OK	26713431
10050	FUN_180485980	180485980	180	OK	26714416
10051	FUN_180485a40	180485a40	358	OK	26716706
10052	FUN_180485bb0	180485bb0	358	OK	26718996
10053	FUN_180485d20	180485d20	180	OK	26719981
10054	FUN_180485de0	180485de0	326	OK	26721745
10055	FUN_180485f30	180485f30	336	OK	26723594
10056	FUN_180486080	180486080	208	OK	26724699
10057	FUN_180486150	180486150	132	OK	26725097
10058	FUN_1804861e0	1804861e0	373	OK	26727310
10059	FUN_180486360	180486360	130	OK	26727787
10060	FUN_1804863f0	1804863f0	145	OK	26728248
10061	FUN_180486490	180486490	281	OK	26730160
10062	FUN_1804865b0	1804865b0	257	OK	26731949
10063	FUN_1804866c0	1804866c0	267	OK	26733585
10064	FUN_1804867d0	1804867d0	71	OK	26733917
10065	FUN_180486820	180486820	71	OK	26734249
10066	FUN_180486870	180486870	71	OK	26734581
10067	FUN_1804868c0	1804868c0	71	OK	26734913
10068	FUN_180486910	180486910	105	OK	26735450
10069	FUN_180486980	180486980	63	OK	26735751
10070	FUN_1804869c0	1804869c0	217	OK	26736910
10071	FUN_180486aa0	180486aa0	117	OK	26737298
10072	FUN_180486b20	180486b20	344	OK	26739553
10073	FUN_180486c80	180486c80	71	OK	26739885
10074	FUN_180486cd0	180486cd0	320	OK	26741580
10075	FUN_180486e10	180486e10	120	OK	26742129
10076	FUN_180486e90	180486e90	137	OK	26742785
10077	FUN_180486f20	180486f20	357	OK	26744925
10078	FUN_180487090	180487090	71	OK	26745257
10079	FUN_1804870e0	1804870e0	180	OK	26746242
10080	FUN_1804871a0	1804871a0	220	OK	26747220
10081	FUN_180487280	180487280	220	OK	26748198
10082	FUN_180487360	180487360	71	OK	26748530
10083	FUN_1804873b0	1804873b0	71	OK	26748862
10084	FUN_180487400	180487400	466	OK	26751242
10085	FUN_1804875e0	1804875e0	373	OK	26753118
10086	FUN_180487760	180487760	132	OK	26753621
10087	FUN_1804877f0	1804877f0	55	OK	26753793
10088	FUN_180487830	180487830	348	OK	26755764
10089	FUN_180487990	180487990	468	OK	26758649
10090	FUN_180487b70	180487b70	130	OK	26759079
10091	FUN_180487c00	180487c00	71	OK	26759411
10092	FUN_180487c50	180487c50	71	OK	26759743
10093	FUN_180487ca0	180487ca0	69	OK	26760037
10094	FUN_180487cf0	180487cf0	69	OK	26760331
10095	FUN_180487d40	180487d40	71	OK	26760663
10096	FUN_180487d90	180487d90	109	OK	26761050
10097	FUN_180487e00	180487e00	181	OK	26761829
10098	FUN_180487ec0	180487ec0	59	OK	26762381
10099	FUN_180487f00	180487f00	1025	OK	26768051
10100	FUN_180488310	180488310	752	OK	26772129
10101	FUN_180488610	180488610	830	OK	26775589
10102	FUN_180488950	180488950	515	OK	26777674
10103	FUN_180488b60	180488b60	841	OK	26782030
10104	FUN_180488eb0	180488eb0	159	OK	26782615
10105	FUN_180488f50	180488f50	193	OK	26783606
10106	FUN_180489020	180489020	123	OK	26784182
10107	FUN_1804890a0	1804890a0	118	OK	26784650
10108	FUN_180489120	180489120	118	OK	26785151
10109	FUN_1804891a0	1804891a0	136	OK	26785641
10110	FUN_180489230	180489230	116	OK	26786020
10111	FUN_1804892b0	1804892b0	116	OK	26786400
10112	FUN_180489330	180489330	98	OK	26787058
10113	FUN_1804893a0	1804893a0	150	OK	26787893
10114	FUN_180489440	180489440	116	OK	26788327
10115	FUN_1804894c0	1804894c0	116	OK	26788761
10116	FUN_180489540	180489540	116	OK	26789195
10117	FUN_1804895c0	1804895c0	325	OK	26791622
10118	FUN_180489710	180489710	241	OK	26793391
10119	FUN_180489810	180489810	39	OK	26793535
10120	FUN_180489840	180489840	162	OK	26794279
10121	FUN_1804898f0	1804898f0	505	OK	26796997
10122	FUN_180489af0	180489af0	212	OK	26798251
10123	FUN_180489bd0	180489bd0	212	OK	26799441
10124	FUN_180489cb0	180489cb0	201	OK	26800631
10125	FUN_180489d80	180489d80	246	OK	26802034
10126	FUN_180489e80	180489e80	117	OK	26802771
10127	FUN_180489f00	180489f00	1321	OK	26809747
10128	FUN_18048a460	18048a460	109	OK	26810150
10129	FUN_18048a4d0	18048a4d0	285	OK	26811629
10130	FUN_18048a5f0	18048a5f0	371	OK	26813028
10131	FUN_18048a770	18048a770	295	OK	26814086
10132	FUN_18048a8a0	18048a8a0	128	OK	26814637
10133	FUN_18048a920	18048a920	109	OK	26815040
10134	FUN_18048a990	18048a990	55	OK	26815337
10135	FUN_18048a9d0	18048a9d0	99	OK	26815831
10136	FUN_18048aa40	18048aa40	99	OK	26816325
10137	FUN_18048aab0	18048aab0	290	OK	26818108
10138	FUN_18048abe0	18048abe0	46	OK	26818369
10139	FUN_18048ac10	18048ac10	381	OK	26820586
10140	FUN_18048ad90	18048ad90	311	OK	26822400
10141	FUN_18048aed0	18048aed0	144	OK	26823043
10142	FUN_18048af60	18048af60	92	OK	26823498
10143	FUN_18048afc0	18048afc0	109	OK	26823901
10144	FUN_18048b030	18048b030	109	OK	26824304
10145	FUN_18048b0a0	18048b0a0	109	OK	26824707
10146	FUN_18048b110	18048b110	109	OK	26825110
10147	FUN_18048b180	18048b180	156	OK	26825785
10148	FUN_18048b220	18048b220	112	OK	26826238
10149	FUN_18048b290	18048b290	256	OK	26827630
10150	FUN_18048b390	18048b390	201	OK	26828563
10151	FUN_18048b460	18048b460	83	OK	26829016
10152	FUN_18048b4c0	18048b4c0	358	OK	26830902
10153	FUN_18048b630	18048b630	386	OK	26833360
10154	FUN_18048b7c0	18048b7c0	328	OK	26835387
10155	FUN_18048b910	18048b910	109	OK	26835790
10156	FUN_18048b980	18048b980	99	OK	26836284
10157	FUN_18048b9f0	18048b9f0	354	OK	26838177
10158	FUN_18048bb60	18048bb60	246	OK	26839190
10159	FUN_18048bc60	18048bc60	46	OK	26839451
10160	FUN_18048bc90	18048bc90	109	OK	26839854
10161	FUN_18048bd00	18048bd00	208	OK	26840954
10162	FUN_18048bdd0	18048bdd0	298	OK	26842359
10163	FUN_18048bf00	18048bf00	109	OK	26842762
10164	FUN_18048bf70	18048bf70	109	OK	26843165
10165	FUN_18048bfe0	18048bfe0	179	OK	26843970
10166	FUN_18048c0a0	18048c0a0	456	OK	26846220
10167	FUN_18048c270	18048c270	142	OK	26846918
10168	FUN_18048c300	18048c300	46	OK	26847179
10169	FUN_18048c330	18048c330	109	OK	26847582
10170	FUN_18048c3a0	18048c3a0	109	OK	26847985
10171	FUN_18048c410	18048c410	40	OK	26848291
10172	FUN_18048c440	18048c440	104	OK	26848638
10173	FUN_18048c4b0	18048c4b0	109	OK	26849041
10174	FUN_18048c520	18048c520	109	OK	26849444
10175	FUN_18048c590	18048c590	361	OK	26851169
10176	FUN_18048c700	18048c700	347	OK	26852771
10177	FUN_18048c860	18048c860	246	OK	26854174
10178	FUN_18048c960	18048c960	377	OK	26856416
10179	FUN_18048cae0	18048cae0	519	OK	26858407
10180	FUN_18048ccf0	18048ccf0	246	OK	26862747
10181	FUN_18048cdf0	18048cdf0	75	OK	26863592
10182	FUN_18048ce40	18048ce40	125	OK	26864079
10183	FUN_18048cec0	18048cec0	22	OK	26864392
10184	FUN_18048cee0	18048cee0	194	OK	26866231
10185	FUN_18048d050	18048d050	9	OK	26866418
10186	FUN_18048d060	18048d060	88	OK	26866831
10187	FUN_18048d110	18048d110	6	OK	26866995
10188	FUN_18048d120	18048d120	581	OK	26870607
10189	FUN_18048d370	18048d370	348	OK	26872187
10190	FUN_18048d510	18048d510	537	OK	26874302
10191	FUN_18048d7e0	18048d7e0	147	OK	26875116
10192	FUN_18048d880	18048d880	135	OK	26875914
10193	FUN_18048d910	18048d910	385	OK	26878628
10194	FUN_18048daa0	18048daa0	39	OK	26878915
10195	FUN_18048dad0	18048dad0	105	OK	26879700
10196	FUN_18048db40	18048db40	40	OK	26880142
10197	FUN_18048db70	18048db70	153	OK	26881010
10198	FUN_18048dc80	18048dc80	177	OK	26882013
10199	FUN_18048dd40	18048dd40	95	OK	26882793
10200	FUN_18048dda0	18048dda0	42	OK	26883097
10201	FUN_18048ddd0	18048ddd0	51	OK	26883556
10202	FUN_18048de10	18048de10	35	OK	26883900
10203	FUN_18048de40	18048de40	63	OK	26884514
10204	FUN_18048de80	18048de80	140	OK	26885373
10205	FUN_18048df10	18048df10	239	OK	26886940
10206	FUN_18048e000	18048e000	53	OK	26887374
10207	FUN_18048e040	18048e040	112	OK	26887932
10208	FUN_18048e0b0	18048e0b0	802	OK	26893132
10209	FUN_18048e3e0	18048e3e0	181	OK	26894547
10210	FUN_18048e4a0	18048e4a0	162	OK	26895988
10211	FUN_18048e550	18048e550	287	OK	26897990
10212	FUN_18048e670	18048e670	201	OK	26899528
10213	FUN_18048e740	18048e740	60	OK	26899804
10214	FUN_18048e780	18048e780	170	OK	26900719
10215	FUN_18048e830	18048e830	154	OK	26901758
10216	FUN_18048e8d0	18048e8d0	205	OK	26903357
10217	FUN_18048e9a0	18048e9a0	348	OK	26906069
10218	FUN_18048eb00	18048eb00	276	OK	26907942
10219	FUN_18048ec20	18048ec20	362	OK	26909731
10220	FUN_18048ed90	18048ed90	71	OK	26910171
10221	FUN_18048ede0	18048ede0	424	OK	26912976
10222	FUN_18048ef90	18048ef90	116	OK	26913732
10223	FUN_18048f010	18048f010	645	OK	26917828
10224	FUN_18048f2e0	18048f2e0	63	OK	26918359
10225	FUN_18048f320	18048f320	241	OK	26920212
10226	FUN_18048f420	18048f420	40	OK	26920515
10227	FUN_18048f480	18048f480	204	OK	26921917
10228	FUN_18048f550	18048f550	214	OK	26923378
10229	FUN_18048f630	18048f630	107	OK	26924001
10230	FUN_18048f6a0	18048f6a0	144	OK	26924988
10231	FUN_18048f730	18048f730	361	OK	26927875
10232	FUN_18048f930	18048f930	93	OK	26928542
10233	FUN_18048f990	18048f990	23	OK	26928932
10234	FUN_18048f9b0	18048f9b0	41	OK	26929461
10235	FUN_18048f9e0	18048f9e0	27	OK	26929801
10236	FUN_18048fa00	18048fa00	73	OK	26930275
10237	FUN_18048fa50	18048fa50	191	OK	26931044
10238	FUN_18048fb10	18048fb10	10	OK	26931235
10239	FUN_18048fb20	18048fb20	98	OK	26931821
10240	FUN_18048fb90	18048fb90	227	OK	26933245
10241	FUN_18048fc80	18048fc80	214	OK	26934582
10242	FUN_18048fd60	18048fd60	10	OK	26934779
10243	FUN_18048fd70	18048fd70	118	OK	26935652
10244	FUN_18048fdf0	18048fdf0	62	OK	26936248
10245	FUN_18048fe30	18048fe30	84	OK	26937118
10246	FUN_18048fe90	18048fe90	41	OK	26937427
10247	FUN_18048fef0	18048fef0	10	OK	26937618
10248	FUN_18048ff00	18048ff00	10	OK	26937815
10249	FUN_18048ff10	18048ff10	30	OK	26938204
10250	FUN_18048ff30	18048ff30	38	OK	26938678
10251	FUN_18048ff60	18048ff60	441	OK	26941834
10252	FUN_180490120	180490120	164	OK	26943034
10253	FUN_1804901d0	1804901d0	209	OK	26944231
10254	FUN_1804902b0	1804902b0	130	OK	26944804
10255	FUN_180490340	180490340	391	OK	26947373
10256	FUN_1804904d0	1804904d0	417	OK	26949784
10257	FUN_180490680	180490680	77	OK	26950540
10258	FUN_1804906d0	1804906d0	199	OK	26951849
10259	FUN_1804907a0	1804907a0	213	OK	26953235
10260	FUN_180490880	180490880	583	OK	26956576
10261	FUN_180490ad0	180490ad0	72	OK	26957167
10262	FUN_180490b20	180490b20	335	OK	26958877
10263	FUN_180490c70	180490c70	72	OK	26959282
10264	FUN_180490ce0	180490ce0	35	OK	26959495
10265	FUN_180490d10	180490d10	252	OK	26961190
10266	FUN_180490e10	180490e10	1280	OK	26967422
10267	FUN_180491310	180491310	428	OK	26969682
10268	FUN_1804914c0	1804914c0	1061	OK	26975748
10269	FUN_1804918f0	1804918f0	762	OK	26994901
10270	FUN_180491bf0	180491bf0	34	OK	26995233
10271	FUN_180491c20	180491c20	34	OK	26995565
10272	FUN_180491c50	180491c50	444	OK	26999138
10273	FUN_180491e10	180491e10	81	OK	26999600
10274	FUN_180491e70	180491e70	15	OK	26999799
10275	FUN_180491e80	180491e80	124	OK	27000609
10276	FUN_180491f00	180491f00	43	OK	27000933
10277	FUN_180491f30	180491f30	9	OK	27001100
10278	FUN_180491f40	180491f40	87	OK	27001494
10279	FUN_180491fa0	180491fa0	125	OK	27002100
10280	FUN_180492020	180492020	71	OK	27002568
10281	FUN_180492070	180492070	127	OK	27003336
10282	FUN_1804920f0	1804920f0	210	OK	27004516
10283	FUN_1804921d0	1804921d0	30	OK	27004737
10284	FUN_1804921f0	1804921f0	669	OK	27008481
10285	FUN_180492490	180492490	673	OK	27012191
10286	FUN_180492740	180492740	11	OK	27012498
10287	FUN_180492750	180492750	90	OK	27013072
10288	FUN_1804927b0	1804927b0	30	OK	27013293
10289	FUN_1804927d0	1804927d0	27	OK	27013546
10290	FUN_1804927f0	1804927f0	87	OK	27014175
10291	FUN_180492850	180492850	14	OK	27014352
10292	FUN_180492860	180492860	393	OK	27016293
10293	FUN_1804929f0	1804929f0	287	OK	27018616
10294	FUN_180492b10	180492b10	115	OK	27019021
10295	FUN_180492b90	180492b90	48	OK	27019349
10296	FUN_180492bc0	180492bc0	294	OK	27020937
10297	FUN_180492cf0	180492cf0	262	OK	27022381
10298	FUN_180492e00	180492e00	511	OK	27025338
10299	FUN_180493010	180493010	115	OK	27026179
10300	FUN_180493090	180493090	141	OK	27026920
10301	FUN_180493120	180493120	118	OK	27027777
10302	FUN_1804931a0	1804931a0	117	OK	27028684
10303	FUN_180493220	180493220	153	OK	27029686
10304	FUN_1804932c0	1804932c0	274	OK	27031039
10305	FUN_1804933e0	1804933e0	242	OK	27032603
10306	FUN_1804934e0	1804934e0	54	OK	27032841
10307	FUN_180493520	180493520	693	OK	27037126
10308	FUN_1804937e0	1804937e0	84	OK	27037558
10309	FUN_180493840	180493840	11	OK	27037752
10310	FUN_180493850	180493850	11	OK	27037937
10311	FUN_180493860	180493860	147	OK	27038436
10312	FUN_180493900	180493900	863	OK	27042776
10313	FUN_180493c60	180493c60	165	OK	27043541
10314	FUN_180493d10	180493d10	251	OK	27044535
10315	FUN_180493e10	180493e10	497	OK	27047015
10316	FUN_180494010	180494010	690	OK	27050852
10317	FUN_180494300	180494300	742	OK	27054889
10318	FUN_1804945f0	1804945f0	252	OK	27055997
10319	FUN_1804946f0	1804946f0	188	OK	27056803
10320	FUN_1804947b0	1804947b0	327	OK	27058171
10321	FUN_180494900	180494900	269	OK	27059250
10322	FUN_180494a10	180494a10	269	OK	27060329
10323	FUN_180494b20	180494b20	350	OK	27061933
10324	FUN_180494c80	180494c80	286	OK	27063470
10325	FUN_180494da0	180494da0	517	OK	27065815
10326	FUN_180494fb0	180494fb0	481	OK	27068033
10327	FUN_1804951a0	1804951a0	532	OK	27070662
10328	FUN_1804953c0	1804953c0	478	OK	27073059
10329	FUN_1804955a0	1804955a0	327	OK	27074428
10330	FUN_1804956f0	1804956f0	230	OK	27075339
10331	FUN_1804957e0	1804957e0	797	OK	27080078
10332	FUN_180495b00	180495b00	128	OK	27080677
10333	FUN_180495b80	180495b80	200	OK	27081903
10334	FUN_180495c50	180495c50	207	OK	27083153
10335	FUN_180495d20	180495d20	619	OK	27086419
10336	FUN_180495f90	180495f90	842	OK	27090906
10337	FUN_1804962e0	1804962e0	189	OK	27092232
10338	FUN_1804963a0	1804963a0	2181	OK	27106274
10339	FUN_180496c30	180496c30	713	OK	27109943
10340	FUN_180496f00	180496f00	348	OK	27111723
10341	FUN_180497060	180497060	398	OK	27114298
10342	FUN_180497200	180497200	367	OK	27116408
10343	FUN_180497370	180497370	351	OK	27118079
10344	FUN_1804974d0	1804974d0	1164	OK	27124422
10345	FUN_180497960	180497960	35	OK	27124783
10346	FUN_180497990	180497990	220	OK	27126301
10347	FUN_180497a70	180497a70	190	OK	27127710
10348	FUN_180497b30	180497b30	298	OK	27128996
10349	FUN_180497c60	180497c60	11	OK	27129169
10350	FUN_180497c70	180497c70	159	OK	27129845
10351	FUN_180497d10	180497d10	46	OK	27130124
10352	FUN_180497d40	180497d40	160	OK	27130797
10353	FUN_180497de0	180497de0	156	OK	27131653
10354	FUN_180497e80	180497e80	140	OK	27132518
10355	FUN_180497f10	180497f10	107	OK	27132991
10356	FUN_180497f80	180497f80	211	OK	27134317
10357	FUN_180498060	180498060	278	OK	27135900
10358	FUN_180498180	180498180	3509	OK	27154736
10359	FUN_180499040	180499040	151	OK	27155728
10360	FUN_1804990e0	1804990e0	105	OK	27156454
10361	FUN_180499150	180499150	442	OK	27159141
10362	FUN_180499310	180499310	851	OK	27163527
10363	FUN_180499670	180499670	343	OK	27166246
10364	FUN_1804997d0	1804997d0	157	OK	27167265
10365	FUN_180499870	180499870	673	OK	27171102
10366	FUN_180499b20	180499b20	1071	OK	27176999
10367	FUN_180499f50	180499f50	4646	OK	27204710
10368	FUN_18049b180	18049b180	1790	OK	27213597
10369	FUN_18049b880	18049b880	1203	OK	27221410
10370	FUN_18049bd70	18049bd70	35	OK	27221615
10371	FUN_18049bda0	18049bda0	402	OK	27223769
10372	FUN_18049bf40	18049bf40	40	OK	27224174
10373	FUN_18049bf70	18049bf70	227	OK	27225482
10374	FUN_18049c060	18049c060	112	OK	27226052
10375	FUN_18049c0d0	18049c0d0	596	OK	27228396
10376	FUN_18049c350	18049c350	278	OK	27230564
10377	FUN_18049c470	18049c470	112	OK	27231135
10378	FUN_18049c4e0	18049c4e0	161	OK	27231934
10379	FUN_18049c590	18049c590	230	OK	27233240
10380	FUN_18049c680	18049c680	229	OK	27234805
10381	FUN_18049c770	18049c770	626	OK	27239103
10382	FUN_18049c9f0	18049c9f0	18	OK	27239280
10383	FUN_18049ca10	18049ca10	245	OK	27240574
10384	FUN_18049cb10	18049cb10	634	OK	27244765
10385	FUN_18049cd90	18049cd90	883	OK	27249556
10386	FUN_18049d110	18049d110	239	OK	27250939
10387	FUN_18049d200	18049d200	1359	OK	27257865
10388	FUN_18049d750	18049d750	247	OK	27259276
10389	FUN_18049d850	18049d850	904	OK	27266120
10390	FUN_18049dbe0	18049dbe0	548	OK	27269321
10391	FUN_18049de10	18049de10	826	OK	27274002
10392	FUN_18049e150	18049e150	522	OK	27277181
10393	FUN_18049e360	18049e360	19	OK	27277443
10394	FUN_18049e380	18049e380	517	OK	27280576
10395	FUN_18049e590	18049e590	453	OK	27282753
10396	FUN_18049e760	18049e760	368	OK	27284813
10397	FUN_18049e8e0	18049e8e0	2640	OK	27301563
10398	FUN_18049f380	18049f380	1222	OK	27308636
10399	FUN_18049f850	18049f850	358	OK	27310530
10400	FUN_18049f9c0	18049f9c0	156	OK	27311150
10401	FUN_18049fa60	18049fa60	364	OK	27313479
10402	FUN_18049fbd0	18049fbd0	344	OK	27315484
10403	FUN_18049fd30	18049fd30	1302	OK	27323161
10404	FUN_1804a0250	1804a0250	246	OK	27324488
10405	FUN_1804a0350	1804a0350	554	OK	27327457
10406	FUN_1804a0580	1804a0580	556	OK	27330416
10407	FUN_1804a07b0	1804a07b0	4545	OK	27358750
10408	FUN_1804a1980	1804a1980	877	OK	27363635
10409	FUN_1804a1cf0	1804a1cf0	1744	OK	27374208
10410	FUN_1804a23d0	1804a23d0	1028	OK	27380853
10411	FUN_1804a27e0	1804a27e0	125	OK	27381559
10412	FUN_1804a2860	1804a2860	10002	OK	27465857
10413	FUN_1804a4f80	1804a4f80	323	OK	27467445
10414	FUN_1804a50d0	1804a50d0	522	OK	27471221
10415	FUN_1804a52e0	1804a52e0	640	OK	27475420
10416	FUN_1804a5560	1804a5560	522	OK	27478356
10417	FUN_1804a5770	1804a5770	2359	OK	27494309
10418	FUN_1804a60b0	1804a60b0	537	OK	27497259
10419	FUN_1804a62d0	1804a62d0	516	OK	27500075
10420	FUN_1804a64e0	1804a64e0	242	OK	27501249
10421	FUN_1804a65e0	1804a65e0	1134	OK	27508114
10422	FUN_1804a6a50	1804a6a50	801	OK	27512316
10423	FUN_1804a6d80	1804a6d80	323	OK	27514489
10424	FUN_1804a6ed0	1804a6ed0	508	OK	27517241
10425	FUN_1804a70d0	1804a70d0	183	OK	27518061
10426	FUN_1804a7190	1804a7190	177	OK	27518900
10427	FUN_1804a7250	1804a7250	434	OK	27521064
10428	FUN_1804a7410	1804a7410	540	OK	27524304
10429	FUN_1804a7630	1804a7630	273	OK	27525997
10430	FUN_1804a7750	1804a7750	165	OK	27526978
10431	FUN_1804a7800	1804a7800	35	OK	27527183
10432	FUN_1804a7830	1804a7830	35	OK	27527388
10433	FUN_1804a7860	1804a7860	767	OK	27531674
10434	FUN_1804a7b70	1804a7b70	622	OK	27535088
10435	FUN_1804a7de0	1804a7de0	138	OK	27535822
10436	FUN_1804a7e70	1804a7e70	409	OK	27538522
10437	FUN_1804a8010	1804a8010	154	OK	27539335
10438	FUN_1804a80b0	1804a80b0	986	OK	27544329
10439	FUN_1804a8490	1804a8490	859	OK	27548553
10440	FUN_1804a87f0	1804a87f0	3037	OK	27563922
10441	FUN_1804a93d0	1804a93d0	2066	OK	27574416
10442	FUN_1804a9bf0	1804a9bf0	1651	OK	27583353
10443	FUN_1804aa270	1804aa270	748	OK	27587201
10444	FUN_1804aa560	1804aa560	776	OK	27591005
10445	FUN_1804aa870	1804aa870	1461	OK	27598991
10446	FUN_1804aae30	1804aae30	1511	OK	27606713
10447	FUN_1804ab420	1804ab420	846	OK	27611267
10448	FUN_1804ab770	1804ab770	781	OK	27615147
10449	FUN_1804aba80	1804aba80	694	OK	27618571
10450	FUN_1804abd40	1804abd40	527	OK	27621216
10451	FUN_1804abf50	1804abf50	1197	OK	27627626
10452	FUN_1804ac400	1804ac400	685	OK	27630925
10453	FUN_1804ac6b0	1804ac6b0	1005	OK	27636104
10454	FUN_1804acaa0	1804acaa0	1660	OK	27644824
10455	FUN_1804ad120	1804ad120	621	OK	27647886
10456	FUN_1804ad390	1804ad390	1518	OK	27656193
10457	FUN_1804ad980	1804ad980	2175	OK	27666957
10458	FUN_1804ae200	1804ae200	1431	OK	27674334
10459	FUN_1804ae7a0	1804ae7a0	611	OK	27677647
10460	FUN_1804aea10	1804aea10	620	OK	27681100
10461	FUN_1804aec80	1804aec80	741	OK	27685024
10462	FUN_1804aef70	1804aef70	942	OK	27689644
10463	FUN_1804af320	1804af320	519	OK	27692265
10464	FUN_1804af530	1804af530	216	OK	27693479
10465	FUN_1804af610	1804af610	813	OK	27698335
10466	FUN_1804af940	1804af940	283	OK	27699920
10467	FUN_1804afa60	1804afa60	229	OK	27701285
10468	FUN_1804afb50	1804afb50	148	OK	27702164
10469	FUN_1804afbf0	1804afbf0	122	OK	27702674
10470	FUN_1804afc70	1804afc70	107	OK	27703145
10471	FUN_1804afce0	1804afce0	276	OK	27704642
10472	FUN_1804afe00	1804afe00	322	OK	27706746
10473	FUN_1804aff50	1804aff50	202	OK	27707778
10474	FUN_1804b0020	1804b0020	105	OK	27708337
10475	FUN_1804b0090	1804b0090	211	OK	27709289
10476	FUN_1804b0170	1804b0170	116	OK	27709963
10477	FUN_1804b01f0	1804b01f0	135	OK	27710531
10478	FUN_1804b0280	1804b0280	641	OK	27713775
10479	FUN_1804b0510	1804b0510	37	OK	27714190
10480	FUN_1804b0540	1804b0540	391	OK	27717488
10481	FUN_1804b06d0	1804b06d0	515	OK	27720169
10482	FUN_1804b08e0	1804b08e0	306	OK	27721585
10483	FUN_1804b0a20	1804b0a20	118	OK	27722259
10484	FUN_1804b0aa0	1804b0aa0	213	OK	27722863
10485	FUN_1804b0b80	1804b0b80	47	OK	27723132
10486	FUN_1804b0bb0	1804b0bb0	109	OK	27723606
10487	FUN_1804b0c20	1804b0c20	215	OK	27724562
10488	FUN_1804b0d00	1804b0d00	76	OK	27724842
10489	FUN_1804b0d50	1804b0d50	1501	OK	27733534
10490	FUN_1804b1330	1804b1330	383	OK	27735348
10491	FUN_1804b14b0	1804b14b0	171	OK	27736498
10492	FUN_1804b1560	1804b1560	371	OK	27738026
10493	FUN_1804b16e0	1804b16e0	381	OK	27739528
10494	FUN_1804b1860	1804b1860	50	OK	27740027
10495	FUN_1804b18a0	1804b18a0	133	OK	27740554
10496	FUN_1804b1930	1804b1930	387	OK	27742274
10497	FUN_1804b1ac0	1804b1ac0	228	OK	27743423
10498	FUN_1804b1bb0	1804b1bb0	344	OK	27745144
10499	FUN_1804b1d10	1804b1d10	259	OK	27746372
10500	FUN_1804b1e20	1804b1e20	1052	OK	27751958
10501	FUN_1804b2240	1804b2240	53	OK	27752102
10502	FUN_1804b2280	1804b2280	1053	OK	27757720
10503	FUN_1804b26a0	1804b26a0	43	OK	27757864
10504	FUN_1804b26d0	1804b26d0	408	OK	27760495
10505	FUN_1804b2870	1804b2870	155	OK	27761307
10506	FUN_1804b2910	1804b2910	282	OK	27762754
10507	FUN_1804b2a30	1804b2a30	27	OK	27763147
10508	FUN_1804b2a50	1804b2a50	27	OK	27763540
10509	FUN_1804b2a70	1804b2a70	7	OK	27763706
10510	FUN_1804b2a80	1804b2a80	7	OK	27763872
10511	FUN_1804b2a90	1804b2a90	13	OK	27764093
10512	FUN_1804b2aa0	1804b2aa0	134	OK	27764866
10513	FUN_1804b2b30	1804b2b30	36	OK	27765105
10514	FUN_1804b2b60	1804b2b60	1781	OK	27776305
10515	FUN_1804b3260	1804b3260	1781	OK	27787505
10516	FUN_1804b3960	1804b3960	1781	OK	27798705
10517	FUN_1804b4060	1804b4060	1870	OK	27810831
10518	FUN_1804b47b0	1804b47b0	1886	OK	27822935
10519	FUN_1804b4f10	1804b4f10	2004	OK	27835665
10520	FUN_1804b56f0	1804b56f0	2004	OK	27848395
10521	FUN_1804b5ed0	1804b5ed0	1982	OK	27861467
10522	FUN_1804b6690	1804b6690	1870	OK	27873593
10523	FUN_1804b6de0	1804b6de0	222	OK	27874966
10524	FUN_1804b6ec0	1804b6ec0	134	OK	27875705
10525	FUN_1804b6f50	1804b6f50	274	OK	27877032
10526	FUN_1804b7070	1804b7070	144	OK	27877834
10527	FUN_1804b7100	1804b7100	202	OK	27878866
10528	FUN_1804b71d0	1804b71d0	115	OK	27879346
10529	FUN_1804b7250	1804b7250	2139	OK	27892531
10530	FUN_1804b7ab0	1804b7ab0	2139	OK	27905716
10531	FUN_1804b8310	1804b8310	464	OK	27908088
10532	FUN_1804b84f0	1804b84f0	509	OK	27910651
10533	FUN_1804b86f0	1804b86f0	790	OK	27915672
10534	FUN_1804b8a10	1804b8a10	599	OK	27919068
10535	FUN_1804b8c70	1804b8c70	1044	OK	27925917
10536	FUN_1804b9090	1804b9090	1531	OK	27935112
10537	FUN_1804b9690	1804b9690	548	OK	27937960
10538	FUN_1804b98c0	1804b98c0	548	OK	27940808
10539	FUN_1804b9af0	1804b9af0	605	OK	27944435
10540	FUN_1804b9d50	1804b9d50	605	OK	27948062
10541	FUN_1804b9fb0	1804b9fb0	427	OK	27950710
10542	FUN_1804ba160	1804ba160	474	OK	27953788
10543	FUN_1804ba340	1804ba340	377	OK	27955846
10544	FUN_1804ba4c0	1804ba4c0	188	OK	27956671
10545	FUN_1804ba580	1804ba580	1966	OK	27967807
10546	FUN_1804bad30	1804bad30	2016	OK	27979799
10547	FUN_1804bb510	1804bb510	503	OK	27982147
10548	FUN_1804bb710	1804bb710	503	OK	27984495
10549	FUN_1804bb910	1804bb910	822	OK	27989428
10550	FUN_1804bbc50	1804bbc50	242	OK	27990571
10551	FUN_1804bbd50	1804bbd50	462	OK	27993646
10552	FUN_1804bbf20	1804bbf20	1029	OK	27999971
10553	FUN_1804bc330	1804bc330	1029	OK	28006296
10554	FUN_1804bc740	1804bc740	359	OK	28008290
10555	FUN_1804bc8b0	1804bc8b0	165	OK	28009161
10556	FUN_1804bc960	1804bc960	239	OK	28010597
10557	FUN_1804bca50	1804bca50	182	OK	28011587
10558	FUN_1804bcb10	1804bcb10	182	OK	28012577
10559	FUN_1804bcbd0	1804bcbd0	107	OK	28013101
10560	FUN_1804bcc40	1804bcc40	547	OK	28017808
10561	FUN_1804bce70	1804bce70	179	OK	28018609
10562	FUN_1804bcf30	1804bcf30	179	OK	28019410
10563	FUN_1804bcff0	1804bcff0	29	OK	28019796
10564	FUN_1804bd010	1804bd010	202	OK	28020926
10565	FUN_1804bd0e0	1804bd0e0	253	OK	28022399
10566	FUN_1804bd1e0	1804bd1e0	484	OK	28024769
10567	FUN_1804bd3d0	1804bd3d0	464	OK	28026994
10568	FUN_1804bd5a0	1804bd5a0	293	OK	28028520
10569	FUN_1804bd6d0	1804bd6d0	222	OK	28029732
10570	FUN_1804bd7b0	1804bd7b0	279	OK	28031331
10571	FUN_1804bd8d0	1804bd8d0	173	OK	28032414
10572	FUN_1804bd980	1804bd980	89	OK	28033063
10573	FUN_1804bd9e0	1804bd9e0	136	OK	28033625
10574	FUN_1804bda70	1804bda70	136	OK	28034187
10575	FUN_1804bdb00	1804bdb00	236	OK	28035338
10576	FUN_1804bdbf0	1804bdbf0	131	OK	28036227
10577	FUN_1804bdc80	1804bdc80	169	OK	28036999
10578	FUN_1804bdd30	1804bdd30	247	OK	28038596
10579	FUN_1804bde30	1804bde30	126	OK	28039261
10580	FUN_1804bdeb0	1804bdeb0	387	OK	28041831
10581	FUN_1804be040	1804be040	699	OK	28047036
10582	FUN_1804be300	1804be300	9	OK	28047205
10583	FUN_1804be310	1804be310	179	OK	28048070
10584	FUN_1804be3d0	1804be3d0	893	OK	28053536
10585	FUN_1804be750	1804be750	893	OK	28059002
10586	FUN_1804bead0	1804bead0	43	OK	28059366
10587	FUN_1804beb00	1804beb00	26	OK	28059610
10588	FUN_1804beb20	1804beb20	3841	OK	28084123
10589	FUN_1804bfa30	1804bfa30	3841	OK	28108636
10590	FUN_1804c0940	1804c0940	37	OK	28108891
10591	FUN_1804c0970	1804c0970	1330	OK	28117196
10592	FUN_1804c0eb0	1804c0eb0	118	OK	28117807
10593	FUN_1804c0f30	1804c0f30	8	OK	28117980
10594	FUN_1804c0f40	1804c0f40	26	OK	28118210
10595	FUN_1804c0f60	1804c0f60	7	OK	28118383
10596	FUN_1804c0f70	1804c0f70	17	OK	28118595
10597	FUN_1804c0f90	1804c0f90	41	OK	28119118
10598	FUN_1804c0fc0	1804c0fc0	210	OK	28120191
10599	FUN_1804c10a0	1804c10a0	154	OK	28120852
10600	FUN_1804c1140	1804c1140	236	OK	28122003
10601	FUN_1804c1230	1804c1230	1942	OK	28136444
10602	FUN_1804c19d0	1804c19d0	1417	OK	28145141
10603	FUN_1804c1f60	1804c1f60	441	OK	28147812
10604	FUN_1804c2120	1804c2120	121	OK	28148486
10605	FUN_1804c21a0	1804c21a0	115	OK	28149140
10606	FUN_1804c2220	1804c2220	100	OK	28149661
10607	FUN_1804c2290	1804c2290	848	OK	28155199
10608	FUN_1804c25f0	1804c25f0	115	OK	28155810
10609	FUN_1804c2670	1804c2670	115	OK	28156529
10610	FUN_1804c26f0	1804c26f0	122	OK	28157558
10611	FUN_1804c2770	1804c2770	267	OK	28159108
10612	FUN_1804c2880	1804c2880	122	OK	28160139
10613	FUN_1804c2900	1804c2900	267	OK	28161691
10614	FUN_1804c2a10	1804c2a10	122	OK	28162721
10615	FUN_1804c2a90	1804c2a90	267	OK	28164272
10616	FUN_1804c2ba0	1804c2ba0	269	OK	28165944
10617	FUN_1804c2cb0	1804c2cb0	63	OK	28166277
10618	FUN_1804c2cf0	1804c2cf0	155	OK	28168013
10619	FUN_1804c2d90	1804c2d90	8	OK	28168189
10620	FUN_1804c2da0	1804c2da0	169	OK	28169420
10621	FUN_1804c2e50	1804c2e50	95	OK	28169963
10622	FUN_1804c2eb0	1804c2eb0	218	OK	28171232
10623	FUN_1804c2f90	1804c2f90	95	OK	28171775
10624	FUN_1804c2ff0	1804c2ff0	109	OK	28172350
10625	FUN_1804c3060	1804c3060	68	OK	28172725
10626	FUN_1804c30b0	1804c30b0	661	OK	28176203
10627	FUN_1804c3350	1804c3350	320	OK	28178117
10628	FUN_1804c3490	1804c3490	80	OK	28178372
10629	FUN_1804c34e0	1804c34e0	134	OK	28179063
10630	FUN_1804c3570	1804c3570	865	OK	28182966
10631	FUN_1804c38e0	1804c38e0	430	OK	28185434
10632	FUN_1804c3a90	1804c3a90	296	OK	28187127
10633	FUN_1804c3bc0	1804c3bc0	831	OK	28190888
10634	FUN_1804c3f00	1804c3f00	768	OK	28195046
10635	FUN_1804c4200	1804c4200	29	OK	28195274
10636	FUN_1804c4220	1804c4220	54	OK	28195633
10637	FUN_1804c4260	1804c4260	258	OK	28196701
10638	FUN_1804c4370	1804c4370	61	OK	28197169
10639	FUN_1804c43b0	1804c43b0	98	OK	28197887
10640	FUN_1804c4420	1804c4420	200	OK	28198032
10641	FUN_1804c44f0	1804c44f0	335	OK	28199358
10642	FUN_1804c4640	1804c4640	55	OK	28199797
10643	FUN_1804c4680	1804c4680	2281	OK	28204508
10644	FUN_1804c4f70	1804c4f70	761	OK	28206202
10645	FUN_1804c5270	1804c5270	1020	OK	28210470
10646	FUN_1804c5720	1804c5720	364	OK	28211992
10647	FUN_1804c5940	1804c5940	190	OK	28213276
10648	FUN_1804c5a00	1804c5a00	171	OK	28214425
10649	FUN_1804c5ab0	1804c5ab0	746	OK	28218880
10650	FUN_1804c5da0	1804c5da0	745	OK	28223119
10651	FUN_1804c6090	1804c6090	432	OK	28225426
10652	FUN_1804c6240	1804c6240	798	OK	28229790
10653	FUN_1804c6560	1804c6560	639	OK	28233414
10654	FUN_1804c67e0	1804c67e0	593	OK	28236578
10655	FUN_1804c6a40	1804c6a40	686	OK	28240243
10656	FUN_1804c6d00	1804c6d00	574	OK	28244097
10657	FUN_1804c6f40	1804c6f40	637	OK	28247645
10658	FUN_1804c71c0	1804c71c0	662	OK	28251862
10659	FUN_1804c7460	1804c7460	779	OK	28256389
10660	FUN_1804c7770	1804c7770	670	OK	28260878
10661	FUN_1804c7a10	1804c7a10	649	OK	28264606
10662	FUN_1804c7ca0	1804c7ca0	621	OK	28268075
10663	FUN_1804c7f10	1804c7f10	545	OK	28271228
10664	FUN_1804c8140	1804c8140	803	OK	28276189
10665	FUN_1804c8470	1804c8470	628	OK	28279503
10666	FUN_1804c86f0	1804c86f0	628	OK	28282817
10667	FUN_1804c8970	1804c8970	499	OK	28285627
10668	FUN_1804c8b70	1804c8b70	678	OK	28289503
10669	FUN_1804c8e20	1804c8e20	507	OK	28292419
10670	FUN_1804c9020	1804c9020	923	OK	28298056
10671	FUN_1804c93c0	1804c93c0	662	OK	28302550
10672	FUN_1804c9660	1804c9660	118	OK	28302967
10673	FUN_1804c96e0	1804c96e0	146	OK	28303508
10674	FUN_1804c9780	1804c9780	677	OK	28307356
10675	FUN_1804c9a30	1804c9a30	622	OK	28310721
10676	FUN_1804c9ca0	1804c9ca0	717	OK	28314987
10677	FUN_1804c9f70	1804c9f70	487	OK	28317972
10678	FUN_1804ca160	1804ca160	1557	OK	28329479
10679	FUN_1804ca780	1804ca780	295	OK	28331100
10680	FUN_1804ca8b0	1804ca8b0	171	OK	28332431
10681	FUN_1804ca960	1804ca960	57	OK	28332965
10682	FUN_1804ca9a0	1804ca9a0	106	OK	28333591
10683	FUN_1804caa10	1804caa10	115	OK	28334442
10684	FUN_1804caa90	1804caa90	47	OK	28334839
10685	FUN_1804caac0	1804caac0	227	OK	28336133
10686	FUN_1804cabb0	1804cabb0	660	OK	28339795
10687	FUN_1804caef0	1804caef0	544	OK	28343184
10688	FUN_1804cb110	1804cb110	33	OK	28343500
10689	FUN_1804cb140	1804cb140	691	OK	28346783
10690	FUN_1804cb400	1804cb400	28	OK	28347019
10691	FUN_1804cb420	1804cb420	2422	OK	28361876
10692	FUN_1804cbda0	1804cbda0	710	OK	28366232
10693	FUN_1804cc070	1804cc070	50	OK	28366674
10694	FUN_1804cc0b0	1804cc0b0	171	OK	28367939
10695	FUN_1804cc160	1804cc160	76	OK	28368614
10696	FUN_1804cc1b0	1804cc1b0	277	OK	28369921
10697	FUN_1804cc2d0	1804cc2d0	129	OK	28370575
10698	FUN_1804cc360	1804cc360	1057	OK	28375390
10699	FUN_1804cc790	1804cc790	650	OK	28378702
10700	FUN_1804cca20	1804cca20	542	OK	28381558
10701	FUN_1804ccc40	1804ccc40	1479	OK	28388205
10702	FUN_1804cd210	1804cd210	568	OK	28391220
10703	FUN_1804cd450	1804cd450	330	OK	28392862
10704	FUN_1804cd5f0	1804cd5f0	532	OK	28395737
10705	FUN_1804cd810	1804cd810	332	OK	28397731
10706	FUN_1804cd960	1804cd960	693	OK	28401091
10707	FUN_1804cdc40	1804cdc40	306	OK	28402725
10708	FUN_1804cdd80	1804cdd80	180	OK	28403527
10709	FUN_1804cde40	1804cde40	94	OK	28404035
10710	FUN_1804cdea0	1804cdea0	645	FAILED	28404143
10711	FUN_1804ce130	1804ce130	543	OK	28407306
10712	FUN_1804ce350	1804ce350	740	OK	28411109
10713	FUN_1804ce640	1804ce640	394	OK	28413291
10714	FUN_1804ce7d0	1804ce7d0	162	OK	28414049
10715	FUN_1804ce880	1804ce880	155	OK	28414763
10716	FUN_1804ce920	1804ce920	217	OK	28415717
10717	FUN_1804cea00	1804cea00	213	OK	28416700
10718	FUN_1804ceae0	1804ceae0	814	OK	28420759
10719	FUN_1804cee10	1804cee10	258	OK	28421959
10720	FUN_1804cef20	1804cef20	141	OK	28422725
10721	FUN_1804cefb0	1804cefb0	106	OK	28423400
10722	FUN_1804cf020	1804cf020	85	OK	28423948
10723	FUN_1804cf080	1804cf080	106	OK	28424584
10724	FUN_1804cf0f0	1804cf0f0	50	OK	28424921
10725	FUN_1804cf130	1804cf130	350	OK	28426913
10726	FUN_1804cf290	1804cf290	274	OK	28428108
10727	FUN_1804cf3b0	1804cf3b0	23	OK	28428320
10728	FUN_1804cf3d0	1804cf3d0	68	OK	28428841
10729	FUN_1804cf420	1804cf420	511	OK	28431415
10730	FUN_1804cf620	1804cf620	1128	OK	28436598
10731	FUN_1804cfab0	1804cfab0	210	OK	28437671
10732	FUN_1804cfb90	1804cfb90	949	OK	28442484
10733	FUN_1804cff50	1804cff50	236	OK	28443600
10734	FUN_1804d0040	1804d0040	2824	OK	28458108
10735	FUN_1804d0b50	1804d0b50	97	OK	28458666
10736	FUN_1804d0bc0	1804d0bc0	2577	OK	28471740
10737	FUN_1804d15e0	1804d15e0	412	OK	28473375
10738	FUN_1804d17d0	1804d17d0	487	OK	28475620
10739	FUN_1804d19c0	1804d19c0	589	OK	28478542
10740	FUN_1804d1c10	1804d1c10	5054	OK	28501255
10741	FUN_1804d2fd0	1804d2fd0	65	OK	28501646
10742	FUN_1804d3020	1804d3020	598	OK	28504776
10743	FUN_1804d3280	1804d3280	539	OK	28507434
10744	FUN_1804d34a0	1804d34a0	1376	OK	28513943
10745	FUN_1804d3a00	1804d3a00	1376	OK	28520452
10746	FUN_1804d3f60	1804d3f60	663	OK	28523666
10747	FUN_1804d4200	1804d4200	663	OK	28526880
10748	FUN_1804d44a0	1804d44a0	1746	OK	28535020
10749	FUN_1804d4b80	1804d4b80	643	OK	28538156
10750	FUN_1804d4e10	1804d4e10	652	OK	28541468
10751	FUN_1804d50a0	1804d50a0	674	OK	28544903
10752	FUN_1804d5350	1804d5350	249	OK	28546014
10753	FUN_1804d5450	1804d5450	1440	OK	28553691
10754	FUN_1804d59f0	1804d59f0	444	OK	28556005
10755	FUN_1804d5bb0	1804d5bb0	891	OK	28560429
10756	FUN_1804d5f30	1804d5f30	522	OK	28563147
10757	FUN_1804d6140	1804d6140	522	OK	28565865
10758	FUN_1804d6350	1804d6350	1904	OK	28575857
10759	FUN_1804d6ac0	1804d6ac0	627	OK	28578812
10760	FUN_1804d6d40	1804d6d40	399	OK	28580779
10761	FUN_1804d6ed0	1804d6ed0	340	OK	28582500
10762	FUN_1804d7030	1804d7030	722	OK	28586252
10763	FUN_1804d7310	1804d7310	444	OK	28588566
10764	FUN_1804d74d0	1804d74d0	497	OK	28590996
10765	FUN_1804d76d0	1804d76d0	65	OK	28591387
10766	FUN_1804d7720	1804d7720	330	OK	28592817
10767	FUN_1804d7870	1804d7870	324	OK	28594469
10768	FUN_1804d79c0	1804d79c0	334	OK	28596253
10769	FUN_1804d7b10	1804d7b10	8	OK	28596436
10770	FUN_1804d7b20	1804d7b20	918	OK	28600122
10771	FUN_1804d7ec0	1804d7ec0	120	OK	28600636
10772	FUN_1804d7f40	1804d7f40	411	OK	28602345
10773	FUN_1804d80e0	1804d80e0	30	OK	28602726
10774	FUN_1804d8100	1804d8100	136	OK	28604521
10775	FUN_1804d8190	1804d8190	161	OK	28605598
10776	FUN_1804d8240	1804d8240	152	OK	28606439
10777	FUN_1804d82e0	1804d82e0	63	OK	28606879
10778	FUN_1804d8320	1804d8320	1128	OK	28612143
10779	FUN_1804d8790	1804d8790	162	OK	28613220
10780	FUN_1804d8840	1804d8840	66	OK	28613750
10781	FUN_1804d8890	1804d8890	57	OK	28614332
10782	FUN_1804d88d0	1804d88d0	495	OK	28617121
10783	FUN_1804d8ac0	1804d8ac0	358	OK	28618687
10784	FUN_1804d8c30	1804d8c30	117	OK	28619479
10785	FUN_1804d8cb0	1804d8cb0	127	OK	28620144
10786	FUN_1804d8d30	1804d8d30	21	OK	28620653
10787	FUN_1804d8d50	1804d8d50	105	OK	28621391
10788	FUN_1804d8dc0	1804d8dc0	617	OK	28624518
10789	FUN_1804d9030	1804d9030	364	OK	28626458
10790	FUN_1804d91a0	1804d91a0	86	OK	28626881
10791	FUN_1804d9200	1804d9200	314	OK	28628629
10792	FUN_1804d9340	1804d9340	290	OK	28630203
10793	FUN_1804d9470	1804d9470	381	OK	28632302
10794	FUN_1804d95f0	1804d95f0	1154	OK	28639328
10795	FUN_1804d9a80	1804d9a80	98	OK	28639978
10796	FUN_1804d9af0	1804d9af0	386	OK	28641997
10797	FUN_1804d9c80	1804d9c80	12	OK	28642205
10798	FUN_1804d9c90	1804d9c90	16	OK	28642467
10799	FUN_1804d9ca0	1804d9ca0	21	OK	28642756
10800	FUN_1804d9cc0	1804d9cc0	156	OK	28643869
10801	FUN_1804d9d60	1804d9d60	413	OK	28646452
10802	FUN_1804d9f00	1804d9f00	180	OK	28647432
10803	FUN_1804d9fc0	1804d9fc0	928	OK	28653369
10804	FUN_1804da370	1804da370	458	OK	28655903
10805	FUN_1804da540	1804da540	1204	OK	28663386
10806	FUN_1804daa10	1804daa10	542	OK	28666284
10807	FUN_1804dac30	1804dac30	290	OK	28668032
10808	FUN_1804dad60	1804dad60	688	OK	28672145
10809	FUN_1804db020	1804db020	5937	OK	28714160
10810	FUN_1804dc760	1804dc760	867	OK	28718555
10811	FUN_1804dcad0	1804dcad0	92	OK	28719588
10812	FUN_1804dcb30	1804dcb30	1595	OK	28730157
10813	FUN_1804dd1a0	1804dd1a0	455	OK	28733184
10814	FUN_1804dd370	1804dd370	370	OK	28735054
10815	FUN_1804dd4f0	1804dd4f0	945	OK	28740308
10816	FUN_1804dd8b0	1804dd8b0	228	OK	28741457
10817	FUN_1804dd9a0	1804dd9a0	343	OK	28743323
10818	FUN_1804ddb00	1804ddb00	400	OK	28745814
10819	FUN_1804ddca0	1804ddca0	55	OK	28746406
10820	FUN_1804ddce0	1804ddce0	95	OK	28747244
10821	FUN_1804ddd40	1804ddd40	391	OK	28749365
10822	FUN_1804dded0	1804dded0	152	OK	28750147
10823	FUN_1804ddf70	1804ddf70	37	OK	28750370
10824	FUN_1804ddfa0	1804ddfa0	124	OK	28750940
10825	FUN_1804de020	1804de020	183	OK	28751943
10826	FUN_1804de0e0	1804de0e0	724	OK	28755810
10827	FUN_1804de3c0	1804de3c0	111	OK	28756321
10828	FUN_1804de430	1804de430	536	OK	28759064
10829	FUN_1804de650	1804de650	1084	OK	28766172
10830	FUN_1804deb00	1804deb00	35	OK	28766497
10831	FUN_1804deb30	1804deb30	44	OK	28766790
10832	FUN_1804deb60	1804deb60	44	OK	28767086
10833	FUN_1804deb90	1804deb90	44	OK	28767382
10834	FUN_1804debc0	1804debc0	44	OK	28767678
10835	FUN_1804debf0	1804debf0	45	OK	28768078
10836	FUN_1804dec20	1804dec20	29	OK	28768362
10837	FUN_1804dec40	1804dec40	93	OK	28769269
10838	FUN_1804deca0	1804deca0	2475	OK	28785979
10839	FUN_1804df650	1804df650	714	OK	28789399
10840	FUN_1804df920	1804df920	33	OK	28789641
10841	FUN_1804df950	1804df950	502	OK	28793077
10842	FUN_1804dfb50	1804dfb50	130	OK	28793713
10843	FUN_1804dfbe0	1804dfbe0	321	OK	28795268
10844	FUN_1804dfd30	1804dfd30	236	OK	28796349
10845	FUN_1804dfe20	1804dfe20	29	OK	28796493
10846	FUN_1804dfe40	1804dfe40	106	OK	28796867
10847	FUN_1804dfeb0	1804dfeb0	30	OK	28797118
10848	FUN_1804dfed0	1804dfed0	30	OK	28797369
10849	FUN_1804dfef0	1804dfef0	30	OK	28797620
10850	FUN_1804dff10	1804dff10	30	OK	28797871
10851	FUN_1804dff30	1804dff30	37	OK	28798015
10852	FUN_1804dff60	1804dff60	106	OK	28798389
10853	FUN_1804dffd0	1804dffd0	194	OK	28799312
10854	FUN_1804e00a0	1804e00a0	30	OK	28799563
10855	FUN_1804e00c0	1804e00c0	106	OK	28799937
10856	FUN_1804e0130	1804e0130	259	OK	28801014
10857	FUN_1804e0240	1804e0240	159	OK	28801696
10858	FUN_1804e02e0	1804e02e0	18675	OK	28875019
10859	FUN_1804e4be0	1804e4be0	111	OK	28875669
10860	FUN_1804e4c50	1804e4c50	737	OK	28879435
10861	FUN_1804e4f40	1804e4f40	901	OK	28884392
10862	FUN_1804e52d0	1804e52d0	211	OK	28885592
10863	FUN_1804e53b0	1804e53b0	289	OK	28886993
10864	FUN_1804e54e0	1804e54e0	200	OK	28888035
10865	FUN_1804e55b0	1804e55b0	888	OK	28892915
10866	FUN_1804e5930	1804e5930	225	OK	28894065
10867	FUN_1804e5a20	1804e5a20	281	OK	28898336
10868	FUN_1804e5b50	1804e5b50	1265	OK	28906120
10869	FUN_1804e6050	1804e6050	448	OK	28908397
10870	FUN_1804e6210	1804e6210	53527	FAILED	28908507
10871	FUN_1804f3c90	1804f3c90	7625	OK	28951181
10872	FUN_1804f5ac0	1804f5ac0	107	OK	28951783
10873	FUN_1804f5b30	1804f5b30	131	OK	28952334
10874	FUN_1804f5bc0	1804f5bc0	332	OK	28953939
10875	FUN_1804f5d10	1804f5d10	298	OK	28955444
10876	FUN_1804f5e40	1804f5e40	2349	OK	28969291
10877	FUN_1804f6770	1804f6770	176	OK	28970160
10878	FUN_1804f6820	1804f6820	1354	OK	28978987
10879	FUN_1804f6d70	1804f6d70	377	OK	28980965
10880	FUN_1804f6ef0	1804f6ef0	428	OK	28983096
10881	FUN_1804f70c0	1804f70c0	823	OK	28987786
10882	FUN_1804f7400	1804f7400	354	OK	28989431
10883	FUN_1804f7570	1804f7570	1428	OK	28996311
10884	FUN_1804f7b10	1804f7b10	168	OK	28997171
10885	FUN_1804f7bc0	1804f7bc0	243	OK	28998276
10886	FUN_1804f7cc0	1804f7cc0	1175	OK	29004280
10887	FUN_1804f8160	1804f8160	778	OK	29008394
10888	FUN_1804f8470	1804f8470	702	OK	29011932
10889	FUN_1804f8730	1804f8730	109	OK	29012499
10890	FUN_1804f87a0	1804f87a0	13	OK	29012766
10891	FUN_1804f87b0	1804f87b0	37	OK	29013199
10892	FUN_1804f87e0	1804f87e0	45	OK	29013632
10893	FUN_1804f8810	1804f8810	57	OK	29014057
10894	FUN_1804f8850	1804f8850	36	OK	29014328
10895	FUN_1804f8880	1804f8880	236	OK	29015574
10896	FUN_1804f8970	1804f8970	62	OK	29015944
10897	FUN_1804f89b0	1804f89b0	132	OK	29016613
10898	FUN_1804f8a40	1804f8a40	135	OK	29017282
10899	FUN_1804f8ad0	1804f8ad0	48	OK	29017677
10900	FUN_1804f8b00	1804f8b00	38	OK	29018104
10901	FUN_1804f8b30	1804f8b30	2581	OK	29034669
10902	FUN_1804f9550	1804f9550	400	OK	29036317
10903	FUN_1804f96e0	1804f96e0	439	OK	29038992
10904	FUN_1804f98a0	1804f98a0	247	OK	29040039
10905	FUN_1804f99a0	1804f99a0	885	OK	29044445
10906	FUN_1804f9d20	1804f9d20	406	OK	29047463
10907	FUN_1804f9ec0	1804f9ec0	449	OK	29049183
10908	FUN_1804fa090	1804fa090	1175	OK	29054894
10909	FUN_1804fa530	1804fa530	537	OK	29057558
10910	FUN_1804fa750	1804fa750	431	OK	29059714
10911	FUN_1804fa900	1804fa900	294	OK	29061569
10912	FUN_1804faa30	1804faa30	214	OK	29062689
10913	FUN_1804fab10	1804fab10	403	OK	29065593
10914	FUN_1804facb0	1804facb0	555	OK	29067910
10915	FUN_1804faee0	1804faee0	439	OK	29070549
10916	FUN_1804fb0a0	1804fb0a0	230	OK	29073343
10917	FUN_1804fb190	1804fb190	485	OK	29076116
10918	FUN_1804fb380	1804fb380	227	OK	29077537
10919	FUN_1804fb470	1804fb470	151	OK	29078217
10920	FUN_1804fb510	1804fb510	186	OK	29079083
10921	FUN_1804fb5d0	1804fb5d0	1607	OK	29090244
10922	FUN_1804fbc20	1804fbc20	1002	OK	29096653
10923	FUN_1804fc010	1804fc010	142	OK	29097401
10924	FUN_1804fc0a0	1804fc0a0	446	OK	29099801
10925	FUN_1804fc260	1804fc260	394	OK	29102745
10926	FUN_1804fc3f0	1804fc3f0	5	OK	29102919
10927	FUN_1804fc400	1804fc400	579	OK	29106275
10928	FUN_1804fc650	1804fc650	258	OK	29108548
10929	FUN_1804fc760	1804fc760	462	OK	29111627
10930	FUN_1804fc930	1804fc930	656	OK	29116225
10931	FUN_1804fcbc0	1804fcbc0	296	OK	29117766
10932	FUN_1804fccf0	1804fccf0	650	OK	29121503
10933	FUN_1804fcf80	1804fcf80	2187	OK	29139166
10934	FUN_1804fd810	1804fd810	442	OK	29142605
10935	FUN_1804fd9d0	1804fd9d0	282	OK	29144824
10936	FUN_1804fdaf0	1804fdaf0	494	OK	29147200
10937	FUN_1804fdce0	1804fdce0	4654	OK	29173370
10938	FUN_1804ff050	1804ff050	2326	OK	29185454
10939	FUN_1804ff970	1804ff970	2672	OK	29202313
10940	FUN_180500660	180500660	692	OK	29206305
10941	FUN_180500920	180500920	97	OK	29206881
10942	FUN_180500990	180500990	3820	OK	29231123
10943	FUN_180501880	180501880	519	OK	29233785
10944	FUN_180501a90	180501a90	451	OK	29235939
10945	FUN_180501c60	180501c60	755	OK	29240310
10946	FUN_180501f60	180501f60	675	OK	29243749
10947	FUN_180502210	180502210	686	OK	29247088
10948	FUN_1805024c0	1805024c0	1831	OK	29257220
10949	FUN_180502bf0	180502bf0	997	OK	29262610
10950	FUN_180502fe0	180502fe0	255	OK	29264240
10951	FUN_1805030e0	1805030e0	262	OK	29265380
10952	FUN_1805031f0	1805031f0	1653	OK	29275247
10953	FUN_1805038b0	1805038b0	316	OK	29276806
10954	FUN_1805039f0	1805039f0	374	OK	29278499
10955	FUN_180503b70	180503b70	372	OK	29280208
10956	FUN_180503cf0	180503cf0	103	OK	29280903
10957	FUN_180503d60	180503d60	123	OK	29281764
10958	FUN_180503de0	180503de0	89	OK	29282294
10959	FUN_180503e40	180503e40	980	OK	29288093
10960	FUN_180504240	180504240	135	OK	29288743
10961	FUN_1805042d0	1805042d0	1390	OK	29300271
10962	FUN_180504840	180504840	690	OK	29305674
10963	FUN_180504b10	180504b10	11	OK	29305847
10964	FUN_180504b20	180504b20	193	OK	29306859
10965	FUN_180504bf0	180504bf0	777	OK	29312945
10966	FUN_180504f20	180504f20	1039	OK	29318367
10967	FUN_180505330	180505330	190	OK	29319312
10968	FUN_1805053f0	1805053f0	218	OK	29320407
10969	FUN_1805054d0	1805054d0	25	OK	29320681
10970	FUN_1805054f0	1805054f0	23	OK	29320959
10971	FUN_180505510	180505510	2372	OK	29333187
10972	FUN_180505e60	180505e60	21	OK	29333395
10973	FUN_180505e80	180505e80	40	OK	29333622
10974	FUN_180505eb0	180505eb0	224	OK	29334924
10975	FUN_180505fa0	180505fa0	224	OK	29336119
10976	FUN_180506080	180506080	219	OK	29337314
10977	FUN_180506160	180506160	40	OK	29337541
10978	FUN_180506190	180506190	44	OK	29337770
10979	FUN_1805061c0	1805061c0	46	OK	29338062
10980	FUN_1805061f0	1805061f0	210	OK	29339087
10981	FUN_1805062d0	1805062d0	41	OK	29339354
10982	FUN_180506300	180506300	19	OK	29339568
10983	FUN_180506320	180506320	176	OK	29340735
10984	FUN_1805063e0	1805063e0	6546	OK	29376530
10985	FUN_180507d80	180507d80	22	OK	29376758
10986	FUN_180507da0	180507da0	51	OK	29377156
10987	FUN_180507de0	180507de0	45	OK	29377506
10988	FUN_180507e10	180507e10	51	OK	29377901
10989	FUN_180507e50	180507e50	56	OK	29378295
10990	FUN_180507e90	180507e90	99	OK	29378710
10991	FUN_180507f00	180507f00	159	OK	29379400
10992	FUN_180507fa0	180507fa0	159	OK	29380090
10993	FUN_180508040	180508040	174	OK	29380858
10994	FUN_1805080f0	1805080f0	250	OK	29382129
10995	FUN_1805081f0	1805081f0	159	OK	29382819
10996	FUN_180508290	180508290	159	OK	29383509
10997	FUN_180508330	180508330	164	OK	29384223
10998	FUN_1805083e0	1805083e0	159	OK	29384913
10999	FUN_180508480	180508480	52	OK	29385174
11000	FUN_1805084c0	1805084c0	80	OK	29385555
11001	FUN_180508510	180508510	48	OK	29385901
11002	FUN_180508540	180508540	50	OK	29386254
11003	FUN_180508580	180508580	84	OK	29386960
11004	FUN_1805085e0	1805085e0	126	OK	29387616
11005	FUN_180508660	180508660	100	OK	29388177
11006	FUN_1805086d0	1805086d0	184	OK	29388980
11007	FUN_180508790	180508790	45	OK	29389416
11008	FUN_1805087c0	1805087c0	34	OK	29389670
11009	FUN_1805087f0	1805087f0	38	OK	29389997
11010	FUN_180508820	180508820	36	OK	29390236
11011	FUN_180508850	180508850	314	OK	29392077
11012	FUN_180508990	180508990	665	OK	29395774
11013	FUN_180508c30	180508c30	533	OK	29399027
11014	FUN_180508e50	180508e50	130	OK	29399838
11015	FUN_180508ee0	180508ee0	119	OK	29400397
11016	FUN_180508f60	180508f60	533	OK	29403069
11017	FUN_180509180	180509180	289	OK	29404872
11018	FUN_1805092b0	1805092b0	126	OK	29405716
11019	FUN_180509330	180509330	39	OK	29406009
11020	FUN_180509360	180509360	25	OK	29406305
11021	FUN_180509380	180509380	37	OK	29406551
11022	FUN_1805093b0	1805093b0	18	OK	29406784
11023	FUN_1805093d0	1805093d0	208	OK	29407707
11024	FUN_1805094a0	1805094a0	418	OK	29409974
11025	FUN_180509650	180509650	77	OK	29410643
11026	FUN_1805096a0	1805096a0	172	OK	29411619
11027	FUN_180509750	180509750	79	OK	29411958
11028	FUN_1805097a0	1805097a0	282	OK	29413757
11029	FUN_1805098c0	1805098c0	270	OK	29415638
11030	FUN_1805099d0	1805099d0	173	OK	29416614
11031	FUN_180509a80	180509a80	41	OK	29416930
11032	FUN_180509ab0	180509ab0	168	OK	29417630
11033	FUN_180509b60	180509b60	170	OK	29418387
11034	FUN_180509c10	180509c10	27	OK	29418655
11035	FUN_180509c30	180509c30	142	OK	29419447
11036	FUN_180509cc0	180509cc0	41	OK	29419807
11037	FUN_180509cf0	180509cf0	48	OK	29420216
11038	FUN_180509d20	180509d20	48	OK	29420458
11039	FUN_180509d50	180509d50	33	OK	29420681
11040	FUN_180509d80	180509d80	148	OK	29421459
11041	FUN_180509e20	180509e20	55	OK	29421920
11042	FUN_180509e60	180509e60	27	OK	29422116
11043	FUN_180509e80	180509e80	27	OK	29422312
11044	FUN_180509ea0	180509ea0	27	OK	29422508
11045	FUN_180509ec0	180509ec0	27	OK	29422704
11046	FUN_180509ee0	180509ee0	27	OK	29422900
11047	FUN_180509f00	180509f00	132	OK	29423573
11048	FUN_180509f90	180509f90	27	OK	29423769
11049	FUN_180509fb0	180509fb0	27	OK	29423965
11050	FUN_180509fd0	180509fd0	311	OK	29425324
11051	FUN_18050a110	18050a110	919	OK	29430701
11052	FUN_18050a4b0	18050a4b0	406	OK	29432692
11053	thunk_FUN_1800bb3f0	18050a650	5	OK	29434487
11054	FUN_18050a660	18050a660	395	OK	29437325
11055	FUN_18050a860	18050a860	550	OK	29440215
11056	FUN_18050aa90	18050aa90	486	OK	29443020
11057	FUN_18050ac80	18050ac80	236	OK	29444321
11058	FUN_18050ad70	18050ad70	1069	OK	29450027
11059	FUN_18050b1a0	18050b1a0	64	OK	29450324
11060	FUN_18050b1e0	18050b1e0	64	OK	29450621
11061	FUN_18050b220	18050b220	126	OK	29451123
11062	FUN_18050b2a0	18050b2a0	128	OK	29451657
11063	FUN_18050b320	18050b320	22	OK	29451887
11064	FUN_18050b340	18050b340	22	OK	29452114
11065	FUN_18050b360	18050b360	453	OK	29454898
11066	FUN_18050b530	18050b530	454	OK	29457143
11067	FUN_18050b700	18050b700	125	OK	29457661
11068	FUN_18050b780	18050b780	125	OK	29458179
11069	FUN_18050b800	18050b800	105	OK	29458867
11070	FUN_18050b870	18050b870	196	OK	29459869
11071	FUN_18050b960	18050b960	244	OK	29460668
11072	FUN_18050ba60	18050ba60	447	OK	29461953
11073	FUN_18050bc20	18050bc20	14	OK	29462161
11074	FUN_18050bc30	18050bc30	8	OK	29462362
11075	FUN_18050bc40	18050bc40	9	OK	29462531
11076	FUN_18050bc50	18050bc50	14	OK	29462739
11077	FUN_18050bc60	18050bc60	8	OK	29462940
11078	FUN_18050bc70	18050bc70	43	OK	29463218
11079	FUN_18050bca0	18050bca0	14	OK	29463426
11080	FUN_18050bcb0	18050bcb0	8	OK	29463627
11081	FUN_18050bcc0	18050bcc0	332	OK	29465896
11082	FUN_18050be10	18050be10	451	OK	29468895
11083	FUN_18050bfe0	18050bfe0	58	OK	29469416
11084	FUN_18050c020	18050c020	36	OK	29469647
11085	FUN_18050c050	18050c050	58	OK	29470168
11086	FUN_18050c090	18050c090	58	OK	29470689
11087	FUN_18050c0d0	18050c0d0	41	OK	29471018
11088	FUN_18050c100	18050c100	5	OK	29471189
11089	FUN_18050c110	18050c110	661	OK	29474663
11090	FUN_18050c3b0	18050c3b0	116	OK	29475555
11091	FUN_18050c430	18050c430	440	OK	29477406
11092	FUN_18050c630	18050c630	650	OK	29480210
11093	FUN_18050ca30	18050ca30	962	OK	29484413
11094	FUN_18050ce90	18050ce90	180	OK	29485367
11095	FUN_18050cf50	18050cf50	3924	OK	29502021
11096	FUN_18050e250	18050e250	1991	OK	29511171
11097	FUN_18050eb70	18050eb70	1284	OK	29513826
11098	FUN_18050f080	18050f080	1703	OK	29517892
11099	FUN_18050f730	18050f730	2783	OK	29523018
11100	FUN_180510210	180510210	309	OK	29523845
11101	FUN_180510350	180510350	11398	OK	29582124
11102	FUN_180512fe0	180512fe0	5820	OK	29593531
11103	FUN_1805146a0	1805146a0	186	OK	29594103
11104	FUN_180514760	180514760	516	OK	29596084
11105	FUN_1805149c0	1805149c0	46	OK	29596590
11106	FUN_1805149f0	1805149f0	553	OK	29599052
11107	FUN_180514c20	180514c20	578	OK	29601841
11108	FUN_180514e70	180514e70	125	OK	29603374
11109	FUN_180514ef0	180514ef0	237	OK	29605910
11110	FUN_180514fe0	180514fe0	1051	OK	29612214
11111	FUN_180515400	180515400	1853	OK	29624498
11112	FUN_180515b40	180515b40	2061	OK	29638173
11113	FUN_180516350	180516350	580	OK	29640576
11114	FUN_1805165a0	1805165a0	318	OK	29642122
11115	FUN_1805166e0	1805166e0	2793	OK	29659886
11116	FUN_1805171d0	1805171d0	2596	OK	29675627
11117	FUN_180517c00	180517c00	38	OK	29675946
11118	DelayLoad_SHCreateDirectoryExA	180517c26	12	OK	29676124
11119	FUN_180517c32	180517c32	121	OK	29676657
11120	DelayLoad_SHGetKnownFolderPath	180517cab	12	OK	29676835
11121	SHGetKnownFolderPath	180517cb7	6	OK	29677165
11122	DelayLoad_CoTaskMemFree	180517cbd	12	OK	29677329
11123	FUN_180517cc9	180517cc9	121	OK	29677862
11124	DloadAcquireSectionWriteAccess	180517d44	170	OK	29678921
11125	FUN_180517df0	180517df0	158	OK	29679976
11126	DloadMakePermanentImageCommit	180517e90	152	OK	29681452
11127	FUN_180517f28	180517f28	153	OK	29682843
11128	DloadProtectSection	180517fc4	142	OK	29684134
11129	DloadReleaseSectionWriteAccess	180518054	147	OK	29685231
11130	FUN_1805180f0	1805180f0	726	OK	29689408
11131	K32GetProcessMemoryInfo	1805183c6	6	OK	29689747
11132	basic_streambuf<>	1805183cc	144	OK	29691175
11133	FUN_18051845c	18051845c	10	OK	29691433
11134	FUN_180518468	180518468	30	OK	29691678
11135	FUN_180518488	180518488	60	OK	29692008
11136	FUN_1805184c4	1805184c4	21	OK	29692246
11137	FUN_1805184dc	1805184dc	60	OK	29692571
11138	FUN_180518518	180518518	71	OK	29692983
11139	FUN_180518560	180518560	60	OK	29693308
11140	FUN_18051859c	18051859c	71	OK	29693720
11141	FUN_1805185e4	1805185e4	75	OK	29694110
11142	regex_error	180518630	100	OK	29694817
11143	FUN_1805186a0	1805186a0	66	OK	29695140
11144	_Stringify	1805186e4	204	OK	29697645
11145	FUN_1805187b0	1805187b0	31	OK	29697940
11146	FUN_1805187d0	1805187d0	31	OK	29698235
11147	FUN_1805187f0	1805187f0	34	OK	29698552
11148	FUN_180518814	180518814	34	OK	29698869
11149	FUN_180518838	180518838	33	OK	29699203
11150	FUN_18051885c	18051885c	34	OK	29699520
11151	FUN_180518880	180518880	8	OK	29699666
11152	FUN_180518890	180518890	11	OK	29700021
11153	FUN_18051889c	18051889c	436	OK	29702368
11154	FUN_180518a50	180518a50	24	OK	29702602
11155	FUN_180518a70	180518a70	11	OK	29702957
11156	FUN_180518a7c	180518a7c	18	OK	29703134
11157	FUN_180518a90	180518a90	57	OK	29703504
11158	FUN_180518acc	180518acc	7	OK	29703670
11159	_Mtx_unlock	180518ad4	38	OK	29704149
11160	FUN_180518afc	180518afc	146	OK	29704969
11161	LocalFree	180518b90	7	OK	29705327
11162	FUN_180518b98	180518b98	40	OK	29705667
11163	FUN_180518bc0	180518bc0	34	OK	29705975
11164	FUN_180518be4	180518be4	77	OK	29706312
11165	__std_fs_code_page	180518c34	38	OK	29706791
11166	__std_fs_convert_narrow_to_wide	180518c5c	69	OK	29707396
11167	__std_fs_convert_wide_to_narrow	180518ca4	289	OK	29708726
11168	FUN_180518dc8	180518dc8	203	OK	29709502
11169	__std_fs_create_directory	180518e94	120	OK	29710360
11170	FUN_180518f0c	180518f0c	809	OK	29715668
11171	FUN_18051923c	18051923c	161	OK	29716744
11172	__std_fs_open_handle	1805192e0	87	OK	29717325
11173	_Init_locks	180519338	67	OK	29717916
11174	_Lockit	18051937c	59	OK	29718449
11175	FUN_1805193b8	1805193b8	59	OK	29719010
11176	~_Lockit	1805193f4	50	OK	29719568
11177	_Locimp	180519428	134	OK	29720495
11178	operator=	1805194b0	118	OK	29721513
11179	`scalar_deleting_destructor'	180519530	92	OK	29722216
11180	_Facet_Register	18051958c	56	OK	29722778
11181	FUN_1805195c4	1805195c4	8	OK	29722922
11182	FUN_1805195cc	1805195cc	242	OK	29724262
11183	_Locimp_dtor	1805196c0	123	OK	29725139
11184	_Locinfo_ctor	18051973c	105	OK	29725931
11185	_Locinfo_dtor	1805197a8	25	OK	29726396
11186	_New_Locimp	1805197c4	46	OK	29726947
11187	FUN_1805197f4	1805197f4	50	OK	29727210
11188	_Deletegloballocale	180519828	58	OK	29727697
11189	FUN_180519870	180519870	51	OK	29727989
11190	FUN_1805198a4	1805198a4	190	OK	29729959
11191	FUN_180519964	180519964	305	OK	29731806
11192	FUN_180519a98	180519a98	321	OK	29733651
11193	FUN_180519bdc	180519bdc	119	OK	29734293
11194	_Ios_base_dtor	180519c54	117	OK	29735197
11195	_Tidy	180519ccc	127	OK	29736178
11196	FUN_180519d4c	180519d4c	179	OK	29737354
11197	_Getcvt	180519e00	152	OK	29740235
11198	FUN_180519e98	180519e98	293	OK	29741962
11199	FUN_180519fc0	180519fc0	56	OK	29742507
11200	FUN_180519ffc	180519ffc	70	OK	29742987
11201	FUN_18051a044	18051a044	8	OK	29743142
11202	FUN_18051a04c	18051a04c	18	OK	29743369
11203	FUN_18051a060	18051a060	18	OK	29743596
11204	FUN_18051a080	18051a080	5	OK	29743796
11205	__uncaught_exception	18051a088	5	OK	29744090
11206	FUN_18051a090	18051a090	9	OK	29744277
11207	FUN_18051a0a0	18051a0a0	197	OK	29749428
11208	FUN_18051a170	18051a170	198	OK	29754157
11209	FUN_18051a240	18051a240	238	OK	29756118
11210	FUN_18051a330	18051a330	207	OK	29758013
11211	_Getcoll	18051a400	52	OK	29758717
11212	_Strcoll	18051a434	205	OK	29759998
11213	FUN_18051a504	18051a504	256	OK	29761122
11214	FUN_18051a610	18051a610	14	OK	29761349
11215	FUN_18051a620	18051a620	40	OK	29761689
11216	FUN_18051a648	18051a648	77	OK	29762148
11217	FUN_18051a698	18051a698	8	OK	29762303
11218	FUN_18051a6a0	18051a6a0	65	OK	29762629
11219	FUN_18051a6e4	18051a6e4	47	OK	29762933
11220	FUN_18051a714	18051a714	34	OK	29763151
11221	FID_conflict:`scalar_deleting_destructor'	18051a738	124	OK	29764378
11222	FUN_18051a7c0	18051a7c0	71	OK	29764701
11223	FUN_18051a808	18051a808	3	OK	29765063
11224	FUN_18051a80c	18051a80c	9	OK	29765459
11225	_CallMemberFunction2	18051a818	15	OK	29766051
11226	_CopyExceptionObject	18051a828	151	OK	29767124
11227	__ExceptionPtrCopy	18051a8c0	37	OK	29767845
11228	FUN_18051a8e8	18051a8e8	10	OK	29768019
11229	FUN_18051a8f4	18051a8f4	7	OK	29768213
11230	FUN_18051a8fc	18051a8fc	385	OK	29771706
11231	FUN_18051aa80	18051aa80	8	OK	29771857
11232	FUN_18051aa88	18051aa88	25	OK	29772103
11233	FUN_18051aaa4	18051aaa4	44	OK	29772382
11234	FUN_18051aad0	18051aad0	204	OK	29773357
11235	_Xtime_get_ticks	18051ab9c	47	OK	29773765
11236	xtime_get	18051abcc	86	OK	29774371
11237	AcquireSRWLockExclusive	18051ac24	7	OK	29774741
11238	AcquireSRWLockShared	18051ac2c	7	OK	29775102
11239	ReleaseSRWLockExclusive	18051ac34	7	OK	29775472
11240	ReleaseSRWLockShared	18051ac3c	7	OK	29775833
11241	FUN_18051ac44	18051ac44	58	OK	29776231
11242	DeleteCriticalSection	18051ac80	7	OK	29776625
11243	FUN_18051ac88	18051ac88	15	OK	29776977
11244	EnterCriticalSection	18051ac98	7	OK	29777368
11245	LeaveCriticalSection	18051aca0	7	OK	29777759
11246	FUN_18051aca8	18051aca8	770	OK	29784469
11247	FUN_18051afac	18051afac	887	OK	29791437
11248	FUN_18051b330	18051b330	99	OK	29791927
11249	__crtGetSystemTimePreciseAsFileTime	18051b394	26	OK	29792532
11250	FUN_18051b3b0	18051b3b0	59	OK	29793040
11251	thunk_FUN_18053d178	18051b3ec	5	OK	29793484
11252	__scrt_acquire_startup_lock	18051b3f4	57	OK	29794381
11253	__scrt_dllmain_after_initialize_c	18051b430	52	OK	29794950
11254	FUN_18051b464	18051b464	21	OK	29795134
11255	__scrt_dllmain_crt_thread_attach	18051b47c	40	OK	29795664
11256	__scrt_dllmain_crt_thread_detach	18051b4a4	21	OK	29796040
11257	__scrt_dllmain_exception_filter	18051b4bc	96	OK	29796689
11258	__scrt_dllmain_uninitialize_c	18051b51c	48	OK	29797218
11259	FUN_18051b54c	18051b54c	20	OK	29797382
11260	__scrt_initialize_crt	18051b560	73	OK	29797893
11261	FUN_18051b5ac	18051b5ac	138	OK	29798848
11262	FUN_18051b638	18051b638	150	OK	29800224
11263	__scrt_release_startup_lock	18051b6d0	36	OK	29800708
11264	__scrt_uninitialize_crt	18051b6f4	41	OK	29801117
11265	_onexit	18051b720	58	OK	29801592
11266	atexit	18051b75c	23	OK	29801912
11267	__GSHandlerCheck	18051b774	29	OK	29802328
11268	__GSHandlerCheckCommon	18051b794	91	OK	29803018
11269	__chkstk	18051b800	78	OK	29803731
11270	__security_check_cookie	18051b860	30	OK	29804074
11271	FUN_18051b880	18051b880	43	OK	29804352
11272	FUN_18051b8ac	18051b8ac	16	OK	29804496
11273	FUN_18051b8c0	18051b8c0	207	OK	29805561
11274	FUN_18051b990	18051b990	40	OK	29805821
11275	_Init_thread_abort	18051b9b8	48	OK	29806237
11276	_Init_thread_footer	18051b9e8	96	OK	29806849
11277	_Init_thread_header	18051ba48	103	OK	29807716
11278	_Init_thread_notify	18051bab0	65	OK	29808293
11279	_Init_thread_wait	18051baf4	99	OK	29809010
11280	FUN_18051bb60	18051bb60	80	OK	29809606
11281	FUN_18051bbb0	18051bbb0	276	OK	29810841
11282	FUN_18051bcc8	18051bcc8	129	OK	29811665
11283	dllmain_dispatch	18051bd4c	299	OK	29813065
11284	entry	18051be80	61	OK	29813319
11285	__GSHandlerCheck_EH4	18051bec0	127	OK	29813881
11286	`eh_vector_destructor_iterator'	18051bf40	107	OK	29814648
11287	__ArrayUnwind	18051bfac	97	OK	29815247
11288	thunk_FUN_18053d178	18051c010	5	OK	29815691
11289	FUN_18051c018	18051c018	428	OK	29817524
11290	__raise_securityfailure	18051c1c4	52	OK	29818227
11291	FUN_18051c200	18051c200	210	OK	29819267
11292	FUN_18051c2d4	18051c2d4	19	OK	29819412
11293	FUN_18051c2e8	18051c2e8	156	OK	29820354
11294	capture_current_context	18051c384	109	OK	29821155
11295	capture_previous_context	18051c3f4	113	OK	29822061
11296	FUN_18051c468	18051c468	31	OK	29822356
11297	__scrt_is_ucrt_dll_in_use	18051c488	12	OK	29822666
11298	FUN_18051c494	18051c494	8	OK	29822898
11299	FUN_18051c49c	18051c49c	331	OK	29825235
11300	__security_init_cookie	18051c5f0	172	OK	29826403
11301	FUN_18051c69c	18051c69c	14	OK	29826733
11302	FUN_18051c6ac	18051c6ac	12	OK	29826891
11303	FUN_18051c6b8	18051c6b8	8	OK	29827037
11304	FUN_18051c6c0	18051c6c0	27	OK	29827321
11305	FUN_18051c6dc	18051c6dc	8	OK	29827467
11306	FUN_18051c6e4	18051c6e4	60	OK	29827785
11307	FUN_18051c720	18051c720	60	OK	29828103
11308	FUN_18051c770	18051c770	16	OK	29828412
11309	FUN_18051c790	18051c790	1626	OK	29850191
11310	FUN_18051ce40	18051ce40	16	OK	29850504
11311	FUN_18051ce60	18051ce60	878	OK	29858253
11312	FUN_18051d1ec	18051d1ec	9	OK	29858397
11313	FUN_18051d200	18051d200	25	OK	29858711
11314	FUN_18051d230	18051d230	144	OK	29863933
11315	memcmp	18051d2d0	198	OK	29867126
11316	__DestructExceptionObject	18051d3a0	107	OK	29867954
11317	_IsExceptionObjectToBeDestroyed	18051d410	47	OK	29868572
11318	__AdjustPointer	18051d440	35	OK	29869061
11319	FUN_18051d464	18051d464	101	OK	29869807
11320	FUN_18051d4cc	18051d4cc	18	OK	29869997
11321	FUN_18051d4e0	18051d4e0	18	OK	29870187
11322	Unwind@18051d4f4	18051d4f4	9	OK	29870384
11323	__std_exception_copy	18051d500	141	OK	29871265
11324	__std_exception_destroy	18051d590	37	OK	29871696
11325	_CxxThrowException	18051d5b8	160	OK	29872706
11326	_CallSETranslator<>	18051d658	81	OK	29874284
11327	_CallSETranslator<__FrameHandler4>	18051d6ac	81	OK	29875196
11328	FUN_18051d700	18051d700	98	OK	29875726
11329	FUN_18051d764	18051d764	306	OK	29877891
11330	FUN_18051d898	18051d898	42	OK	29878183
11331	FUN_18051d8c4	18051d8c4	5	OK	29878348
11332	FrameUnwindToEmptyState	18051d8cc	100	OK	29879187
11333	FrameUnwindToEmptyState	18051d930	50	OK	29879917
11334	FUN_18051d964	18051d964	210	OK	29881283
11335	GetEstablisherFrame	18051da38	33	OK	29881995
11336	FUN_18051da5c	18051da5c	317	OK	29883832
11337	FUN_18051db9c	18051db9c	361	OK	29886120
11338	FUN_18051dd08	18051dd08	259	OK	29888169
11339	FUN_18051de0c	18051de0c	287	OK	29890191
11340	FUN_18051df2c	18051df2c	450	OK	29893399
11341	_CreateFrameInfo	18051e0f0	58	OK	29894078
11342	FUN_18051e12c	18051e12c	82	OK	29894725
11343	_GetImageBase	18051e180	18	OK	29895034
11344	_GetThrowImageBase	18051e194	18	OK	29895358
11345	_SetImageBase	18051e1a8	24	OK	29895688
11346	FUN_18051e1c0	18051e1c0	24	OK	29895918
11347	FUN_18051e1d8	18051e1d8	134	OK	29896605
11348	__CxxFrameHandler4	18051e260	191	OK	29897838
11349	FUN_18051e320	18051e320	315	OK	29911580
11350	FUN_18051e45c	18051e45c	125	OK	29917398
11351	FUN_18051e4dc	18051e4dc	510	OK	29920425
11352	__uncaught_exception	18051e6dc	30	OK	29920857
11353	__vcrt_initialize	18051e6fc	40	OK	29921300
11354	__vcrt_thread_attach	18051e724	20	OK	29921612
11355	__vcrt_thread_detach	18051e738	18	OK	29921945
11356	__vcrt_uninitialize	18051e74c	25	OK	29922297
11357	FUN_18051e768	18051e768	16	OK	29922459
11358	__std_type_info_compare	18051e778	39	OK	29923090
11359	FUN_18051e7a0	18051e7a0	42	OK	29923467
11360	FUN_18051e7d0	18051e7d0	31	OK	29923707
11361	__vcrt_freeptd	18051e7f0	77	OK	29924263
11362	FUN_18051e840	18051e840	24	OK	29924542
11363	__vcrt_getptd_noexit	18051e85c	191	OK	29925608
11364	__vcrt_getptd_noinit	18051e91c	77	OK	29926149
11365	__vcrt_initialize_ptd	18051e96c	71	OK	29926762
11366	__vcrt_uninitialize_ptd	18051e9b4	34	OK	29927104
11367	GetCurrentState	18051e9d8	39	OK	29927762
11368	GetUnwindTryBlock	18051ea00	41	OK	29928483
11369	SetState	18051ea2c	12	OK	29928947
11370	SetUnwindTryBlock	18051ea38	59	OK	29929845
11371	FUN_18051ea74	18051ea74	8	OK	29930046
11372	FUN_18051ea7c	18051ea7c	8	OK	29930247
11373	FUN_18051ea84	18051ea84	101	OK	29931158
11374	FUN_18051eaec	18051eaec	237	OK	29932462
11375	BuildCatchObjectHelperInternal<__FrameHandler3>	18051ebdc	503	OK	29936090
11376	BuildCatchObjectHelperInternal<__FrameHandler4>	18051eddc	506	OK	29939726
11377	BuildCatchObjectInternal<__FrameHandler3>	18051efe0	186	OK	29941241
11378	BuildCatchObjectInternal<__FrameHandler4>	18051f0a0	187	OK	29942750
11379	CatchIt<__FrameHandler3>	18051f164	209	OK	29944286
11380	CatchIt<__FrameHandler4>	18051f238	209	OK	29945819
11381	FUN_18051f30c	18051f30c	1251	OK	29952923
11382	FUN_18051f7f4	18051f7f4	1295	OK	29961733
11383	FUN_18051fd08	18051fd08	536	OK	29965374
11384	FindHandlerForForeignException<__FrameHandler4>	18051ff24	750	OK	29970106
11385	TypeMatchHelper<__FrameHandler3>	180520214	317	OK	29972423
11386	TypeMatchHelper<__FrameHandler4>	180520354	322	OK	29974745
11387	FUN_180520498	180520498	572	OK	29977821
11388	FUN_1805206d8	1805206d8	668	OK	29981589
11389	thunk_FUN_180520498	180520978	5	OK	29984681
11390	FUN_180520980	180520980	91	OK	29985345
11391	FUN_1805209dc	1805209dc	122	OK	29986272
11392	TryBlockMap4	180520a58	213	OK	29988040
11393	CxxCallCatchBlock	180520b30	370	OK	29989963
11394	FUN_180520d20	180520d20	473	OK	29991961
11395	FUN_180520f7c	180520f7c	404	OK	29995024
11396	ExFilterRethrow	180521110	134	OK	29996181
11397	ExFilterRethrowFH4	180521198	48	OK	29996793
11398	FrameUnwindToState	1805211c8	362	OK	29999016
11399	FUN_180521354	180521354	733	OK	30002611
11400	FUN_180521650	180521650	153	OK	30003201
11401	FUN_1805216ec	1805216ec	236	OK	30004680
11402	Is_bad_exception_allowed	1805217dc	136	OK	30005710
11403	FUN_180521864	180521864	156	OK	30006829
11404	FUN_180521900	180521900	206	OK	30008211
11405	FUN_1805219d0	1805219d0	176	OK	30009432
11406	_NLG_Notify	180521a90	24	OK	30009698
11407	FUN_180521ab0	180521ab0	1	OK	30009822
11408	FUN_180521ac0	180521ac0	1	OK	30009946
11409	__except_validate_context_record	180521ac4	55	OK	30010591
11410	__vcrt_initialize_locks	180521b00	70	OK	30011209
11411	__vcrt_uninitialize_locks	180521b48	55	OK	30011758
11412	FUN_180521b80	180521b80	334	OK	30013765
11413	__vcrt_FlsAlloc	180521cd0	69	OK	30014373
11414	__vcrt_FlsFree	180521d18	70	OK	30015005
11415	__vcrt_FlsGetValue	180521d60	70	OK	30015631
11416	__vcrt_FlsSetValue	180521da8	81	OK	30016112
11417	__vcrt_InitializeCriticalSectionEx	180521dfc	97	OK	30016777
11418	_CallSettingFrame	180521e70	64	OK	30017212
11419	_CallSettingFrame_LookupContinuationIndex	180521ec0	42	OK	30017686
11420	_CallSettingFrame_NotifyContinuationAddr	180521ef0	38	OK	30018089
11421	_CallSettingFrameEncoded	180521f20	71	OK	30018696
11422	FUN_180521f68	180521f68	41	OK	30018908
11423	FUN_180521f94	180521f94	102	OK	30019537
11424	FUN_180521ffc	180521ffc	106	OK	30020089
11425	FUN_180522068	180522068	76	OK	30020560
11426	FUN_1805220b4	1805220b4	365	OK	30022111
11427	FUN_180522224	180522224	8	OK	30022363
11428	FUN_18052222c	18052222c	155	OK	30023406
11429	FUN_1805222c8	1805222c8	183	OK	30024225
11430	FUN_180522380	180522380	30	OK	30024378
11431	FUN_1805223a0	1805223a0	46	OK	30024642
11432	_invoke_watson	1805223d0	71	OK	30025647
11433	thunk_FUN_18053d178	180522418	5	OK	30026091
11434	FUN_180522420	180522420	207	OK	30027593
11435	FUN_1805224f0	1805224f0	37	OK	30027935
11436	FUN_180522518	180522518	34	OK	30028307
11437	FUN_18052253c	18052253c	35	OK	30028608
11438	FUN_180522560	180522560	35	OK	30028909
11439	__acrt_initialize_stdio	180522590	287	OK	30030200
11440	FUN_1805226b0	1805226b0	17	OK	30030392
11441	__acrt_uninitialize_stdio	1805226d0	91	OK	30031021
11442	_get_stream_buffer_pointers	18052272c	71	OK	30031847
11443	FUN_180522774	180522774	11	OK	30032212
11444	FUN_180522780	180522780	11	OK	30032577
11445	FUN_18052278c	18052278c	122	OK	30033146
11446	FUN_180522808	180522808	165	OK	30034022
11447	FUN_1805228b0	1805228b0	152	OK	30035174
11448	FUN_180522948	180522948	156	OK	30036094
11449	FUN_1805229e4	1805229e4	225	OK	30037338
11450	FUN_180522ac8	180522ac8	64	OK	30037676
11451	common_flush_all	180522b08	93	OK	30038500
11452	FUN_180522b68	180522b68	140	OK	30039526
11453	FUN_180522bf4	180522bf4	210	OK	30041052
11454	common_flush_all	180522cc8	7	OK	30041253
11455	fflush	180522cd0	103	OK	30042108
11456	_fgetc_nolock	180522d38	67	OK	30042862
11457	FUN_180522d7c	180522d7c	275	OK	30044293
11458	fgetpos	180522e90	75	OK	30044875
11459	FUN_180522edc	180522edc	356	OK	30046740
11460	FUN_180523040	180523040	22	OK	30048584
11461	FUN_180523058	180523058	152	OK	30049763
11462	FUN_1805230f0	1805230f0	608	OK	30054308
11463	fread	180523350	29	OK	30054702
11464	fread_s	180523370	165	OK	30055475
11465	fsetpos	180523418	53	OK	30055939
11466	FUN_180523450	180523450	155	OK	30056475
11467	FUN_1805234ec	1805234ec	250	OK	30058016
11468	FUN_1805235e8	1805235e8	234	OK	30059454
11469	FUN_1805236d4	1805236d4	152	OK	30060537
11470	FUN_18052376c	18052376c	155	OK	30061746
11471	operator()<>	180523808	63	OK	30063567
11472	FUN_180523848	180523848	126	OK	30064092
11473	FUN_1805238c8	1805238c8	156	OK	30065217
11474	FUN_180523964	180523964	529	OK	30068361
11475	FUN_180523b78	180523b78	161	OK	30069444
11476	operator()<>	180523c1c	61	OK	30071640
11477	FUN_180523c5c	180523c5c	231	OK	30073375
11478	FUN_180523d44	180523d44	309	OK	30075399
11479	FUN_180523e7c	180523e7c	286	OK	30077531
11480	ungetc	180523f9c	88	OK	30078069
11481	FUN_180523ff4	180523ff4	236	OK	30078778
11482	FUN_1805240e0	1805240e0	419	OK	30080364
11483	_calloc_base	180524284	5	OK	30081051
11484	_malloc_base	18052428c	5	OK	30081638
11485	abort	180524294	86	OK	30082497
11486	common_fsopen<char>	1805242ec	185	OK	30083631
11487	common_fsopen<char>	1805243a8	5	OK	30084527
11488	FUN_1805243b0	1805243b0	107	OK	30085004
11489	FUN_18052441c	18052441c	336	OK	30087066
11490	FUN_18052456c	18052456c	347	OK	30088907
11491	FUN_1805246c8	1805246c8	390	OK	30091153
11492	FUN_180524850	180524850	85	OK	30091802
11493	FUN_1805248a8	1805248a8	154	OK	30092954
11494	thunk_FUN_18052441c	180524944	5	OK	30095026
11495	operator()<>	18052494c	61	OK	30097222
11496	FUN_18052498c	18052498c	431	OK	30099945
11497	FUN_180524b3c	180524b3c	168	OK	30100784
11498	FUN_180524be4	180524be4	692	OK	30105093
11499	FUN_180524e98	180524e98	515	OK	30108379
11500	FUN_18052509c	18052509c	515	OK	30111665
11501	FUN_1805252a0	1805252a0	515	OK	30114951
11502	FUN_1805254a4	1805254a4	109	OK	30115867
11503	FUN_180525514	180525514	170	OK	30116959
11504	FUN_1805255c0	1805255c0	132	OK	30118026
11505	FUN_180525644	180525644	109	OK	30118947
11506	FUN_1805256b4	1805256b4	176	OK	30120019
11507	FUN_180525764	180525764	132	OK	30121091
11508	FUN_1805257e8	1805257e8	284	OK	30122490
11509	FUN_180525904	180525904	106	OK	30123417
11510	FUN_180525970	180525970	141	OK	30124299
11511	FUN_180525a00	180525a00	918	OK	30131330
11512	FUN_180525d98	180525d98	891	OK	30138214
11513	FUN_180526114	180526114	896	OK	30145335
11514	FUN_180526494	180526494	391	OK	30148921
11515	FUN_18052661c	18052661c	391	OK	30152507
11516	FUN_1805267a4	1805267a4	1108	OK	30159691
11517	FUN_180526bf8	180526bf8	1028	OK	30167036
11518	FUN_180526ffc	180526ffc	124	OK	30168244
11519	FUN_180527078	180527078	593	OK	30171944
11520	FUN_1805272cc	1805272cc	210	OK	30173367
11521	FUN_1805273a0	1805273a0	182	OK	30175120
11522	FUN_180527458	180527458	153	OK	30176263
11523	FUN_180527500	180527500	118	OK	30176886
11524	validate_stream_is_ansi_if_required	180527578	155	OK	30178201
11525	write_string	180527614	163	OK	30179763
11526	FUN_1805276b8	1805276b8	205	OK	30180890
11527	FUN_180527788	180527788	292	OK	30183157
11528	FUN_1805278ac	1805278ac	471	OK	30186272
11529	FUN_180527a84	180527a84	593	OK	30190479
11530	FUN_180527cd8	180527cd8	273	OK	30192334
11531	FUN_180527dec	180527dec	159	OK	30193372
11532	FUN_180527e90	180527e90	786	OK	30207261
11533	FUN_180528260	180528260	51	OK	30207599
11534	GetCurrentProcessId	180528294	7	OK	30207971
11535	common_getenv<char>	18052829c	93	OK	30208677
11536	common_getenv_nolock<char>	1805282fc	137	OK	30209839
11537	common_getenv_nolock<wchar_t>	180528388	152	OK	30211018
11538	FUN_180528420	180528420	245	OK	30212680
11539	thunk_FUN_180528420	180528518	5	OK	30214352
11540	common_getenv<char>	180528520	5	OK	30214870
11541	_LocaleUpdate	180528528	155	OK	30216641
11542	FUN_1805285c4	1805285c4	307	OK	30218428
11543	FUN_1805286f8	1805286f8	307	OK	30220215
11544	tolower	18052882c	42	OK	30220772
11545	toupper	180528858	42	OK	30221329
11546	FUN_180528884	180528884	159	OK	30222407
11547	_realloc_base	18052891c	5	OK	30223200
11548	FUN_180528924	180528924	53	OK	30223605
11549	FUN_18052895c	18052895c	749	OK	30228134
11550	FUN_180528c4c	180528c4c	1946	OK	30237942
11551	FUN_1805293e8	1805293e8	731	OK	30242320
11552	FUN_1805296c4	1805296c4	118	OK	30242951
11553	FUN_18052973c	18052973c	179	OK	30244272
11554	FUN_1805297f0	1805297f0	177	OK	30245593
11555	FUN_1805298a4	1805298a4	177	OK	30246914
11556	FUN_180529960	180529960	948	OK	30252866
11557	operator()<>	180529d18	56	OK	30254148
11558	FUN_180529d50	180529d50	187	OK	30254942
11559	FUN_180529e14	180529e14	197	OK	30256199
11560	FUN_180529edc	180529edc	49	OK	30256600
11561	FUN_180529f10	180529f10	33	OK	30256914
11562	FUN_180529f34	180529f34	101	OK	30257464
11563	FUN_180529f9c	180529f9c	8	OK	30257629
11564	FUN_180529fa4	180529fa4	13	OK	30257778
11565	FUN_180529fb4	180529fb4	12	OK	30257945
11566	FUN_180529fc0	180529fc0	8	OK	30258089
11567	FUN_180529fc8	180529fc8	10	OK	30258258
11568	common_strtod_l<>	180529fd4	165	OK	30259784
11569	FUN_18052a07c	18052a07c	177	OK	30260867
11570	FUN_18052a130	18052a130	1212	OK	30268775
11571	FUN_18052a5ec	18052a5ec	323	OK	30270695
11572	FUN_18052a730	18052a730	492	OK	30273712
11573	FUN_18052a91c	18052a91c	69	OK	30274414
11574	FUN_18052a964	18052a964	69	OK	30275116
11575	parse_floating_point_write_result<double>	18052a9ac	478	OK	30277834
11576	FUN_18052ab8c	18052ab8c	56	OK	30278262
11577	FUN_18052abc8	18052abc8	56	OK	30278690
11578	FUN_18052ac04	18052ac04	940	OK	30283233
11579	FUN_18052afb0	18052afb0	351	OK	30285451
11580	FUN_18052b110	18052b110	7673	OK	30335035
11581	convert_hexadecimal_string_to_floating_type_common	18052cf0c	172	OK	30336642
11582	FUN_18052cfc0	18052cfc0	1164	OK	30342874
11583	memcpy_s	18052d44c	135	OK	30343830
11584	FUN_18052d4d4	18052d4d4	8	OK	30344027
11585	__acrt_lowio_create_handle_array	18052d4dc	165	OK	30345327
11586	__acrt_lowio_destroy_handle_array	18052d584	80	OK	30346003
11587	__acrt_lowio_ensure_fh_exists	18052d5d4	168	OK	30346985
11588	__acrt_lowio_lock_fh	18052d67c	39	OK	30347592
11589	FUN_18052d6a4	18052d6a4	191	OK	30348691
11590	__acrt_lowio_unlock_fh	18052d764	39	OK	30349304
11591	_alloc_osfhnd	18052d78c	318	OK	30351173
11592	FUN_18052d8cc	18052d8cc	186	OK	30352411
11593	FUN_18052d988	18052d988	117	OK	30353305
11594	FUN_18052da00	18052da00	256	OK	30354674
11595	FUN_18052db00	18052db00	283	OK	30356199
11596	FUN_18052dc1c	18052dc1c	286	OK	30357740
11597	FUN_18052dd3c	18052dd3c	139	OK	30358413
11598	FUN_18052ddc8	18052ddc8	175	OK	30359331
11599	FUN_18052de78	18052de78	194	OK	30360316
11600	FUN_18052df3c	18052df3c	152	OK	30361399
11601	FUN_18052dfd4	18052dfd4	154	OK	30362482
11602	thunk_FUN_18052dc1c	18052e070	5	OK	30364033
11603	FUN_18052e078	18052e078	154	OK	30365116
11604	thunk_FUN_18052ddc8	18052e114	5	OK	30366054
11605	FUN_18052e170	18052e170	100	OK	30366811
11606	FUN_18052e1e0	18052e1e0	197	OK	30367420
11607	isalnum	18052e2b0	171	OK	30368200
11608	isalpha	18052e360	171	OK	30368980
11609	isdigit	18052e410	166	OK	30369748
11610	islower	18052e4c0	166	OK	30370516
11611	isupper	18052e570	166	OK	30371284
11612	isxdigit	18052e620	171	OK	30372064
11613	FUN_18052e6d0	18052e6d0	152	OK	30373243
11614	FUN_18052e768	18052e768	403	OK	30375817
11615	FUN_18052e8fc	18052e8fc	41	OK	30376117
11616	FUN_18052e928	18052e928	22	OK	30376347
11617	try_walk	18052e940	63	OK	30376904
11618	_heapwalk	18052e984	206	OK	30378440
11619	_fileno	18052ea54	39	OK	30378909
11620	FUN_18052ea7c	18052ea7c	48	OK	30379309
11621	FUN_18052eaac	18052eaac	283	OK	30380762
11622	FUN_18052ebc8	18052ebc8	228	OK	30382047
11623	FUN_18052ecac	18052ecac	167	OK	30382855
11624	FUN_18052ed54	18052ed54	25	OK	30383082
11625	FUN_18052ed70	18052ed70	72	OK	30383515
11626	__acrt_get_sigabrt_handler	18052edb8	46	OK	30384009
11627	FUN_18052ede8	18052ede8	29	OK	30384345
11628	FUN_18052ee08	18052ee08	613	OK	30387760
11629	FUN_18052f070	18052f070	1386	OK	30394139
11630	FUN_18052f61c	18052f61c	193	OK	30395164
11631	FUN_18052f6d8	18052f6d8	784	OK	30395906
11632	FUN_18052f9e8	18052f9e8	414	OK	30397937
11633	FUN_18052fb88	18052fb88	8	OK	30398112
11634	FUN_18052fb90	18052fb90	641	OK	30400519
11635	FUN_18052fe20	18052fe20	619	OK	30403244
11636	FUN_180530090	180530090	527	OK	30406182
11637	FUN_1805302a0	1805302a0	1584	OK	30409102
11638	FUN_1805308d0	1805308d0	1339	OK	30414255
11639	FUN_180530e50	180530e50	833	OK	30415312
11640	FUN_180531194	180531194	290	OK	30416591
11641	FUN_1805312c0	1805312c0	903	OK	30420593
11642	FUN_1805316e0	1805316e0	1242	OK	30426354
11643	FUN_180531c10	180531c10	5351	OK	30447556
11644	FUN_1805332b0	1805332b0	1277	OK	30452366
11645	FUN_180533820	180533820	876	OK	30453545
11646	FUN_180533b8c	180533b8c	290	OK	30454824
11647	FUN_180533cb0	180533cb0	1354	OK	30458669
11648	FUN_180534270	180534270	472	OK	30460177
11649	FUN_180534448	180534448	290	OK	30461456
11650	FUN_180534570	180534570	621	OK	30462339
11651	FUN_1805347e0	1805347e0	82	OK	30462821
11652	fetestexcept	180534834	33	OK	30463226
11653	FUN_180534858	180534858	188	OK	30464239
11654	FUN_180534910	180534910	3443	OK	30481051
11655	FUN_1805357d0	1805357d0	176	OK	30482255
11656	FUN_180535880	180535880	176	OK	30483459
11657	___lc_codepage_func	180535930	47	OK	30483910
11658	___lc_collate_cp_func	180535960	47	OK	30484426
11659	___lc_locale_name_func	180535990	50	OK	30484897
11660	___mb_cur_max_func	1805359c4	47	OK	30485341
11661	FUN_180535a00	180535a00	1662	OK	30496827
11662	terminate	180536080	31	OK	30497281
11663	__acrt_lock	1805360e8	25	OK	30497840
11664	FUN_180536110	180536110	55	OK	30498223
11665	__acrt_unlock	180536148	25	OK	30498740
11666	_lock_locales	180536164	27	OK	30499258
11667	FUN_180536180	180536180	14	OK	30499609
11668	operator()<>	180536190	61	OK	30500946
11669	FUN_1805361d0	1805361d0	669	OK	30503764
11670	setlocale	180536470	76	OK	30504493
11671	__pctype_func	1805364bc	47	OK	30504930
11672	FUN_1805364ec	1805364ec	129	OK	30505696
11673	FUN_180536570	180536570	8	OK	30505861
11674	FUN_180536578	180536578	52	OK	30506215
11675	FUN_1805365ac	1805365ac	55	OK	30506537
11676	__strncnt	1805365e4	21	OK	30507013
11677	FUN_1805365fc	1805365fc	377	OK	30509370
11678	FUN_180536778	180536778	281	OK	30511047
11679	FUN_180536894	180536894	361	OK	30513071
11680	FUN_180536a00	180536a00	26	OK	30513215
11681	__crt_time_is_leap_year<>	180536a1c	90	OK	30514005
11682	FUN_180536a78	180536a78	246	OK	30514713
11683	FUN_180536b70	180536b70	3776	OK	30532942
11684	FUN_180537a30	180537a30	333	OK	30534900
11685	FUN_180537b80	180537b80	1288	OK	30543841
11686	FUN_180538088	180538088	393	OK	30546127
11687	FUN_180538214	180538214	361	OK	30551982
11688	FUN_180538380	180538380	500	OK	30558187
11689	_seh_filter_dll	180538574	19	OK	30558577
11690	FUN_180538588	180538588	365	OK	30561285
11691	FUN_1805386f8	1805386f8	453	OK	30564331
11692	__acrt_allocate_buffer_for_argv	1805388c0	93	OK	30565056
11693	_configure_narrow_argv	180538920	390	OK	30567482
11694	FUN_180538aa8	180538aa8	115	OK	30568218
11695	FUN_180538b1c	180538b1c	110	OK	30568919
11696	FUN_180538b8c	180538b8c	270	OK	30570561
11697	FUN_180538c9c	180538c9c	282	OK	30572224
11698	free_environment<>	180538db8	65	OK	30572948
11699	FUN_180538dfc	180538dfc	222	OK	30573788
11700	FUN_180538edc	180538edc	186	OK	30574620
11701	uninitialize_environment_internal<>	180538f98	26	OK	30575223
11702	uninitialize_environment_internal<>	180538fb4	26	OK	30575826
11703	__dcrt_get_or_create_narrow_environment_nolock	180538fd0	59	OK	30576472
11704	__dcrt_get_or_create_wide_environment_nolock	18053900c	59	OK	30577112
11705	FUN_180539048	180539048	67	OK	30577421
11706	thunk_FUN_180538aa8	18053908c	5	OK	30578167
11707	operator()<>	180539094	59	OK	30579488
11708	operator()<>	1805390d0	59	OK	30581681
11709	FUN_18053910c	18053910c	432	OK	30584295
11710	FUN_1805392bc	1805392bc	278	OK	30586385
11711	FUN_1805393d4	1805393d4	15	OK	30586577
11712	FUN_1805393e4	1805393e4	67	OK	30587071
11713	_initialize_onexit_table	180539428	39	OK	30587603
11714	_register_onexit_function	180539450	72	OK	30588289
11715	FUN_1805394a0	1805394a0	17	OK	30588474
11716	FUN_1805394c0	1805394c0	35	OK	30588695
11717	FUN_1805394f0	1805394f0	16	OK	30588847
11718	FUN_180539500	180539500	61	OK	30589156
11719	FUN_180539540	180539540	7	OK	30589306
11720	FUN_180539550	180539550	64	OK	30589677
11721	FUN_180539590	180539590	91	OK	30590022
11722	FUN_1805395ec	1805395ec	19	OK	30590218
11723	FUN_180539600	180539600	20	OK	30590402
11724	__acrt_thread_detach	180539614	16	OK	30590734
11725	__acrt_uninitialize	180539624	53	OK	30591214
11726	FUN_18053965c	18053965c	16	OK	30591376
11727	FUN_18053966c	18053966c	55	OK	30591677
11728	_initterm_e	1805396a4	61	OK	30592211
11729	FUN_1805396e4	1805396e4	1144	OK	30599437
11730	FUN_180539b5c	180539b5c	263	OK	30601174
11731	FUN_180539c64	180539c64	286	OK	30602959
11732	FUN_180539d84	180539d84	373	OK	30604989
11733	FUN_180539efc	180539efc	152	OK	30606072
11734	FUN_180539f94	180539f94	285	OK	30607597
11735	FUN_18053a0b4	18053a0b4	780	OK	30612497
11736	FUN_18053a3c0	18053a3c0	119	OK	30613147
11737	FUN_18053a438	18053a438	152	OK	30614299
11738	FUN_18053a4d0	18053a4d0	193	OK	30615489
11739	FUN_18053a594	18053a594	152	OK	30616641
11740	FUN_18053a62c	18053a62c	205	OK	30617697
11741	FUN_18053a6fc	18053a6fc	458	OK	30620740
11742	FUN_18053a8c8	18053a8c8	719	OK	30625319
11743	FUN_18053ab98	18053ab98	286	OK	30626886
11744	FUN_18053acb8	18053acb8	1119	OK	30634699
11745	strcpy_s	18053b118	95	OK	30635699
11746	wcsncmp	18053b178	44	OK	30636252
11747	operator()<>	18053b1a4	63	OK	30637622
11748	operator()<>	18053b1e4	61	OK	30638970
11749	operator()<>	18053b224	69	OK	30640355
11750	operator()<>	18053b26c	95	OK	30641894
11751	construct_ptd_array	18053b2cc	205	OK	30643149
11752	FUN_18053b3a0	18053b3a0	32	OK	30643391
11753	destroy_ptd_array	18053b3c0	245	OK	30644796
11754	replace_current_thread_locale_nolock	18053b4b8	103	OK	30645732
11755	__acrt_freeptd	18053b520	65	OK	30646277
11756	FUN_18053b564	18053b564	210	OK	30647558
11757	FUN_18053b638	18053b638	161	OK	30648540
11758	FUN_18053b6dc	18053b6dc	200	OK	30649702
11759	FUN_18053b7a4	18053b7a4	190	OK	30650830
11760	__acrt_initialize_ptd	18053b870	57	OK	30651355
11761	__acrt_uninitialize_ptd	18053b8b0	34	OK	30651777
11762	operator()<<lambda_1d892b297fdedeee07ed8124eeb2f2fa>,<lambda_ffc046909424fd52df0ac47e64813305>&___ptr64,<lambda_01a7098693036236037e7cdb9bca3d73>_>	18053b8d4	314	OK	30654606
11763	operator()<<lambda_410d79af7f07d98d83a3f525b3859a53>,<lambda_3e16ef9562a7dcce91392c22ab16ea36>&___ptr64,<lambda_38119f0e861e05405d8a144b9b982f0a>_>	18053ba10	110	OK	30656152
11764	operator()<<lambda_7f2adfce497ff2baa965cd4f576ecfd1>,<lambda_2a444430fde8c29194d880d93eed5e8f>&___ptr64,<lambda_8dff2cf36a5417162780cd64fa2883ef>&___ptr64>	18053ba80	41	OK	30657535
11765	operator()	18053baac	142	OK	30658999
11766	FUN_18053bb3c	18053bb3c	118	OK	30659438
11767	FUN_18053bbb4	18053bbb4	129	OK	30660001
11768	FUN_18053bc38	18053bc38	12	OK	30660229
11769	__acrt_uninitialize_locale	18053bc50	46	OK	30661084
11770	FUN_18053bc80	18053bc80	161	OK	30661696
11771	FUN_18053bd24	18053bd24	357	OK	30663488
11772	FUN_18053be8c	18053be8c	190	OK	30665877
11773	FUN_18053bf4c	18053bf4c	1167	OK	30671846
11774	FUN_18053c3e0	18053c3e0	103	OK	30672350
11775	_wsetlocale	18053c448	161	OK	30674004
11776	FUN_18053c4ec	18053c4ec	489	OK	30677098
11777	FUN_18053c6d8	18053c6d8	659	OK	30680739
11778	FUN_18053c970	18053c970	838	OK	30685787
11779	FUN_18053ccb8	18053ccb8	507	OK	30688727
11780	FUN_18053ceb4	18053ceb4	70	OK	30689229
11781	FUN_18053cefc	18053cefc	136	OK	30689800
11782	FUN_18053cf88	18053cf88	243	OK	30690816
11783	FUN_18053d07c	18053d07c	142	OK	30691405
11784	FUN_18053d10c	18053d10c	105	OK	30691897
11785	FUN_18053d178	18053d178	60	OK	30692330
11786	_calloc_base	18053d1b4	117	OK	30693118
11787	FUN_18053d230	18053d230	43	OK	30693320
11788	operator()<>	18053d25c	121	OK	30694834
11789	FUN_18053d2d8	18053d2d8	444	OK	30697177
11790	FUN_18053d494	18053d494	78	OK	30697653
11791	__acrt_AreFileApisANSI	18053d4e4	58	OK	30698164
11792	__acrt_CompareStringEx	18053d520	220	OK	30699029
11793	__acrt_EnumSystemLocalesEx	18053d5fc	149	OK	30699924
11794	FlsAlloc	18053d694	7	OK	30700302
11795	FlsFree	18053d69c	7	OK	30700658
11796	FlsGetValue	18053d6a4	7	OK	30701031
11797	FlsSetValue	18053d6ac	7	OK	30701425
11798	__acrt_GetDateFormatEx	18053d6b4	182	OK	30702243
11799	__acrt_GetLocaleInfoEx	18053d76c	130	OK	30702920
11800	__acrt_GetTimeFormatEx	18053d7f0	171	OK	30703698
11801	__acrt_GetUserDefaultLocaleName	18053d89c	97	OK	30704368
11802	__acrt_InitializeCriticalSectionEx	18053d900	97	OK	30704997
11803	__acrt_IsValidLocaleName	18053d964	86	OK	30705751
11804	__acrt_LCIDToLocaleName	18053d9bc	112	OK	30706329
11805	__acrt_LCMapStringEx	18053da2c	220	OK	30707184
11806	__acrt_LocaleNameToLCID	18053db08	80	OK	30707741
11807	FUN_18053db58	18053db58	46	OK	30707977
11808	__acrt_eagerly_load_locale_apis	18053db88	346	OK	30709111
11809	FUN_18053dcf0	18053dcf0	35	OK	30709504
11810	__acrt_uninitialize_winapi_thunks	18053dd20	65	OK	30710252
11811	_fcloseall	18053dd64	178	OK	30711238
11812	__acrt_stdio_free_buffer_nolock	18053de18	66	OK	30711888
11813	FUN_18053de5c	18053de5c	253	OK	30713418
11814	FUN_18053df5c	18053df5c	264	OK	30715130
11815	__acrt_initialize_lowio	18053e070	59	OK	30715590
11816	__acrt_uninitialize_lowio	18053e0b0	64	OK	30716125
11817	FUN_18053e0f0	18053e0f0	86	OK	30716660
11818	__acrt_stdio_free_stream	18053e148	28	OK	30717263
11819	find_or_allocate_unused_stream_nolock	18053e164	235	OK	30718993
11820	FUN_18053e250	18053e250	139	OK	30719854
11821	_commit	18053e2dc	145	OK	30720909
11822	FUN_18053e370	18053e370	359	OK	30723435
11823	FUN_18053e4d8	18053e4d8	247	OK	30724817
11824	FUN_18053e5d0	18053e5d0	136	OK	30725703
11825	FUN_18053e658	18053e658	203	OK	30727325
11826	FUN_18053e724	18053e724	73	OK	30727816
11827	FUN_18053e770	18053e770	199	OK	30729167
11828	FUN_18053e838	18053e838	61	OK	30729657
11829	__acrt_stdio_allocate_buffer_nolock	18053e878	107	OK	30730649
11830	_errcode	18053e8e4	67	OK	30731215
11831	FUN_18053e928	18053e928	253	OK	30732510
11832	FUN_18053ea28	18053ea28	745	OK	30736781
11833	FUN_18053ed14	18053ed14	39	OK	30736925
11834	FUN_18053ed3c	18053ed3c	776	OK	30740731
11835	FUN_18053f044	18053f044	42	OK	30740875
11836	FUN_18053f070	18053f070	48	OK	30741237
11837	FUN_18053f0a0	18053f0a0	223	OK	30742541
11838	FUN_18053f180	18053f180	29	OK	30742743
11839	FUN_18053f1a0	18053f1a0	84	OK	30743086
11840	FUN_18053f214	18053f214	10	OK	30743223
11841	FUN_18053f220	18053f220	10	OK	30743381
11842	FUN_18053f22c	18053f22c	29	OK	30743585
11843	FUN_18053f24c	18053f24c	13	OK	30743723
11844	_malloc_base	18053f25c	94	OK	30744440
11845	__acrt_stdio_parse_mode<char>	18053f2bc	705	OK	30749718
11846	FUN_18053f580	18053f580	154	OK	30750876
11847	__acrt_update_locale_info	18053f61c	49	OK	30751384
11848	FUN_18053f650	18053f650	53	OK	30751761
11849	FUN_18053f688	18053f688	49	OK	30752084
11850	FUN_18053f6bc	18053f6bc	53	OK	30752442
11851	FUN_18053f6f4	18053f6f4	919	OK	30756581
11852	FUN_18053fa8c	18053fa8c	260	OK	30757653
11853	FUN_18053fb90	18053fb90	480	OK	30759938
11854	FUN_18053fd74	18053fd74	213	OK	30760899
11855	FUN_18053fe4c	18053fe4c	342	OK	30762701
11856	FUN_18053ffa4	18053ffa4	338	OK	30764049
11857	should_round_up	1805400f8	278	OK	30765541
11858	FUN_180540210	180540210	740	OK	30769046
11859	FUN_1805404f8	1805404f8	432	OK	30771654
11860	FUN_1805406a8	1805406a8	376	OK	30773469
11861	FUN_180540820	180540820	24	OK	30773631
11862	wcscpy_s	180540838	101	OK	30774680
11863	_wcsnicoll	1805408a0	79	OK	30775335
11864	_wcsnicoll_l	1805408f0	240	OK	30776853
11865	_strnicoll	1805409e0	21	OK	30777586
11866	_strnicoll_l	1805409f8	256	OK	30779240
11867	FUN_180540af8	180540af8	817	OK	30785836
11868	__acrt_LCMapStringA	180540e2c	150	OK	30786700
11869	FUN_180540ec4	180540ec4	96	OK	30787331
11870	FUN_180540f24	180540f24	256	OK	30788646
11871	FUN_180541024	180541024	248	OK	30789980
11872	FUN_18054111c	18054111c	261	OK	30791350
11873	FUN_180541224	180541224	19	OK	30791519
11874	FUN_180541238	180541238	9	OK	30791670
11875	FUN_180541340	180541340	7	OK	30791908
11876	_realloc_base	180541368	122	OK	30792833
11877	iswctype	1805413e4	108	OK	30793537
11878	_isctype_l	180541450	264	OK	30795238
11879	FUN_180541558	180541558	157	OK	30796041
11880	FUN_1805415f8	1805415f8	79	OK	30796607
11881	FUN_180541648	180541648	183	OK	30797698
11882	FUN_180541700	180541700	25	OK	30797896
11883	FUN_18054171c	18054171c	24	OK	30798103
11884	FUN_180541734	180541734	47	OK	30798392
11885	fegetround	180541764	20	OK	30798682
11886	FUN_180541778	180541778	7	OK	30798826
11887	FUN_180541780	180541780	28	OK	30799016
11888	FUN_1805417a0	1805417a0	11	OK	30799170
11889	FUN_1805417b0	1805417b0	25	OK	30799363
11890	__acrt_initialize_fma3	1805417d0	112	OK	30800039
11891	FUN_180541840	180541840	32	OK	30800183
11892	FUN_180541860	180541860	32	OK	30800327
11893	FUN_180541880	180541880	150	OK	30800896
11894	FID_conflict:_FDunscale	180541918	138	OK	30801877
11895	FUN_1805419b0	1805419b0	510	OK	30804012
11896	FUN_180541bc0	180541bc0	306	OK	30804646
11897	FUN_180541d00	180541d00	483	OK	30806846
11898	FUN_180541ef0	180541ef0	119	OK	30807139
11899	FUN_180541f70	180541f70	18	OK	30807324
11900	FUN_180541f90	180541f90	18	OK	30807509
11901	FUN_180541fa4	180541fa4	162	OK	30808050
11902	FUN_180542050	180542050	18	OK	30808235
11903	FUN_180542070	180542070	152	OK	30808705
11904	FUN_180542110	180542110	300	OK	30809607
11905	FUN_180542240	180542240	353	OK	30810625
11906	FUN_1805423a4	1805423a4	9	OK	30810773
11907	FUN_1805423b0	1805423b0	226	OK	30811612
11908	__acrt_fenv_get_fp_status_word_from_exception_mask	180542494	11	OK	30812021
11909	FUN_1805424a0	1805424a0	85	OK	30812327
11910	FUN_1805424f8	1805424f8	309	OK	30813706
11911	FUN_180542630	180542630	115	OK	30814231
11912	fegetexceptflag	1805426a4	65	OK	30814758
11913	FUN_1805426e8	1805426e8	379	OK	30817601
11914	FUN_180542864	180542864	455	OK	30819802
11915	FUN_180542a2c	180542a2c	399	OK	30822805
11916	FUN_180542bbc	180542bbc	287	OK	30824607
11917	FUN_180542cdc	180542cdc	507	OK	30827959
11918	FUN_180542ed8	180542ed8	168	OK	30829042
11919	FUN_180542f80	180542f80	275	OK	30830656
11920	FUN_180543094	180543094	831	OK	30835569
11921	FUN_1805433d4	1805433d4	182	OK	30837054
11922	FUN_18054348c	18054348c	144	OK	30838439
11923	FUN_18054351c	18054351c	222	OK	30840108
11924	__ascii_wcsicmp	1805435fc	62	OK	30840760
11925	_wcsicmp	18054363c	70	OK	30841339
11926	FUN_180543684	180543684	305	OK	30843167
11927	FUN_1805437c0	1805437c0	79	OK	30843453
11928	FUN_180543810	180543810	8	OK	30843600
11929	FUN_180543818	180543818	8	OK	30843747
11930	FUN_180543820	180543820	8	OK	30843894
11931	FUN_180543828	180543828	8	OK	30844038
11932	FUN_180543830	180543830	8	OK	30844182
11933	FUN_180543838	180543838	47	OK	30844582
11934	FUN_180543868	180543868	47	OK	30844982
11935	FUN_180543898	180543898	47	OK	30845382
11936	FUN_1805438c8	1805438c8	761	OK	30847669
11937	FUN_180543bc4	180543bc4	500	OK	30849821
11938	FUN_180543dbc	180543dbc	224	OK	30851034
11939	FUN_180543ea0	180543ea0	637	OK	30854228
11940	FUN_180544120	180544120	391	OK	30856053
11941	FUN_1805442a8	1805442a8	279	OK	30857441
11942	FUN_1805443c0	1805443c0	127	OK	30857903
11943	__tzset	180544440	66	OK	30858364
11944	_isindst	180544484	48	OK	30858736
11945	FUN_1805444c0	1805444c0	18	OK	30858982
11946	FUN_1805444d4	1805444d4	395	OK	30861342
11947	FUN_180544660	180544660	576	OK	30864652
11948	FUN_1805448a4	1805448a4	387	OK	30866309
11949	FUN_180544a28	180544a28	862	OK	30871719
11950	thunk_FUN_180544660	180544d88	5	OK	30875054
11951	FUN_180544d90	180544d90	289	OK	30876867
11952	FUN_180544eb4	180544eb4	462	OK	30880876
11953	getSystemCP	180545084	125	OK	30881722
11954	FUN_180545104	180545104	152	OK	30882519
11955	FUN_18054519c	18054519c	501	OK	30886173
11956	FUN_180545394	180545394	623	OK	30892053
11957	update_thread_multibyte_data_internal	180545604	183	OK	30893529
11958	__acrt_initialize_multibyte	1805456c0	96	OK	30894081
11959	FUN_180545720	180545720	28	OK	30894362
11960	FUN_18054573c	18054573c	715	OK	30899680
11961	FUN_180545a08	180545a08	115	OK	30900403
11962	FUN_180545a7c	180545a7c	18	OK	30900574
11963	FUN_180545a90	180545a90	37	OK	30900868
11964	FUN_180545ab8	180545ab8	270	OK	30902019
11965	FUN_180545bc8	180545bc8	156	OK	30902861
11966	FUN_180545c64	180545c64	855	OK	30907462
11967	FUN_180545fbc	180545fbc	867	OK	30912266
11968	FUN_180546320	180546320	227	OK	30913792
11969	FUN_180546408	180546408	237	OK	30915332
11970	thunk_FUN_180545c64	1805464f8	5	OK	30919943
11971	thunk_FUN_180545fbc	180546500	5	OK	30924757
11972	_recalloc_base	180546508	149	OK	30925644
11973	__acrt_execute_initializers	1805465a0	128	OK	30926640
11974	__acrt_execute_uninitializers	180546620	60	OK	30927119
11975	FUN_18054665c	18054665c	32	OK	30927481
11976	FUN_18054667c	18054667c	8	OK	30927646
11977	FUN_180546684	180546684	49	OK	30928074
11978	FUN_1805466b8	1805466b8	95	OK	30928646
11979	FUN_180546718	180546718	72	OK	30929093
11980	FUN_180546760	180546760	429	OK	30931268
11981	FUN_180546910	180546910	64	OK	30931746
11982	__acrt_add_locale_ref	180546950	139	OK	30933213
11983	__acrt_free_locale	1805469dc	374	OK	30935210
11984	__acrt_locale_add_lc_time_reference	180546b54	39	OK	30935839
11985	__acrt_locale_free_lc_time_if_unreferenced	180546b7c	55	OK	30936415
11986	__acrt_locale_release_lc_time_reference	180546bb4	37	OK	30937030
11987	__acrt_release_locale_ref	180546bdc	168	OK	30938636
11988	__acrt_update_thread_locale_data	180546c84	109	OK	30939373
11989	_updatetlocinfoEx_nolock	180546cf4	101	OK	30940220
11990	__acrt_locale_free_monetary	180546d5c	266	OK	30941793
11991	FUN_180546e70	180546e70	1307	OK	30948814
11992	__acrt_locale_free_numeric	18054738c	108	OK	30949617
11993	FUN_180547400	180547400	743	OK	30954573
11994	FUN_1805476e8	1805476e8	50	OK	30954871
11995	initialize_lc_time	18054771c	830	OK	30957807
11996	__acrt_locale_free_time	180547a5c	264	OK	30958879
11997	__acrt_locale_initialize_time	180547b70	156	OK	30960066
11998	FUN_180547c0c	180547c0c	117	OK	30961193
11999	FUN_180547c84	180547c84	248	OK	30963225
12000	FUN_180547d7c	180547d7c	252	OK	30965389
12001	wcscspn	180547e78	63	OK	30966119
12002	wcspbrk	180547eb8	52	OK	30966779
12003	FUN_180547eec	180547eec	164	OK	30967600
12004	GetLocaleNameFromLangCountry	180547f94	207	OK	30968929
12005	GetLocaleNameFromLanguage	180548064	152	OK	30969991
12006	FUN_180548100	180548100	734	OK	30974981
12007	FUN_1805483e0	1805483e0	233	OK	30976187
12008	FUN_1805484cc	1805484cc	191	OK	30977120
12009	FUN_18054858c	18054858c	106	OK	30977698
12010	TranslateName	1805485f8	153	OK	30978498
12011	FUN_180548694	180548694	625	OK	30981247
12012	FUN_180548910	180548910	232	OK	30982482
12013	GetLcidFromLangCountry	1805489f8	205	OK	30983809
12014	GetLcidFromLanguage	180548ac8	150	OK	30984823
12015	FUN_180548b60	180548b60	583	OK	30988133
12016	FUN_180548db0	180548db0	264	OK	30989502
12017	FUN_180548eb8	180548eb8	79	OK	30990137
12018	FUN_180548f08	180548f08	178	OK	30990988
12019	FUN_180548fbc	180548fbc	186	OK	30991922
12020	TranslateName	180549078	127	OK	30992864
12021	FUN_1805490f8	1805490f8	640	OK	30996022
12022	FUN_180549378	180549378	8	OK	30996166
12023	FUN_180549380	180549380	228	OK	30997480
12024	FUN_180549468	180549468	163	OK	30998315
12025	__ascii_wcsnicmp	18054950c	75	OK	30999088
12026	_wcsnicmp	180549558	70	OK	30999675
12027	FUN_1805495a0	1805495a0	337	OK	31001619
12028	FUN_1805496f4	1805496f4	73	OK	31002275
12029	_strnicmp	180549740	79	OK	31002911
12030	_strnicmp_l	180549790	173	OK	31004179
12031	common_sopen_dispatch<>	180549840	195	OK	31005639
12032	FUN_180549904	180549904	639	OK	31008895
12033	FUN_180549b84	180549b84	530	OK	31012572
12034	truncate_ctrl_z_if_present	180549d98	193	OK	31013794
12035	FUN_180549e5c	180549e5c	283	OK	31015344
12036	FID_conflict:_sopen_s	180549f78	50	OK	31015876
12037	FUN_180549fac	180549fac	1005	OK	31021701
12038	FUN_18054a39c	18054a39c	208	OK	31022873
12039	FUN_18054a46c	18054a46c	272	OK	31024647
12040	FUN_18054a57c	18054a57c	4710	OK	31054636
12041	FUN_18054b7e4	18054b7e4	162	OK	31055945
12042	__acrt_CompareStringW	18054b888	189	OK	31056806
12043	FUN_18054b948	18054b948	911	OK	31064412
12044	__acrt_CompareStringA	18054bcd8	137	OK	31065253
12045	GetStringTypeW	18054bd64	7	OK	31065703
12046	FUN_18054bd6c	18054bd6c	121	OK	31066363
12047	FUN_18054bde8	18054bde8	73	OK	31066989
12048	FUN_18054be40	18054be40	239	OK	31069119
12049	FUN_18054bf30	18054bf30	340	OK	31071095
12050	FUN_18054c084	18054c084	250	OK	31072585
12051	FUN_18054c180	18054c180	157	OK	31073600
12052	FUN_18054c220	18054c220	777	OK	31087477
12053	FUN_18054c5e8	18054c5e8	8	OK	31087671
12054	_mbsdec_l	18054c5f0	148	OK	31088806
12055	FUN_18054c690	18054c690	23	OK	31089003
12056	FUN_18054c6a8	18054c6a8	415	OK	31091625
12057	_msize_base	18054c848	57	OK	31092296
12058	FUN_18054c884	18054c884	473	OK	31095152
12059	__dcrt_lowio_ensure_console_output_initialized	18054ca60	82	OK	31095763
12060	FUN_18054cac0	18054cac0	28	OK	31095976
12061	__dcrt_write_console	18054cadc	190	OK	31096835
12062	common_xtox<unsigned_long,wchar_t>	18054cb9c	212	OK	31098408
12063	common_xtox_s<unsigned_long,wchar_t>	18054cc70	105	OK	31099414
12064	FID_conflict:_ltow_s	18054ccdc	32	OK	31099984
12065	wcscmp	18054ccfc	53	OK	31100674
12066	_controlfp_s	18054cd34	99	OK	31101557
12067	fegetenv	18054cd98	32	OK	31101939
12068	FUN_18054cdb8	18054cdb8	88	OK	31102374
12069	feholdexcept	18054ce10	80	OK	31103039
12070	FUN_18054ce60	18054ce60	8	OK	31103227
12071	FUN_18054ce68	18054ce68	20	OK	31103506
12072	FUN_18054ce7c	18054ce7c	163	OK	31104416
12073	__acrt_LCMapStringW	18054cf20	135	OK	31105099
12074	FUN_18054cfa8	18054cfa8	89	OK	31105775
12075	thunk_FUN_18054d00c	18054d004	5	OK	31109285
12076	FUN_18054d00c	18054d00c	626	OK	31112785
12077	FUN_18054d2b0	18054d2b0	80	OK	31113348
12078	FUN_18054d300	18054d300	280	OK	31114742
12079	FUN_18054d420	18054d420	207	OK	31116105
12080	FUN_18054d4f0	18054d4f0	418	OK	31119161
12081	FUN_18054d6a0	18054d6a0	212	OK	31120639
12082	FUN_18054d780	18054d780	435	OK	31123047
12083	FUN_18054d940	18054d940	29	OK	31123292
12084	FUN_18054d960	18054d960	401	OK	31125299
12085	FUN_18054db00	18054db00	148	OK	31126224
12086	FUN_18054dba0	18054dba0	38	OK	31128808
12087	FUN_18054dbd0	18054dbd0	348	OK	31131421
12088	FUN_18054dd30	18054dd30	15	OK	31131627
12089	FUN_18054dd40	18054dd40	52	OK	31131888
12090	FUN_18054dd80	18054dd80	1026	OK	31139016
12091	FUN_18054e190	18054e190	52	OK	31139277
12092	FUN_18054e1d0	18054e1d0	14	OK	31139485
12093	FUN_18054e1e0	18054e1e0	8	OK	31139686
12094	FUN_18054e1f0	18054e1f0	115	OK	31140319
12095	FUN_18054e270	18054e270	212	OK	31141515
12096	FUN_18054e350	18054e350	138	OK	31142289
12097	FUN_18054e3e0	18054e3e0	94	OK	31142718
12098	FUN_18054e440	18054e440	58	OK	31142983
12099	FUN_18054e480	18054e480	137	OK	31143967
12100	FUN_18054e510	18054e510	54	OK	31144205
12101	FUN_18054e550	18054e550	1633	OK	31155602
12102	FUN_18054ebc0	18054ebc0	88	OK	31156000
12103	FUN_18054ec20	18054ec20	88	OK	31156398
12104	FUN_18054ec80	18054ec80	645	OK	31159342
12105	FUN_18054ef10	18054ef10	1612	OK	31166121
12106	FUN_18054f560	18054f560	647	OK	31169492
12107	FUN_18054f7f0	18054f7f0	262	OK	31170604
12108	FUN_18054f900	18054f900	5072	OK	31192032
12109	FUN_180550cd0	180550cd0	47	OK	31192487
12110	FUN_180550d00	180550d00	404	OK	31195537
12111	FUN_180550ea0	180550ea0	161	OK	31196548
12112	FUN_180550f50	180550f50	387	OK	31200067
12113	FUN_1805510e0	1805510e0	36	OK	31200359
12114	FUN_180551110	180551110	1962	OK	31216009
12115	FUN_1805518c0	1805518c0	14	OK	31216217
12116	FUN_1805518d0	1805518d0	8	OK	31216418
12117	FUN_1805518e0	1805518e0	350	OK	31218869
12118	FUN_180551a40	180551a40	15	OK	31219047
12119	FUN_180551a50	180551a50	21	OK	31219252
12120	FUN_180551a70	180551a70	188	OK	31220326
12121	FUN_180551b30	180551b30	51	OK	31220846
12122	FUN_180551b70	180551b70	52	OK	31221108
12123	FUN_180551bb0	180551bb0	698	OK	31228151
12124	FUN_180551e70	180551e70	107	OK	31228635
12125	FUN_180551ee0	180551ee0	649	OK	31231546
12126	FUN_180552170	180552170	467	OK	31234754
12127	FUN_180552350	180552350	826	OK	31238910
12128	FUN_180552690	180552690	404	OK	31241026
12129	FUN_180552830	180552830	235	OK	31242728
12130	FUN_180552920	180552920	177	OK	31243903
12131	FUN_1805529e0	1805529e0	294	OK	31245636
12132	FUN_180552b10	180552b10	137	OK	31246380
12133	FUN_180552ba0	180552ba0	140	OK	31247124
12134	FUN_180552c30	180552c30	126	OK	31247771
12135	FUN_180552cb0	180552cb0	176	OK	31248593
12136	FUN_180552d70	180552d70	170	OK	31249860
12137	FUN_180552e20	180552e20	190	OK	31251233
12138	FUN_180552ee0	180552ee0	366	OK	31253290
12139	FUN_180553060	180553060	114	OK	31254367
12140	FUN_1805530e0	1805530e0	603	OK	31258174
12141	FUN_180553340	180553340	2053	OK	31269984
12142	FUN_180553b50	180553b50	219	OK	31270903
12143	FUN_180553c30	180553c30	132	OK	31272112
12144	FUN_180553cc0	180553cc0	126	OK	31273342
12145	FUN_180553d40	180553d40	48	OK	31273690
12146	FUN_180553d70	180553d70	55	OK	31274113
12147	FUN_180553db0	180553db0	36	OK	31274349
12148	FUN_180553de0	180553de0	110	OK	31275081
12149	FUN_180553e50	180553e50	185	OK	31276010
12150	FUN_180553f10	180553f10	37	OK	31276235
12151	FUN_180553f40	180553f40	37	OK	31276458
12152	FUN_180553f70	180553f70	111	OK	31276928
12153	FUN_180553fe0	180553fe0	904	OK	31281508
12154	FUN_180554370	180554370	246	OK	31282950
12155	FUN_180554470	180554470	262	OK	31284060
12156	FUN_180554580	180554580	157	OK	31285071
12157	FUN_180554620	180554620	335	OK	31286830
12158	FUN_180554780	180554780	48	OK	31287149
12159	FUN_1805547b0	1805547b0	196	OK	31288350
12160	FUN_180554880	180554880	246	OK	31289408
12161	FUN_180554980	180554980	569	OK	31292586
12162	FUN_180554bc0	180554bc0	42	OK	31292943
12163	FUN_180554bf0	180554bf0	48	OK	31293316
12164	FUN_180554c20	180554c20	75	OK	31293887
12165	FUN_180554c70	180554c70	217	OK	31294988
12166	FUN_180554d50	180554d50	132	OK	31295792
12167	FUN_180554de0	180554de0	49	OK	31296143
12168	FUN_180554e20	180554e20	55	OK	31296611
12169	FUN_180554e60	180554e60	43	OK	31296990
12170	FUN_180554e90	180554e90	188	OK	31298729
12171	FUN_180554f50	180554f50	247	OK	31300166
12172	FUN_180555050	180555050	157	OK	31301226
12173	FUN_1805550f0	1805550f0	177	OK	31302575
12174	FUN_1805551b0	1805551b0	2333	OK	31316976
12175	FUN_180555ad0	180555ad0	453	OK	31319426
12176	FUN_180555ca0	180555ca0	136	OK	31320090
12177	FUN_180555d30	180555d30	102	OK	31320718
12178	FUN_180555da0	180555da0	52	OK	31320979
12179	FUN_180555de0	180555de0	463	OK	31323168
12180	FUN_180555fb0	180555fb0	148	OK	31324039
12181	FUN_180556050	180556050	46	OK	31324277
12182	FUN_180556080	180556080	103	OK	31324701
12183	FUN_1805560f0	1805560f0	38	OK	31325033
12184	FUN_180556120	180556120	611	OK	31328358
12185	FUN_180556390	180556390	22	OK	31328573
12186	FUN_1805563b0	1805563b0	158	OK	31329668
12187	FUN_180556450	180556450	109	OK	31330286
12188	FUN_1805564c0	1805564c0	14	OK	31330494
12189	FUN_1805564d0	1805564d0	8	OK	31330695
12190	FUN_1805564e0	1805564e0	374	OK	31332808
12191	FUN_180556660	180556660	22	OK	31333078
12192	FUN_180556680	180556680	189	OK	31334173
12193	FUN_180556740	180556740	354	OK	31336609
12194	FUN_1805568b0	1805568b0	108	OK	31337242
12195	FUN_180556920	180556920	456	OK	31339602
12196	FUN_180556af0	180556af0	92	OK	31340173
12197	FUN_180556b50	180556b50	412	OK	31343296
12198	FUN_180556cf0	180556cf0	100	OK	31343910
12199	FUN_180556d60	180556d60	151	OK	31344680
12200	FUN_180556e00	180556e00	99	OK	31345608
12201	FUN_180556e70	180556e70	1476	OK	31354412
12202	FUN_180557440	180557440	78	OK	31354820
12203	FUN_180557490	180557490	259	OK	31356526
12204	FUN_1805575a0	1805575a0	429	OK	31359118
12205	FUN_180557750	180557750	255	OK	31360789
12206	FUN_180557850	180557850	179	OK	31361900
12207	FUN_180557910	180557910	713	OK	31365929
12208	FUN_180557be0	180557be0	1229	OK	31374166
12209	FUN_1805580b0	1805580b0	336	OK	31376361
12210	FUN_180558200	180558200	138	OK	31377203
12211	FUN_180558290	180558290	521	OK	31380632
12212	FUN_1805584a0	1805584a0	1358	OK	31389005
12213	FUN_180558a80	180558a80	1176	OK	31396371
12214	FUN_180558f20	180558f20	622	OK	31399515
12215	FUN_1805591e0	1805591e0	327	OK	31401510
12216	FUN_180559330	180559330	1557	OK	31410502
12217	FUN_180559950	180559950	1046	OK	31414408
12218	FUN_180559d70	180559d70	721	OK	31417546
12219	FUN_18055a050	18055a050	80	OK	31417999
12220	FUN_18055a0a0	18055a0a0	1134	OK	31423624
12221	FUN_18055a510	18055a510	700	OK	31426668
12222	FUN_18055a7d0	18055a7d0	753	OK	31431277
12223	FUN_18055aad0	18055aad0	1046	OK	31435183
12224	FUN_18055aef0	18055aef0	665	OK	31437912
12225	FUN_18055b190	18055b190	1034	OK	31442711
12226	FUN_18055b5a0	18055b5a0	598	OK	31445284
12227	FUN_18055b800	18055b800	802	OK	31449201
12228	FUN_18055bb30	18055bb30	123	OK	31449867
12229	FUN_18055bbb0	18055bbb0	83	OK	31450535
12230	RtlUnwind	18055bc10	6	OK	31450972
12231	_FindPESection	18055bc20	68	OK	31451954
12232	_IsNonwritableInCurrentImage	18055bc70	75	OK	31452672
12233	FUN_18055bcc0	18055bcc0	43	OK	31453029
12234	__GSHandlerCheck_SEH	18055bcec	133	OK	31453691
12235	__GSHandlerCheck_EH	18055bd74	127	OK	31454330
12236	FUN_18055bdf4	18055bdf4	74	OK	31454882
12237	FUN_18055be40	18055be40	121	OK	31457799
12238	FID_conflict:_drint	18055bebc	303	OK	31459580
12239	FUN_18055bfec	18055bfec	107	OK	31460123
12240	FUN_18055c058	18055c058	764	OK	31464928
12241	thunk_FUN_18055c058	18055c358	5	OK	31469751
12242	common_gmtime_s<__int64>	18055c360	408	OK	31472865
12243	compute_year	18055c4f8	240	OK	31474048
12244	common_gmtime_s<__int64>	18055c5e8	5	OK	31476981
12245	_guard_dispatch_icall	18055c600	2	OK	31477395
12246	_guard_dispatch_icall	18055c620	6	OK	31477876
12247	FUN_18055c640	18055c640	235	OK	31478900
12248	strcmp	18055c740	103	OK	31479914
12249	strncmp	18055c7c0	125	OK	31481150
12250	strncpy	18055c850	354	OK	31485913
12251	FUN_18055c9c0	18055c9c0	42	OK	31486304
12252	FUN_18055c9f0	18055c9f0	29	OK	31486521
12253	FUN_18055ca20	18055ca20	38	OK	31486851
12254	FUN_18055cfd0	18055cfd0	29	OK	31487065
12255	FUN_18055d040	18055d040	37	OK	31487364
12256	FUN_18055d070	18055d070	30	OK	31487608
12257	FUN_18055d0a0	18055d0a0	30	OK	31487852
12258	FUN_18055d0d0	18055d0d0	29	OK	31488066
12259	FUN_18055d170	18055d170	32	OK	31488280
12260	dtor$1	18055d1b0	44	OK	31488898
12261	FUN_18055d1e0	18055d1e0	44	OK	31489214
12262	FUN_18055d210	18055d210	44	OK	31489530
12263	FUN_18055d240	18055d240	44	OK	31489846
12264	FUN_18055d280	18055d280	32	OK	31490060
12265	FUN_18055d300	18055d300	32	OK	31490277
12266	FUN_18055d390	18055d390	29	OK	31490410
12267	FUN_18055d3f0	18055d3f0	38	OK	31490740
12268	FUN_18055d420	18055d420	29	OK	31490957
12269	FUN_18055d5f0	18055d5f0	38	OK	31491303
12270	FUN_18055d620	18055d620	72	OK	31491825
12271	FUN_18055d670	18055d670	29	OK	31492042
12272	FUN_18055d6c0	18055d6c0	29	OK	31492259
12273	FUN_18055d790	18055d790	29	OK	31492392
12274	FUN_18055d7b0	18055d7b0	38	OK	31492738
12275	FUN_18055d8f0	18055d8f0	43	OK	31493090
12276	FUN_18055d920	18055d920	43	OK	31493411
12277	FUN_18055da10	18055da10	43	OK	31493730
12278	FUN_18055da50	18055da50	29	OK	31493947
12279	FUN_18055db80	18055db80	29	OK	31494164
12280	FUN_18055dc70	18055dc70	42	OK	31494555
12281	FUN_18055dca0	18055dca0	72	OK	31495077
12282	FUN_18055dcf0	18055dcf0	63	OK	31495599
12283	FUN_18055dd30	18055dd30	63	OK	31496121
12284	FUN_18055dd90	18055dd90	40	OK	31496419
12285	FUN_18055ddd0	18055ddd0	38	OK	31496755
12286	FUN_18055de00	18055de00	42	OK	31497146
12287	FUN_18055de40	18055de40	45	OK	31497481
12288	FUN_18055dfb0	18055dfb0	90	OK	31498218
12289	FUN_18055e110	18055e110	41	OK	31498532
12290	FUN_18055e140	18055e140	38	OK	31498862
12291	FUN_18055e1e0	18055e1e0	29	OK	31499079
12292	FUN_18055e210	18055e210	29	OK	31499296
12293	FUN_18055e250	18055e250	32	OK	31499511
12294	FUN_18055e270	18055e270	40	OK	31499759
12295	FUN_18055e2a0	18055e2a0	37	OK	31499974
12296	FUN_18055e2e0	18055e2e0	32	OK	31500188
12297	FUN_18055e300	18055e300	32	OK	31500406
12298	FUN_18055e390	18055e390	34	OK	31500705
12299	FUN_18055e470	18055e470	29	OK	31500923
12300	FUN_18055e4a0	18055e4a0	45	OK	31501258
12301	FUN_18055e4d0	18055e4d0	29	OK	31501472
12302	FUN_18055e500	18055e500	32	OK	31501689
12303	FUN_18055e520	18055e520	32	OK	31501903
12304	FUN_18055e540	18055e540	32	OK	31502117
12305	FUN_18055e560	18055e560	40	OK	31502364
12306	FUN_18055e590	18055e590	32	OK	31502578
12307	FUN_18055e5c0	18055e5c0	41	OK	31502890
12308	FUN_18055e620	18055e620	41	OK	31503204
12309	FUN_18055e670	18055e670	29	OK	31503421
12310	FUN_18055e690	18055e690	40	OK	31503668
12311	FUN_18055e6f0	18055e6f0	41	OK	31503982
12312	FUN_18055e730	18055e730	34	OK	31504282
12313	FUN_18055e760	18055e760	34	OK	31504581
12314	FUN_18055e790	18055e790	34	OK	31504880
12315	FUN_18055e7c0	18055e7c0	32	OK	31505095
12316	FUN_18055e7e0	18055e7e0	32	OK	31505310
12317	FUN_18055e800	18055e800	32	OK	31505525
12318	FUN_18055e820	18055e820	32	OK	31505740
12319	FUN_18055e850	18055e850	29	OK	31505958
12320	FUN_18055e870	18055e870	29	OK	31506175
12321	FUN_18055e890	18055e890	29	OK	31506389
12322	FUN_18055e8b0	18055e8b0	29	OK	31506606
12323	FUN_18055e8d0	18055e8d0	32	OK	31506820
12324	FUN_18055e8f0	18055e8f0	29	OK	31507037
12325	FUN_18055e930	18055e930	29	OK	31507254
12326	FUN_18055e950	18055e950	42	OK	31507645
12327	FUN_18055ea20	18055ea20	41	OK	31507959
12328	FUN_18055ea50	18055ea50	41	OK	31508273
12329	FUN_18055eab0	18055eab0	29	OK	31508489
12330	FUN_18055ed10	18055ed10	41	OK	31508803
12331	FUN_18055ed40	18055ed40	41	OK	31509117
12332	FUN_18055eea0	18055eea0	40	OK	31509418
12333	FUN_18055eed0	18055eed0	32	OK	31509633
12334	FUN_18055eef0	18055eef0	32	OK	31509851
12335	FUN_18055ef10	18055ef10	32	OK	31510069
12336	FUN_18055ef30	18055ef30	32	OK	31510284
12337	FUN_18055ef50	18055ef50	32	OK	31510499
12338	FUN_18055ef70	18055ef70	29	OK	31510716
12339	FUN_18055ef90	18055ef90	32	OK	31510930
12340	FUN_18055f130	18055f130	41	OK	31511244
12341	FUN_18055f180	18055f180	41	OK	31511558
12342	FUN_18055f270	18055f270	37	OK	31511772
12343	FUN_18055f2a0	18055f2a0	32	OK	31511989
12344	FUN_18055f2d0	18055f2d0	40	OK	31512238
12345	FUN_18055f3a0	18055f3a0	29	OK	31512454
12346	FUN_18055f410	18055f410	63	OK	31512976
12347	FUN_18055f4b0	18055f4b0	29	OK	31513193
12348	FUN_18055f5c0	18055f5c0	32	OK	31513408
12349	FUN_18055f5e0	18055f5e0	32	OK	31513623
12350	FUN_18055f600	18055f600	37	OK	31513923
12351	FUN_18055f630	18055f630	32	OK	31514141
12352	FUN_18055f650	18055f650	32	OK	31514356
12353	FUN_18055f670	18055f670	29	OK	31514570
12354	FUN_18055f810	18055f810	34	OK	31514817
12355	FUN_18055f880	18055f880	40	OK	31515064
12356	FUN_18055f8d0	18055f8d0	29	OK	31515281
12357	FUN_18055f980	18055f980	29	OK	31515498
12358	FUN_18055fa30	18055fa30	63	OK	31516020
12359	FUN_18055fb40	18055fb40	42	OK	31516411
12360	FUN_18055fb70	18055fb70	42	OK	31516802
12361	FUN_18055fba0	18055fba0	42	OK	31517193
12362	FUN_18055fc00	18055fc00	29	OK	31517411
12363	FUN_18055fc40	18055fc40	90	OK	31518148
12364	FUN_18055fca0	18055fca0	38	OK	31518478
12365	FUN_18055ff90	18055ff90	38	OK	31518791
12366	FUN_18055fff0	18055fff0	32	OK	31519008
12367	FUN_180560010	180560010	41	OK	31519321
12368	FUN_1805600e0	1805600e0	29	OK	31519539
12369	FUN_180560100	180560100	38	OK	31519869
12370	FUN_180560200	180560200	32	OK	31520087
12371	FUN_180560220	180560220	54	OK	31520404
12372	FUN_180560270	180560270	52	OK	31520754
12373	FUN_1805602b0	1805602b0	52	OK	31521073
12374	FUN_180560300	180560300	29	OK	31521290
12375	FUN_180560320	180560320	29	OK	31521507
12376	FUN_180560380	180560380	38	OK	31521837
12377	FUN_1805603b0	1805603b0	29	OK	31522054
12378	FUN_1805603f0	1805603f0	32	OK	31522271
12379	FUN_180560410	180560410	40	OK	31522518
12380	FUN_180560440	180560440	32	OK	31522732
12381	FUN_180560460	180560460	32	OK	31522946
12382	FUN_1805604b0	1805604b0	29	OK	31523160
12383	FUN_1805604d0	1805604d0	29	OK	31523374
12384	FUN_1805604f0	1805604f0	29	OK	31523591
12385	FUN_180560520	180560520	29	OK	31523808
12386	FUN_1805605a0	1805605a0	32	OK	31524023
12387	FUN_180560650	180560650	41	OK	31524337
12388	FUN_180560680	180560680	41	OK	31524651
12389	FUN_1805606c0	1805606c0	41	OK	31524965
12390	FUN_1805606f0	1805606f0	41	OK	31525282
12391	FUN_180560860	180560860	38	OK	31525595
12392	FUN_1805608e0	1805608e0	38	OK	31525908
12393	FUN_180560940	180560940	41	OK	31526221
12394	FUN_180560970	180560970	41	OK	31526534
12395	FUN_180560b70	180560b70	45	OK	31526773
12396	FUN_180560ca0	180560ca0	45	OK	31527012
12397	FUN_180560e20	180560e20	42	OK	31527250
12398	FUN_180560e70	180560e70	29	OK	31527467
12399	FUN_180560ef0	180560ef0	38	OK	31527797
12400	FUN_180560f2e	180560f2e	23	OK	31527969
12401	FUN_180560f46	180560f46	22	OK	31528189
12402	FUN_180560f5d	180560f5d	24	OK	31528409
12403	FUN_180560f76	180560f76	19	OK	31528553
12404	FUN_180560f8a	180560f8a	53	OK	31528915
12405	FUN_180560fc0	180560fc0	43	OK	31529286
12406	FUN_180560fec	180560fec	93	OK	31530071
12407	FUN_18056104b	18056104b	148	OK	31531235
12408	FUN_1805610e1	1805610e1	162	OK	31532217
12409	FUN_180561184	180561184	176	OK	31533281
12410	FUN_180561235	180561235	27	OK	31533500
12411	FUN_180561251	180561251	36	OK	31533813
12412	FUN_180561276	180561276	133	OK	31534639
12413	FUN_1805612fc	1805612fc	46	OK	31535002
12414	FUN_18056132b	18056132b	144	OK	31535922
12415	FUN_1805613bc	1805613bc	21	OK	31536066
12416	FUN_1805613d2	1805613d2	34	OK	31536366
12417	FUN_1805613f5	1805613f5	21	OK	31536510
12418	FUN_18056140b	18056140b	34	OK	31536810
12419	FUN_18056142e	18056142e	23	OK	31537016
12420	FUN_180561446	180561446	26	OK	31537224
12421	FUN_180561461	180561461	28	OK	31537432
12422	FUN_18056147e	18056147e	25	OK	31537638
12423	FUN_180561498	180561498	25	OK	31537844
12424	FUN_1805614b2	1805614b2	23	OK	31538050
12425	FUN_1805614ca	1805614ca	23	OK	31538256
12426	FUN_1805614e2	1805614e2	42	OK	31538573
12427	FUN_18056150d	18056150d	24	OK	31538720
12428	FUN_180561526	180561526	24	OK	31538867
12429	FUN_18056153f	18056153f	25	OK	31539075
12430	FUN_180561559	180561559	44	OK	31539456
12431	FUN_180561586	180561586	24	OK	31539601
12432	FUN_18056159f	18056159f	104	OK	31540157
12433	FUN_180561608	180561608	22	OK	31540372
12434	FUN_180561620	180561620	31	OK	31540544
12435	FUN_180561640	180561640	22	OK	31540759
12436	FUN_180561657	180561657	32	OK	31540984
12437	FUN_180561678	180561678	21	OK	31541129
12438	FUN_18056168e	18056168e	25	OK	31541346
12439	FUN_1805616a8	1805616a8	25	OK	31541554
12440	FUN_1805616c2	1805616c2	32	OK	31541840
12441	FUN_1805616e3	1805616e3	24	OK	31541985
12442	FUN_1805616fc	1805616fc	44	OK	31542402
12443	FUN_180561729	180561729	24	OK	31542547
12444	FUN_180561742	180561742	25	OK	31542755
12445	FUN_18056175c	18056175c	24	OK	31542900
12446	FUN_180561775	180561775	24	OK	31543045
12447	FUN_18056178e	18056178e	119	OK	31543681
12448	FUN_180561806	180561806	43	OK	31543983
12449	FUN_180561840	180561840	12	OK	31544141
12450	FUN_180561850	180561850	98	OK	31544894
12451	FUN_1805618c0	1805618c0	133	OK	31545570
12452	FUN_180561950	180561950	121	OK	31546231
12453	FUN_1805619d0	1805619d0	121	OK	31546892
12454	FUN_180561a50	180561a50	121	OK	31547553
12455	FUN_180561ad0	180561ad0	121	OK	31548214
12456	FUN_180561b50	180561b50	121	OK	31548875
12457	FUN_180561bd0	180561bd0	121	OK	31549536
12458	FUN_180561c50	180561c50	12	OK	31549702
12459	FUN_180561c60	180561c60	133	OK	31550378
12460	FUN_180561cf0	180561cf0	12	OK	31550544
12461	FUN_180561d00	180561d00	98	OK	31551277
12462	FUN_180561d70	180561d70	98	OK	31552010
12463	FUN_180561de0	180561de0	121	OK	31552671
12464	FUN_180561e60	180561e60	121	OK	31553332
12465	FUN_180561ee0	180561ee0	12	OK	31553506
12466	FUN_180561ef0	180561ef0	12	OK	31553680
12467	FUN_180561f00	180561f00	12	OK	31553854
12468	FUN_180561f10	180561f10	12	OK	31554028
12469	FUN_180561f20	180561f20	12	OK	31554186
12470	FUN_180561f30	180561f30	12	OK	31554344
12471	FUN_180561f40	180561f40	121	OK	31554987
12472	FUN_180561fc0	180561fc0	121	OK	31555630
12473	FUN_180562040	180562040	121	OK	31556273
12474	FUN_1805620c0	1805620c0	121	OK	31556916
12475	FUN_180562140	180562140	121	OK	31557559
12476	FUN_1805621c0	1805621c0	121	OK	31558202
12477	FUN_180562240	180562240	12	OK	31558360
12478	FUN_180562250	180562250	121	OK	31559003
12479	FUN_1805622d0	1805622d0	121	OK	31559646
12480	FUN_180562350	180562350	131	OK	31560218
12481	FUN_1805623e0	1805623e0	121	OK	31560861
12482	FUN_180562460	180562460	121	OK	31561504
12483	FUN_1805624e0	1805624e0	121	OK	31562147
12484	FUN_180562560	180562560	121	OK	31562790
12485	FUN_1805625e0	1805625e0	121	OK	31563433
12486	FUN_180562660	180562660	121	OK	31564076
12487	FUN_1805626e0	1805626e0	121	OK	31564719
12488	FUN_180562760	180562760	121	OK	31565362
12489	FUN_1805627e0	1805627e0	12	OK	31565520
12490	FUN_1805627f0	1805627f0	121	OK	31566163
12491	FUN_180562870	180562870	121	OK	31566806
12492	FUN_1805628f0	1805628f0	121	OK	31567449
12493	FUN_180562970	180562970	121	OK	31568092
12494	FUN_1805629f0	1805629f0	12	OK	31568250
12495	FUN_180562a00	180562a00	12	OK	31568408
12496	FUN_180562a10	180562a10	170	OK	31569491
12497	FUN_180562ac0	180562ac0	170	OK	31570574
12498	FUN_180562b70	180562b70	276	OK	31572314
12499	FUN_180562c90	180562c90	121	OK	31572957
12500	FUN_180562d10	180562d10	121	OK	31573600
12501	FUN_180562d90	180562d90	28	OK	31573797
12502	FUN_180562db0	180562db0	55	OK	31574048
12503	FUN_180562df0	180562df0	15	OK	31574228
12504	FUN_180562e00	180562e00	15	OK	31574408
12505	FUN_180562e10	180562e10	121	OK	31575051
12506	FUN_180562e90	180562e90	121	OK	31575694
12507	FUN_180562f10	180562f10	121	OK	31576337
12508	FUN_180562f90	180562f90	121	OK	31576980
12509	FUN_180563010	180563010	58	OK	31577290
12510	FUN_180563050	180563050	58	OK	31577634
12511	FUN_180563090	180563090	121	OK	31578277
12512	FUN_180563110	180563110	121	OK	31578920
12513	FUN_180563190	180563190	15	OK	31579100
12514	FUN_1805631a0	1805631a0	15	OK	31579280
12515	FUN_1805631b0	1805631b0	121	OK	31579937
12516	FUN_180563230	180563230	12	OK	31580095
12517	FUN_180563240	180563240	36	OK	31580367
12518	FUN_180563270	180563270	12	OK	31580525
12519	FUN_180563280	180563280	12	OK	31580683
12520	FUN_180563290	180563290	12	OK	31580841
12521	FUN_1805632a0	1805632a0	121	OK	31581494
12522	FUN_180563320	180563320	121	OK	31582155
12523	FUN_1805633a0	1805633a0	121	OK	31582812
12524	FUN_180563420	180563420	121	OK	31583473
12525	FUN_1805634a0	1805634a0	121	OK	31584134
12526	FUN_180563520	180563520	131	OK	31584790
12527	FUN_1805635b0	1805635b0	121	OK	31585451
12528	FUN_180563630	180563630	121	OK	31586112
12529	FUN_1805636b0	1805636b0	121	OK	31586773
12530	FUN_180563730	180563730	121	OK	31587434
12531	FUN_1805637b0	1805637b0	121	OK	31588095
12532	FUN_180563830	180563830	131	OK	31588751
12533	FUN_1805638c0	1805638c0	121	OK	31589412
12534	FUN_180563940	180563940	121	OK	31590073
12535	FUN_1805639c0	1805639c0	121	OK	31590734
12536	FUN_180563a40	180563a40	121	OK	31591395
12537	FUN_180563ac0	180563ac0	121	OK	31592056
12538	FUN_180563b40	180563b40	121	OK	31592717
12539	FUN_180563bc0	180563bc0	121	OK	31593378
12540	FUN_180563c40	180563c40	121	OK	31594039
12541	FUN_180563cc0	180563cc0	121	OK	31594700
12542	FUN_180563d40	180563d40	121	OK	31595361
12543	FUN_180563dc0	180563dc0	121	OK	31596018
12544	FUN_180563e40	180563e40	121	OK	31596679
12545	FUN_180563ec0	180563ec0	121	OK	31597336
12546	FUN_180563f40	180563f40	121	OK	31597997
12547	FUN_180563fc0	180563fc0	121	OK	31598654
12548	FUN_180564040	180564040	121	OK	31599311
12549	FUN_1805640c0	1805640c0	121	OK	31599972
12550	FUN_180564140	180564140	121	OK	31600633
12551	FUN_1805641c0	1805641c0	121	OK	31601294
12552	FUN_180564240	180564240	121	OK	31601955
12553	FUN_1805642c0	1805642c0	121	OK	31602616
12554	FUN_180564340	180564340	121	OK	31603277
12555	FUN_1805643c0	1805643c0	121	OK	31603938
12556	FUN_180564440	180564440	121	OK	31604599
12557	FUN_1805644c0	1805644c0	121	OK	31605260
12558	FUN_180564540	180564540	121	OK	31605921
12559	FUN_1805645c0	1805645c0	121	OK	31606582
12560	FUN_180564640	180564640	121	OK	31607243
12561	FUN_1805646c0	1805646c0	121	OK	31607904
12562	FUN_180564740	180564740	121	OK	31608565
12563	FUN_1805647c0	1805647c0	121	OK	31609218
12564	FUN_180564840	180564840	121	OK	31609875
12565	FUN_1805648c0	1805648c0	121	OK	31610536
12566	FUN_180564940	180564940	121	OK	31611197
12567	FUN_1805649c0	1805649c0	121	OK	31611858
12568	FUN_180564a40	180564a40	121	OK	31612519
12569	FUN_180564ac0	180564ac0	121	OK	31613180
12570	FUN_180564b40	180564b40	121	OK	31613837
12571	FUN_180564bc0	180564bc0	121	OK	31614498
12572	FUN_180564c40	180564c40	121	OK	31615159
12573	FUN_180564cc0	180564cc0	121	OK	31615820
12574	FUN_180564d40	180564d40	121	OK	31616481
12575	FUN_180564dc0	180564dc0	121	OK	31617138
12576	FUN_180564e40	180564e40	121	OK	31617799
12577	FUN_180564ec0	180564ec0	121	OK	31618460
12578	FUN_180564f40	180564f40	121	OK	31619121
12579	FUN_180564fc0	180564fc0	121	OK	31619782
12580	FUN_180565040	180565040	121	OK	31620443
12581	FUN_1805650c0	1805650c0	121	OK	31621104
12582	FUN_180565140	180565140	121	OK	31621765
12583	FUN_1805651c0	1805651c0	121	OK	31622426
12584	FUN_180565240	180565240	121	OK	31623079
12585	FUN_1805652c0	1805652c0	121	OK	31623732
12586	FUN_180565340	180565340	121	OK	31624393
12587	FUN_1805653c0	1805653c0	121	OK	31625054
12588	FUN_180565440	180565440	121	OK	31625711
12589	FUN_1805654c0	1805654c0	121	OK	31626368
12590	FUN_180565540	180565540	121	OK	31627029
12591	FUN_1805655c0	1805655c0	121	OK	31627686
12592	FUN_180565640	180565640	121	OK	31628343
12593	FUN_1805656c0	1805656c0	121	OK	31629000
12594	FUN_180565740	180565740	121	OK	31629661
12595	FUN_1805657c0	1805657c0	121	OK	31630318
12596	FUN_180565840	180565840	121	OK	31630975
12597	FUN_1805658c0	1805658c0	121	OK	31631632
12598	FUN_180565940	180565940	121	OK	31632289
12599	FUN_1805659c0	1805659c0	121	OK	31632946
12600	FUN_180565a40	180565a40	121	OK	31633603
12601	FUN_180565ac0	180565ac0	121	OK	31634264
12602	FUN_180565b40	180565b40	121	OK	31634925
12603	FUN_180565bc0	180565bc0	121	OK	31635586
12604	FUN_180565c40	180565c40	121	OK	31636247
12605	FUN_180565cc0	180565cc0	121	OK	31636908
12606	FUN_180565d40	180565d40	121	OK	31637569
12607	FUN_180565dc0	180565dc0	121	OK	31638226
12608	FUN_180565e40	180565e40	121	OK	31638887
12609	FUN_180565ec0	180565ec0	121	OK	31639540
12610	FUN_180565f40	180565f40	121	OK	31640193
12611	FUN_180565fc0	180565fc0	121	OK	31640846
12612	FUN_180566040	180566040	121	OK	31641499
12613	FUN_1805660c0	1805660c0	121	OK	31642160
12614	FUN_180566140	180566140	121	OK	31642813
12615	FUN_1805661c0	1805661c0	121	OK	31643466
12616	FUN_180566240	180566240	121	OK	31644119
12617	FUN_1805662c0	1805662c0	121	OK	31644780
12618	FUN_180566340	180566340	121	OK	31645433
12619	FUN_1805663c0	1805663c0	121	OK	31646086
12620	FUN_180566440	180566440	121	OK	31646747
12621	FUN_1805664c0	1805664c0	121	OK	31647408
12622	FUN_180566540	180566540	121	OK	31648069
12623	FUN_1805665c0	1805665c0	121	OK	31648730
12624	FUN_180566640	180566640	121	OK	31649383
12625	FUN_1805666c0	1805666c0	121	OK	31650036
12626	FUN_180566740	180566740	121	OK	31650689
12627	FUN_1805667c0	1805667c0	121	OK	31651342
12628	FUN_180566840	180566840	121	OK	31651995
12629	FUN_1805668c0	1805668c0	121	OK	31652656
12630	FUN_180566940	180566940	121	OK	31653313
12631	FUN_1805669c0	1805669c0	121	OK	31653974
12632	FUN_180566a40	180566a40	131	OK	31654630
12633	FUN_180566ad0	180566ad0	131	OK	31655202
12634	FUN_180566b60	180566b60	121	OK	31655863
12635	FUN_180566be0	180566be0	133	OK	31656553
12636	FUN_180566c70	180566c70	133	OK	31657243
12637	FUN_180566d00	180566d00	131	OK	31657899
12638	FUN_180566d90	180566d90	121	OK	31658560
12639	FUN_180566e10	180566e10	121	OK	31659213
12640	FUN_180566e90	180566e90	121	OK	31659874
12641	FUN_180566f10	180566f10	121	OK	31660535
12642	FUN_180566f90	180566f90	121	OK	31661196
12643	FUN_180567010	180567010	121	OK	31661857
12644	FUN_180567090	180567090	121	OK	31662518
12645	FUN_180567110	180567110	121	OK	31663179
12646	FUN_180567190	180567190	121	OK	31663840
12647	FUN_180567210	180567210	121	OK	31664501
12648	FUN_180567290	180567290	121	OK	31665162
12649	FUN_180567310	180567310	121	OK	31665823
12650	FUN_180567390	180567390	133	OK	31666513
12651	FUN_180567420	180567420	131	OK	31667085
12652	FUN_1805674b0	1805674b0	133	OK	31667761
12653	FUN_180567540	180567540	121	OK	31668422
12654	FUN_1805675c0	1805675c0	121	OK	31669083
12655	FUN_180567640	180567640	121	OK	31669740
12656	FUN_1805676c0	1805676c0	121	OK	31670401
12657	FUN_180567740	180567740	121	OK	31671062
12658	FUN_1805677c0	1805677c0	121	OK	31671723
12659	FUN_180567840	180567840	121	OK	31672384
12660	FUN_1805678c0	1805678c0	121	OK	31673041
12661	FUN_180567940	180567940	121	OK	31673702
12662	FUN_1805679c0	1805679c0	121	OK	31674359
12663	FUN_180567a40	180567a40	121	OK	31675016
12664	FUN_180567ac0	180567ac0	121	OK	31675673
12665	FUN_180567b40	180567b40	121	OK	31676334
12666	FUN_180567bc0	180567bc0	121	OK	31676995
12667	FUN_180567c40	180567c40	121	OK	31677656
12668	FUN_180567cc0	180567cc0	121	OK	31678313
12669	FUN_180567d40	180567d40	121	OK	31678970
12670	FUN_180567dc0	180567dc0	121	OK	31679623
12671	FUN_180567e40	180567e40	121	OK	31680284
12672	FUN_180567ec0	180567ec0	121	OK	31680945
12673	FUN_180567f40	180567f40	121	OK	31681606
12674	FUN_180567fc0	180567fc0	121	OK	31682263
12675	FUN_180568040	180568040	121	OK	31682924
12676	FUN_1805680c0	1805680c0	121	OK	31683585
12677	FUN_180568140	180568140	121	OK	31684246
12678	FUN_1805681c0	1805681c0	121	OK	31684907
12679	FUN_180568240	180568240	131	OK	31685479
12680	FUN_1805682d0	1805682d0	121	OK	31686140
12681	FUN_180568350	180568350	121	OK	31686801
12682	FUN_1805683d0	1805683d0	121	OK	31687462
12683	FUN_180568450	180568450	131	OK	31688034
12684	FUN_1805684e0	1805684e0	12	OK	31688196
12685	FUN_1805684f0	1805684f0	121	OK	31688857
12686	FUN_180568570	180568570	12	OK	31689019
12687	FUN_180568580	180568580	121	OK	31689680
12688	FUN_180568600	180568600	130	OK	31690314
12689	FUN_180568690	180568690	12	OK	31690480
12690	FUN_1805686a0	1805686a0	121	OK	31691141
12691	FUN_180568720	180568720	121	OK	31691802
12692	FUN_1805687a0	1805687a0	121	OK	31692463
12693	FUN_180568820	180568820	121	OK	31693120
12694	FUN_1805688a0	1805688a0	12	OK	31693278
12695	FUN_1805688b0	1805688b0	121	OK	31693939
12696	FUN_180568930	180568930	121	OK	31694600
12697	FUN_1805689b0	1805689b0	121	OK	31695257
12698	FUN_180568a30	180568a30	12	OK	31695415
12699	FUN_180568a40	180568a40	12	OK	31695573
12700	FUN_180568a50	180568a50	12	OK	31695731
12701	FUN_180568a60	180568a60	121	OK	31696388
12702	FUN_180568ae0	180568ae0	121	OK	31697045
12703	FUN_180568b60	180568b60	92	OK	31697696
12704	FUN_180568bc0	180568bc0	121	OK	31698353
12705	FUN_180568c40	180568c40	92	OK	31699004
12706	FUN_180568ca0	180568ca0	92	OK	31699655
12707	FUN_180568d00	180568d00	121	OK	31700308
12708	FUN_180568d80	180568d80	121	OK	31700961
12709	FUN_180568e00	180568e00	84	OK	31701525
12710	FUN_180568e60	180568e60	12	OK	31701683
12711	FUN_180568e70	180568e70	12	OK	31701841
12712	FUN_180568e80	180568e80	12	OK	31701999
12713	~_Fac_tidy_reg_t	180568e90	91	OK	31702697
12714	FUN_180568ef0	180568ef0	62	OK	31703028
12715	FUN_180568f30	180568f30	84	OK	31703592
12716	FUN_180568f90	180568f90	12	OK	31703750
12717	FUN_180568fa0	180568fa0	12	OK	31703908
12718	~_Init_atexit	180568fb0	62	OK	31704519
12719	FUN_180568ff0	180568ff0	12	OK	31704677
12720	FUN_180569000	180569000	12	OK	31704835
12721	FUN_180569010	180569010	100	OK	31705511
12722	FUN_180569080	180569080	12	OK	31705669
12723	FUN_180569090	180569090	121	OK	31706330
12724	FUN_180569110	180569110	133	OK	31707006
12725	FUN_1805691a0	1805691a0	121	OK	31707667
12726	FUN_180569220	180569220	121	OK	31708320
12727	FUN_1805692a0	1805692a0	121	OK	31708981
12728	FUN_180569320	180569320	121	OK	31709642
