seq	name	address	size_bytes	status	c_offset
1	FUN_180001000	180001000	593	OK	2430
2	FUN_180001270	180001270	142	OK	3272
3	FUN_180001300	180001300	593	OK	5691
4	FUN_180001560	180001560	593	OK	8110
5	FUN_1800017c0	1800017c0	593	OK	10529
6	FUN_180001a20	180001a20	593	OK	12948
7	FUN_180001c80	180001c80	593	OK	15367
8	FUN_180001ee0	180001ee0	593	OK	17786
9	FUN_180002140	180002140	593	OK	20205
10	FUN_1800023a0	1800023a0	593	OK	22636
11	FUN_180002600	180002600	593	OK	25056
12	FUN_180002860	180002860	593	OK	27476
13	FUN_180002ac0	180002ac0	593	OK	29896
14	FUN_180002d20	180002d20	593	OK	32316
15	FUN_180002f80	180002f80	593	OK	34736
16	FUN_1800031e0	1800031e0	593	OK	37156
17	FUN_180003440	180003440	593	OK	39576
18	FUN_1800036a0	1800036a0	593	OK	41996
19	FUN_180003900	180003900	593	OK	44416
20	FUN_180003b70	180003b70	593	OK	46836
21	FUN_180003dd0	180003dd0	593	OK	49267
22	FUN_180004030	180004030	37	OK	49464
23	FUN_180004060	180004060	44	OK	49748
24	FUN_180004090	180004090	593	OK	52168
25	FUN_1800042f0	1800042f0	593	OK	54599
26	FUN_180004550	180004550	593	OK	57019
27	FUN_1800047b0	1800047b0	593	OK	59450
28	FUN_180004a10	180004a10	593	OK	61870
29	FUN_180004c70	180004c70	593	OK	64290
30	FUN_180004ed0	180004ed0	593	OK	66710
31	FUN_180005130	180005130	593	OK	69141
32	FUN_180005390	180005390	593	OK	71561
33	FUN_1800055f0	1800055f0	593	OK	73981
34	FUN_180005850	180005850	593	OK	76401
35	FUN_180005ab0	180005ab0	593	OK	78821
36	FUN_180005d10	180005d10	593	OK	81241
37	FUN_180005f70	180005f70	593	OK	83661
38	FUN_1800078c0	1800078c0	2543	OK	90173
39	FUN_18000bf60	18000bf60	2771	OK	97371
40	FUN_1800106d0	1800106d0	2771	OK	104573
41	FUN_1800111b0	1800111b0	55532	OK	223860
42	FUN_18001eaa0	18001eaa0	4700	OK	234849
43	FUN_18001fd20	18001fd20	593	OK	237269
44	FUN_18001ff74	18001ff74	32	OK	237495
45	FUN_18001ffac	18001ffac	48	OK	237694
46	FUN_18001ffdc	18001ffdc	80	OK	238147
47	FUN_180020074	180020074	32	OK	238373
48	FUN_180020094	180020094	48	OK	238572
49	FUN_1800200c4	1800200c4	80	OK	239025
50	FUN_18002014c	18002014c	32	OK	239251
51	FUN_18002016c	18002016c	48	OK	239450
52	FUN_18002019c	18002019c	77	OK	239903
53	FUN_180020214	180020214	32	OK	240129
54	FUN_180020234	180020234	32	OK	240355
55	freeResults	180020260	5	OK	240904
56	process	180020270	65	OK	241079
57	FUN_1800202c0	1800202c0	60	OK	241739
58	FUN_180020300	180020300	67	OK	242410
59	FUN_180020350	180020350	109	OK	243081
60	FUN_1800203c0	1800203c0	634	OK	246129
61	FUN_180020640	180020640	330	OK	247601
62	FUN_180020790	180020790	186	OK	248518
63	FUN_180020850	180020850	366	OK	250388
64	FUN_1800209d0	1800209d0	49	OK	250628
65	FUN_180020a10	180020a10	131	OK	251389
66	FUN_180020aa0	180020aa0	210	OK	252792
67	FUN_180020b80	180020b80	226	OK	254253
68	FUN_180020c70	180020c70	131	OK	255014
69	FUN_180020d00	180020d00	131	OK	255775
70	FUN_180020d90	180020d90	313	OK	257274
71	FUN_180020ed0	180020ed0	532	OK	259919
72	FUN_1800210f0	1800210f0	278	OK	261173
73	FUN_180021210	180021210	85	OK	261651
74	FUN_180021270	180021270	204	OK	262872
75	FUN_180021340	180021340	148	OK	263828
76	FUN_1800213e0	1800213e0	107	OK	264595
77	FUN_180021450	180021450	624	OK	267909
78	FUN_1800216d0	1800216d0	666	OK	271635
79	FUN_180021970	180021970	362	OK	273666
80	FUN_180021ae0	180021ae0	391	OK	275741
81	FUN_180021c70	180021c70	199	OK	276679
82	FUN_180021d40	180021d40	210	OK	277818
83	FUN_180021e20	180021e20	156	OK	279383
84	FUN_180021ec0	180021ec0	121	OK	280983
85	FUN_180021f40	180021f40	93	OK	281621
86	FUN_180021fa0	180021fa0	168	OK	282729
87	FUN_180022050	180022050	99	OK	283382
88	FUN_1800220c0	1800220c0	113	OK	283839
89	FUN_180022140	180022140	292	OK	285592
90	FUN_180022270	180022270	132	OK	286414
91	FUN_180022300	180022300	58	OK	286757
92	FUN_180022340	180022340	44	OK	287055
93	FUN_180022370	180022370	44	OK	287353
94	FUN_1800223a0	1800223a0	44	OK	287648
95	FUN_1800223d0	1800223d0	269	OK	289446
96	FUN_1800224e0	1800224e0	269	OK	291244
97	FUN_1800225f0	1800225f0	306	OK	292992
98	FUN_180022730	180022730	151	OK	293817
99	FUN_1800227d0	1800227d0	194	OK	294875
100	FUN_1800228a0	1800228a0	55	OK	295248
101	FUN_1800228e0	1800228e0	292	OK	296851
102	FUN_180022a10	180022a10	29	OK	297107
103	FUN_180022a30	180022a30	317	OK	298922
104	FUN_180022b70	180022b70	146	OK	299785
105	FUN_180022c10	180022c10	202	OK	300760
106	FUN_180022ce0	180022ce0	329	OK	302763
107	FUN_180022e30	180022e30	45	OK	303129
108	FUN_180022e60	180022e60	285	OK	304686
109	FUN_180022f80	180022f80	506	OK	308431
110	FUN_180023180	180023180	84	OK	308990
111	FUN_1800231e0	1800231e0	299	OK	311497
112	FUN_180023310	180023310	38	OK	311746
113	FUN_180023340	180023340	493	OK	314677
114	FUN_180023530	180023530	77	OK	315137
115	FUN_180023580	180023580	60	OK	315457
116	FUN_1800235c0	1800235c0	60	OK	315788
117	FUN_180023600	180023600	33	OK	316048
118	FUN_180023630	180023630	60	OK	316367
119	FUN_180023670	180023670	33	OK	316603
120	exception	1800236a0	50	OK	317104
121	FUN_1800236e0	1800236e0	87	OK	317647
122	FUN_180023740	180023740	209	OK	318893
123	FUN_180023820	180023820	60	OK	319217
124	FUN_180023860	180023860	122	OK	320072
125	FUN_1800238e0	1800238e0	87	OK	320610
126	FUN_180023980	180023980	162	OK	321698
127	FUN_180023a30	180023a30	118	OK	322554
128	FUN_180023ab0	180023ab0	90	OK	323188
129	FUN_180023b10	180023b10	132	OK	324103
130	FUN_180023ba0	180023ba0	79	OK	324629
131	FUN_180023bf0	180023bf0	184	OK	325700
132	FUN_180023cf0	180023cf0	35	OK	325900
133	FUN_180023d20	180023d20	347	OK	327882
134	FUN_180023e80	180023e80	25	OK	328112
135	FUN_180023f80	180023f80	83	OK	328696
136	FUN_180023fe0	180023fe0	93	OK	329316
137	FUN_180024040	180024040	247	OK	330875
138	FUN_180024140	180024140	92	OK	331336
139	FUN_1800241a0	1800241a0	35	OK	331547
140	FUN_180024210	180024210	46	OK	331823
141	FUN_180024260	180024260	138	OK	332589
142	FUN_1800242f0	1800242f0	117	OK	333221
143	FUN_180024370	180024370	253	OK	334539
144	thunk_FUN_18002a0e0	180024470	5	OK	335234
145	FUN_180024480	180024480	132	OK	335919
146	thunk_FUN_18002a170	180024510	5	OK	336617
147	FUN_180024540	180024540	142	OK	337461
148	FUN_1800245d0	1800245d0	100	OK	338233
149	FUN_180024640	180024640	224	OK	339587
150	FUN_180024730	180024730	355	OK	341859
151	FUN_1800248a0	1800248a0	340	OK	343473
152	FUN_180024a10	180024a10	72	OK	343880
153	FUN_180024a60	180024a60	168	OK	344970
154	FUN_180024b10	180024b10	95	OK	345675
155	FUN_180024b70	180024b70	1488	OK	353793
156	FUN_180025150	180025150	178	OK	355100
157	FUN_180025210	180025210	44	OK	355334
158	FUN_180025240	180025240	102	OK	356072
159	FUN_1800252b0	1800252b0	170	OK	357331
160	FUN_180025360	180025360	178	OK	358413
161	FUN_180025420	180025420	139	OK	359220
162	FUN_1800254b0	1800254b0	36	OK	359547
163	FUN_1800254f0	1800254f0	47	OK	360111
164	~sentry	180025520	60	OK	360992
165	FUN_180025560	180025560	463	OK	363416
166	FUN_180025730	180025730	138	OK	364355
167	FUN_1800257c0	1800257c0	42	OK	364741
168	FUN_1800257f0	1800257f0	31	OK	365027
169	FUN_180025810	180025810	720	OK	369761
170	FUN_180025b20	180025b20	323	OK	371662
171	FUN_180025c70	180025c70	147	OK	372454
172	FUN_180025d10	180025d10	240	OK	373746
173	FUN_180025e00	180025e00	12	OK	373932
174	FUN_180025e0c	180025e0c	12	OK	374146
175	FUN_180025e18	180025e18	12	OK	374332
176	FUN_180025e24	180025e24	12	OK	374546
177	FUN_180025e30	180025e30	12	OK	374732
178	FUN_180025e40	180025e40	52	OK	374991
179	FUN_180025e80	180025e80	63	OK	375319
180	FUN_180025ec0	180025ec0	175	OK	376559
181	FID_conflict:`scalar_deleting_destructor'	180025f70	99	OK	377868
182	FUN_180025fe0	180025fe0	59	OK	378160
183	FID_conflict:`scalar_deleting_destructor'	180026020	99	OK	379469
184	FUN_180026090	180026090	124	OK	380147
185	FUN_180026110	180026110	126	OK	380866
186	FUN_180026190	180026190	52	OK	381125
187	FUN_1800261d0	1800261d0	59	OK	381416
188	FUN_180026210	180026210	43	OK	381699
189	`scalar_deleting_destructor'	180026240	106	OK	382573
190	FUN_1800262b0	1800262b0	52	OK	382832
191	FUN_1800262f0	1800262f0	52	OK	383091
192	FUN_180026330	180026330	33	OK	383328
193	FUN_180026360	180026360	33	OK	383568
194	FUN_180026390	180026390	52	OK	383827
195	FUN_1800263d0	1800263d0	151	OK	384667
196	FUN_180026470	180026470	52	OK	384926
197	FUN_1800264b0	1800264b0	43	OK	385206
198	FUN_1800264e0	1800264e0	33	OK	385446
199	FUN_180026510	180026510	66	OK	385767
200	FUN_180026560	180026560	66	OK	386088
201	`scalar_deleting_destructor'	1800265b0	63	OK	386620
202	FUN_1800265f0	1800265f0	618	OK	391716
203	FUN_180026860	180026860	9776	OK	439486
204	FUN_180028ea0	180028ea0	312	OK	441145
205	FUN_180028fe0	180028fe0	137	OK	442068
206	FUN_180029070	180029070	133	OK	442973
207	FUN_180029100	180029100	155	OK	443758
208	FUN_1800291a0	1800291a0	15	OK	444080
209	FUN_1800291b0	1800291b0	183	OK	445214
210	FUN_180029270	180029270	231	OK	446499
211	FUN_180029360	180029360	445	OK	449781
212	FUN_180029520	180029520	626	OK	453867
213	FUN_1800297a0	1800297a0	410	OK	456236
214	FUN_180029940	180029940	436	OK	458846
215	FUN_180029b00	180029b00	23	OK	459086
216	FUN_180029b20	180029b20	5	OK	459295
217	FUN_180029b30	180029b30	206	OK	460882
218	FUN_180029c00	180029c00	128	OK	461870
219	FUN_180029c80	180029c80	17	OK	462315
220	_guard_check_icall	180029ca0	3	OK	462447
221	FUN_180029cb0	180029cb0	160	OK	463750
222	FUN_180029d60	180029d60	23	OK	463990
223	_Reset_back	180029d80	48	OK	464847
224	FUN_180029db0	180029db0	31	OK	465140
225	FUN_180029dd0	180029dd0	31	OK	465433
226	FUN_180029df0	180029df0	370	OK	467533
227	FUN_180029f70	180029f70	360	OK	469505
228	FUN_18002a0e0	18002a0e0	132	OK	470190
229	FUN_18002a170	18002a170	105	OK	470878
230	FUN_18002a1e0	18002a1e0	459	OK	473430
231	FUN_18002a3b0	18002a3b0	540	OK	476515
232	FUN_18002a5d0	18002a5d0	17	OK	476960
233	FUN_18002a5f0	18002a5f0	16	OK	477171
234	FUN_18002a610	18002a610	16	OK	477382
235	FUN_18002a630	18002a630	17	OK	477610
236	FUN_18002a650	18002a650	86	OK	478301
237	FUN_18002a6b0	18002a6b0	105	OK	479096
238	FUN_18002a720	18002a720	131	OK	479765
239	FUN_18002a7b0	18002a7b0	3143	OK	494316
240	FUN_18002b900	18002b900	349	OK	496357
241	FUN_18002ba60	18002ba60	24	OK	496657
242	FUN_18002ba80	18002ba80	108	OK	497431
243	FUN_18002bb00	18002bb00	124	OK	498363
244	deallocate	18002bb90	60	OK	499081
245	FUN_18002bbd0	18002bbd0	65	OK	499565
246	FUN_18002bc20	18002bc20	64	OK	500083
247	FUN_18002bc70	18002bc70	65	OK	500573
248	FUN_18002bcc0	18002bcc0	64	OK	501091
249	FUN_18002bd10	18002bd10	65	OK	501575
250	FUN_18002bd60	18002bd60	11	OK	501831
251	FUN_18002bd70	18002bd70	807	OK	507007
252	FUN_18002c0a0	18002c0a0	3	OK	507137
253	FUN_18002c0b0	18002c0b0	6	OK	507267
254	FUN_18002c0c0	18002c0c0	27	OK	507605
255	FUN_18002c0e0	18002c0e0	28	OK	508030
256	FUN_18002c100	18002c100	4	OK	508199
257	FUN_18002c110	18002c110	31	OK	508495
258	FUN_18002c130	18002c130	14	OK	508690
259	FUN_18002c140	18002c140	72	OK	509086
260	FUN_18002c190	18002c190	14	OK	509281
261	FUN_18002c1a0	18002c1a0	72	OK	509677
262	FUN_18002c1f0	18002c1f0	14	OK	509935
263	FUN_18002c200	18002c200	29	OK	510189
264	FUN_18002c220	18002c220	25	OK	510607
265	FUN_18002c240	18002c240	63	OK	511060
266	FUN_18002c280	18002c280	60	OK	511528
267	FUN_18002c2c0	18002c2c0	279	OK	513375
268	FUN_18002c3f0	18002c3f0	3	OK	513505
269	FUN_18002c400	18002c400	24	OK	513710
270	FUN_18002c420	18002c420	390	OK	516481
271	FUN_18002c5b0	18002c5b0	102	OK	517162
272	FUN_18002c620	18002c620	6	OK	517292
273	FUN_18002c630	18002c630	6	OK	517422
274	FUN_18002c640	18002c640	6	OK	517552
275	FUN_18002c650	18002c650	33	OK	517797
276	FUN_18002c680	18002c680	359	OK	520004
277	FUN_18002c7f0	18002c7f0	17	OK	520257
278	FUN_18002c810	18002c810	179	OK	521316
279	thunk_FUN_180087930	18002c8d0	5	OK	521832
280	FUN_18002c8e0	18002c8e0	675	OK	525105
281	FUN_18002cb90	18002cb90	7580	OK	559362
282	FUN_18002e940	18002e940	8	OK	559497
283	FUN_18002e950	18002e950	413	OK	561988
284	FUN_18002eaf0	18002eaf0	409	OK	564376
285	FUN_18002ec90	18002ec90	6	OK	564515
286	FUN_18002eca0	18002eca0	439	OK	566983
287	FUN_18002ee60	18002ee60	225	OK	568508
288	FUN_18002ef50	18002ef50	82	OK	569210
289	FUN_18002efb0	18002efb0	200	OK	570401
290	FUN_18002f080	18002f080	25	OK	570643
291	FUN_18002f0a0	18002f0a0	361	OK	572796
292	FUN_18002f210	18002f210	183	OK	573898
293	FUN_18002f2d0	18002f2d0	250	OK	575464
294	FUN_18002f3d0	18002f3d0	88	OK	575989
295	FUN_18002f430	18002f430	4	OK	576139
296	FUN_18002f440	18002f440	28	OK	576450
297	FUN_18002f460	18002f460	190	OK	577668
298	FUN_18002f520	18002f520	83	OK	578338
299	FUN_18002f580	18002f580	71	OK	578692
300	FUN_18002f5d0	18002f5d0	700	OK	583536
301	FUN_18002f890	18002f890	55	OK	583946
302	FUN_18002f8d0	18002f8d0	101	OK	584450
303	FUN_18002f940	18002f940	100	OK	585460
304	FUN_18002f9b0	18002f9b0	19	OK	585745
305	FUN_18002f9d0	18002f9d0	681	OK	589543
306	FUN_18002fc80	18002fc80	429	OK	591889
307	FUN_18002fe30	18002fe30	176	OK	592784
308	FUN_18002fee0	18002fee0	196	OK	593994
309	FUN_18002ffb0	18002ffb0	176	OK	594870
310	FUN_180030060	180030060	148	OK	595827
311	FUN_180030100	180030100	107	OK	596595
312	FUN_180030170	180030170	1011	OK	602336
313	FUN_180030570	180030570	20	OK	602562
314	FUN_180030590	180030590	36	OK	602800
315	FUN_1800305c0	1800305c0	383	OK	605320
316	FUN_180030770	180030770	118	OK	606176
317	FUN_1800307f0	1800307f0	132	OK	607091
318	FUN_180030880	180030880	35	OK	607302
319	FUN_1800308b0	1800308b0	56	OK	607585
320	FUN_1800308f0	1800308f0	46	OK	607810
321	FUN_180030920	180030920	247	OK	609591
322	FUN_180030a20	180030a20	628	OK	613825
323	FUN_180030ca0	180030ca0	235	OK	615038
324	FUN_180030d90	180030d90	477	OK	617779
325	FUN_180030f70	180030f70	768	OK	622017
326	FUN_180031280	180031280	733	OK	626286
327	FUN_180031560	180031560	149	OK	627138
328	FUN_180031600	180031600	113	OK	627811
329	FUN_180031680	180031680	113	OK	628484
330	FUN_180031700	180031700	106	OK	628944
331	FUN_180031770	180031770	107	OK	629401
332	FUN_1800317e0	1800317e0	22	OK	629788
333	FUN_180031800	180031800	8	OK	630044
334	FUN_180031810	180031810	4	OK	630213
335	FUN_180031820	180031820	4	OK	630382
336	FUN_180031830	180031830	457	OK	633315
337	FUN_180031a00	180031a00	47	OK	633578
338	FUN_180031a30	180031a30	136	OK	634381
339	FUN_180031ac0	180031ac0	182	OK	635401
340	FUN_180031b80	180031b80	43	OK	635732
341	FUN_180031bb0	180031bb0	43	OK	636063
342	FUN_180031be0	180031be0	396	OK	638683
343	FUN_180031d90	180031d90	7	OK	638853
344	FUN_180031da0	180031da0	40	OK	639184
345	FUN_180031dd0	180031dd0	40	OK	639568
346	FUN_180031e00	180031e00	486	OK	642706
347	FUN_180031ff0	180031ff0	155	OK	643501
348	FUN_180032090	180032090	163	OK	644262
349	FUN_180032140	180032140	163	OK	645023
350	FUN_1800321f0	1800321f0	375	OK	647035
351	FUN_180032370	180032370	408	OK	649368
352	FUN_180032510	180032510	137	OK	650193
353	FUN_1800325a0	1800325a0	106	OK	650861
354	FUN_180032620	180032620	47	OK	651431
355	FUN_180032650	180032650	12	OK	651617
356	FUN_18003265c	18003265c	12	OK	651803
357	FUN_180032668	180032668	12	OK	651989
358	FUN_180032674	180032674	12	OK	652175
359	FUN_180032680	180032680	12	OK	652361
360	FUN_18003268c	18003268c	12	OK	652547
361	FUN_180032698	180032698	12	OK	652733
362	FUN_1800326a4	1800326a4	12	OK	652919
363	FUN_1800326b0	1800326b0	12	OK	653105
364	FUN_1800326bc	1800326bc	12	OK	653291
365	FUN_1800326c8	1800326c8	12	OK	653477
366	FUN_1800326d4	1800326d4	12	OK	653663
367	FUN_1800326e0	1800326e0	12	OK	653849
368	FUN_1800326ec	1800326ec	12	OK	654035
369	FUN_180032700	180032700	37	OK	654287
370	FUN_180032730	180032730	83	OK	654839
371	FUN_180032790	180032790	123	OK	655627
372	FUN_180032810	180032810	83	OK	656179
373	FUN_180032870	180032870	123	OK	656966
374	FUN_1800328f0	1800328f0	37	OK	657218
375	FUN_180032920	180032920	83	OK	657770
376	FUN_180032980	180032980	83	OK	658322
377	FUN_1800329e0	1800329e0	43	OK	658597
378	FUN_180032a10	180032a10	83	OK	659141
379	FUN_180032a70	180032a70	43	OK	659419
380	FUN_180032aa0	180032aa0	83	OK	659963
381	FUN_180032b00	180032b00	83	OK	660507
382	FUN_180032b60	180032b60	83	OK	661051
383	FUN_180032bc0	180032bc0	83	OK	661595
384	FUN_180032c20	180032c20	83	OK	662139
385	FUN_180032c80	180032c80	83	OK	662683
386	FUN_180032ce0	180032ce0	83	OK	663227
387	FUN_180032d34	180032d34	12	OK	663413
388	FUN_180032d40	180032d40	57	OK	663804
389	FUN_180032d7c	180032d7c	12	OK	663990
390	FUN_180032d90	180032d90	60	OK	664357
391	FUN_180032dcc	180032dcc	12	OK	664543
392	FUN_180032de0	180032de0	57	OK	664934
393	FUN_180032e1c	180032e1c	12	OK	665120
394	FUN_180032e30	180032e30	60	OK	665487
395	FUN_180032e6c	180032e6c	12	OK	665673
396	FUN_180032e80	180032e80	57	OK	666064
397	FUN_180032ebc	180032ebc	12	OK	666250
398	FUN_180032ed0	180032ed0	57	OK	666641
399	FUN_180032f0c	180032f0c	12	OK	666827
400	FUN_180032f20	180032f20	57	OK	667218
401	FUN_180032f60	180032f60	57	OK	667609
402	FUN_180032f9c	180032f9c	12	OK	667795
403	FUN_180032fb0	180032fb0	57	OK	668186
404	FUN_180032fec	180032fec	12	OK	668372
405	FUN_180033000	180033000	57	OK	668763
406	FUN_18003303c	18003303c	12	OK	668949
407	FUN_180033050	180033050	57	OK	669340
408	FUN_18003308c	18003308c	12	OK	669526
409	FUN_1800330a0	1800330a0	57	OK	669917
410	FUN_1800330dc	1800330dc	12	OK	670103
411	FUN_1800330f0	1800330f0	57	OK	670494
412	FUN_18003312c	18003312c	12	OK	670680
413	FUN_180033140	180033140	57	OK	671071
414	FUN_18003317c	18003317c	12	OK	671257
415	FUN_180033190	180033190	57	OK	671648
416	FUN_1800331d0	1800331d0	4766	OK	708209
417	FUN_180034480	180034480	231	OK	709362
418	FUN_180034570	180034570	83	OK	710066
419	FUN_1800345d0	1800345d0	709	OK	714788
420	FUN_1800348b0	1800348b0	52	OK	715029
421	FUN_1800348f0	1800348f0	659	OK	719340
422	FUN_180034ba0	180034ba0	111	OK	719871
423	FUN_180034c10	180034c10	328	OK	721693
424	FUN_180034d60	180034d60	434	OK	723888
425	FUN_180034f20	180034f20	392	OK	725954
426	FUN_1800350b0	1800350b0	428	OK	728145
427	FUN_180035260	180035260	397	OK	730132
428	FUN_1800353f0	1800353f0	653	OK	734239
429	FUN_180035680	180035680	64	OK	734626
430	FUN_1800356c0	1800356c0	226	OK	735728
431	FUN_1800357f0	1800357f0	576	OK	739012
432	FUN_180035a30	180035a30	358	OK	741542
433	FUN_180035ba0	180035ba0	2094	OK	752995
434	FUN_180036530	180036530	1785	OK	762031
435	FUN_180036c30	180036c30	173	OK	762794
436	FUN_180036ce0	180036ce0	37	OK	763110
437	FUN_180036d10	180036d10	37	OK	763426
438	FUN_180036d40	180036d40	37	OK	763742
439	FUN_180036d70	180036d70	377	OK	765989
440	FUN_180036ef0	180036ef0	269	OK	767788
441	FUN_180037000	180037000	269	OK	769587
442	FUN_180037110	180037110	456	OK	772017
443	FUN_1800372e0	1800372e0	217	OK	773234
444	FUN_1800373c0	1800373c0	421	OK	776792
445	FUN_180037570	180037570	212	OK	777815
446	FUN_180037650	180037650	192	OK	778978
447	FUN_180037710	180037710	151	OK	779779
448	FUN_1800377b0	1800377b0	192	OK	780922
449	FUN_180037870	180037870	151	OK	781703
450	FUN_180037910	180037910	192	OK	782850
451	FUN_1800379d0	1800379d0	151	OK	783635
452	FUN_180037a70	180037a70	85	OK	784065
453	FUN_180037ad0	180037ad0	29	OK	784393
454	FUN_180037b00	180037b00	87	OK	785007
455	FUN_180037b60	180037b60	60	OK	785336
456	FUN_180037ba0	180037ba0	85	OK	785761
457	FUN_180037c00	180037c00	29	OK	786084
458	FUN_180037c20	180037c20	85	OK	786510
459	FUN_180037c80	180037c80	29	OK	786834
460	FUN_180037ca0	180037ca0	52	OK	787197
461	FUN_180037ce0	180037ce0	53	OK	787489
462	FUN_180037d20	180037d20	76	OK	788189
463	FUN_180037d70	180037d70	247	OK	789738
464	FUN_180037e70	180037e70	242	OK	791435
465	FUN_180037f70	180037f70	214	OK	793038
466	FUN_180038050	180038050	57	OK	793488
467	FUN_180038090	180038090	40	OK	793804
468	FUN_1800380c0	1800380c0	179	OK	794559
469	FUN_180038180	180038180	90	OK	795193
470	FUN_1800381e0	1800381e0	83	OK	795698
471	FUN_180038240	180038240	146	OK	796564
472	FUN_180038310	180038310	505	OK	799521
473	FUN_180038520	180038520	506	OK	802478
474	FUN_180038730	180038730	109	OK	803198
475	FUN_1800387a0	1800387a0	144	OK	804328
476	FUN_180038830	180038830	12	OK	804678
477	FUN_18003883c	18003883c	9	OK	804843
478	FUN_180038848	180038848	9	OK	805011
479	FUN_180038860	180038860	52	OK	805270
480	`scalar_deleting_destructor'	1800388a0	56	OK	806013
481	FUN_1800388e0	1800388e0	94	OK	806426
482	FUN_180038940	180038940	43	OK	806723
483	FUN_180038970	180038970	116	OK	807334
484	FUN_1800389f0	1800389f0	43	OK	807633
485	FUN_180038a20	180038a20	43	OK	807930
486	FUN_180038a50	180038a50	1742	OK	819272
487	FUN_180039130	180039130	410	OK	821682
488	FUN_1800392d0	1800392d0	623	OK	825422
489	FUN_180039550	180039550	556	OK	828056
490	FUN_180039780	180039780	1638	OK	838729
491	FUN_180039df0	180039df0	162	OK	839854
492	FUN_180039ea0	180039ea0	16	OK	840071
493	FUN_180039ec0	180039ec0	109	OK	840873
494	FUN_180039f30	180039f30	135	OK	841541
495	FUN_180039fc0	180039fc0	264	OK	843285
496	FUN_18003a0d0	18003a0d0	794	OK	848091
497	FUN_18003a3f0	18003a3f0	161	OK	848830
498	FUN_18003a4a0	18003a4a0	111	OK	849346
499	FUN_18003a510	18003a510	111	OK	849862
500	FUN_18003a580	18003a580	111	OK	850378
501	FUN_18003a5f0	18003a5f0	182	OK	851636
502	FUN_18003a6b0	18003a6b0	65	OK	852126
503	FUN_18003a700	18003a700	17	OK	852522
504	FUN_18003a720	18003a720	5	OK	852694
505	FUN_18003a730	18003a730	62	OK	853131
506	FUN_18003a770	18003a770	62	OK	853568
507	FUN_18003a7b0	18003a7b0	287	OK	855082
508	FUN_18003a8d0	18003a8d0	287	OK	856597
509	FUN_18003a9f0	18003a9f0	716	OK	861169
510	FUN_18003acc0	18003acc0	720	OK	865779
511	FUN_18003afa0	18003afa0	170	OK	866740
512	FUN_18003b050	18003b050	293	OK	868437
513	FUN_18003b180	18003b180	293	OK	870135
514	FUN_18003b2b0	18003b2b0	667	OK	875362
515	FUN_18003b550	18003b550	5	OK	875534
516	FUN_18003b560	18003b560	62	OK	875971
517	FUN_18003b5a0	18003b5a0	577	OK	878782
518	FUN_18003b7f0	18003b7f0	6	OK	878915
519	FUN_18003b800	18003b800	6	OK	879045
520	FUN_18003b810	18003b810	6	OK	879178
521	FUN_18003b820	18003b820	6	OK	879310
522	FUN_18003b830	18003b830	6	OK	879443
523	FUN_18003b840	18003b840	6	OK	879576
524	FUN_18003b850	18003b850	6	OK	879709
525	FUN_18003b860	18003b860	6	OK	879842
526	FUN_18003b870	18003b870	6	OK	879975
527	FUN_18003b880	18003b880	6	OK	880108
528	FUN_18003b890	18003b890	6	OK	880241
529	FUN_18003b8a0	18003b8a0	6	OK	880374
530	FUN_18003b8b0	18003b8b0	6	OK	880507
531	FUN_18003b8c0	18003b8c0	6	OK	880640
532	FUN_18003b8d0	18003b8d0	6	OK	880773
533	FUN_18003b8e0	18003b8e0	6	OK	880906
534	FUN_18003b8f0	18003b8f0	6	OK	881039
535	FUN_18003b900	18003b900	6	OK	881172
536	FUN_18003b910	18003b910	6	OK	881302
537	FUN_18003b920	18003b920	6	OK	881435
538	FUN_18003b930	18003b930	6	OK	881568
539	FUN_18003b940	18003b940	6	OK	881699
540	FUN_18003b950	18003b950	6	OK	881831
541	FUN_18003b960	18003b960	6	OK	881964
542	FUN_18003b970	18003b970	6	OK	882097
543	FUN_18003b980	18003b980	1024	OK	889539
544	FUN_18003bd90	18003bd90	163	OK	890436
545	FUN_18003be40	18003be40	163	OK	891269
546	FUN_18003bef0	18003bef0	777	OK	896268
547	FUN_18003c200	18003c200	163	OK	897132
548	FUN_18003c2b0	18003c2b0	163	OK	897938
549	FUN_18003c360	18003c360	163	OK	898735
550	FUN_18003c410	18003c410	213	OK	899703
551	FUN_18003c4f0	18003c4f0	209	OK	900652
552	FUN_18003c5d0	18003c5d0	213	OK	901600
553	FUN_18003c6b0	18003c6b0	118	OK	902672
554	FUN_18003c730	18003c730	130	OK	903708
555	FUN_18003c7c0	18003c7c0	120	OK	904675
556	FUN_18003c840	18003c840	564	OK	908247
557	FUN_18003ca80	18003ca80	91	OK	908896
558	FUN_18003cae0	18003cae0	103	OK	909493
559	FUN_18003cb50	18003cb50	117	OK	910441
560	FUN_18003cbd0	18003cbd0	163	OK	911310
561	FUN_18003cc80	18003cc80	755	OK	916232
562	FUN_18003cf80	18003cf80	163	OK	917100
563	FUN_18003d030	18003d030	141	OK	918329
564	FUN_18003d0c0	18003d0c0	163	OK	919144
565	FUN_18003d170	18003d170	359	OK	921826
566	FUN_18003d2e0	18003d2e0	47	OK	922111
567	FUN_18003d310	18003d310	27	OK	922325
568	FUN_18003d330	18003d330	5	OK	922478
569	FUN_18003d340	18003d340	339	OK	924368
570	FUN_18003d4a0	18003d4a0	1102	OK	930194
571	FUN_18003d8f0	18003d8f0	657	OK	934043
572	FUN_18003db90	18003db90	1325	OK	941670
573	FUN_18003e0c0	18003e0c0	82	OK	942386
574	FUN_18003e120	18003e120	172	OK	943338
575	FUN_18003e1d0	18003e1d0	149	OK	944181
576	FUN_18003e270	18003e270	242	OK	945013
577	FUN_18003e370	18003e370	638	OK	947790
578	FUN_18003e5f0	18003e5f0	37	OK	948106
579	FUN_18003e620	18003e620	37	OK	948422
580	FUN_18003e650	18003e650	37	OK	948738
581	FUN_18003e680	18003e680	320	OK	951018
582	FUN_18003e7c0	18003e7c0	239	OK	952750
583	FUN_18003e8b0	18003e8b0	5	OK	952922
584	FUN_18003e8c0	18003e8c0	21	OK	953045
585	FUN_18003e8e0	18003e8e0	858	OK	958169
586	FUN_18003ec40	18003ec40	109	OK	959215
587	FUN_18003ecb0	18003ecb0	8	OK	959395
588	FUN_18003ecc0	18003ecc0	8	OK	959565
589	FUN_18003ecd0	18003ecd0	8	OK	959770
590	FUN_18003ece0	18003ece0	8	OK	959977
591	FUN_18003ecf0	18003ecf0	112	OK	960716
592	FUN_18003ed60	18003ed60	8	OK	960860
593	FUN_18003ed70	18003ed70	87	OK	961314
594	FUN_18003edd0	18003edd0	199	OK	962468
595	FUN_18003eea0	18003eea0	199	OK	963622
596	FUN_18003ef70	18003ef70	194	OK	964715
597	FUN_18003f040	18003f040	173	OK	966266
598	FUN_18003f0f0	18003f0f0	65	OK	966725
599	FUN_18003f160	18003f160	126	OK	967249
600	thunk_FUN_180024b10	18003f1e0	5	OK	967965
601	FUN_18003f1f0	18003f1f0	9	OK	968129
602	FUN_18003f200	18003f200	15	OK	968271
603	FUN_18003f210	18003f210	147	OK	969063
604	FUN_18003f2a4	18003f2a4	12	OK	969249
605	FUN_18003f2b0	18003f2b0	59	OK	969541
606	FUN_18003f2f0	18003f2f0	52	OK	969800
607	FUN_18003f330	18003f330	158	OK	970588
608	FUN_18003f3d0	18003f3d0	275	OK	972173
609	FUN_18003f4f0	18003f4f0	1193	OK	978286
610	FUN_18003f9f0	18003f9f0	463	OK	980999
611	FUN_18003fbc0	18003fbc0	850	OK	986336
612	FUN_18003ff20	18003ff20	413	OK	988827
613	FUN_1800400c0	1800400c0	389	OK	991224
614	FUN_180040260	180040260	49	OK	991465
615	FUN_1800402a0	1800402a0	544	OK	994190
616	FUN_1800404d0	1800404d0	414	OK	996624
617	FUN_180040680	180040680	797	OK	1000995
618	FUN_1800409a0	1800409a0	628	OK	1004225
619	FUN_180040c20	180040c20	333	OK	1007387
620	FUN_180040d70	180040d70	130	OK	1009114
621	FUN_180040e00	180040e00	1065	OK	1016442
622	FUN_180041240	180041240	105	OK	1017130
623	FUN_1800412b0	1800412b0	121	OK	1017762
624	FUN_180041330	180041330	90	OK	1018396
625	FUN_180041390	180041390	269	OK	1019792
626	FUN_1800414a0	1800414a0	172	OK	1020547
627	FUN_180041550	180041550	136	OK	1021232
628	FUN_1800415e0	1800415e0	31	OK	1021426
629	FUN_180041600	180041600	95	OK	1022137
630	FUN_180041660	180041660	185	OK	1023356
631	FUN_180041720	180041720	99	OK	1024120
632	FUN_180041790	180041790	166	OK	1025169
633	FUN_180041840	180041840	99	OK	1025933
634	FUN_1800418b0	1800418b0	65	OK	1026423
635	FUN_180041900	180041900	64	OK	1026941
636	FUN_180041950	180041950	61	OK	1027431
637	FUN_180041990	180041990	127	OK	1028259
638	FUN_180041a10	180041a10	85	OK	1028624
639	FUN_180041a70	180041a70	767	OK	1032949
640	FUN_180041d80	180041d80	120	OK	1033416
641	FUN_180041e10	180041e10	46	OK	1033692
642	FUN_180041e40	180041e40	8	OK	1033847
643	FUN_180041e50	180041e50	35	OK	1034153
644	FUN_180041e80	180041e80	8	OK	1034317
645	FUN_180041e90	180041e90	653	OK	1038661
646	FUN_180042140	180042140	86	OK	1039209
647	FUN_1800421a0	1800421a0	285	OK	1041354
648	FUN_1800422c0	1800422c0	486	OK	1044492
649	FUN_1800424b0	1800424b0	130	OK	1045359
650	FUN_180042540	180042540	331	OK	1047162
651	FUN_180042690	180042690	539	OK	1049944
652	FUN_1800428b0	1800428b0	555	OK	1052207
653	FUN_180042ae0	180042ae0	415	OK	1054698
654	FUN_180042c90	180042c90	495	OK	1056616
655	FUN_180042e80	180042e80	48	OK	1056871
656	FUN_180042eb0	180042eb0	192	OK	1058466
657	FUN_180042f70	180042f70	173	OK	1059304
658	FUN_180043020	180043020	306	OK	1061077
659	FUN_180043160	180043160	164	OK	1061800
660	FUN_180043210	180043210	583	OK	1064601
661	FUN_180043460	180043460	644	OK	1068263
662	FUN_1800436f0	1800436f0	60	OK	1068584
663	FUN_180043730	180043730	21	OK	1068813
664	FUN_180043750	180043750	178	OK	1069903
665	FUN_180043810	180043810	178	OK	1070992
666	FUN_1800438d0	1800438d0	178	OK	1072084
667	FUN_180043990	180043990	180	OK	1073184
668	FUN_180043a50	180043a50	178	OK	1074288
669	FUN_180043b10	180043b10	178	OK	1075379
670	FUN_180043bd0	180043bd0	178	OK	1076481
671	FUN_180043c90	180043c90	309	OK	1078868
672	FUN_180043dd0	180043dd0	194	OK	1079963
673	FUN_180043ea0	180043ea0	81	OK	1080421
674	FUN_180043f00	180043f00	236	OK	1081756
675	FUN_180043ff0	180043ff0	97	OK	1082166
676	FUN_180044060	180044060	566	OK	1085165
677	FUN_1800442a0	1800442a0	103	OK	1086268
678	FUN_180044310	180044310	86	OK	1086871
679	FUN_180044370	180044370	90	OK	1087505
680	FUN_1800443d0	1800443d0	34	OK	1087699
681	FUN_180044400	180044400	102	OK	1088437
682	FUN_180044470	180044470	88	OK	1089154
683	FUN_1800444d0	1800444d0	177	OK	1090445
684	FUN_180044590	180044590	95	OK	1091156
685	FUN_1800445f0	1800445f0	189	OK	1092309
686	FUN_1800446c0	1800446c0	2171	OK	1104845
687	FUN_180044f50	180044f50	52	OK	1105104
688	FUN_180044f90	180044f90	52	OK	1105363
689	FUN_180044fd0	180044fd0	593	OK	1108833
690	FUN_180045230	180045230	199	OK	1109929
691	FUN_180045300	180045300	80	OK	1110479
692	FUN_180045350	180045350	437	OK	1112396
693	FUN_180045510	180045510	1221	OK	1120081
694	FUN_180045a70	180045a70	478	OK	1123373
695	FUN_180045c50	180045c50	133	OK	1124269
696	FUN_180045ce0	180045ce0	130	OK	1124956
697	FUN_180045d70	180045d70	88	OK	1125648
698	FUN_180045dd0	180045dd0	16	OK	1125859
699	FUN_180045df0	180045df0	211	OK	1127110
700	FUN_180045ed0	180045ed0	61	OK	1127600
701	FUN_180045f10	180045f10	61	OK	1128090
702	FUN_180045f50	180045f50	64	OK	1128608
703	FUN_180045fa0	180045fa0	847	OK	1133442
704	FUN_180046300	180046300	73	OK	1133949
705	FUN_180046350	180046350	2077	OK	1146378
706	FUN_180046b80	180046b80	230	OK	1147493
707	FUN_180046c70	180046c70	275	OK	1149078
708	FUN_180046d90	180046d90	275	OK	1150663
709	FUN_180046eb0	180046eb0	129	OK	1151718
710	FUN_180046f40	180046f40	118	OK	1152685
711	FUN_180046fc0	180046fc0	128	OK	1153721
712	FUN_180047040	180047040	359	OK	1156427
713	FUN_1800471b0	1800471b0	115	OK	1157375
714	FUN_180047230	180047230	115	OK	1158323
715	FUN_1800472b0	1800472b0	649	OK	1161985
716	FUN_180047540	180047540	457	OK	1164810
717	FUN_180047710	180047710	592	OK	1168054
718	FUN_180047970	180047970	592	OK	1171291
719	FUN_180047bd0	180047bd0	103	OK	1171977
720	FUN_180047c40	180047c40	2278	OK	1184864
721	FUN_180048540	180048540	1362	OK	1192488
722	FUN_180048aa0	180048aa0	1684	OK	1201918
723	FUN_180049140	180049140	181	OK	1202999
724	FUN_180049200	180049200	584	OK	1206045
725	FUN_180049450	180049450	4678	OK	1232227
726	FUN_18004a6e0	18004a6e0	498	OK	1235295
727	FUN_18004a8e0	18004a8e0	1969	OK	1246491
728	FUN_18004b0a0	18004b0a0	521	OK	1249448
729	FUN_18004b2b0	18004b2b0	1788	OK	1260382
730	FUN_18004b9c0	18004b9c0	1491	OK	1269943
731	FUN_18004bfa0	18004bfa0	2429	OK	1284131
732	FUN_18004c930	18004c930	479	OK	1286769
733	FUN_18004cb20	18004cb20	3008	OK	1304115
734	FUN_18004d700	18004d700	2398	OK	1317899
735	FUN_18004e070	18004e070	3363	OK	1337003
736	FUN_18004edb0	18004edb0	3361	OK	1356105
737	FUN_18004faf0	18004faf0	1718	OK	1365106
738	FUN_1800501b0	1800501b0	1676	OK	1377591
739	FUN_180050850	180050850	566	OK	1380541
740	FUN_180050a90	180050a90	3696	OK	1402085
741	FUN_180051920	180051920	840	OK	1406597
742	FUN_180051c70	180051c70	1991	OK	1417550
743	FUN_180052440	180052440	2577	OK	1432892
744	FUN_180052e70	180052e70	701	OK	1436849
745	FUN_180053140	180053140	1189	OK	1444539
746	FUN_1800535f0	1800535f0	4871	OK	1472298
747	FUN_180054920	180054920	1957	OK	1485404
748	FUN_1800550d0	1800550d0	3287	OK	1503382
749	FUN_180055dc0	180055dc0	1632	OK	1513474
750	FUN_180056430	180056430	1379	OK	1522328
751	FUN_1800569a0	1800569a0	143	OK	1523101
752	FUN_180056a30	180056a30	526	OK	1525682
753	FUN_180056c40	180056c40	899	OK	1530689
754	FUN_180056fd0	180056fd0	1118	OK	1538848
755	FUN_180057440	180057440	145	OK	1539748
756	FUN_1800574e0	1800574e0	219	OK	1541191
757	FUN_1800575c0	1800575c0	1858	OK	1551707
758	FUN_180057d10	180057d10	3118	OK	1568327
759	FUN_180058a20	180058a20	210	OK	1569809
760	FUN_180058b00	180058b00	873	OK	1575482
761	FUN_180058e70	180058e70	67	OK	1575922
762	FUN_180058ee0	180058ee0	238	OK	1577147
763	FUN_180058fd0	180058fd0	301	OK	1578909
764	FUN_180059100	180059100	1248	OK	1586502
765	FUN_1800595f0	1800595f0	223	OK	1587826
766	FUN_1800596e0	1800596e0	8	OK	1587958
767	FUN_1800596f0	1800596f0	150	OK	1588891
768	FUN_180059790	180059790	80	OK	1589434
769	FUN_1800597e0	1800597e0	49	OK	1589675
770	FUN_180059820	180059820	306	OK	1591328
771	FUN_180059960	180059960	515	OK	1594017
772	FUN_180059b70	180059b70	645	OK	1596576
773	FUN_180059e00	180059e00	130	OK	1598285
774	FUN_180059e90	180059e90	71	OK	1598665
775	FUN_180059ee0	180059ee0	406	OK	1600724
776	FUN_18005a080	18005a080	162	OK	1602263
777	FUN_18005a130	18005a130	418	OK	1603793
778	FUN_18005a2e0	18005a2e0	258	OK	1604778
779	FUN_18005a3f0	18005a3f0	178	OK	1605864
780	FUN_18005a4b0	18005a4b0	199	OK	1607018
781	FUN_18005a5b0	18005a5b0	172	OK	1607773
782	FUN_18005a660	18005a660	189	OK	1608924
783	FUN_18005a720	18005a720	170	OK	1610189
784	FUN_18005a7d0	18005a7d0	168	OK	1611279
785	FUN_18005a880	18005a880	258	OK	1612735
786	FUN_18005a990	18005a990	52	OK	1612994
787	FUN_18005a9d0	18005a9d0	178	OK	1613752
788	FUN_18005aa90	18005aa90	382	OK	1615714
789	FUN_18005ac10	18005ac10	135	OK	1616512
790	FUN_18005aca0	18005aca0	109	OK	1617312
791	FUN_18005ad10	18005ad10	113	OK	1618114
792	FUN_18005ad90	18005ad90	489	OK	1620999
793	FUN_18005af80	18005af80	90	OK	1621852
794	FUN_18005afe0	18005afe0	444	OK	1624810
795	FUN_18005b1a0	18005b1a0	417	OK	1627504
796	FUN_18005b350	18005b350	61	OK	1627994
797	FUN_18005b390	18005b390	998	OK	1634367
798	FUN_18005b780	18005b780	411	OK	1636480
799	FUN_18005b920	18005b920	189	OK	1637327
800	FUN_18005b9e0	18005b9e0	1111	OK	1643718
801	FUN_18005be40	18005be40	40	OK	1644068
802	FUN_18005be70	18005be70	587	OK	1647182
803	FUN_18005c0e0	18005c0e0	2780	OK	1663527
804	FUN_18005cbd0	18005cbd0	834	OK	1668746
805	FUN_18005cf20	18005cf20	837	OK	1673184
806	FUN_18005d270	18005d270	196	OK	1674430
807	FUN_18005d340	18005d340	276	OK	1676040
808	FUN_18005d460	18005d460	473	OK	1678744
809	FUN_18005d640	18005d640	915	OK	1683891
810	FUN_18005d9e0	18005d9e0	2936	OK	1704692
811	FUN_18005e570	18005e570	580	OK	1707869
812	FUN_18005e7c0	18005e7c0	1985	OK	1720458
813	FUN_18005ef90	18005ef90	161	OK	1721520
814	FUN_18005f040	18005f040	37	OK	1721849
815	FUN_18005f070	18005f070	577	OK	1724864
816	FUN_18005f2c0	18005f2c0	1553	OK	1733441
817	FUN_18005f8e0	18005f8e0	1185	OK	1739876
818	FUN_18005fd90	18005fd90	1276	OK	1748570
819	FUN_1800602a0	1800602a0	378	OK	1750611
820	FUN_180060420	180060420	88	OK	1751147
821	FUN_180060480	180060480	137	OK	1752304
822	FUN_180060510	180060510	301	OK	1754011
823	FUN_180060640	180060640	52	OK	1754270
824	FUN_180060680	180060680	1686	OK	1763711
825	FUN_180060d20	180060d20	5339	OK	1797280
826	FUN_180062200	180062200	541	OK	1800082
827	FUN_180062420	180062420	529	OK	1802818
828	FUN_180062640	180062640	529	OK	1805554
829	FUN_180062860	180062860	541	OK	1808356
830	FUN_180062a80	180062a80	482	OK	1810905
831	FUN_180062c70	180062c70	541	OK	1813707
832	FUN_180062e90	180062e90	482	OK	1816256
833	FUN_180063080	180063080	541	OK	1819058
834	FUN_1800632a0	1800632a0	531	OK	1821820
835	FUN_1800634c0	1800634c0	531	OK	1824582
836	FUN_1800636e0	1800636e0	531	OK	1827344
837	FUN_180063900	180063900	541	OK	1830145
838	FUN_180063b20	180063b20	661	OK	1833532
839	FUN_180063dc0	180063dc0	1273	OK	1840149
840	FUN_1800642d0	1800642d0	1547	OK	1848342
841	FUN_180064930	180064930	15921	OK	1940919
842	FUN_1800687b0	1800687b0	27	OK	1941334
843	FUN_1800687d0	1800687d0	177	OK	1942351
844	FUN_180068890	180068890	381	OK	1944584
845	FUN_180068a10	180068a10	381	OK	1946817
846	FUN_180068b90	180068b90	677	OK	1950942
847	FUN_180068e40	180068e40	677	OK	1954886
848	FUN_1800690f0	1800690f0	601	OK	1958288
849	FUN_180069350	180069350	407	OK	1960442
850	FUN_1800694f0	1800694f0	1457	OK	1970187
851	FUN_180069ab0	180069ab0	1170	OK	1977090
852	FUN_180069f50	180069f50	298	OK	1978586
853	FUN_18006a080	18006a080	445	OK	1980115
854	FUN_18006a240	18006a240	430	OK	1981834
855	FUN_18006a3f0	18006a3f0	332	OK	1983413
856	FUN_18006a540	18006a540	544	OK	1986237
857	FUN_18006a760	18006a760	697	OK	1989732
858	FUN_18006aa20	18006aa20	285	OK	1991298
859	FUN_18006ab40	18006ab40	49	OK	1991539
860	FUN_18006ab80	18006ab80	131	OK	1992301
861	FUN_18006ac10	18006ac10	49	OK	1992542
862	FUN_18006ac50	18006ac50	210	OK	1994428
863	FUN_18006ad30	18006ad30	644	OK	1997490
864	FUN_18006afc0	18006afc0	615	OK	2000007
865	FUN_18006b230	18006b230	613	OK	2002577
866	FUN_18006b4a0	18006b4a0	363	OK	2004317
867	FUN_18006b610	18006b610	242	OK	2005565
868	FUN_18006b710	18006b710	242	OK	2006806
869	FUN_18006b810	18006b810	279	OK	2008236
870	FUN_18006b930	18006b930	200	OK	2009264
871	FUN_18006ba00	18006ba00	166	OK	2010128
872	FUN_18006bab0	18006bab0	894	OK	2014743
873	FUN_18006be30	18006be30	643	OK	2018521
874	FUN_18006c0c0	18006c0c0	304	OK	2020066
875	FUN_18006c1f0	18006c1f0	257	OK	2021594
876	FUN_18006c300	18006c300	449	OK	2023834
877	FUN_18006c4d0	18006c4d0	260	OK	2025222
878	FUN_18006c5e0	18006c5e0	897	OK	2029824
879	FUN_18006c970	18006c970	769	OK	2033819
880	FUN_18006cc80	18006cc80	262	OK	2034623
881	FUN_18006cd90	18006cd90	117	OK	2035847
882	FUN_18006ce10	18006ce10	215	OK	2038411
883	FUN_18006cef0	18006cef0	144	OK	2039888
884	FUN_18006cf80	18006cf80	389	OK	2042260
885	FUN_18006d110	18006d110	186	OK	2043012
886	FUN_18006d1d0	18006d1d0	444	OK	2046024
887	FUN_18006d3b0	18006d3b0	176	OK	2046779
888	FUN_18006d470	18006d470	172	OK	2047534
889	FUN_18006d520	18006d520	106	OK	2048318
890	FUN_18006d590	18006d590	368	OK	2050263
891	FUN_18006d700	18006d700	134	OK	2050989
892	FUN_18006d790	18006d790	238	OK	2052455
893	FUN_18006d890	18006d890	588	OK	2056265
894	FUN_18006dae0	18006dae0	242	OK	2057650
895	FUN_18006dbe0	18006dbe0	226	OK	2058973
896	FUN_18006dcd0	18006dcd0	689	OK	2063705
897	FUN_18006df90	18006df90	105	OK	2064501
898	FUN_18006e000	18006e000	109	OK	2065301
899	FUN_18006e070	18006e070	864	OK	2070388
900	FUN_18006e3e0	18006e3e0	256	OK	2072026
901	FUN_18006e4e0	18006e4e0	925	OK	2077653
902	FUN_18006e890	18006e890	263	OK	2079402
903	FUN_18006e9a0	18006e9a0	367	OK	2082038
904	FUN_18006eb10	18006eb10	4263	OK	2109006
905	FUN_18006fbd0	18006fbd0	2252	OK	2123007
906	FUN_1800704a0	1800704a0	1272	OK	2129783
907	FUN_1800709a0	1800709a0	2228	OK	2143595
908	FUN_180071260	180071260	3271	OK	2165630
909	FUN_180071f30	180071f30	961	OK	2171336
910	FUN_180072300	180072300	2148	OK	2183333
911	FUN_180072b70	180072b70	414	OK	2185315
912	FUN_180072d10	180072d10	133	OK	2186099
913	FUN_180072da0	180072da0	2001	OK	2199661
914	FUN_180073580	180073580	930	OK	2205373
915	FUN_180073930	180073930	453	OK	2208187
916	FUN_180073b00	180073b00	2831	OK	2225367
917	FUN_180074620	180074620	3418	OK	2246101
918	FUN_180075380	180075380	577	OK	2249670
919	FUN_1800755d0	1800755d0	2526	OK	2266794
920	FUN_180075fe0	180075fe0	773	OK	2271742
921	FUN_1800762f0	1800762f0	578	OK	2275878
922	FUN_180076540	180076540	649	OK	2279784
923	FUN_1800767d0	1800767d0	331	OK	2281668
924	FUN_180076930	180076930	408	OK	2283635
925	FUN_180076ad0	180076ad0	506	OK	2286592
926	FUN_180076ce0	180076ce0	144	OK	2287497
927	FUN_180076d80	180076d80	106	OK	2288247
928	FUN_180076df0	180076df0	104	OK	2289126
929	FUN_180076e60	180076e60	105	OK	2289853
930	FUN_180076ed0	180076ed0	103	OK	2290713
931	FUN_180076f40	180076f40	139	OK	2291837
932	FUN_180076fd0	180076fd0	119	OK	2292655
933	FUN_180077050	180077050	95	OK	2293316
934	FUN_1800770b0	1800770b0	163	OK	2294117
935	FUN_180077160	180077160	163	OK	2294918
936	FUN_180077210	180077210	163	OK	2295720
937	FUN_1800772c0	1800772c0	353	OK	2297619
938	FUN_180077430	180077430	104	OK	2298609
939	FUN_1800774a0	1800774a0	120	OK	2299576
940	FUN_180077520	180077520	163	OK	2300372
941	FUN_1800775d0	1800775d0	163	OK	2301174
942	FUN_180077680	180077680	104	OK	2302164
943	FUN_1800776f0	1800776f0	115	OK	2303112
944	FUN_180077770	180077770	353	OK	2305016
945	FUN_1800778e0	1800778e0	92	OK	2305637
946	FUN_180077940	180077940	105	OK	2306364
947	FUN_1800779b0	1800779b0	163	OK	2307174
948	FUN_180077a60	180077a60	93	OK	2307964
949	FUN_180077ac0	180077ac0	119	OK	2308912
950	FUN_180077b40	180077b40	117	OK	2309860
951	FUN_180077bc0	180077bc0	139	OK	2310984
952	FUN_180077c50	180077c50	126	OK	2312125
953	FUN_180077cd0	180077cd0	128	OK	2313161
954	FUN_180077d50	180077d50	130	OK	2314204
955	FUN_180077de0	180077de0	163	OK	2315009
956	FUN_180077e90	180077e90	667	OK	2318817
957	FUN_180078130	180078130	115	OK	2319615
958	FUN_1800781b0	1800781b0	353	OK	2321519
959	FUN_180078320	180078320	117	OK	2322467
960	FUN_1800783a0	1800783a0	163	OK	2323282
961	FUN_180078450	180078450	117	OK	2324110
962	FUN_1800784d0	1800784d0	353	OK	2326013
963	FUN_180078640	180078640	163	OK	2326812
964	FUN_1800786f0	1800786f0	163	OK	2327605
965	FUN_1800787a0	1800787a0	30	OK	2327814
966	FUN_1800787c0	1800787c0	163	OK	2328607
967	FUN_180078870	180078870	163	OK	2329422
968	FUN_180078920	180078920	163	OK	2330220
969	FUN_1800789d0	1800789d0	163	OK	2331010
970	FUN_180078a80	180078a80	30	OK	2331216
971	FUN_180078aa0	180078aa0	104	OK	2332206
972	FUN_180078b10	180078b10	702	OK	2336449
973	FUN_180078de0	180078de0	163	OK	2337266
974	FUN_180078e90	180078e90	213	OK	2338211
975	FUN_180078f70	180078f70	95	OK	2338872
976	FUN_180078fd0	180078fd0	101	OK	2339583
977	FUN_180079040	180079040	119	OK	2340401
978	FUN_1800790c0	1800790c0	93	OK	2341187
979	FUN_180079120	180079120	163	OK	2342021
980	FUN_1800791d0	1800791d0	163	OK	2342916
981	FUN_180079280	180079280	163	OK	2343721
982	FUN_180079330	180079330	106	OK	2344471
983	FUN_1800793a0	1800793a0	91	OK	2345120
984	FUN_180079400	180079400	101	OK	2345831
985	FUN_180079470	180079470	115	OK	2346629
986	FUN_1800794f0	1800794f0	93	OK	2347272
987	FUN_180079550	180079550	139	OK	2348616
988	FUN_1800795e0	1800795e0	118	OK	2349589
989	FUN_180079660	180079660	118	OK	2350556
990	FUN_1800796e0	1800796e0	163	OK	2351374
991	FUN_180079790	180079790	138	OK	2352737
992	FUN_180079820	180079820	127	OK	2354011
993	FUN_1800798a0	1800798a0	115	OK	2355188
994	FUN_180079920	180079920	106	OK	2355938
995	FUN_180079990	180079990	129	OK	2356993
996	FUN_180079a20	180079a20	119	OK	2357811
997	FUN_180079aa0	180079aa0	130	OK	2358952
998	FUN_180079b30	180079b30	129	OK	2360007
999	FUN_180079bc0	180079bc0	139	OK	2361131
1000	FUN_180079c50	180079c50	128	OK	2362281
1001	FUN_180079cd0	180079cd0	139	OK	2363406
1002	FUN_180079d60	180079d60	163	OK	2364229
1003	FUN_180079e10	180079e10	163	OK	2365030
1004	FUN_180079ec0	180079ec0	163	OK	2365852
1005	FUN_180079f70	180079f70	163	OK	2366722
1006	FUN_18007a020	18007a020	106	OK	2367602
1007	FUN_18007a090	18007a090	117	OK	2368551
1008	FUN_18007a110	18007a110	163	OK	2369348
1009	FUN_18007a1c0	18007a1c0	140	OK	2370606
1010	FUN_18007a250	18007a250	163	OK	2371417
1011	FUN_18007a300	18007a300	128	OK	2372343
1012	FUN_18007a380	18007a380	163	OK	2373209
1013	FUN_18007a430	18007a430	163	OK	2374075
1014	FUN_18007a4e0	18007a4e0	93	OK	2374719
1015	FUN_18007a540	18007a540	139	OK	2375949
1016	FUN_18007a5d0	18007a5d0	95	OK	2376611
1017	FUN_18007a630	18007a630	70	OK	2377729
1018	FUN_18007a680	18007a680	163	OK	2378528
1019	FUN_18007a730	18007a730	353	OK	2380433
1020	FUN_18007a8a0	18007a8a0	129	OK	2381594
1021	FUN_18007a930	18007a930	137	OK	2382824
1022	FUN_18007a9c0	18007a9c0	163	OK	2383630
1023	FUN_18007aa70	18007aa70	118	OK	2384483
1024	FUN_18007aaf0	18007aaf0	102	OK	2385218
1025	FUN_18007ab60	18007ab60	101	OK	2385930
1026	FUN_18007abd0	18007abd0	213	OK	2386895
1027	FUN_18007acb0	18007acb0	95	OK	2387557
1028	FUN_18007ad10	18007ad10	104	OK	2388316
1029	FUN_18007ad80	18007ad80	101	OK	2389028
1030	FUN_18007adf0	18007adf0	91	OK	2389678
1031	FUN_18007ae50	18007ae50	91	OK	2390328
1032	FUN_18007aeb0	18007aeb0	259	OK	2391414
1033	FUN_18007afc0	18007afc0	163	OK	2392236
1034	FUN_18007b070	18007b070	119	OK	2393185
1035	FUN_18007b0f0	18007b0f0	163	OK	2394097
1036	FUN_18007b1a0	18007b1a0	163	OK	2394960
1037	FUN_18007b250	18007b250	115	OK	2395909
1038	FUN_18007b2d0	18007b2d0	70	OK	2397027
1039	FUN_18007b320	18007b320	126	OK	2398064
1040	FUN_18007b3a0	18007b3a0	128	OK	2399101
1041	FUN_18007b420	18007b420	163	OK	2399901
1042	FUN_18007b4d0	18007b4d0	163	OK	2400705
1043	FUN_18007b580	18007b580	209	OK	2401648
1044	FUN_18007b660	18007b660	130	OK	2402790
1045	FUN_18007b6f0	18007b6f0	163	OK	2403599
1046	FUN_18007b7a0	18007b7a0	128	OK	2404741
1047	FUN_18007b820	18007b820	163	OK	2405641
1048	FUN_18007b8d0	18007b8d0	37	OK	2405878
1049	FUN_18007b900	18007b900	102	OK	2406613
1050	FUN_18007b970	18007b970	102	OK	2407493
1051	FUN_18007b9e0	18007b9e0	120	OK	2408467
1052	FUN_18007ba60	18007ba60	126	OK	2409838
1053	FUN_18007bae0	18007bae0	104	OK	2410718
1054	FUN_18007bb50	18007bb50	117	OK	2411547
1055	FUN_18007bbd0	18007bbd0	117	OK	2412601
1056	FUN_18007bc50	18007bc50	117	OK	2413655
1057	FUN_18007bcd0	18007bcd0	103	OK	2414359
1058	FUN_18007bd40	18007bd40	163	OK	2415154
1059	FUN_18007bdf0	18007bdf0	353	OK	2417069
1060	FUN_18007bf60	18007bf60	353	OK	2418983
1061	FUN_18007c0d0	18007c0d0	353	OK	2420889
1062	FUN_18007c240	18007c240	353	OK	2422796
1063	FUN_18007c3b0	18007c3b0	118	OK	2423869
1064	FUN_18007c430	18007c430	102	OK	2424749
1065	FUN_18007c4a0	18007c4a0	103	OK	2425453
1066	FUN_18007c510	18007c510	163	OK	2426259
1067	FUN_18007c5c0	18007c5c0	103	OK	2426867
1068	FUN_18007c630	18007c630	95	OK	2427529
1069	FUN_18007c690	18007c690	117	OK	2428478
1070	FUN_18007c710	18007c710	128	OK	2429515
1071	FUN_18007c790	18007c790	105	OK	2430243
1072	FUN_18007c800	18007c800	104	OK	2431002
1073	FUN_18007c870	18007c870	118	OK	2431855
1074	FUN_18007c8f0	18007c8f0	105	OK	2432583
1075	FUN_18007c960	18007c960	106	OK	2433463
1076	FUN_18007c9d0	18007c9d0	163	OK	2434270
1077	FUN_18007ca80	18007ca80	117	OK	2435219
1078	FUN_18007cb00	18007cb00	209	OK	2436180
1079	FUN_18007cbe0	18007cbe0	104	OK	2437171
1080	FUN_18007cc50	18007cc50	213	OK	2438129
1081	FUN_18007cd30	18007cd30	294	OK	2439360
1082	FUN_18007ce60	18007ce60	104	OK	2440351
1083	FUN_18007ced0	18007ced0	95	OK	2441013
1084	FUN_18007cf30	18007cf30	128	OK	2442050
1085	FUN_18007cfb0	18007cfb0	128	OK	2443325
1086	FUN_18007d030	18007d030	163	OK	2444160
1087	FUN_18007d0e0	18007d0e0	273	OK	2446336
1088	FUN_18007d200	18007d200	163	OK	2447132
1089	FUN_18007d2b0	18007d2b0	92	OK	2447754
1090	FUN_18007d310	18007d310	1026	OK	2455557
1091	FUN_18007d720	18007d720	146	OK	2456476
1092	FUN_18007d7c0	18007d7c0	118	OK	2457549
1093	FUN_18007d840	18007d840	163	OK	2458348
1094	FUN_18007d8f0	18007d8f0	106	OK	2459099
1095	FUN_18007d960	18007d960	106	OK	2459850
1096	FUN_18007d9d0	18007d9d0	119	OK	2460669
1097	FUN_18007da50	18007da50	102	OK	2461404
1098	FUN_18007dac0	18007dac0	105	OK	2462132
1099	FUN_18007db30	18007db30	163	OK	2462944
1100	FUN_18007dbe0	18007dbe0	117	OK	2463998
1101	FUN_18007dc60	18007dc60	104	OK	2464989
1102	FUN_18007dcd0	18007dcd0	213	OK	2465993
1103	FUN_18007ddb0	18007ddb0	391	OK	2468886
1104	FUN_18007df40	18007df40	102	OK	2469766
1105	FUN_18007dfb0	18007dfb0	259	OK	2470862
1106	FUN_18007e0c0	18007e0c0	92	OK	2471484
1107	FUN_18007e120	18007e120	102	OK	2472364
1108	FUN_18007e190	18007e190	566	OK	2475451
1109	FUN_18007e3d0	18007e3d0	259	OK	2476548
1110	FUN_18007e4e0	18007e4e0	209	OK	2477508
1111	FUN_18007e5c0	18007e5c0	259	OK	2478564
1112	FUN_18007e6d0	18007e6d0	391	OK	2481457
1113	FUN_18007e860	18007e860	110	OK	2483658
1114	FUN_18007e8d0	18007e8d0	919	OK	2489854
1115	FUN_18007ec70	18007ec70	209	OK	2490775
1116	FUN_18007ed50	18007ed50	376	OK	2492615
1117	FUN_18007eed0	18007eed0	370	OK	2494556
1118	FUN_18007f050	18007f050	370	OK	2496500
1119	FUN_18007f1d0	18007f1d0	380	OK	2498529
1120	FUN_18007f350	18007f350	380	OK	2500558
1121	FUN_18007f4d0	18007f4d0	370	OK	2502497
1122	FUN_18007f650	18007f650	370	OK	2504441
1123	FUN_18007f7d0	18007f7d0	370	OK	2506382
1124	FUN_18007f950	18007f950	368	OK	2508285
1125	FUN_18007fad0	18007fad0	200	OK	2509232
1126	FUN_18007fba0	18007fba0	216	OK	2510475
1127	FUN_18007fc80	18007fc80	367	OK	2512177
1128	FUN_18007fe00	18007fe00	323	OK	2514021
1129	FUN_18007ff50	18007ff50	198	OK	2515072
1130	FUN_180080020	180080020	134	OK	2515996
1131	FUN_1800800b0	1800800b0	301	OK	2517686
1132	FUN_1800801e0	1800801e0	159	OK	2518718
1133	FUN_180080280	180080280	178	OK	2519806
1134	FID_conflict:_Tidy_deallocate	180080370	5	OK	2520476
1135	FUN_180080380	180080380	92	OK	2520938
1136	FUN_180080400	180080400	137	OK	2521752
1137	FUN_180080490	180080490	36	OK	2522080
1138	FUN_1800804c0	1800804c0	171	OK	2522994
1139	FUN_180080570	180080570	737	OK	2527412
1140	FUN_180080860	180080860	227	OK	2528917
1141	FUN_180080950	180080950	237	OK	2530465
1142	FUN_180080a40	180080a40	671	OK	2534983
1143	FUN_180080d00	180080d00	17	OK	2535237
1144	FUN_180080d20	180080d20	740	OK	2538915
1145	FUN_180081010	180081010	93	OK	2539764
1146	FUN_180081070	180081070	162	OK	2540648
1147	FUN_180081120	180081120	84	OK	2541282
1148	FUN_180081180	180081180	91	OK	2541965
1149	FUN_1800811e0	1800811e0	56	OK	2542583
1150	FUN_180081220	180081220	56	OK	2543201
1151	FID_conflict:_Tidy_deallocate	180081260	96	OK	2544307
1152	FUN_1800812d0	1800812d0	17	OK	2544541
1153	FUN_1800812f0	1800812f0	105	OK	2545342
1154	FUN_180081360	180081360	370	OK	2547243
1155	FUN_1800814e0	1800814e0	289	OK	2548815
1156	FUN_180081610	180081610	269	OK	2550326
1157	FUN_180081720	180081720	408	OK	2552775
1158	FUN_1800818c0	1800818c0	700	OK	2556971
1159	FUN_180081b90	180081b90	114	OK	2557524
1160	FUN_180081c10	180081c10	104	OK	2558255
1161	FUN_180081c80	180081c80	356	OK	2560308
1162	FUN_180081df0	180081df0	1060	OK	2567349
1163	FUN_180082220	180082220	704	OK	2572019
1164	FUN_1800824f0	1800824f0	387	OK	2574468
1165	FUN_180082690	180082690	41	OK	2574718
1166	FUN_1800826c0	1800826c0	420	OK	2576916
1167	FUN_180082870	180082870	289	OK	2578549
1168	FUN_1800829a0	1800829a0	3408	OK	2598015
1169	FUN_180083710	180083710	46	OK	2598323
1170	FUN_180083740	180083740	115	OK	2598978
1171	FUN_1800837c0	1800837c0	1957	OK	2612031
1172	FUN_180083f70	180083f70	17	OK	2612285
1173	FUN_180083f90	180083f90	78	OK	2612743
1174	FUN_180083fe0	180083fe0	151	OK	2614537
1175	FUN_180084080	180084080	8	OK	2614672
1176	FUN_180084090	180084090	8	OK	2614806
1177	FUN_1800840a0	1800840a0	693	OK	2619677
1178	FUN_180084360	180084360	499	OK	2622695
1179	FUN_180084570	180084570	391	OK	2625136
1180	FUN_180084700	180084700	297	OK	2626610
1181	FUN_180084830	180084830	341	OK	2628473
1182	FUN_180084990	180084990	139	OK	2629453
1183	FUN_180084a20	180084a20	391	OK	2631771
1184	FUN_180084bb0	180084bb0	231	OK	2633157
1185	FUN_180084ca0	180084ca0	2229	OK	2649448
1186	FUN_180085560	180085560	15	OK	2649745
1187	FUN_180085570	180085570	49	OK	2649987
1188	FUN_1800855b0	1800855b0	632	OK	2652735
1189	FUN_180085830	180085830	396	OK	2655365
1190	FUN_1800859c0	1800859c0	320	OK	2657129
1191	FUN_180085b10	180085b10	187	OK	2659042
1192	FUN_180085bd0	180085bd0	1221	OK	2665872
1193	FUN_1800860a0	1800860a0	60	OK	2666158
1194	FUN_1800860e0	1800860e0	652	OK	2670512
1195	FUN_180086370	180086370	137	OK	2671272
1196	FUN_180086400	180086400	17	OK	2671517
1197	FUN_180086420	180086420	230	OK	2672610
1198	FUN_180086510	180086510	80	OK	2673467
1199	FUN_180086560	180086560	100	OK	2674286
1200	FUN_1800865d0	1800865d0	30	OK	2674515
1201	FUN_1800865f0	1800865f0	63	OK	2675043
1202	FUN_180086630	180086630	181	OK	2676352
1203	FUN_1800866f0	1800866f0	362	OK	2678517
1204	FUN_180086860	180086860	1599	OK	2688840
1205	FUN_180086eb0	180086eb0	202	OK	2690233
1206	FUN_180086f80	180086f80	175	OK	2692057
1207	FUN_180087030	180087030	145	OK	2693141
1208	FUN_1800870d0	1800870d0	16	OK	2693319
1209	FUN_1800870e0	1800870e0	272	OK	2694989
1210	FUN_1800871f0	1800871f0	359	OK	2696980
1211	FUN_180087360	180087360	5	OK	2697134
1212	FUN_180087370	180087370	8	OK	2697288
1213	FUN_180087380	180087380	330	OK	2699197
1214	FUN_1800874d0	1800874d0	160	OK	2700118
1215	FUN_180087570	180087570	9	OK	2700311
1216	FUN_180087580	180087580	60	OK	2700949
1217	FUN_1800875c0	1800875c0	323	OK	2702707
1218	FUN_180087710	180087710	203	OK	2703875
1219	FUN_1800877e0	1800877e0	80	OK	2704367
1220	FUN_180087830	180087830	81	OK	2704898
1221	FUN_180087890	180087890	143	OK	2705832
1222	FUN_180087930	180087930	95	OK	2706338
1223	FUN_180087990	180087990	605	OK	2709464
1224	FUN_180087c00	180087c00	468	OK	2712069
1225	FUN_180087de0	180087de0	468	OK	2714674
1226	FUN_180087fc0	180087fc0	1155	OK	2723392
1227	FUN_180088450	180088450	360	OK	2725344
1228	FUN_1800885c0	1800885c0	269	OK	2727144
1229	FUN_1800886d0	1800886d0	441	OK	2729525
1230	FUN_180088890	180088890	104	OK	2730308
1231	FUN_180088900	180088900	144	OK	2731127
1232	FUN_180088990	180088990	12	OK	2731314
1233	FUN_1800889a0	1800889a0	59	OK	2731606
1234	FUN_1800889e0	1800889e0	410	OK	2734017
1235	FUN_180088b80	180088b80	4974	OK	2770496
1236	FUN_180089ef0	180089ef0	5450	OK	2810453
1237	FUN_18008b440	18008b440	2433	OK	2828118
1238	FUN_18008bdd0	18008bdd0	358	OK	2834052
1239	FUN_18008bf50	18008bf50	373	OK	2835957
1240	FUN_18008c0d0	18008c0d0	409	OK	2839139
1241	FUN_18008c270	18008c270	327	OK	2840805
1242	FUN_18008c3c0	18008c3c0	327	OK	2842472
1243	FUN_18008c510	18008c510	448	OK	2844293
1244	FUN_18008c6d0	18008c6d0	439	OK	2846107
1245	FUN_18008c890	18008c890	538	OK	2849224
1246	FUN_18008cab0	18008cab0	312	OK	2850893
1247	FUN_18008cbf0	18008cbf0	327	OK	2852586
1248	FUN_18008cd40	18008cd40	327	OK	2854274
1249	FUN_18008ce90	18008ce90	1027	OK	2859923
1250	FUN_18008d2a0	18008d2a0	498	OK	2862190
1251	FUN_18008d4a0	18008d4a0	250	OK	2863790
1252	FUN_18008d5a0	18008d5a0	78	OK	2864292
1253	FUN_18008d5f0	18008d5f0	357	OK	2866409
1254	FUN_18008d760	18008d760	78	OK	2866911
1255	FUN_18008d7b0	18008d7b0	383	OK	2869234
1256	FUN_18008d930	18008d930	83	OK	2869766
1257	FUN_18008d990	18008d990	113	OK	2870368
1258	FUN_18008da10	18008da10	24	OK	2870641
1259	FUN_18008da30	18008da30	1811	OK	2880030
1260	FUN_18008e150	18008e150	139	OK	2880766
1261	FUN_18008e1e0	18008e1e0	227	OK	2882174
1262	FUN_18008e2d0	18008e2d0	152	OK	2883163
1263	FUN_18008e370	18008e370	955	OK	2889370
1264	FUN_18008e740	18008e740	75	OK	2889769
1265	FUN_18008e790	18008e790	27	OK	2890065
1266	FUN_18008e7b0	18008e7b0	75	OK	2890464
1267	FUN_18008e800	18008e800	27	OK	2890760
1268	FUN_18008e820	18008e820	66	OK	2891082
1269	FUN_18008e870	18008e870	7	OK	2891227
1270	FUN_18008e880	18008e880	1597	OK	2898947
1271	FUN_18008ef00	18008ef00	8	OK	2899101
1272	FUN_18008ef10	18008ef10	8	OK	2899255
1273	FUN_18008ef20	18008ef20	553	OK	2902262
1274	FUN_18008f150	18008f150	201	OK	2904650
1275	FUN_18008f220	18008f220	244	OK	2906009
1276	FUN_18008f320	18008f320	242	OK	2907523
1277	FUN_18008f420	18008f420	456	OK	2910607
1278	FUN_18008f5f0	18008f5f0	974	OK	2918400
1279	FUN_18008f9c0	18008f9c0	603	OK	2923396
1280	FUN_18008fc20	18008fc20	85	OK	2924256
1281	FUN_18008fc80	18008fc80	89	OK	2925126
1282	FUN_18008fce0	18008fce0	16	OK	2925339
1283	FUN_18008fd00	18008fd00	361	OK	2927143
1284	FUN_18008fe70	18008fe70	142	OK	2928210
1285	FUN_18008ff00	18008ff00	157	OK	2929080
1286	FUN_18008ffa0	18008ffa0	324	OK	2930771
1287	FUN_1800900f0	1800900f0	12	OK	2930975
1288	FUN_180090100	180090100	1057	OK	2938203
1289	FUN_180090530	180090530	366	OK	2939466
1290	FUN_1800906a0	1800906a0	185	OK	2941108
1291	FUN_180090760	180090760	190	OK	2941891
1292	FUN_180090820	180090820	651	OK	2945596
1293	FUN_180090ab0	180090ab0	348	OK	2947480
1294	FUN_180090c10	180090c10	156	OK	2948384
1295	FUN_180090cb0	180090cb0	169	OK	2949386
1296	FUN_180090d60	180090d60	60	OK	2949663
1297	FUN_180090da0	180090da0	640	OK	2952156
1298	FUN_180091030	180091030	118	OK	2952669
1299	FUN_1800910b0	1800910b0	425	OK	2955268
1300	FUN_180091260	180091260	120	OK	2955884
1301	FUN_1800912e0	1800912e0	621	OK	2959445
1302	FUN_180091550	180091550	245	OK	2960648
1303	FUN_180091650	180091650	507	OK	2963193
1304	FUN_180091870	180091870	42	OK	2963432
1305	FUN_1800918a0	1800918a0	122	OK	2964114
1306	FUN_180091950	180091950	187	OK	2964905
1307	FUN_180091a10	180091a10	593	OK	2967967
1308	FUN_180091c70	180091c70	105	OK	2968483
1309	FUN_180091ce0	180091ce0	1712	OK	2979222
1310	FUN_1800923a0	1800923a0	201	OK	2980246
1311	FUN_180092470	180092470	112	OK	2980905
1312	FUN_1800924e0	1800924e0	65	OK	2981396
1313	FUN_180092530	180092530	701	OK	2985582
1314	FUN_1800927f0	1800927f0	659	OK	2988861
1315	FUN_180092a90	180092a90	2227	OK	3003013
1316	FUN_180093350	180093350	3398	OK	3021595
1317	FUN_1800940b0	1800940b0	2608	OK	3039965
1318	FUN_180094b00	180094b00	2323	OK	3053190
1319	FUN_180095420	180095420	2364	OK	3069759
1320	FUN_180095d70	180095d70	1417	OK	3077693
1321	FUN_180096300	180096300	192	OK	3078573
1322	FUN_1800963d0	1800963d0	2559	OK	3094099
1323	FUN_180096de0	180096de0	1362	OK	3101092
1324	FUN_1800973b0	1800973b0	292	OK	3102681
1325	FUN_1800974e0	1800974e0	308	OK	3104573
1326	FUN_180097620	180097620	464	OK	3107766
1327	FUN_180097800	180097800	1967	OK	3118739
1328	FUN_180097fc0	180097fc0	148	OK	3119507
1329	FUN_180098060	180098060	1595	OK	3133619
1330	FUN_1800986b0	1800986b0	327	OK	3135177
1331	FUN_180098800	180098800	5312	OK	3173807
1332	FUN_180099cd0	180099cd0	5497	OK	3215628
1333	FUN_18009b250	18009b250	66	OK	3216001
1334	FUN_18009b2a0	18009b2a0	205	OK	3217036
1335	FUN_18009b380	18009b380	470	OK	3219470
1336	FUN_18009b560	18009b560	469	OK	3221904
1337	FUN_18009b740	18009b740	16	OK	3222118
1338	FUN_18009b760	18009b760	3760	OK	3245414
1339	FUN_18009c650	18009c650	185	OK	3246447
1340	FUN_18009c710	18009c710	184	OK	3247480
1341	FUN_18009c7d0	18009c7d0	8	OK	3247625
1342	FUN_18009c7e0	18009c7e0	81	OK	3248065
1343	FUN_18009c840	18009c840	510	OK	3249710
1344	FUN_18009ca40	18009ca40	663	OK	3252519
1345	FUN_18009cce0	18009cce0	986	OK	3258392
1346	FUN_18009d0c0	18009d0c0	480	OK	3260742
1347	FUN_18009d2a0	18009d2a0	412	OK	3262910
1348	FUN_18009d440	18009d440	903	OK	3270124
1349	FUN_18009d7d0	18009d7d0	910	OK	3277455
1350	FUN_18009db60	18009db60	1594	OK	3290296
1351	FUN_18009e1a0	18009e1a0	704	OK	3295483
1352	FUN_18009e470	18009e470	346	OK	3298200
1353	FUN_18009e5d0	18009e5d0	350	OK	3300738
1354	FUN_18009e730	18009e730	261	OK	3301691
1355	FUN_18009e840	18009e840	397	OK	3305547
1356	FUN_18009e9d0	18009e9d0	142	OK	3306639
1357	FUN_18009ea60	18009ea60	643	OK	3310357
1358	FUN_18009ecf0	18009ecf0	330	OK	3312848
1359	FUN_18009ee50	18009ee50	170	OK	3313911
1360	FUN_18009ef00	18009ef00	278	OK	3316148
1361	FUN_18009f020	18009f020	178	OK	3317043
1362	FUN_18009f0e0	18009f0e0	330	OK	3319142
1363	FUN_18009f230	18009f230	356	OK	3320996
1364	FUN_18009f3a0	18009f3a0	392	OK	3323423
1365	FUN_18009f530	18009f530	420	OK	3325339
1366	FUN_18009f6e0	18009f6e0	155	OK	3326097
1367	FUN_18009f780	18009f780	385	OK	3328381
1368	FUN_18009f910	18009f910	387	OK	3330846
1369	FUN_18009faa0	18009faa0	332	OK	3332962
1370	FUN_18009fbf0	18009fbf0	999	OK	3338943
1371	FUN_18009ffe0	18009ffe0	391	OK	3341406
1372	FUN_1800a0170	1800a0170	825	OK	3345703
1373	FUN_1800a04b0	1800a04b0	121	OK	3346411
1374	FUN_1800a0530	1800a0530	361	OK	3348602
1375	FUN_1800a06a0	1800a06a0	123	OK	3349291
1376	FUN_1800a0720	1800a0720	116	OK	3350031
1377	FUN_1800a07a0	1800a07a0	1591	OK	3359944
1378	FUN_1800a0de0	1800a0de0	309	OK	3362336
1379	FUN_1800a0f20	1800a0f20	309	OK	3364736
1380	FUN_1800a1060	1800a1060	309	OK	3367129
1381	FUN_1800a11a0	1800a11a0	309	OK	3369530
1382	FUN_1800a12e0	1800a12e0	309	OK	3371921
1383	FUN_1800a1420	1800a1420	452	OK	3375098
1384	FUN_1800a15f0	1800a15f0	610	OK	3379134
1385	FUN_1800a1860	1800a1860	62	OK	3379543
1386	FUN_1800a18c0	1800a18c0	102	OK	3380282
1387	FUN_1800a1930	1800a1930	265	OK	3382061
1388	FUN_1800a1a40	1800a1a40	52	OK	3382321
1389	FUN_1800a1a80	1800a1a80	52	OK	3382581
1390	FUN_1800a1ac0	1800a1ac0	15	OK	3382812
1391	FUN_1800a1ad0	1800a1ad0	862	OK	3387733
1392	FUN_1800a1e40	1800a1e40	10	OK	3387940
1393	FUN_1800a1e50	1800a1e50	49	OK	3388279
1394	FUN_1800a1e90	1800a1e90	9158	OK	3459725
1395	FUN_1800a4270	1800a4270	946	OK	3466217
1396	FUN_1800a4630	1800a4630	640	OK	3470619
1397	FUN_1800a48c0	1800a48c0	1450	OK	3481159
1398	FUN_1800a4e80	1800a4e80	91	OK	3481643
1399	FUN_1800a4ee0	1800a4ee0	5	OK	3481797
1400	FUN_1800a4ef0	1800a4ef0	8	OK	3481951
1401	FUN_1800a4f00	1800a4f00	487	OK	3485279
1402	FUN_1800a50f0	1800a50f0	23	OK	3485411
1403	FUN_1800a5110	1800a5110	117	OK	3486125
1404	FUN_1800a5190	1800a5190	548	OK	3489104
1405	FUN_1800a53c0	1800a53c0	32	OK	3489309
1406	FUN_1800a53e0	1800a53e0	289	OK	3490632
1407	FUN_1800a5510	1800a5510	289	OK	3491955
1408	FUN_1800a5640	1800a5640	207	OK	3492920
1409	FUN_1800a5710	1800a5710	244	OK	3494402
1410	FUN_1800a5810	1800a5810	7043	OK	3536568
1411	FUN_1800a73b0	1800a73b0	4174	OK	3565779
1412	FUN_1800a8420	1800a8420	657	OK	3569122
1413	FUN_1800a86c0	1800a86c0	1491	OK	3577799
1414	FUN_1800a8ca0	1800a8ca0	1030	OK	3584038
1415	FUN_1800a90b0	1800a90b0	219	OK	3585450
1416	FUN_1800a9190	1800a9190	327	OK	3587331
1417	FUN_1800a92e0	1800a92e0	706	OK	3593049
1418	FUN_1800a95f0	1800a95f0	709	OK	3596651
1419	FUN_1800a98c0	1800a98c0	345	OK	3598193
1420	FUN_1800a9a20	1800a9a20	350	OK	3599853
1421	FUN_1800a9b80	1800a9b80	367	OK	3601857
1422	FUN_1800a9cf0	1800a9cf0	417	OK	3604083
1423	FUN_1800a9ea0	1800a9ea0	52	OK	3604326
1424	FUN_1800a9ee0	1800a9ee0	662	OK	3606789
1425	FUN_1800aa180	1800aa180	554	OK	3609755
1426	FUN_1800aa3b0	1800aa3b0	655	OK	3613755
1427	FUN_1800aa650	1800aa650	284	OK	3615145
1428	FUN_1800aa770	1800aa770	375	OK	3616966
1429	FUN_1800aa8f0	1800aa8f0	482	OK	3619095
1430	FUN_1800aaae0	1800aaae0	485	OK	3622570
1431	FUN_1800aacd0	1800aacd0	322	OK	3624147
1432	FUN_1800aae20	1800aae20	572	OK	3627681
1433	FUN_1800ab060	1800ab060	193	OK	3628501
1434	FUN_1800ab130	1800ab130	330	OK	3630229
1435	FUN_1800ab280	1800ab280	177	OK	3631250
1436	FUN_1800ab340	1800ab340	402	OK	3633337
1437	FUN_1800ab4e0	1800ab4e0	656	OK	3636741
1438	FUN_1800ab780	1800ab780	452	OK	3639932
1439	FUN_1800ab950	1800ab950	92	OK	3640665
1440	FUN_1800ab9b0	1800ab9b0	123	OK	3641464
1441	FUN_1800aba30	1800aba30	92	OK	3642203
1442	FUN_1800aba90	1800aba90	171	OK	3643479
1443	FUN_1800abb40	1800abb40	95	OK	3643968
1444	FUN_1800abba0	1800abba0	53	OK	3644262
1445	FUN_1800abbe0	1800abbe0	59	OK	3644852
1446	FUN_1800abc30	1800abc30	47	OK	3645423
1447	FUN_1800abc60	1800abc60	121	OK	3646056
1448	FUN_1800abce0	1800abce0	131	OK	3646557
1449	FUN_1800abd70	1800abd70	19	OK	3646815
1450	FUN_1800abd90	1800abd90	338	OK	3649008
1451	FUN_1800abef0	1800abef0	263	OK	3650089
1452	FUN_1800ac000	1800ac000	66	OK	3650401
1453	FUN_1800ac050	1800ac050	76	OK	3650756
1454	FUN_1800ac0a0	1800ac0a0	129	OK	3651318
1455	FUN_1800ac130	1800ac130	43	OK	3651601
1456	FUN_1800ac160	1800ac160	43	OK	3651884
1457	FUN_1800ac190	1800ac190	188	OK	3652700
1458	FUN_1800ac250	1800ac250	43	OK	3652983
1459	FUN_1800ac280	1800ac280	43	OK	3653266
1460	FUN_1800ac2b0	1800ac2b0	286	OK	3655193
1461	FUN_1800ac3d0	1800ac3d0	176	OK	3656265
1462	FUN_1800ac490	1800ac490	131	OK	3657128
1463	FUN_1800ac520	1800ac520	146	OK	3658068
1464	FUN_1800ac5c0	1800ac5c0	392	OK	3660773
1465	FUN_1800ac750	1800ac750	216	OK	3662236
1466	FUN_1800ac830	1800ac830	402	OK	3665444
1467	FUN_1800ac9d0	1800ac9d0	817	OK	3670002
1468	FUN_1800acd10	1800acd10	1368	OK	3679479
1469	FUN_1800ad270	1800ad270	382	OK	3681587
1470	FUN_1800ad3f0	1800ad3f0	53	OK	3682211
1471	FUN_1800ad430	1800ad430	141	OK	3683069
1472	FUN_1800ad4c0	1800ad4c0	137	OK	3683993
1473	FUN_1800ad550	1800ad550	224	OK	3685344
1474	FUN_1800ad630	1800ad630	233	OK	3687061
1475	FUN_1800ad720	1800ad720	255	OK	3688458
1476	FUN_1800ad820	1800ad820	168	OK	3689154
1477	FUN_1800ad8d0	1800ad8d0	1140	OK	3697205
1478	FUN_1800addf0	1800addf0	526	OK	3699689
1479	FUN_1800ae000	1800ae000	349	OK	3701761
1480	FUN_1800ae160	1800ae160	239	OK	3702979
1481	FUN_1800ae250	1800ae250	596	OK	3706131
1482	FUN_1800ae4b0	1800ae4b0	230	OK	3707444
1483	FUN_1800ae5a0	1800ae5a0	449	OK	3709906
1484	FUN_1800ae770	1800ae770	492	OK	3712284
1485	FUN_1800ae960	1800ae960	78	OK	3712863
1486	FUN_1800ae9b0	1800ae9b0	585	OK	3715706
1487	FUN_1800aec00	1800aec00	70	OK	3715973
1488	FUN_1800aec50	1800aec50	673	OK	3719036
1489	FUN_1800aef00	1800aef00	522	OK	3721559
1490	FUN_1800af110	1800af110	177	OK	3722559
1491	FUN_1800af1d0	1800af1d0	11	OK	3722794
1492	FUN_1800af1e0	1800af1e0	105	OK	3723614
1493	FUN_1800af250	1800af250	514	OK	3726772
1494	FUN_1800af460	1800af460	238	OK	3728320
1495	FUN_1800af550	1800af550	55	OK	3728820
1496	FUN_1800af590	1800af590	1550	OK	3738827
1497	FUN_1800afc00	1800afc00	134	OK	3739643
1498	FUN_1800afc90	1800afc90	80	OK	3740245
1499	FUN_1800afce0	1800afce0	570	OK	3743555
1500	FUN_1800aff20	1800aff20	191	OK	3744576
1501	FUN_1800affe0	1800affe0	781	OK	3749372
1502	FUN_1800b0360	1800b0360	125	OK	3750025
1503	FUN_1800b03e0	1800b03e0	431	OK	3752444
1504	FUN_1800b0630	1800b0630	347	OK	3754311
1505	FUN_1800b0790	1800b0790	147	OK	3755182
1506	FUN_1800b0830	1800b0830	64	OK	3755675
1507	FUN_1800b0880	1800b0880	73	OK	3756040
1508	FUN_1800b08d0	1800b08d0	53	OK	3756534
1509	FUN_1800b0910	1800b0910	314	OK	3758357
1510	thunk_FUN_1800b2170	1800b0a50	5	OK	3760802
1511	FUN_1800b0a60	1800b0a60	1631	OK	3770459
1512	FUN_1800b10d0	1800b10d0	2214	OK	3781383
1513	FUN_1800b1990	1800b1990	2003	OK	3794661
1514	FUN_1800b2170	1800b2170	445	OK	3797046
1515	FUN_1800b2330	1800b2330	411	OK	3799332
1516	FUN_1800b24d0	1800b24d0	365	OK	3801775
1517	FUN_1800b2640	1800b2640	164	OK	3802968
1518	FUN_1800b26f0	1800b26f0	569	OK	3805336
1519	FUN_1800b2930	1800b2930	332	OK	3807475
1520	FUN_1800b2a80	1800b2a80	885	OK	3815354
1521	FUN_1800b2e00	1800b2e00	445	OK	3817544
1522	FUN_1800b2fc0	1800b2fc0	505	OK	3820541
1523	FUN_1800b31c0	1800b31c0	324	OK	3823442
1524	FUN_1800b3310	1800b3310	346	OK	3825706
1525	FUN_1800b3470	1800b3470	140	OK	3826682
1526	FUN_1800b3500	1800b3500	1193	OK	3836743
1527	FUN_1800b39b0	1800b39b0	1383	OK	3845096
1528	FUN_1800b3f20	1800b3f20	617	OK	3848779
1529	FUN_1800b4190	1800b4190	421	OK	3851343
1530	FUN_1800b4340	1800b4340	192	OK	3852165
1531	FUN_1800b4410	1800b4410	644	OK	3856543
1532	FUN_1800b46a0	1800b46a0	1052	OK	3862621
1533	_Sort_unchecked<GSISymbolEntry*___ptr64*___ptr64,<lambda_17fc2db6b915a174aa9adac87939b088>_>	1800b4ac0	355	OK	3864873
1534	FUN_1800b4c30	1800b4c30	268	OK	3866754
1535	FUN_1800b4d40	1800b4d40	719	OK	3870653
1536	FUN_1800b5010	1800b5010	12	OK	3870837
1537	_Reallocate_exactly	1800b5020	102	OK	3871661
1538	FUN_1800b5090	1800b5090	290	OK	3873057
1539	FUN_1800b51c0	1800b51c0	164	OK	3874060
1540	FUN_1800b5270	1800b5270	626	OK	3877811
1541	FUN_1800b54f0	1800b54f0	193	OK	3878647
1542	FUN_1800b55c0	1800b55c0	52	OK	3879076
1543	FUN_1800b5600	1800b5600	626	OK	3882692
1544	FUN_1800b5880	1800b5880	35	OK	3882864
1545	FUN_1800b58b0	1800b58b0	613	OK	3885495
1546	FUN_1800b5b20	1800b5b20	233	OK	3887952
1547	FUN_1800b5c10	1800b5c10	223	OK	3889436
1548	FUN_1800b5cf0	1800b5cf0	355	OK	3891240
1549	FUN_1800b5e60	1800b5e60	472	OK	3893866
1550	FUN_1800b6040	1800b6040	148	OK	3894635
1551	FUN_1800b60e0	1800b60e0	85	OK	3895115
1552	FUN_1800b6140	1800b6140	652	OK	3899555
1553	FUN_1800b63d0	1800b63d0	22	OK	3899960
1554	FUN_1800b63f0	1800b63f0	44	OK	3900275
1555	FUN_1800b6420	1800b6420	92	OK	3900833
1556	FUN_1800b6480	1800b6480	14	OK	3901107
1557	FUN_1800b6490	1800b6490	14	OK	3901381
1558	FUN_1800b64a0	1800b64a0	22	OK	3901795
1559	FUN_1800b64c0	1800b64c0	22	OK	3902209
1560	FUN_1800b64e0	1800b64e0	14	OK	3902483
1561	FUN_1800b64f0	1800b64f0	22	OK	3902897
1562	FUN_1800b6510	1800b6510	14	OK	3903171
1563	FUN_1800b6520	1800b6520	14	OK	3903445
1564	FUN_1800b6530	1800b6530	14	OK	3903719
1565	FUN_1800b6540	1800b6540	22	OK	3904133
1566	FUN_1800b6560	1800b6560	14	OK	3904407
1567	FUN_1800b6570	1800b6570	22	OK	3904821
1568	FUN_1800b6590	1800b6590	22	OK	3905235
1569	FUN_1800b65b0	1800b65b0	22	OK	3905649
1570	FUN_1800b65d0	1800b65d0	22	OK	3906063
1571	FUN_1800b65f0	1800b65f0	22	OK	3906477
1572	FUN_1800b6610	1800b6610	22	OK	3906891
1573	FUN_1800b6630	1800b6630	15	OK	3907122
1574	FUN_1800b6640	1800b6640	7	OK	3907286
1575	FUN_1800b6650	1800b6650	7	OK	3907450
1576	FUN_1800b6660	1800b6660	48	OK	3907870
1577	FUN_1800b6690	1800b6690	48	OK	3908290
1578	FUN_1800b66c0	1800b66c0	8	OK	3908462
1579	FUN_1800b66d0	1800b66d0	15	OK	3908676
1580	FUN_1800b66e0	1800b66e0	6	OK	3908844
1581	FUN_1800b66f0	1800b66f0	7	OK	3909007
1582	FUN_1800b6700	1800b6700	7	OK	3909170
1583	FUN_1800b6710	1800b6710	15	OK	3909384
1584	FUN_1800b6720	1800b6720	48	OK	3909804
1585	FUN_1800b6750	1800b6750	48	OK	3910224
1586	FUN_1800b6780	1800b6780	15	OK	3910438
1587	FUN_1800b6790	1800b6790	15	OK	3910652
1588	FUN_1800b67a0	1800b67a0	48	OK	3911072
1589	FUN_1800b67d0	1800b67d0	48	OK	3911492
1590	FUN_1800b6800	1800b6800	5	OK	3911643
1591	FUN_1800b6810	1800b6810	8	OK	3911843
1592	FUN_1800b6820	1800b6820	8	OK	3912043
1593	FUN_1800b6830	1800b6830	8	OK	3912243
1594	FUN_1800b6840	1800b6840	8	OK	3912443
1595	FUN_1800b6850	1800b6850	8	OK	3912643
1596	FUN_1800b6860	1800b6860	8	OK	3912843
1597	FUN_1800b6870	1800b6870	8	OK	3913043
1598	FUN_1800b6880	1800b6880	8	OK	3913243
1599	FUN_1800b6890	1800b6890	8	OK	3913443
1600	FUN_1800b68a0	1800b68a0	8	OK	3913643
1601	FUN_1800b68b0	1800b68b0	8	OK	3913843
1602	FUN_1800b68c0	1800b68c0	8	OK	3914043
1603	FUN_1800b68d0	1800b68d0	8	OK	3914243
1604	FUN_1800b68e0	1800b68e0	8	OK	3914443
1605	FUN_1800b68f0	1800b68f0	8	OK	3914643
1606	FUN_1800b6900	1800b6900	8	OK	3914843
1607	FUN_1800b6910	1800b6910	8	OK	3915043
1608	FUN_1800b6920	1800b6920	310	OK	3916706
1609	FUN_1800b6a60	1800b6a60	310	OK	3918370
1610	FUN_1800b6ba0	1800b6ba0	505	OK	3921489
1611	FUN_1800b6da0	1800b6da0	886	OK	3926125
1612	FUN_1800b7120	1800b7120	2381	OK	3939611
1613	FUN_1800b7a80	1800b7a80	836	OK	3945139
1614	FUN_1800b7e30	1800b7e30	342	OK	3946707
1615	FUN_1800b7f90	1800b7f90	550	OK	3950308
1616	FUN_1800b81c0	1800b81c0	1322	OK	3957855
1617	FUN_1800b86f0	1800b86f0	145	OK	3958789
1618	FUN_1800b8790	1800b8790	155	OK	3959806
1619	FUN_1800b8830	1800b8830	60	OK	3960164
1620	FUN_1800b8870	1800b8870	49	OK	3960406
1621	FUN_1800b88b0	1800b88b0	487	OK	3962212
1622	FUN_1800b8aa0	1800b8aa0	608	OK	3964448
1623	FUN_1800b8d10	1800b8d10	575	OK	3967574
1624	FUN_1800b8f60	1800b8f60	631	OK	3970451
1625	FUN_1800b91e0	1800b91e0	358	OK	3972245
1626	FUN_1800b9350	1800b9350	195	OK	3974745
1627	FUN_1800b9420	1800b9420	224	OK	3977139
1628	FUN_1800b9500	1800b9500	92	OK	3977955
1629	FUN_1800b9560	1800b9560	242	OK	3979148
1630	FUN_1800b9660	1800b9660	172	OK	3979918
1631	FUN_1800b9710	1800b9710	111	OK	3980619
1632	FUN_1800b9780	1800b9780	600	OK	3984353
1633	FUN_1800b99e0	1800b99e0	28	OK	3984682
1634	thunk_FUN_1800bb1e0	1800b9a20	5	OK	3985378
1635	FUN_1800b9a30	1800b9a30	149	OK	3986348
1636	thunk_FUN_1800b9a30	1800b9ae0	5	OK	3987328
1637	FUN_1800b9b00	1800b9b00	2925	OK	4003678
1638	FUN_1800ba680	1800ba680	43	OK	4003972
1639	FUN_1800ba6b0	1800ba6b0	43	OK	4004269
1640	FUN_1800ba6e0	1800ba6e0	138	OK	4005054
1641	FUN_1800ba770	1800ba770	838	OK	4009567
1642	FUN_1800baac0	1800baac0	1816	OK	4021933
1643	FUN_1800bb1e0	1800bb1e0	136	OK	4022619
1644	FUN_1800bb270	1800bb270	176	OK	4023375
1645	FUN_1800bb330	1800bb330	113	OK	4024178
1646	FUN_1800bb3b0	1800bb3b0	65	OK	4024669
1647	FUN_1800bb400	1800bb400	3418	OK	4047497
1648	FUN_1800bc170	1800bc170	245	OK	4048677
1649	FUN_1800bc270	1800bc270	245	OK	4049858
1650	FUN_1800bc370	1800bc370	64	OK	4050333
1651	FUN_1800bc3b0	1800bc3b0	1490	OK	4058575
1652	FUN_1800bc990	1800bc990	844	OK	4063911
1653	FUN_1800bccf0	1800bccf0	133	OK	4064834
1654	FUN_1800bcd80	1800bcd80	742	OK	4069380
1655	FUN_1800bd070	1800bd070	427	OK	4071819
1656	FUN_1800bd220	1800bd220	132	OK	4072620
1657	FUN_1800bd2b0	1800bd2b0	37	OK	4072878
1658	FUN_1800bd2e0	1800bd2e0	1578	OK	4083024
1659	FUN_1800bd920	1800bd920	130	OK	4083801
1660	FUN_1800bd9b0	1800bd9b0	132	OK	4084983
1661	FUN_1800bda50	1800bda50	794	OK	4089825
1662	FUN_1800bdd70	1800bdd70	316	OK	4091345
1663	FUN_1800bdeb0	1800bdeb0	295	OK	4092632
1664	FUN_1800bdfe0	1800bdfe0	452	OK	4095821
1665	FUN_1800be1b0	1800be1b0	90	OK	4096456
1666	FUN_1800be210	1800be210	105	OK	4097145
1667	FUN_1800be280	1800be280	173	OK	4097908
1668	FUN_1800be340	1800be340	177	OK	4098671
1669	FUN_1800be400	1800be400	106	OK	4099147
1670	FUN_1800be470	1800be470	344	OK	4100529
1671	FUN_1800be5d0	1800be5d0	227	OK	4101686
1672	FUN_1800be6c0	1800be6c0	21	OK	4102001
1673	FUN_1800be6e0	1800be6e0	319	OK	4103863
1674	FUN_1800be820	1800be820	5	OK	4104017
1675	FUN_1800be830	1800be830	7	OK	4104232
1676	FUN_1800be840	1800be840	208	OK	4105092
1677	FUN_1800be920	1800be920	131	OK	4105507
1678	FUN_1800be9b0	1800be9b0	121	OK	4106140
1679	FUN_1800bea30	1800bea30	105	OK	4106943
1680	FUN_1800beaa0	1800beaa0	4434	OK	4137169
1681	FUN_1800bfc10	1800bfc10	147	OK	4137863
1682	FUN_1800bfcb0	1800bfcb0	242	OK	4139112
1683	FUN_1800bfdb0	1800bfdb0	1997	OK	4150959
1684	FUN_1800c0590	1800c0590	130	OK	4151542
1685	FUN_1800c0620	1800c0620	3952	OK	4174452
1686	FUN_1800c15a0	1800c15a0	674	OK	4177599
1687	FUN_1800c1850	1800c1850	682	OK	4180041
1688	FUN_1800c1b00	1800c1b00	711	OK	4184194
1689	FUN_1800c1dd0	1800c1dd0	114	OK	4184794
1690	FUN_1800c1e50	1800c1e50	398	OK	4187224
1691	FUN_1800c1fe0	1800c1fe0	428	OK	4189750
1692	FUN_1800c2190	1800c2190	816	OK	4193776
1693	FUN_1800c24d0	1800c24d0	60	OK	4194107
1694	FUN_1800c2510	1800c2510	21	OK	4194346
1695	FUN_1800c2530	1800c2530	60	OK	4194669
1696	thunk_FUN_1800be340	1800c2570	5	OK	4195442
1697	FUN_1800c2580	1800c2580	9	OK	4195610
1698	FUN_1800c2590	1800c2590	75	OK	4195979
1699	FUN_1800c25e0	1800c25e0	228	OK	4197003
1700	FUN_1800c26d0	1800c26d0	529	OK	4199989
1701	FUN_1800c28f0	1800c28f0	178	OK	4200857
1702	FUN_1800c29b0	1800c29b0	134	OK	4201584
1703	_Reallocate_exactly	1800c2a40	102	OK	4202408
1704	FUN_1800c2ab0	1800c2ab0	46	OK	4202795
1705	FUN_1800c2ae0	1800c2ae0	356	OK	4204777
1706	FUN_1800c2c50	1800c2c50	743	OK	4208545
1707	FUN_1800c2f40	1800c2f40	19	OK	4208757
1708	FUN_1800c2f60	1800c2f60	71	OK	4209411
1709	FUN_1800c2fb0	1800c2fb0	121	OK	4210439
1710	FUN_1800c3030	1800c3030	8	OK	4210586
1711	FUN_1800c3040	1800c3040	10	OK	4210825
1712	FUN_1800c3050	1800c3050	3	OK	4210978
1713	FUN_1800c3060	1800c3060	14	OK	4211195
1714	FUN_1800c3070	1800c3070	187	OK	4211993
1715	FUN_1800c3130	1800c3130	187	OK	4212791
1716	FUN_1800c31f0	1800c31f0	236	OK	4213840
1717	FUN_1800c32e0	1800c32e0	236	OK	4214889
1718	FUN_1800c33d0	1800c33d0	168	OK	4215755
1719	FUN_1800c3480	1800c3480	216	OK	4216804
1720	FUN_1800c3560	1800c3560	187	OK	4217602
1721	FUN_1800c3620	1800c3620	187	OK	4218400
1722	FUN_1800c36e0	1800c36e0	236	OK	4219449
1723	FUN_1800c37d0	1800c37d0	236	OK	4220498
1724	FUN_1800c38c0	1800c38c0	168	OK	4221361
1725	FUN_1800c3970	1800c3970	168	OK	4222227
1726	FUN_1800c3a20	1800c3a20	395	OK	4223795
1727	FUN_1800c3bb0	1800c3bb0	519	OK	4226723
1728	FUN_1800c3dc0	1800c3dc0	50	OK	4226972
1729	FUN_1800c3e00	1800c3e00	588	OK	4229450
1730	FUN_1800c4050	1800c4050	317	OK	4230955
1731	FUN_1800c4190	1800c4190	250	OK	4231987
1732	FUN_1800c4290	1800c4290	129	OK	4232616
1733	FUN_1800c4320	1800c4320	995	OK	4237052
1734	FUN_1800c4710	1800c4710	47	OK	4237350
1735	FUN_1800c4740	1800c4740	247	OK	4238206
1736	FUN_1800c4850	1800c4850	79	OK	4238600
1737	FUN_1800c48a0	1800c48a0	315	OK	4240043
1738	FUN_1800c49f0	1800c49f0	112	OK	4240538
1739	FUN_1800c4a60	1800c4a60	52	OK	4240798
1740	FUN_1800c4aa0	1800c4aa0	5	OK	4240952
1741	FUN_1800c4ab0	1800c4ab0	4	OK	4241125
1742	FUN_1800c4ac0	1800c4ac0	5	OK	4241295
1743	FUN_1800c4ad0	1800c4ad0	5	OK	4241449
1744	FUN_1800c4ae0	1800c4ae0	7	OK	4241622
1745	FUN_1800c4af0	1800c4af0	4	OK	4241821
1746	FUN_1800c4b00	1800c4b00	5	OK	4242017
1747	FUN_1800c4b10	1800c4b10	5	OK	4242216
1748	FUN_1800c4b20	1800c4b20	132	OK	4243124
1749	FUN_1800c4bb0	1800c4bb0	175	OK	4243854
1750	FUN_1800c4c60	1800c4c60	131	OK	4244272
1751	FUN_1800c4cf0	1800c4cf0	113	OK	4245075
1752	FUN_1800c4d70	1800c4d70	1165	OK	4252444
1753	FUN_1800c5210	1800c5210	1149	OK	4259908
1754	FUN_1800c56a0	1800c56a0	65	OK	4260399
1755	FUN_1800c56f0	1800c56f0	895	OK	4266066
1756	FUN_1800c5a80	1800c5a80	30	OK	4266293
1757	FUN_1800c5aa0	1800c5aa0	4	OK	4266466
1758	FUN_1800c5ab0	1800c5ab0	45	OK	4266771
1759	FUN_1800c5ae0	1800c5ae0	30	OK	4266998
1760	FUN_1800c5b00	1800c5b00	4	OK	4267171
1761	FUN_1800c5b10	1800c5b10	8	OK	4267344
1762	FUN_1800c5b20	1800c5b20	116	OK	4268077
1763	FUN_1800c5ba0	1800c5ba0	231	OK	4269455
1764	FUN_1800c5c90	1800c5c90	4844	OK	4303078
1765	FUN_1800c6f90	1800c6f90	535	OK	4306195
1766	FUN_1800c71b0	1800c71b0	7	OK	4306394
1767	FUN_1800c71c0	1800c71c0	8	OK	4306624
1768	FUN_1800c71d0	1800c71d0	7	OK	4306839
1769	FUN_1800c71e0	1800c71e0	762	OK	4311195
1770	FUN_1800c74e0	1800c74e0	113	OK	4311869
1771	FUN_1800c7560	1800c7560	629	OK	4314575
1772	FUN_1800c77f0	1800c77f0	99	OK	4315168
1773	FUN_1800c7860	1800c7860	132	OK	4316083
1774	FUN_1800c78f0	1800c78f0	252	OK	4317467
1775	FUN_1800c79f0	1800c79f0	615	OK	4320816
1776	FUN_1800c7c60	1800c7c60	1017	OK	4326330
1777	FUN_1800c8060	1800c8060	716	OK	4330779
1778	FUN_1800c8330	1800c8330	699	OK	4335250
1779	FUN_1800c85f0	1800c85f0	146	OK	4335971
1780	FUN_1800c8690	1800c8690	57	OK	4336399
1781	FUN_1800c86d0	1800c86d0	504	OK	4338668
1782	FUN_1800c88d0	1800c88d0	449	OK	4341117
1783	FUN_1800c8aa0	1800c8aa0	276	OK	4342871
1784	FUN_1800c8bc0	1800c8bc0	1617	OK	4354280
1785	FUN_1800c9220	1800c9220	140	OK	4355013
1786	FUN_1800c92b0	1800c92b0	1248	OK	4363660
1787	FUN_1800c97a0	1800c97a0	843	OK	4368885
1788	FUN_1800c9af0	1800c9af0	2780	OK	4387999
1789	FUN_1800ca5e0	1800ca5e0	432	OK	4389830
1790	FUN_1800ca7a0	1800ca7a0	11	OK	4390069
1791	FUN_1800ca7b0	1800ca7b0	93	OK	4390491
1792	FUN_1800ca810	1800ca810	184	OK	4391189
1793	FUN_1800ca8d0	1800ca8d0	28	OK	4391571
1794	FUN_1800ca900	1800ca900	51	OK	4391871
1795	FUN_1800ca940	1800ca940	143	OK	4392795
1796	FUN_1800ca9e0	1800ca9e0	550966	FAILED	4392905
1797	FUN_180151220	180151220	50	OK	4393154
1798	FUN_180151260	180151260	1366	OK	4400073
1799	FUN_1801517c0	1801517c0	317	OK	4401594
1800	FUN_180151900	180151900	123	OK	4402686
1801	FUN_180151980	180151980	109	OK	4403489
1802	FUN_1801519f0	1801519f0	65	OK	4403980
1803	FUN_180151a40	180151a40	6054	OK	4430091
1804	FUN_1801531f0	1801531f0	262369	FAILED	4430201
1805	FUN_1801932e0	1801932e0	21195	OK	4526962
1806	FUN_1801985b0	1801985b0	172659	FAILED	4527072
1807	FUN_1801c2830	1801c2830	214536	FAILED	4527182
1808	FUN_1801f6e40	1801f6e40	614	OK	4529356
1809	FUN_1801f70b0	1801f70b0	7126	OK	4559054
1810	FUN_1801f8c90	1801f8c90	150450	FAILED	4559164
1811	FUN_18021d850	18021d850	127399	FAILED	4559274
1812	FUN_18023ca00	18023ca00	614	OK	4561448
1813	FUN_18023cc70	18023cc70	6322	OK	4588945
1814	FUN_18023e530	18023e530	263463	FAILED	4589055
1815	FUN_18027ea60	18027ea60	21515	OK	4687317
1816	FUN_180283e70	180283e70	194490	FAILED	4687427
1817	FUN_1802b3630	1802b3630	194304	FAILED	4687537
1818	FUN_1802e2d40	1802e2d40	7224	OK	4717660
1819	FUN_1802e4980	1802e4980	158252	FAILED	4717770
1820	FUN_18030b3b0	18030b3b0	124182	FAILED	4717880
1821	FUN_1803298d0	1803298d0	614	OK	4720054
1822	FUN_180329b40	180329b40	6322	OK	4747567
1823	FUN_18032b400	18032b400	404014	FAILED	4747677
1824	FUN_18038de30	18038de30	19131	OK	4835760
1825	FUN_1803928f0	1803928f0	161386	FAILED	4835870
1826	FUN_1803b9f60	1803b9f60	162491	FAILED	4835980
1827	FUN_1803e1a20	1803e1a20	7766	OK	4868207
1828	FUN_1803e3880	1803e3880	164608	FAILED	4868317
1829	FUN_18040bb90	18040bb90	132703	FAILED	4868427
1830	FUN_18042c1f0	18042c1f0	407	OK	4870274
1831	FUN_18042c390	18042c390	220	OK	4871134
1832	FUN_18042c470	18042c470	614	OK	4873356
1833	FUN_18042c6e0	18042c6e0	423	OK	4875536
1834	FUN_18042c890	18042c890	423	OK	4877716
1835	FUN_18042ca40	18042ca40	284	OK	4879215
1836	FUN_18042cb60	18042cb60	136	OK	4880195
1837	FUN_18042cbf0	18042cbf0	155	OK	4880981
1838	FUN_18042cc90	18042cc90	123	OK	4881706
1839	FUN_18042cd10	18042cd10	422	OK	4884240
1840	FUN_18042cec0	18042cec0	983	OK	4889273
1841	FUN_18042d2a0	18042d2a0	143	OK	4890567
1842	FUN_18042d330	18042d330	146	OK	4891888
1843	FUN_18042d3d0	18042d3d0	207	OK	4892741
1844	FUN_18042d4a0	18042d4a0	23	OK	4892912
1845	FUN_18042d4c0	18042d4c0	4689	OK	4908923
1846	FUN_18042e720	18042e720	76	OK	4909204
1847	FUN_18042e770	18042e770	450	OK	4911860
1848	FUN_18042e940	18042e940	632	OK	4915420
1849	FUN_18042ebc0	18042ebc0	633	OK	4919472
1850	FUN_18042ee40	18042ee40	417	OK	4922602
1851	FUN_18042eff0	18042eff0	23	OK	4922773
1852	FUN_18042f010	18042f010	95	OK	4923218
1853	FUN_18042f070	18042f070	228	OK	4924579
1854	FUN_18042f160	18042f160	4969	OK	4941528
1855	FUN_1804304d0	1804304d0	4969	OK	4958477
1856	FUN_180431840	180431840	228	OK	4959838
1857	FUN_180431930	180431930	4519	OK	4975219
1858	FUN_180432ae0	180432ae0	95	OK	4975664
1859	FUN_180432b40	180432b40	4519	OK	4991045
1860	FUN_180433cf0	180433cf0	360	OK	4993102
1861	FUN_180433e60	180433e60	237	OK	4994333
1862	FUN_180433f50	180433f50	182	OK	4995069
1863	FUN_180434010	180434010	228	OK	4996430
1864	FUN_180434100	180434100	458005	FAILED	4996540
1865	FUN_1804a3e20	1804a3e20	360	OK	4998376
1866	FUN_1804a3f90	1804a3f90	442	OK	5000580
1867	FUN_1804a4150	1804a4150	360	OK	5002417
1868	FUN_1804a42c0	1804a42c0	2459	OK	5013695
1869	FUN_1804a4c60	1804a4c60	588	OK	5016717
1870	FUN_1804a4eb0	1804a4eb0	336	OK	5018333
1871	FUN_1804a5010	1804a5010	378	OK	5020293
1872	FUN_1804a5190	1804a5190	385	OK	5022253
1873	FUN_1804a5320	1804a5320	336	OK	5023870
1874	FUN_1804a5480	1804a5480	336	OK	5025487
1875	FUN_1804a55e0	1804a55e0	360	OK	5027324
1876	FUN_1804a5750	1804a5750	385	OK	5029283
1877	FUN_1804a58e0	1804a58e0	2986	OK	5044905
1878	FUN_1804a6490	1804a6490	6633	OK	5076210
1879	FUN_1804a7e80	1804a7e80	8669	OK	5122757
1880	FUN_1804aa060	1804aa060	86	OK	5123437
1881	FUN_1804aa0c0	1804aa0c0	7213	OK	5163224
1882	FUN_1804abcf0	1804abcf0	380	OK	5165148
1883	FUN_1804abe70	1804abe70	6544	OK	5198136
1884	FUN_1804ad810	1804ad810	364	OK	5200008
1885	FUN_1804ad980	1804ad980	1995	OK	5210538
1886	FUN_1804ae150	1804ae150	5375	OK	5237315
1887	FUN_1804af650	1804af650	4291	OK	5256432
1888	FUN_1804b0720	1804b0720	96	OK	5256860
1889	FUN_1804b0780	1804b0780	6104	OK	5283288
1890	FUN_1804b1f60	1804b1f60	4138	OK	5302049
1891	FUN_1804b2f90	1804b2f90	1007	OK	5307648
1892	FUN_1804b3380	1804b3380	14031	OK	5377968
1893	FUN_1804b6a50	1804b6a50	547	OK	5380806
1894	FUN_1804b6c80	1804b6c80	1061	OK	5386010
1895	FUN_1804b70b0	1804b70b0	1054	OK	5391214
1896	FUN_1804b74d0	1804b74d0	1077	OK	5396591
1897	FUN_1804b7910	1804b7910	13	OK	5397327
1898	FUN_1804b7920	1804b7920	13350	OK	5459867
1899	FUN_1804bad50	1804bad50	13220	OK	5521279
1900	FUN_1804be100	1804be100	12908	OK	5581644
1901	FUN_1804c1370	1804c1370	13072	OK	5643225
1902	FUN_1804c4690	1804c4690	13352	OK	5705636
1903	FUN_1804c7ac0	1804c7ac0	3273	OK	5721011
1904	FUN_1804c8790	1804c8790	1123	OK	5726594
1905	FUN_1804c8c00	1804c8c00	7429	OK	5760703
1906	FUN_1804ca910	1804ca910	7429	OK	5798096
1907	FUN_1804cc620	1804cc620	425	OK	5800355
1908	FUN_1804cc7d0	1804cc7d0	2032	OK	5811372
1909	FUN_1804ccfd0	1804ccfd0	996	OK	5816238
1910	FUN_1804cd3c0	1804cd3c0	13021	OK	5877833
1911	FUN_1804d06a0	1804d06a0	13345	OK	5940430
1912	FUN_1804d3ad0	1804d3ad0	2208	OK	5951052
1913	FUN_1804d4380	1804d4380	2181	OK	5961321
1914	FUN_1804d4c10	1804d4c10	3113	OK	5975586
1915	FUN_1804d5840	1804d5840	999	OK	5980405
1916	FUN_1804d5c30	1804d5c30	12899	OK	6043243
1917	FUN_1804d8ea0	1804d8ea0	5651	OK	6067550
1918	FUN_1804da4c0	1804da4c0	12474	OK	6124414
1919	FUN_1804dd580	1804dd580	3041	OK	6137624
1920	FUN_1804de170	1804de170	421	OK	6139795
1921	FUN_1804de320	1804de320	9613	OK	6183730
1922	FUN_1804e08b0	1804e08b0	3048	OK	6197149
1923	FUN_1804e14a0	1804e14a0	12219	OK	6254619
1924	FUN_1804e4460	1804e4460	355	OK	6256384
1925	FUN_1804e45d0	1804e45d0	355	OK	6258149
1926	FUN_1804e4740	1804e4740	2164	OK	6267571
1927	FUN_1804e4fc0	1804e4fc0	13437	OK	6333245
1928	FUN_1804e8440	1804e8440	130	OK	6333771
1929	FUN_1804e84d0	1804e84d0	8006	OK	6372732
1930	FUN_1804ea420	1804ea420	7692	OK	6406549
1931	FUN_1804ec230	1804ec230	8006	OK	6445386
1932	FUN_1804ee180	1804ee180	2817	OK	6458619
1933	FUN_1804eec90	1804eec90	3268	OK	6475741
1934	FUN_1804ef960	1804ef960	3041	OK	6488961
1935	FUN_1804f0550	1804f0550	421	OK	6491132
1936	FUN_1804f0700	1804f0700	9468	OK	6535067
1937	FUN_1804f2c00	1804f2c00	3016	OK	6548486
1938	FUN_1804f37d0	1804f37d0	11982	OK	6605924
1939	FUN_1804f66a0	1804f66a0	2134	OK	6615346
1940	FUN_1804f6f00	1804f6f00	19808	OK	6715305
1941	FUN_1804fbc70	1804fbc70	11254	OK	6771108
1942	FUN_1804fe870	1804fe870	7549	OK	6804935
1943	FUN_1805005f0	1805005f0	11254	OK	6860429
1944	FUN_1805031f0	1805031f0	777	OK	6864362
1945	FUN_180503500	180503500	1788	OK	6873628
1946	FUN_180503c00	180503c00	1890	OK	6882352
1947	FUN_180504370	180504370	5651	OK	6906659
1948	FUN_180505990	180505990	12474	OK	6963523
1949	FUN_180508a50	180508a50	3041	OK	6976733
1950	FUN_180509640	180509640	421	OK	6978904
1951	FUN_1805097f0	1805097f0	9613	OK	7022839
1952	FUN_18050bd80	18050bd80	3048	OK	7036258
1953	FUN_18050c970	18050c970	12219	OK	7093728
1954	FUN_18050f930	18050f930	355	OK	7095493
1955	FUN_18050faa0	18050faa0	355	OK	7097258
1956	FUN_18050fc10	18050fc10	2164	OK	7106680
1957	FUN_180510490	180510490	13437	OK	7172354
1958	FUN_180513910	180513910	8006	OK	7211315
1959	FUN_180515860	180515860	7692	OK	7245132
1960	FUN_180517670	180517670	8006	OK	7283969
1961	FUN_1805195c0	1805195c0	2817	OK	7297614
1962	FUN_18051a0d0	18051a0d0	3268	OK	7315095
1963	FUN_18051ada0	18051ada0	3041	OK	7328315
1964	FUN_18051b990	18051b990	421	OK	7330486
1965	FUN_18051bb40	18051bb40	9468	OK	7374421
1966	FUN_18051e040	18051e040	3016	OK	7387840
1967	FUN_18051ec10	18051ec10	11970	OK	7445266
1968	FUN_180521ae0	180521ae0	2134	OK	7454688
1969	FUN_180522340	180522340	19808	OK	7554707
1970	FUN_1805270b0	1805270b0	11254	OK	7610510
1971	FUN_180529cb0	180529cb0	7549	OK	7644337
1972	FUN_18052ba30	18052ba30	11254	OK	7700081
1973	FUN_18052e630	18052e630	777	OK	7704014
1974	FUN_18052e940	18052e940	1788	OK	7713280
1975	FUN_18052f040	18052f040	1890	OK	7722004
1976	FUN_18052f7b0	18052f7b0	2625	OK	7737404
1977	FUN_180530200	180530200	20	OK	7737629
1978	FUN_180530220	180530220	6214	OK	7765243
1979	FUN_180531a70	180531a70	52	OK	7765521
1980	FUN_180531ab0	180531ab0	9984	OK	7815320
1981	FUN_1805341c0	1805341c0	1578	OK	7823857
1982	FUN_1805347f0	1805347f0	8149	OK	7863405
1983	FUN_1805367d0	1805367d0	5074	OK	7887073
1984	FUN_180537bb0	180537bb0	3708	OK	7906367
1985	FUN_180538a30	180538a30	381	OK	7908344
1986	FUN_180538bb0	180538bb0	3016	OK	7925241
1987	FUN_180539780	180539780	428	OK	7927472
1988	FUN_180539930	180539930	378	OK	7929434
1989	FUN_180539ab0	180539ab0	1555	OK	7937565
1990	FUN_18053a0d0	18053a0d0	640	OK	7940854
1991	FUN_18053a360	18053a360	975	OK	7945648
1992	FUN_18053a730	18053a730	1883	OK	7955514
1993	FUN_18053ae90	18053ae90	1883	OK	7965380
1994	FUN_18053b5f0	18053b5f0	403	OK	7967471
1995	FUN_18053b790	18053b790	640	OK	7970760
1996	FUN_18053ba20	18053ba20	2061	OK	7980288
1997	FUN_18053c230	18053c230	600	OK	7983401
1998	FUN_18053c490	18053c490	616	OK	7986945
1999	FUN_18053c700	18053c700	3990	OK	8008475
2000	FUN_18053d6a0	18053d6a0	2057	OK	8018892
2001	FUN_18053deb0	18053deb0	3997	OK	8041128
2002	FUN_18053ee50	18053ee50	3990	OK	8063364
2003	FUN_18053fdf0	18053fdf0	600	OK	8066475
2004	FUN_180540050	180540050	681	OK	8070043
2005	FUN_180540300	180540300	681	OK	8073611
2006	FUN_1805405b0	1805405b0	1501	OK	8080970
2007	FUN_180540b90	180540b90	1526	OK	8088271
2008	FUN_180541190	180541190	9618	OK	8135348
2009	FUN_180543730	180543730	1721	OK	8143449
2010	FUN_180543df0	180543df0	3302	OK	8158522
2011	FUN_180544ae0	180544ae0	2734	OK	8173484
2012	FUN_180545590	180545590	4019	OK	8193066
2013	FUN_180546550	180546550	381	OK	8195028
2014	FUN_1805466d0	1805466d0	1905	OK	8205896
2015	FUN_180546e50	180546e50	367	OK	8207796
2016	FUN_180546fc0	180546fc0	1574	OK	8215191
2017	FUN_1805475f0	1805475f0	640	OK	8218480
2018	FUN_180547880	180547880	2039	OK	8227963
2019	FUN_180548080	180548080	640	OK	8231252
2020	FUN_180548310	180548310	2039	OK	8240735
2021	FUN_180548b10	180548b10	2039	OK	8250218
2022	FUN_180549310	180549310	4014	OK	8270166
2023	FUN_18054a2c0	18054a2c0	630	OK	8273552
2024	FUN_18054a540	18054a540	640	OK	8276905
2025	FUN_18054a7d0	18054a7d0	640	OK	8280190
2026	FUN_18054aa60	18054aa60	4019	OK	8300902
2027	FUN_18054ba20	18054ba20	373	OK	8302826
2028	FUN_18054bba0	18054bba0	364	OK	8304695
2029	FUN_18054bd10	18054bd10	4234	OK	8324162
2030	FUN_18054cda0	18054cda0	403	OK	8326253
2031	FUN_18054cf40	18054cf40	630	OK	8329639
2032	FUN_18054d1c0	18054d1c0	378	OK	8331601
2033	FUN_18054d340	18054d340	1555	OK	8338972
2034	FUN_18054d960	18054d960	381	OK	8340934
2035	FUN_18054dae0	18054dae0	364	OK	8342804
2036	FUN_18054dc50	18054dc50	364	OK	8344674
2037	FUN_18054ddc0	18054ddc0	381	OK	8346636
2038	FUN_18054df40	18054df40	381	OK	8348598
2039	FUN_18054e0c0	18054e0c0	1501	OK	8355957
2040	FUN_18054e6a0	18054e6a0	1526	OK	8363258
2041	FUN_18054eca0	18054eca0	2469	OK	8376899
2042	FUN_18054f650	18054f650	64378	FAILED	8377008
2043	FUN_18055f1d0	18055f1d0	1471	OK	8385013
2044	FUN_18055f790	18055f790	2503	OK	8397094
2045	FUN_180560160	180560160	2522	OK	8408380
2046	FUN_180560b40	180560b40	7644	OK	8449538
2047	FUN_180562920	180562920	7213	OK	8489325
2048	FUN_180564550	180564550	2067	OK	8498833
2049	FUN_180564d70	180564d70	5039	OK	8523692
2050	FUN_180566120	180566120	364	OK	8525564
2051	FUN_180566290	180566290	1688	OK	8534873
2052	FUN_180566930	180566930	5039	OK	8559746
2053	FUN_180567ce0	180567ce0	3677	OK	8576248
2054	FUN_180568b40	180568b40	1193	OK	8582835
2055	FUN_180568ff0	180568ff0	3452	OK	8598275
2056	FUN_180569d70	180569d70	1508	OK	8605439
2057	FUN_18056a360	18056a360	540	OK	8608145
2058	FUN_18056a580	18056a580	1457	OK	8615042
2059	FUN_18056ab40	18056ab40	4387	OK	8634018
2060	FUN_18056bc70	18056bc70	519	OK	8636588
2061	FUN_18056be80	18056be80	1463	OK	8643485
2062	FUN_18056c440	18056c440	2071	OK	8653108
2063	FUN_18056cc60	18056cc60	597	OK	8656218
2064	FUN_18056cec0	18056cec0	2427	OK	8669183
2065	FUN_18056d840	18056d840	402	OK	8671323
2066	FUN_18056d9e0	18056d9e0	16217	OK	8749036
2067	FUN_180571940	180571940	15985	OK	8827122
2068	FUN_1805757c0	1805757c0	15985	OK	8905278
2069	FUN_180579640	180579640	1145	OK	8911243
2070	FUN_180579ac0	180579ac0	15892	OK	8987469
2071	FUN_18057d8e0	18057d8e0	22880	OK	9096130
2072	FUN_180583250	180583250	2011	OK	9106671
2073	FUN_180583a30	180583a30	1036	OK	9111846
2074	FUN_180583e40	180583e40	7009	OK	9143489
2075	FUN_1805859b0	1805859b0	22831	OK	9253881
2076	FUN_18058b2e0	18058b2e0	7009	OK	9288808
2077	FUN_18058ce50	18058ce50	1145	OK	9294373
2078	FUN_18058d2d0	18058d2d0	6091	OK	9321384
2079	FUN_18058eaa0	18058eaa0	2032	OK	9332407
2080	FUN_18058f2a0	18058f2a0	1853	OK	9342036
2081	FUN_18058f9e0	18058f9e0	2067	OK	9351532
2082	FUN_180590200	180590200	15892	OK	9427753
2083	FUN_180594020	180594020	22880	OK	9536420
2084	FUN_180599990	180599990	2030	OK	9546226
2085	FUN_18059a180	18059a180	966	OK	9551017
2086	FUN_18059a550	18059a550	13068	OK	9614390
2087	FUN_18059d860	18059d860	3242	OK	9628826
2088	FUN_18059e510	18059e510	1411	OK	9635354
2089	FUN_18059eaa0	18059eaa0	1488	OK	9642295
2090	FUN_18059f080	18059f080	4430	OK	9662648
2091	FUN_1805a01d0	1805a01d0	1494	OK	9669589
2092	FUN_1805a07b0	1805a07b0	2128	OK	9679307
2093	FUN_1805a1010	1805a1010	3944	OK	9696152
2094	FUN_1805a1f80	1805a1f80	2172	OK	9706013
2095	FUN_1805a2800	1805a2800	3367	OK	9720792
2096	FUN_1805a3530	1805a3530	376	OK	9722681
2097	FUN_1805a36b0	1805a36b0	376	OK	9724570
2098	FUN_1805a3830	1805a3830	2318	OK	9734977
2099	FUN_1805a4140	1805a4140	11940	OK	9792655
2100	FUN_1805a6ff0	1805a6ff0	7976	OK	9831337
2101	FUN_1805a8f20	1805a8f20	2172	OK	9841198
2102	FUN_1805a97a0	1805a97a0	7976	OK	9879846
2103	FUN_1805ab6d0	1805ab6d0	3441	OK	9898206
2104	FUN_1805ac450	1805ac450	4807	OK	9919388
2105	FUN_1805ad720	1805ad720	3913	OK	9936233
2106	FUN_1805ae670	1805ae670	2171	OK	9946094
2107	FUN_1805aeef0	1805aeef0	3375	OK	9960873
2108	FUN_1805afc20	1805afc20	2311	OK	9971280
2109	FUN_1805b0530	1805b0530	14373	OK	10041275
2110	FUN_1805b3d60	1805b3d60	9508	OK	10087372
2111	FUN_1805b6290	1805b6290	2165	OK	10097233
2112	FUN_1805b6b10	1805b6b10	9508	OK	10143288
2113	FUN_1805b9040	1805b9040	3713	OK	10161481
2114	FUN_1805b9ed0	1805b9ed0	3146	OK	10176894
2115	FUN_1805bab20	1805bab20	3242	OK	10191330
2116	FUN_1805bb7d0	1805bb7d0	1411	OK	10197858
2117	FUN_1805bbd60	1805bbd60	1488	OK	10204799
2118	FUN_1805bc340	1805bc340	4430	OK	10225152
2119	FUN_1805bd490	1805bd490	1494	OK	10232093
2120	FUN_1805bda70	1805bda70	2128	OK	10241811
2121	FUN_1805be2d0	1805be2d0	3944	OK	10258656
2122	FUN_1805bf240	1805bf240	2172	OK	10268517
2123	FUN_1805bfac0	1805bfac0	3367	OK	10283296
2124	FUN_1805c07f0	1805c07f0	376	OK	10285185
2125	FUN_1805c0970	1805c0970	376	OK	10287074
2126	FUN_1805c0af0	1805c0af0	2318	OK	10297481
2127	FUN_1805c1400	1805c1400	11940	OK	10355159
2128	FUN_1805c42b0	1805c42b0	7976	OK	10393841
2129	FUN_1805c61e0	1805c61e0	2172	OK	10403702
2130	FUN_1805c6a60	1805c6a60	7976	OK	10442350
2131	FUN_1805c8990	1805c8990	3441	OK	10461069
2132	FUN_1805c9710	1805c9710	4807	OK	10482251
2133	FUN_1805ca9e0	1805ca9e0	3913	OK	10499096
2134	FUN_1805cb930	1805cb930	2171	OK	10508957
2135	FUN_1805cc1b0	1805cc1b0	3375	OK	10523736
2136	FUN_1805ccee0	1805ccee0	2311	OK	10534503
2137	FUN_1805cd7f0	1805cd7f0	14373	OK	10603620
2138	FUN_1805d1020	1805d1020	9508	OK	10649783
2139	FUN_1805d3550	1805d3550	2165	OK	10659644
2140	FUN_1805d3dd0	1805d3dd0	9508	OK	10705861
2141	FUN_1805d6300	1805d6300	3713	OK	10724054
2142	FUN_1805d7190	1805d7190	3146	OK	10739467
2143	FUN_1805d7de0	1805d7de0	15422	OK	10815300
2144	FUN_1805dba20	1805dba20	385	OK	10817262
2145	FUN_1805dbbb0	1805dbbb0	385	OK	10819224
2146	FUN_1805dbd40	1805dbd40	385	OK	10821186
2147	FUN_1805dbed0	1805dbed0	385	OK	10823148
2148	FUN_1805dc060	1805dc060	385	OK	10825110
2149	FUN_1805dc1f0	1805dc1f0	368	OK	10826980
2150	FUN_1805dc370	1805dc370	368	OK	10828850
2151	FUN_1805dc4f0	1805dc4f0	385	OK	10830813
2152	FUN_1805dc680	1805dc680	385	OK	10832775
2153	FUN_1805dc810	1805dc810	368	OK	10834645
2154	FUN_1805dc990	1805dc990	368	OK	10836515
2155	FUN_1805dcb10	1805dcb10	385	OK	10838478
2156	FUN_1805dcca0	1805dcca0	1923	OK	10849352
2157	FUN_1805dd430	1805dd430	385	OK	10851314
2158	FUN_1805dd5c0	1805dd5c0	385	OK	10853276
2159	FUN_1805dd750	1805dd750	385	OK	10855238
2160	FUN_1805dd8e0	1805dd8e0	385	OK	10857200
2161	FUN_1805dda70	1805dda70	368	OK	10859070
2162	FUN_1805ddbf0	1805ddbf0	368	OK	10860940
2163	FUN_1805ddd70	1805ddd70	385	OK	10862934
2164	FUN_1805ddf00	1805ddf00	385	OK	10864928
2165	FUN_1805de090	1805de090	385	OK	10866890
2166	FUN_1805de220	1805de220	385	OK	10868850
2167	FUN_1805de3b0	1805de3b0	652	OK	10872273
2168	FUN_1805de640	1805de640	1539	OK	10879266
2169	FUN_1805dec50	1805dec50	368	OK	10881136
2170	FUN_1805dedd0	1805dedd0	368	OK	10883006
2171	FUN_1805def50	1805def50	63956	FAILED	10883115
2172	FUN_1805ee930	1805ee930	3715	OK	10902710
2173	FUN_1805ef7c0	1805ef7c0	3715	OK	10922664
2174	FUN_1805f0650	1805f0650	2996	OK	10938286
2175	FUN_1805f1210	1805f1210	12855	OK	11000841
2176	FUN_1805f4450	1805f4450	7721	OK	11038143
2177	FUN_1805f6280	1805f6280	7721	OK	11075319
2178	FUN_1805f80b0	1805f80b0	3148	OK	11091759
2179	FUN_1805f8d00	1805f8d00	18984	OK	11187490
2180	FUN_1805fd730	1805fd730	10844	OK	11241207
2181	FUN_180600190	180600190	10844	OK	11294615
2182	FUN_180602bf0	180602bf0	12855	OK	11357170
2183	FUN_180605e30	180605e30	7721	OK	11394472
2184	FUN_180607c60	180607c60	7721	OK	11431648
2185	FUN_180609a90	180609a90	3148	OK	11448447
2186	FUN_18060a6e0	18060a6e0	18984	OK	11544238
2187	FUN_18060f110	18060f110	10844	OK	11597955
2188	FUN_180611b70	180611b70	10844	OK	11651613
2189	_Init_locks	1806145d0	67	OK	11652203
2190	_Lockit	180614614	59	OK	11652735
2191	FUN_180614650	180614650	59	OK	11653295
2192	~_Lockit	18061468c	50	OK	11653852
2193	__uncaught_exception	1806146c0	5	OK	11654145
2194	FUN_1806146c8	1806146c8	30	OK	11654389
2195	FUN_1806146e8	1806146e8	60	OK	11654718
2196	FUN_180614724	180614724	21	OK	11654955
2197	FUN_18061473c	18061473c	60	OK	11655283
2198	FUN_180614778	180614778	71	OK	11655698
2199	FUN_1806147c0	1806147c0	60	OK	11656022
2200	FUN_1806147fc	1806147fc	71	OK	11656433
2201	FUN_180614844	180614844	60	OK	11656757
2202	FUN_180614880	180614880	71	OK	11657168
2203	FUN_1806148c8	1806148c8	75	OK	11657557
2204	regex_error	180614914	100	OK	11658263
2205	FUN_180614978	180614978	71	OK	11658675
2206	_Stringify	1806149c0	204	OK	11661179
2207	FUN_180614a8c	180614a8c	31	OK	11661473
2208	FUN_180614aac	180614aac	31	OK	11661767
2209	FUN_180614acc	180614acc	34	OK	11662083
2210	FUN_180614af0	180614af0	34	OK	11662399
2211	FUN_180614b14	180614b14	34	OK	11662715
2212	FUN_180614b38	180614b38	33	OK	11663048
2213	FUN_180614b5c	180614b5c	34	OK	11663364
2214	FUN_180614b80	180614b80	8	OK	11663509
2215	FUN_180614b88	180614b88	40	OK	11663848
2216	FUN_180614bb0	180614bb0	34	OK	11664155
2217	_Locimp	180614bd4	134	OK	11665081
2218	operator=	180614c5c	118	OK	11666092
2219	`scalar_deleting_destructor'	180614cd4	92	OK	11666788
2220	_Facet_Register	180614d30	56	OK	11667349
2221	FUN_180614d68	180614d68	8	OK	11667492
2222	FUN_180614d70	180614d70	242	OK	11668825
2223	_Locimp_dtor	180614e64	123	OK	11669695
2224	_Locinfo_ctor	180614ee0	105	OK	11670553
2225	_Locinfo_dtor	180614f4c	25	OK	11671017
2226	_New_Locimp	180614f68	46	OK	11671567
2227	FUN_180614f98	180614f98	50	OK	11671829
2228	_Deletegloballocale	180614fcc	58	OK	11672315
2229	FUN_180615008	180615008	51	OK	11672606
2230	FUN_18061503c	18061503c	190	OK	11674575
2231	FUN_1806150fc	1806150fc	305	OK	11676421
2232	FUN_180615230	180615230	321	OK	11678265
2233	FUN_180615374	180615374	119	OK	11678906
2234	_Ios_base_dtor	1806153ec	117	OK	11679809
2235	_Tidy	180615464	127	OK	11680789
2236	FUN_1806154e4	1806154e4	179	OK	11681951
2237	FUN_180615598	180615598	132	OK	11682714
2238	_Getcvt	18061561c	152	OK	11685594
2239	FUN_1806156b4	1806156b4	138	OK	11686377
2240	FUN_180615740	180615740	197	OK	11691527
2241	FUN_180615810	180615810	238	OK	11693487
2242	FUN_180615900	180615900	207	OK	11695381
2243	FUN_1806159d0	1806159d0	146	OK	11696200
2244	LocalFree	180615a64	7	OK	11696557
2245	FUN_180615a6c	180615a6c	30	OK	11696902
2246	__std_fs_code_page	180615a8c	38	OK	11697380
2247	__std_fs_convert_narrow_to_wide	180615ab4	69	OK	11697984
2248	__std_fs_convert_wide_to_narrow	180615afc	289	OK	11699313
2249	FUN_180615c20	180615c20	203	OK	11700088
2250	__std_fs_get_current_path	180615cec	58	OK	11700640
2251	__std_fs_get_final_path_name_by_handle	180615d28	45	OK	11701254
2252	__std_fs_open_handle	180615d58	87	OK	11701834
2253	FUN_180615db0	180615db0	11	OK	11702176
2254	FUN_180615dbc	180615dbc	436	OK	11704522
2255	FUN_180615f70	180615f70	24	OK	11704755
2256	FUN_180615f88	180615f88	11	OK	11705097
2257	FUN_180615fa8	180615fa8	57	OK	11705466
2258	FUN_180615fe4	180615fe4	7	OK	11705631
2259	_Mtx_unlock	180615fec	38	OK	11706109
2260	FUN_180616014	180616014	293	OK	11707835
2261	FUN_18061613c	18061613c	56	OK	11708379
2262	FUN_180616178	180616178	70	OK	11708858
2263	FUN_1806161c0	1806161c0	8	OK	11709012
2264	_Stolx	1806161c8	221	OK	11710348
2265	_Stoulx	1806162a8	493	OK	11713066
2266	FUN_180616498	180616498	254	OK	11714324
2267	_Stoullx	180616598	504	OK	11717138
2268	_Getcoll	180616790	52	OK	11717841
2269	_Strcoll	1806167c4	205	OK	11719099
2270	_Strxfrm	180616894	253	OK	11720398
2271	DeleteCriticalSection	180616994	7	OK	11720791
2272	FUN_18061699c	18061699c	15	OK	11721142
2273	EnterCriticalSection	1806169ac	7	OK	11721532
2274	LeaveCriticalSection	1806169b4	7	OK	11721922
2275	FUN_1806169bc	1806169bc	58	OK	11722319
2276	FUN_1806169f8	1806169f8	758	OK	11729016
2277	FUN_180616cf0	180616cf0	204	OK	11729990
2278	_Xtime_get_ticks	180616dbc	47	OK	11730397
2279	xtime_get	180616dec	86	OK	11731002
2280	FUN_180616e44	180616e44	871	OK	11737957
2281	FUN_1806171ac	1806171ac	99	OK	11738446
2282	__crtGetSystemTimePreciseAsFileTime	180617210	26	OK	11739050
2283	FUN_18061722c	18061722c	43	OK	11739327
2284	FUN_180617258	180617258	80	OK	11739922
2285	FUN_1806172a8	1806172a8	276	OK	11741152
2286	FUN_1806173c0	1806173c0	129	OK	11741975
2287	dllmain_dispatch	180617444	299	OK	11743419
2288	entry	180617578	61	OK	11743672
2289	`eh_vector_destructor_iterator'	1806175b8	107	OK	11744438
2290	__ArrayUnwind	180617624	97	OK	11745036
2291	FUN_180617688	180617688	58	OK	11745541
2292	thunk_FUN_180620040	1806176c4	5	OK	11745692
2293	__scrt_acquire_startup_lock	1806176cc	57	OK	11746588
2294	__scrt_dllmain_after_initialize_c	180617708	52	OK	11747179
2295	FUN_18061773c	18061773c	21	OK	11747362
2296	__scrt_dllmain_crt_thread_attach	180617754	40	OK	11747898
2297	__scrt_dllmain_crt_thread_detach	18061777c	21	OK	11748273
2298	__scrt_dllmain_exception_filter	180617794	96	OK	11748921
2299	__scrt_dllmain_uninitialize_c	1806177f4	48	OK	11749450
2300	FUN_180617824	180617824	20	OK	11749613
2301	__scrt_initialize_crt	180617838	73	OK	11750123
2302	FUN_180617884	180617884	138	OK	11751077
2303	FUN_180617910	180617910	150	OK	11752447
2304	__scrt_release_startup_lock	1806179a8	36	OK	11752930
2305	__scrt_uninitialize_crt	1806179cc	41	OK	11753338
2306	_onexit	1806179f8	58	OK	11753812
2307	atexit	180617a34	23	OK	11754131
2308	__GSHandlerCheck	180617a4c	29	OK	11754546
2309	__GSHandlerCheckCommon	180617a6c	91	OK	11755235
2310	__GSHandlerCheck_EH4	180617ac8	127	OK	11755796
2311	__security_check_cookie	180617b60	30	OK	11756138
2312	tls_callback_0	180617b80	102	OK	11756764
2313	__dyn_tls_on_demand_init	180617be8	14	OK	11757044
2314	tls_callback_1	180617bf8	165	OK	11758124
2315	__tlregdtor	180617ca0	152	OK	11759036
2316	__chkstk	180617d50	78	OK	11759748
2317	__raise_securityfailure	180617da0	52	OK	11760450
2318	FUN_180617dd4	180617dd4	210	OK	11761489
2319	FUN_180617ea8	180617ea8	19	OK	11761633
2320	FUN_180617ebc	180617ebc	156	OK	11762574
2321	capture_current_context	180617f58	109	OK	11763374
2322	capture_previous_context	180617fc8	113	OK	11764279
2323	thunk_FUN_180620040	18061803c	5	OK	11764430
2324	FUN_180618044	180618044	16	OK	11764573
2325	thunk_FUN_180617688	180618058	5	OK	11765089
2326	FUN_180618060	180618060	207	OK	11766153
2327	FUN_180618130	180618130	40	OK	11766412
2328	_Init_thread_abort	180618158	48	OK	11766827
2329	_Init_thread_footer	180618188	96	OK	11767442
2330	_Init_thread_header	1806181e8	103	OK	11768312
2331	_Init_thread_notify	180618250	65	OK	11768888
2332	_Init_thread_wait	180618294	99	OK	11769604
2333	FUN_1806182f8	1806182f8	428	OK	11771436
2334	__security_init_cookie	1806184a4	172	OK	11772603
2335	FUN_180618550	180618550	14	OK	11772932
2336	FUN_180618560	180618560	12	OK	11773089
2337	FUN_18061856c	18061856c	27	OK	11773372
2338	FUN_180618588	180618588	8	OK	11773533
2339	FUN_180618590	180618590	8	OK	11773764
2340	FUN_180618598	180618598	331	OK	11776100
2341	FUN_1806186e4	1806186e4	60	OK	11776417
2342	FUN_180618720	180618720	60	OK	11776734
2343	__scrt_is_ucrt_dll_in_use	18061875c	12	OK	11777043
2344	_CallSETranslator<>	180618770	81	OK	11778620
2345	_CallSETranslator<__FrameHandler4>	1806187c4	81	OK	11779531
2346	FUN_180618818	180618818	98	OK	11780060
2347	FUN_18061887c	18061887c	306	OK	11782224
2348	FUN_1806189b0	1806189b0	42	OK	11782515
2349	FUN_1806189dc	1806189dc	5	OK	11782679
2350	FrameUnwindToEmptyState	1806189e4	100	OK	11783517
2351	FrameUnwindToEmptyState	180618a48	50	OK	11784246
2352	FUN_180618a7c	180618a7c	204	OK	11785611
2353	GetEstablisherFrame	180618b48	33	OK	11786322
2354	FUN_180618b6c	180618b6c	317	OK	11788158
2355	FUN_180618cac	180618cac	361	OK	11790445
2356	FUN_180618e18	180618e18	259	OK	11792493
2357	FUN_180618f1c	180618f1c	287	OK	11794535
2358	FUN_18061903c	18061903c	450	OK	11797742
2359	_CreateFrameInfo	180619200	58	OK	11798362
2360	FUN_18061923c	18061923c	82	OK	11799008
2361	_GetImageBase	180619290	18	OK	11799316
2362	_GetThrowImageBase	1806192a4	18	OK	11799639
2363	_SetImageBase	1806192b8	24	OK	11799968
2364	FUN_1806192d0	1806192d0	24	OK	11800197
2365	FUN_1806192e8	1806192e8	134	OK	11800883
2366	__CxxFrameHandler4	180619370	191	OK	11802115
2367	FUN_180619430	180619430	9	OK	11802258
2368	FUN_18061943c	18061943c	25	OK	11802571
2369	__DestructExceptionObject	180619458	107	OK	11803398
2370	FUN_1806194c8	1806194c8	3	OK	11803759
2371	_IsExceptionObjectToBeDestroyed	1806194cc	47	OK	11804318
2372	__AdjustPointer	1806194fc	35	OK	11804806
2373	FUN_180619520	180619520	101	OK	11805551
2374	FUN_180619588	180619588	18	OK	11805740
2375	FUN_18061959c	18061959c	18	OK	11805929
2376	FUN_1806195b0	1806195b0	9	OK	11806119
2377	__std_exception_copy	1806195bc	141	OK	11806993
2378	__std_exception_destroy	18061964c	37	OK	11807417
2379	_CxxThrowException	180619674	160	OK	11808426
2380	FUN_180619714	180619714	60	OK	11808755
2381	FUN_180619750	180619750	60	OK	11809077
2382	FUN_18061978c	18061978c	386	OK	11812194
2383	FUN_180619910	180619910	312	OK	11814755
2384	FUN_180619a48	180619a48	530	OK	11818893
2385	FUN_180619c74	180619c74	23	OK	11819146
2386	FUN_180619c8c	180619c8c	321	OK	11821046
2387	FUN_180619e10	180619e10	144	OK	11826271
2388	memcmp	180619eb0	198	OK	11829463
2389	FUN_180619f90	180619f90	16	OK	11829771
2390	FUN_180619fb0	180619fb0	1363	OK	11851058
2391	FUN_18061a640	18061a640	16	OK	11851370
2392	FUN_18061a660	18061a660	725	OK	11862246
2393	__std_type_info_compare	18061a9e8	39	OK	11862876
2394	FUN_18061aa10	18061aa10	42	OK	11863246
2395	FUN_18061aa3c	18061aa3c	125	OK	11869063
2396	__uncaught_exception	18061aabc	30	OK	11869494
2397	FUN_18061aadc	18061aadc	503	OK	11872520
2398	__vcrt_initialize	18061acd4	40	OK	11872962
2399	__vcrt_thread_attach	18061acfc	20	OK	11873273
2400	__vcrt_thread_detach	18061ad10	18	OK	11873605
2401	__vcrt_uninitialize	18061ad24	25	OK	11873956
2402	FUN_18061ad40	18061ad40	16	OK	11874117
2403	FUN_18061ad50	18061ad50	31	OK	11874350
2404	__vcrt_freeptd	18061ad70	77	OK	11874899
2405	FUN_18061adc0	18061adc0	24	OK	11875177
2406	__vcrt_getptd_noexit	18061addc	191	OK	11876236
2407	__vcrt_getptd_noinit	18061ae9c	77	OK	11876776
2408	__vcrt_initialize_ptd	18061aeec	71	OK	11877388
2409	__vcrt_uninitialize_ptd	18061af34	34	OK	11877729
2410	GetCurrentState	18061af58	39	OK	11878386
2411	GetUnwindTryBlock	18061af80	41	OK	11879020
2412	SetState	18061afac	12	OK	11879483
2413	SetUnwindTryBlock	18061afb8	59	OK	11880231
2414	FUN_18061aff4	18061aff4	8	OK	11880431
2415	FUN_18061affc	18061affc	8	OK	11880631
2416	FUN_18061b004	18061b004	101	OK	11881541
2417	FUN_18061b06c	18061b06c	237	OK	11882844
2418	BuildCatchObjectHelperInternal<__FrameHandler3>	18061b15c	503	OK	11886471
2419	BuildCatchObjectHelperInternal<__FrameHandler4>	18061b35c	506	OK	11890106
2420	BuildCatchObjectInternal<__FrameHandler3>	18061b560	186	OK	11891620
2421	BuildCatchObjectInternal<__FrameHandler4>	18061b620	187	OK	11893128
2422	CatchIt<__FrameHandler3>	18061b6e4	209	OK	11894663
2423	CatchIt<__FrameHandler4>	18061b7b8	209	OK	11896195
2424	FUN_18061b88c	18061b88c	1233	OK	11903323
2425	FUN_18061bd64	18061bd64	1271	OK	11912223
2426	FUN_18061c260	18061c260	536	OK	11915863
2427	FindHandlerForForeignException<__FrameHandler4>	18061c47c	750	OK	11920594
2428	TypeMatchHelper<__FrameHandler3>	18061c76c	317	OK	11922910
2429	TypeMatchHelper<__FrameHandler4>	18061c8ac	322	OK	11925231
2430	FUN_18061c9f0	18061c9f0	566	OK	11928306
2431	FUN_18061cc28	18061cc28	659	OK	11932073
2432	thunk_FUN_18061c9f0	18061cebc	5	OK	11935164
2433	FUN_18061cec4	18061cec4	91	OK	11935827
2434	FUN_18061cf20	18061cf20	122	OK	11936753
2435	TryBlockMap4	18061cf9c	213	OK	11938520
2436	FUN_18061d074	18061d074	60	OK	11938845
2437	FUN_18061d0b0	18061d0b0	30	OK	11939092
2438	CxxCallCatchBlock	18061d0d0	370	OK	11941014
2439	CxxCallCatchBlock	18061d2bc	466	OK	11943347
2440	FUN_18061d50c	18061d50c	404	OK	11946409
2441	ExFilterRethrow	18061d6a0	134	OK	11947565
2442	ExFilterRethrowFH4	18061d728	48	OK	11948176
2443	FrameUnwindToState	18061d758	362	OK	11950398
2444	FUN_18061d8e4	18061d8e4	733	OK	11953992
2445	GetHandlerSearchState	18061dbe0	150	OK	11954912
2446	FUN_18061dc78	18061dc78	236	OK	11956390
2447	Is_bad_exception_allowed	18061dd68	136	OK	11957419
2448	FUN_18061ddf0	18061ddf0	156	OK	11958537
2449	FUN_18061de8c	18061de8c	9	OK	11958932
2450	_CallMemberFunction2	18061de98	15	OK	11959523
2451	FUN_18061dea8	18061dea8	206	OK	11960904
2452	FUN_18061df78	18061df78	176	OK	11962124
2453	_NLG_Notify	18061e040	24	OK	11962389
2454	FUN_18061e060	18061e060	1	OK	11962512
2455	FUN_18061e070	18061e070	1	OK	11962635
2456	__except_validate_context_record	18061e074	55	OK	11963249
2457	__vcrt_initialize_locks	18061e0ac	70	OK	11963866
2458	__vcrt_uninitialize_locks	18061e0f4	55	OK	11964414
2459	FUN_18061e12c	18061e12c	334	OK	11966420
2460	__vcrt_FlsAlloc	18061e27c	69	OK	11967027
2461	__vcrt_FlsFree	18061e2c4	70	OK	11967658
2462	__vcrt_FlsGetValue	18061e30c	70	OK	11968283
2463	__vcrt_FlsSetValue	18061e354	81	OK	11968763
2464	__vcrt_InitializeCriticalSectionEx	18061e3a8	97	OK	11969427
2465	_CallSettingFrame	18061e420	64	OK	11969861
2466	_CallSettingFrame_LookupContinuationIndex	18061e470	42	OK	11970306
2467	_CallSettingFrame_NotifyContinuationAddr	18061e4a0	38	OK	11970680
2468	_CallSettingFrameEncoded	18061e4d0	71	OK	11971286
2469	_local_unwind	18061e518	41	OK	11971627
2470	__acrt_call_reportfault	18061e544	347	OK	11973285
2471	FUN_18061e6a0	18061e6a0	8	OK	11973536
2472	FUN_18061e6a8	18061e6a8	173	OK	11974353
2473	FUN_18061e758	18061e758	30	OK	11974505
2474	FUN_18061e778	18061e778	46	OK	11974768
2475	_invoke_watson	18061e7a8	71	OK	11975782
2476	__acrt_initialize_stdio	18061e7f0	287	OK	11977066
2477	__acrt_iob_func	18061e910	17	OK	11977393
2478	__acrt_uninitialize_stdio	18061e924	91	OK	11978018
2479	_get_stream_buffer_pointers	18061e980	71	OK	11978821
2480	FUN_18061e9c8	18061e9c8	11	OK	11979185
2481	FUN_18061e9d4	18061e9d4	11	OK	11979549
2482	_fclose_nolock	18061e9e0	131	OK	11980420
2483	fclose	18061ea64	98	OK	11981002
2484	operator()<<lambda_842d9ff0dc9ef11c61343bbaebe7f885>,<lambda_c5860995281e5c4ce005b3de8f5874ee>&___ptr64,<lambda_d90129c13df834fdcbf8d2b88dafcf2d>_>	18061eac8	154	OK	11982986
2485	operator()<<lambda_886d6c58226a84441f68b9f2b8217b83>,<lambda_ab61a845afdef5b7c387490eaf3616ee>&___ptr64,<lambda_f7f22ab5edc0698d5f6905b0d3f44752>_>	18061eb64	224	OK	11985678
2486	operator()<<lambda_c376a267cfb53b6959b3b692ec76b120>,<lambda_9a32fed5bf61b6b509b2d3f6003082a1>&___ptr64,<lambda_572fbb9fa0ab338edf41edfd4b5fcc8d>_>	18061ec44	64	OK	11987024
2487	common_flush_all	18061ec84	93	OK	11988208
2488	__acrt_stdio_flush_nolock	18061ece4	122	OK	11989351
2489	_fflush_nolock	18061ed60	75	OK	11990031
2490	common_flush_all	18061edac	7	OK	11990231
2491	fflush	18061edb4	102	OK	11991492
2492	_fgetc_nolock	18061ee1c	67	OK	11992224
2493	fgetc	18061ee60	264	OK	11993609
2494	fgetpos	18061ef68	75	OK	11994175
2495	_fputc_nolock	18061efb4	22	OK	11996210
2496	fputc	18061efcc	292	OK	11997878
2497	_fread_nolock_s	18061f0f0	656	OK	12002873
2498	fread	18061f380	29	OK	12003266
2499	fread_s	18061f3a0	165	OK	12003988
2500	fsetpos	18061f448	53	OK	12004428
2501	common_fseek	18061f480	108	OK	12005069
2502	common_fseek_binary_mode_read_only_fast_track_nolock	18061f4ec	226	OK	12006729
2503	common_fseek_nolock	18061f5d0	183	OK	12008370
2504	common_fseek	18061f688	5	OK	12008830
2505	FUN_18061f690	18061f690	8	OK	12009022
2506	operator()<>	18061f698	63	OK	12010932
2507	operator()	18061f6d8	100	OK	12011756
2508	_fwrite_nolock	18061f73c	426	OK	12014904
2509	fwrite	18061f8e8	129	OK	12015992
2510	__acrt_mbs_to_wcs_cp<__crt_win32_buffer_internal_dynamic_resizing>	18061f96c	374	OK	12019625
2511	_LocaleUpdate	18061fae4	155	OK	12021410
2512	FUN_18061fb80	18061fb80	17	OK	12021661
2513	FID_conflict:_rmdir	18061fb94	222	OK	12023502
2514	operator()<<lambda_84ec643ea9557e2f7dc01bb0e9624395>,<lambda_ca71763b3c0644891230e4f79ea54fa6>&___ptr64,<lambda_439a761618c59b0600e24586724d733b>_>	18061fc74	61	OK	12024862
2515	operator()	18061fcb4	224	OK	12026910
2516	setvbuf	18061fd94	156	OK	12028428
2517	_ungetc_nolock	18061fe30	294	OK	12030639
2518	ungetc	18061ff58	88	OK	12031155
2519	strncmp	18061ffc0	125	OK	12032390
2520	FUN_180620040	180620040	17	OK	12032530
2521	strcmp	180620070	103	OK	12033543
2522	operator()<>	1806200d8	61	OK	12035752
2523	common_vsprintf<__crt_stdio_output::format_validation_base,char>	180620118	459	OK	12039254
2524	ensure_buffer_is_big_enough<char>	1806202e4	166	OK	12040364
2525	type_case_integer_parse_into_buffer<>	18062038c	142	OK	12043048
2526	type_case_integer_parse_into_buffer<>	18062041c	148	OK	12045750
2527	write_multiple_characters<__crt_stdio_output::stream_output_adapter<char>,char>	1806204b0	139	OK	12046925
2528	write_multiple_characters<__crt_stdio_output::string_output_adapter<char>,char>	18062053c	117	OK	12048353
2529	operator()	1806205b4	301	OK	12050670
2530	crop_zeroes	1806206e4	105	OK	12051836
2531	force_decimal_point	180620750	109	OK	12052790
2532	parse_int_from_format_string	1806207c0	161	OK	12054545
2533	process	180620864	534	OK	12062853
2534	process	180620a7c	536	OK	12070674
2535	state_case_normal	180620c94	112	OK	12072141
2536	state_case_normal	180620d04	116	OK	12074268
2537	state_case_normal_tchar	180620d78	162	OK	12076086
2538	state_case_normal_tchar	180620e1c	168	OK	12078126
2539	state_case_size	180620ec4	369	OK	12083495
2540	state_case_size	180621038	369	OK	12088999
2541	state_case_type	1806211ac	644	OK	12097804
2542	state_case_type	180621430	614	OK	12106335
2543	type_case_Z	180621698	118	OK	12108159
2544	type_case_a	180621710	442	OK	12111745
2545	type_case_c_tchar	1806218cc	188	OK	12114220
2546	type_case_integer	180621988	453	OK	12118222
2547	type_case_n	180621b50	219	OK	12120646
2548	type_case_s	180621c2c	150	OK	12122602
2549	validate_stream_is_ansi_if_required	180621cc4	154	OK	12123894
2550	write_stored_string_tchar	180621d60	289	OK	12126973
2551	write_stored_string_tchar	180621e84	213	OK	12129203
2552	write_string	180621f5c	163	OK	12130734
2553	write_string_impl	180622000	245	OK	12132705
2554	FID_conflict:__stdio_common_vfwprintf	1806220f8	139	OK	12134164
2555	__stdio_common_vsprintf_s	180622184	99	OK	12135052
2556	FUN_1806221e8	1806221e8	159	OK	12136089
2557	FUN_180622290	180622290	775	OK	12149992
2558	FUN_180622654	180622654	248	OK	12151206
2559	_calloc_base	18062274c	5	OK	12151866
2560	FUN_180622754	180622754	51	OK	12152203
2561	__acrt_errno_from_os_error	180622788	69	OK	12152982
2562	__acrt_errno_map_os_error	1806227d0	78	OK	12153721
2563	__doserrno	180622820	32	OK	12154160
2564	__doserrno	180622840	32	OK	12154608
2565	is_overflow_condition<unsigned___int64>	180622860	48	OK	12155300
2566	parse_integer<unsigned_long,__crt_strtox::c_string_character_source<char>_>	180622890	826	OK	12160788
2567	parse_integer<unsigned_long,__crt_strtox::c_string_character_source<wchar_t>_>	180622bcc	1716	OK	12170942
2568	parse_integer<unsigned___int64,__crt_strtox::c_string_character_source<char>_>	180623280	814	OK	12176855
2569	strtol	1806235b0	42	OK	12177402
2570	strtoull	1806235dc	42	OK	12177956
2571	_isprint_l	180623608	105	OK	12178754
2572	_isxdigit_l	180623674	105	OK	12179553
2573	isdigit	1806236e0	148	OK	12180502
2574	islower	180623774	148	OK	12181451
2575	isprint	180623808	60	OK	12181896
2576	isspace	180623844	148	OK	12182845
2577	isupper	1806238d8	148	OK	12183794
2578	isxdigit	18062396c	60	OK	12184242
2579	FUN_1806239a8	1806239a8	758	OK	12187944
2580	thunk_FUN_1806239a8	180623ca0	5	OK	12191664
2581	__acrt_wcs_to_mbs_cp<__crt_win32_buffer_no_resizing>	180623ca8	273	OK	12194098
2582	_Strftime_l	180623dbc	353	OK	12196531
2583	strftime	180623f20	26	OK	12196878
2584	common_timespec_get<_timespec64>	180623f3c	149	OK	12197909
2585	_time64	180623fd4	62	OK	12198399
2586	internal_islower_l	180624014	94	OK	12199271
2587	internal_isupper_l	180624074	94	OK	12200143
2588	_tolower_l	1806240d4	318	OK	12201987
2589	_toupper_l	180624214	318	OK	12203831
2590	tolower	180624354	42	OK	12204191
2591	toupper	180624380	42	OK	12204552
2592	FUN_1806243ac	1806243ac	366	OK	12206578
2593	common_strtod_l<>	18062451c	165	OK	12208175
2594	common_strtod_l<>	1806245c4	165	OK	12209765
2595	parse_floating_point<__crt_strtox::c_string_character_source<char>,float>	18062466c	158	OK	12211452
2596	parse_floating_point<__crt_strtox::c_string_character_source<char>,double>	18062470c	158	OK	12213146
2597	parse_floating_point_from_source<__crt_strtox::c_string_character_source<char>_>	1806247ac	1254	OK	12222278
2598	parse_floating_point_possible_infinity<char,__crt_strtox::c_string_character_source<char>,char_const*___ptr64>	180624c94	345	OK	12224915
2599	parse_floating_point_possible_nan<char,__crt_strtox::c_string_character_source<char>,char_const*___ptr64>	180624df0	489	OK	12228724
2600	FID_conflict:parse_floating_point_possible_nan_is_snan<char,__crt_strtox::c_string_character_source<char>_>	180624fdc	67	OK	12229971
2601	FID_conflict:parse_floating_point_possible_nan_is_snan<char,__crt_strtox::c_string_character_source<char>_>	180625020	67	OK	12231218
2602	parse_floating_point_write_result<float>	180625064	367	OK	12233693
2603	parse_floating_point_write_result<double>	1806251d4	478	OK	12236464
2604	FUN_1806253b4	1806253b4	56	OK	12236891
2605	FUN_1806253f0	1806253f0	56	OK	12237318
2606	assemble_floating_point_value	18062542c	935	OK	12242406
2607	assemble_floating_point_value_from_big_integer	1806257d4	354	OK	12245111
2608	convert_decimal_string_to_floating_type_common	180625938	7552	OK	12289499
2609	convert_hexadecimal_string_to_floating_type_common	1806276b8	172	OK	12291030
2610	divide	180627770	1065	OK	12299002
2611	memcpy_s	180627b9c	135	OK	12299925
2612	FUN_180627c24	180627c24	8	OK	12300121
2613	FUN_180627c2c	180627c2c	8	OK	12300317
2614	FUN_180627c40	180627c40	5351	OK	12321518
2615	FUN_1806292e0	1806292e0	3476	OK	12337578
2616	parse_floating_point<__crt_strtox::input_adapter_character_source<__crt_stdio_input::string_input_adapter<char>_>,float>	18062a1a8	166	OK	12339656
2617	parse_floating_point<__crt_strtox::input_adapter_character_source<__crt_stdio_input::string_input_adapter<char>_>,double>	18062a250	166	OK	12341741
2618	parse_floating_point_from_source<__crt_strtox::input_adapter_character_source<__crt_stdio_input::string_input_adapter<char>_>_>	18062a2f8	2155	OK	12359940
2619	parse_floating_point_possible_infinity<char,__crt_strtox::input_adapter_character_source<__crt_stdio_input::string_input_adapter<char>_>,unsigned___int64>	18062ab64	566	OK	12364604
2620	parse_floating_point_possible_nan<char,__crt_strtox::input_adapter_character_source<__crt_stdio_input::string_input_adapter<char>_>,unsigned___int64>	18062ad9c	799	OK	12371102
2621	FID_conflict:parse_floating_point_possible_nan_is_snan<char,__crt_strtox::input_adapter_character_source<__crt_stdio_input::string_input_adapter<char>_>_>	18062b0bc	119	OK	12373034
2622	FID_conflict:parse_floating_point_possible_nan_is_snan<char,__crt_strtox::input_adapter_character_source<__crt_stdio_input::string_input_adapter<char>_>_>	18062b134	119	OK	12374966
2623	parse_integer<unsigned___int64,__crt_strtox::input_adapter_character_source<__crt_stdio_input::string_input_adapter<char>_>_>	18062b1ac	1059	OK	12382511
2624	process_floating_point_specifier_t<float>	18062b5d0	163	OK	12384365
2625	process_floating_point_specifier_t<double>	18062b674	165	OK	12386214
2626	process_string_specifier_tchar<char>	18062b71c	443	OK	12389866
2627	process_string_specifier_tchar<wchar_t>	18062b8d8	490	OK	12393772
2628	skip_whitespace<__crt_stdio_input::string_input_adapter,char>	18062bac4	116	OK	12395059
2629	advance	18062bb38	456	OK	12398526
2630	length	18062bd00	153	OK	12400057
2631	process	18062bd9c	233	OK	12402077
2632	process_conversion_specifier	18062be88	286	OK	12404661
2633	process_floating_point_specifier	18062bfa8	110	OK	12406029
2634	process_integer_specifier	18062c018	182	OK	12407884
2635	process_literal_character_tchar	18062c0d0	129	OK	12409338
2636	process_state	18062c154	182	OK	12411854
2637	process_string_specifier	18062c20c	137	OK	12413331
2638	scan_conversion_specifier	18062c298	420	OK	12417016
2639	scan_optional_field_width	18062c43c	166	OK	12418504
2640	scan_optional_length_modifier	18062c4e4	315	OK	12420686
2641	scan_scanset_range	18062c620	433	OK	12423973
2642	write_character	18062c7d4	150	OK	12425527
2643	write_integer	18062c86c	120	OK	12426894
2644	FUN_18062c8e4	18062c8e4	296	OK	12429207
2645	FUN_18062ca0c	18062ca0c	807	OK	12430039
2646	_realloc_base	18062cd34	5	OK	12430802
2647	__acrt_initialize_locks	18062cd3c	72	OK	12431451
2648	__acrt_lock	18062cd84	25	OK	12431979
2649	__acrt_uninitialize_locks	18062cda0	55	OK	12432555
2650	__acrt_unlock	18062cdd8	25	OK	12433041
2651	_lock_locales	18062cdf4	27	OK	12433558
2652	FUN_18062ce10	18062ce10	14	OK	12433908
2653	_malloc_base	18062ce20	5	OK	12434468
2654	operator()<>	18062ce28	61	OK	12435804
2655	FUN_18062ce68	18062ce68	668	OK	12439176
2656	setlocale	18062d108	76	OK	12439904
2657	__pctype_func	18062d154	47	OK	12440340
2658	___lc_codepage_func	18062d184	47	OK	12440790
2659	___lc_collate_cp_func	18062d1b4	47	OK	12441305
2660	___lc_locale_name_func	18062d1e4	50	OK	12441775
2661	___mb_cur_max_func	18062d218	47	OK	12442218
2662	FUN_18062d248	18062d248	1613	OK	12452897
2663	FUN_18062d898	18062d898	129	OK	12453662
2664	common_fsopen<char>	18062d91c	185	OK	12454730
2665	common_fsopen<char>	18062d9d8	5	OK	12455566
2666	terminate	18062d9e0	31	OK	12456019
2667	abort	18062da00	86	OK	12456879
2668	__strncnt	18062da58	21	OK	12457326
2669	__crt_time_is_leap_year<int>	18062da70	95	OK	12457927
2670	compute_iso_week_internal	18062dad0	242	OK	12458792
2671	FUN_18062dbc4	18062dbc4	3887	OK	12478454
2672	store_number	18062eaf4	318	OK	12480339
2673	store_winword	18062ec34	1312	OK	12490214
2674	_Wcsftime_l	18062f154	427	OK	12492583
2675	FUN_18062f300	18062f300	336	OK	12498291
2676	FUN_18062f450	18062f450	470	OK	12504505
2677	_initterm	18062f628	100	OK	12505166
2678	_initterm_e	18062f68c	61	OK	12505699
2679	FUN_18062f6cc	18062f6cc	8	OK	12505950
2680	_callnewh	18062f6d4	47	OK	12506394
2681	_query_new_handler	18062f704	52	OK	12506946
2682	_seh_filter_dll	18062f738	19	OK	12507337
2683	_seh_filter_exe	18062f74c	386	OK	12509638
2684	operator()<<lambda_d80eeec6fff315bfe5c115232f3240e3>,<lambda_6e4b09c48022b2350581041d5f6b0c4c>&___ptr64,<lambda_2358e3775559c9db80273638284d5e45>_>	18062f8d0	56	OK	12510971
2685	operator()	18062f908	187	OK	12512060
2686	FUN_18062f9cc	18062f9cc	12	OK	12512214
2687	common_exit	18062f9d8	188	OK	12514083
2688	exit_or_terminate_process	18062fa94	73	OK	12514778
2689	try_cor_exit_process	18062fae0	91	OK	12515517
2690	FUN_18062fb3c	18062fb3c	8	OK	12515681
2691	_cexit	18062fb44	13	OK	12515944
2692	FUN_18062fb54	18062fb54	12	OK	12516103
2693	FUN_18062fb60	18062fb60	7	OK	12516246
2694	parse_command_line<char>	18062fb68	451	OK	12519540
2695	__acrt_allocate_buffer_for_argv	18062fd2c	93	OK	12520261
2696	_configure_narrow_argv	18062fd8c	390	OK	12522681
2697	common_initialize_environment_nolock<char>	18062ff14	108	OK	12523621
2698	FUN_18062ff80	18062ff80	261	OK	12525324
2699	free_environment<>	180630088	65	OK	12526041
2700	initialize_environment_by_cloning_nolock<char>	1806300cc	209	OK	12527101
2701	uninitialize_environment_internal<>	1806301a0	26	OK	12527703
2702	uninitialize_environment_internal<>	1806301bc	26	OK	12528305
2703	__dcrt_get_or_create_narrow_environment_nolock	1806301d8	59	OK	12529020
2704	__dcrt_uninitialize_environments_nolock	180630214	56	OK	12529564
2705	common_initialize_environment_nolock<char>	18063024c	5	OK	12530325
2706	operator()<<lambda_638799b9deba96c50f710eeac98168cd>,<lambda_22ebabd17bc4fa466a2aca6d8deb888d>&___ptr64,<lambda_a6f7d7db0129f75315ebf26d50c089f1>_>	180630254	59	OK	12531683
2707	operator()<<lambda_7777bce6b2f8c936911f934f8298dc43>,<lambda_f03950bc5685219e0bcd2087efbe011e>&___ptr64,<lambda_3883c3dff614d5e0c5f61bb1ac94921c>_>	180630290	59	OK	12533041
2708	operator()	1806302cc	432	OK	12535945
2709	operator()	18063047c	278	OK	12538342
2710	FUN_180630594	180630594	15	OK	12538533
2711	_execute_onexit_table	1806305a4	58	OK	12539490
2712	_initialize_onexit_table	1806305e0	39	OK	12540021
2713	_register_onexit_function	180630608	72	OK	12541066
2714	FUN_180630664	180630664	35	OK	12541286
2715	FUN_180630688	180630688	16	OK	12541463
2716	FUN_180630698	180630698	61	OK	12541771
2717	FUN_1806306e0	1806306e0	64	OK	12542138
2718	FUN_180630720	180630720	91	OK	12542470
2719	FUN_18063077c	18063077c	19	OK	12542694
2720	__acrt_thread_attach	180630790	20	OK	12543035
2721	__acrt_thread_detach	1806307a4	16	OK	12543366
2722	__acrt_uninitialize	1806307b4	53	OK	12543895
2723	FUN_1806307ec	1806307ec	16	OK	12544056
2724	strcpy_s	1806307fc	95	OK	12545055
2725	_wtol	18063085c	41	OK	12545529
2726	FID_conflict:atoi	180630888	41	OK	12546044
2727	wcsncmp	1806308b4	44	OK	12546568
2728	operator()<>	1806308e0	63	OK	12547937
2729	operator()<>	180630920	61	OK	12549284
2730	operator()<>	180630960	69	OK	12550668
2731	operator()<>	1806309a8	95	OK	12552203
2732	construct_ptd_array	180630a08	205	OK	12553429
2733	FUN_180630ad8	180630ad8	32	OK	12553667
2734	destroy_ptd_array	180630af8	245	OK	12555041
2735	replace_current_thread_locale_nolock	180630bf0	103	OK	12555976
2736	__acrt_freeptd	180630c58	65	OK	12556487
2737	FUN_180630c9c	180630c9c	211	OK	12557677
2738	FUN_180630d70	180630d70	166	OK	12558748
2739	__acrt_getptd_noexit	180630e18	204	OK	12559969
2740	__acrt_initialize_ptd	180630ee4	57	OK	12560471
2741	__acrt_uninitialize_ptd	180630f20	34	OK	12560842
2742	_calloc_base	180630f44	117	OK	12561633
2743	_free_base	180630fbc	61	OK	12562200
2744	operator()<>	180631024	121	OK	12563819
2745	try_get_function	1806310a0	470	OK	12566709
2746	__acrt_AppPolicyGetProcessTerminationMethodInternal	180631278	78	OK	12567471
2747	__acrt_AreFileApisANSI	1806312c8	58	OK	12568049
2748	__acrt_CompareStringEx	180631304	220	OK	12568981
2749	__acrt_EnumSystemLocalesEx	1806313e0	149	OK	12569943
2750	__acrt_FlsAlloc	180631478	72	OK	12570619
2751	__acrt_FlsFree	1806314c0	70	OK	12571289
2752	__acrt_FlsGetValue	180631508	70	OK	12571983
2753	__acrt_FlsSetValue	180631550	81	OK	12572532
2754	__acrt_GetDateFormatEx	1806315a4	182	OK	12573417
2755	__acrt_GetLocaleInfoEx	18063165c	130	OK	12574163
2756	__acrt_GetSystemTimePreciseAsFileTime	1806316e0	72	OK	12574947
2757	__acrt_GetTimeFormatEx	180631728	171	OK	12575792
2758	__acrt_GetUserDefaultLocaleName	1806317d4	97	OK	12576529
2759	__acrt_InitializeCriticalSectionEx	180631838	97	OK	12577270
2760	__acrt_IsValidLocaleName	18063189c	86	OK	12578091
2761	__acrt_LCIDToLocaleName	1806318f4	112	OK	12578736
2762	__acrt_LCMapStringEx	180631964	220	OK	12579658
2763	__acrt_LocaleNameToLCID	180631a40	80	OK	12580271
2764	__acrt_can_use_vista_locale_apis	180631a90	46	OK	12580761
2765	__acrt_eagerly_load_locale_apis	180631ac0	346	OK	12582321
2766	__acrt_initialize_winapi_thunks	180631c1c	49	OK	12582897
2767	__acrt_uninitialize_winapi_thunks	180631c50	65	OK	12583644
2768	_fcloseall	180631c94	177	OK	12584614
2769	__acrt_stdio_free_buffer_nolock	180631d48	64	OK	12585260
2770	initialize_inherited_file_handles_nolock	180631d88	237	OK	12586992
2771	initialize_stdio_handles_nolock	180631e78	268	OK	12588932
2772	__acrt_initialize_lowio	180631f84	59	OK	12589436
2773	__acrt_uninitialize_lowio	180631fc0	64	OK	12590000
2774	operator()<<lambda_751a882b2c74d4b022dec766aa51a29a>,<lambda_628dfdc04ba53c8bfc02c9951375f3f5>&___ptr64,<lambda_f6c7be5f7998530c34de24c7437d6b54>_>	180632000	113	OK	12591638
2775	_close	180632074	161	OK	12593115
2776	_close_nolock	180632118	189	OK	12594308
2777	_fileno	1806321d8	38	OK	12594724
2778	__acrt_stdio_allocate_stream	180632200	86	OK	12595469
2779	__acrt_stdio_free_stream	180632258	28	OK	12596041
2780	find_or_allocate_unused_stream_nolock	180632274	234	OK	12597767
2781	operator()<<lambda_a37b2b86f63e897a80ea819b0eb08c01>,<lambda_38ce7e780aa69e748d6df282ebc68efe>&___ptr64,<lambda_99fb1378e971ab6e7edea83e3a7a83a2>_>	180632360	140	OK	12599623
2782	_commit	1806323ec	145	OK	12601045
2783	write_double_translated_ansi_nolock	180632480	1242	OK	12609441
2784	write_text_ansi_nolock	18063295c	258	OK	12611629
2785	write_text_utf16le_nolock	180632a60	281	OK	12613875
2786	write_text_utf8_nolock	180632b7c	368	OK	12616352
2787	_write	180632cec	235	OK	12617606
2788	_write_nolock	180632dd8	730	OK	12622535
2789	__acrt_stdio_refill_and_read_narrow_nolock	1806330b4	362	OK	12625187
2790	common_ftell<__int64>	180633220	84	OK	12625796
2791	common_ftell_nolock<__int64>	180633274	303	OK	12628017
2792	common_ftell_read_mode_nolock	1806333a4	329	OK	12630258
2793	common_ftell_translated_utf8_nolock	1806334f0	377	OK	12632703
2794	count_newline_bytes	18063366c	132	OK	12634223
2795	common_ftell<__int64>	1806336f0	5	OK	12634651
2796	common_ftell_nolock<__int64>	1806336f8	5	OK	12636683
2797	write_buffer_nolock<char>	180633700	228	OK	12638378
2798	stream_is_at_end_of_file_nolock	1806337e4	119	OK	12639363
2799	__acrt_stdio_flush_and_write_narrow_nolock	18063385c	234	OK	12641233
2800	translate_text_mode_nolock<char>	180633948	457	OK	12644398
2801	translate_text_mode_nolock<wchar_t>	180633b14	617	OK	12648258
2802	translate_ansi_or_utf8_nolock	180633d80	411	OK	12650908
2803	_read	180633f1c	281	OK	12652364
2804	_read_nolock	180634038	1110	OK	12660425
2805	common_lseek<__int64>	180634490	239	OK	12661761
2806	common_lseek_nolock<__int64>	180634580	153	OK	12662833
2807	common_lseek<__int64>	18063461c	5	OK	12663996
2808	common_lseek_nolock<__int64>	180634624	5	OK	12664884
2809	__acrt_stdio_begin_temporary_buffering_nolock	18063462c	207	OK	12666789
2810	__acrt_stdio_end_temporary_buffering_nolock	1806346fc	57	OK	12667453
2811	_malloc_base	180634738	94	OK	12668143
2812	__acrt_MultiByteToWideChar	180634798	90	OK	12669191
2813	__acrt_update_locale_info	1806347f4	49	OK	12669698
2814	__acrt_update_multibyte_info	180634828	49	OK	12670217
2815	FID_conflict:_wrmdir	18063485c	39	OK	12670762
2816	operator()<<lambda_1d892b297fdedeee07ed8124eeb2f2fa>,<lambda_ffc046909424fd52df0ac47e64813305>&___ptr64,<lambda_01a7098693036236037e7cdb9bca3d73>_>	180634884	314	OK	12673590
2817	operator()<<lambda_410d79af7f07d98d83a3f525b3859a53>,<lambda_3e16ef9562a7dcce91392c22ab16ea36>&___ptr64,<lambda_38119f0e861e05405d8a144b9b982f0a>_>	1806349c0	110	OK	12675135
2818	operator()<<lambda_7f2adfce497ff2baa965cd4f576ecfd1>,<lambda_2a444430fde8c29194d880d93eed5e8f>&___ptr64,<lambda_8dff2cf36a5417162780cd64fa2883ef>&___ptr64>	180634a30	41	OK	12676517
2819	operator()	180634a5c	142	OK	12677977
2820	FUN_180634aec	180634aec	129	OK	12678617
2821	FUN_180634b70	180634b70	12	OK	12678844
2822	__acrt_uninitialize_locale	180634b7c	46	OK	12679698
2823	FUN_180634bac	180634bac	161	OK	12680309
2824	FUN_180634c50	180634c50	378	OK	12682637
2825	FUN_180634dcc	180634dcc	190	OK	12685025
2826	FUN_180634e8c	180634e8c	992	OK	12690086
2827	FUN_180635270	180635270	100	OK	12690818
2828	_wsetlocale	1806352d8	161	OK	12692449
2829	FUN_18063537c	18063537c	489	OK	12695533
2830	FUN_180635568	180635568	658	OK	12699376
2831	FUN_1806357fc	1806357fc	849	OK	12704564
2832	__acrt_stdio_allocate_buffer_nolock	180635b50	102	OK	12705582
2833	_mbtowc_l	180635bb8	380	OK	12707803
2834	FUN_180635d34	180635d34	8	OK	12708020
2835	_wctomb_s_l	180635d3c	413	OK	12710879
2836	wctomb_s	180635edc	20	OK	12711264
2837	fp_format_a	180635ef0	877	OK	12716442
2838	fp_format_e	180636260	219	OK	12717804
2839	FUN_18063633c	18063633c	465	OK	12720197
2840	fp_format_f_internal	180636510	323	OK	12722383
2841	fp_format_g	180636654	306	OK	12724078
2842	FUN_180636788	180636788	315	OK	12726084
2843	__acrt_fp_format	1806368c4	648	OK	12728721
2844	_get_printf_count_output	180636b4c	24	OK	12729087
2845	FUN_180636b64	180636b64	21	OK	12729273
2846	_errcode	180636b7c	67	OK	12729838
2847	FUN_180636bc0	180636bc0	241	OK	12731154
2848	FUN_180636cb4	180636cb4	262	OK	12732509
2849	FUN_180636dbc	180636dbc	615	OK	12735770
2850	FUN_180637024	180637024	5	OK	12735938
2851	_raise_exc	18063702c	39	OK	12736202
2852	_raise_exc_ex	180637054	781	OK	12740217
2853	_raise_excf	180637364	42	OK	12740484
2854	_set_errno_from_matherr	180637390	46	OK	12741009
2855	FUN_1806373c0	1806373c0	212	OK	12742593
2856	FUN_180637494	180637494	312	OK	12744201
2857	_set_exp	1806375cc	56	OK	12744683
2858	_sptype	180637604	116	OK	12745320
2859	_clrfp	180637678	29	OK	12745618
2860	_ctrlfp	180637698	99	OK	12746133
2861	_set_statfp	180637714	31	OK	12746470
2862	_statfp	180637734	17	OK	12746759
2863	iswctype	180637748	111	OK	12747462
2864	_isctype_l	1806377b8	271	OK	12749173
2865	FUN_18063790c	18063790c	8	OK	12749319
2866	FUN_180637914	180637914	8	OK	12749465
2867	FUN_18063791c	18063791c	8	OK	12749611
2868	FUN_180637924	180637924	8	OK	12749754
2869	FUN_18063792c	18063792c	47	OK	12750131
2870	FUN_18063795c	18063795c	47	OK	12750508
2871	FUN_18063798c	18063798c	47	OK	12750885
2872	common_gmtime_s<__int64>	1806379bc	404	OK	12752874
2873	compute_year	180637b50	240	OK	12754078
2874	common_gmtime_s<__int64>	180637c40	5	OK	12755885
2875	FUN_180637c48	180637c48	753	OK	12758171
2876	FUN_180637f3c	180637f3c	500	OK	12760301
2877	FUN_180638134	180638134	517	OK	12763298
2878	FUN_18063833c	18063833c	421	OK	12765413
2879	tzset_nolock	1806384e4	261	OK	12766917
2880	__tzset	1806385ec	64	OK	12767376
2881	_isindst	18063862c	48	OK	12767747
2882	__acrt_WideCharToMultiByte	18063865c	150	OK	12769039
2883	_isleadbyte_l	1806386f4	75	OK	12769693
2884	__acrt_LCMapStringA_stat	180638740	789	OK	12776180
2885	__acrt_LCMapStringA	180638a58	150	OK	12776940
2886	FUN_180638af0	180638af0	52	OK	12777199
2887	fegetround	180638b24	20	OK	12777498
2888	__acrt_initialize_fma3	180638b40	112	OK	12778173
2889	FUN_180638bb0	180638bb0	292	OK	12779190
2890	FUN_180638cd4	180638cd4	395	OK	12780218
2891	FUN_180638e60	180638e60	101	OK	12780872
2892	_exception_enabled	180638ec8	186	OK	12781941
2893	FUN_180638f84	180638f84	295	OK	12783415
2894	FUN_1806390ac	1806390ac	307	OK	12784921
2895	_handle_nan	1806391e0	25	OK	12785241
2896	FUN_1806391fc	1806391fc	15	OK	12785392
2897	_realloc_base	18063920c	122	OK	12786287
2898	_mbstowcs_l_helper	180639288	514	OK	12789551
2899	_mbstowcs_s_l	18063948c	307	OK	12791639
2900	mbstowcs_s	1806395c0	30	OK	12792130
2901	_wcstombs_l_helper	1806395e0	871	OK	12797499
2902	_wcstombs_s_l	180639948	236	OK	12799354
2903	InternalGetLocaleInfoA	180639a34	377	OK	12802461
2904	FUN_180639bb0	180639bb0	455	OK	12804942
2905	__acrt_GetStringTypeA	180639d78	397	OK	12808023
2906	wcscpy_s	180639f08	101	OK	12809071
2907	__acrt_stdio_parse_mode<char>	180639f70	705	OK	12814382
2908	_openfile	18063a234	156	OK	12815642
2909	operator()<>	18063a2d0	69	OK	12817227
2910	__acrt_get_sigabrt_handler	18063a318	46	OK	12817719
2911	FUN_18063a348	18063a348	29	OK	12818055
2912	raise	18063a368	619	OK	12821529
2913	_wcsicmp	18063a5d4	151	OK	12822586
2914	_wcsicmp_l	18063a66c	254	OK	12824208
2915	__acrt_get_process_end_policy	18063a76c	60	OK	12824762
2916	__acrt_wcs_to_mbs_cp<__crt_win32_buffer_internal_dynamic_resizing>	18063a7bc	394	OK	12828374
2917	FUN_18063a948	18063a948	520	OK	12831888
2918	FUN_18063ab54	18063ab54	390	OK	12833792
2919	expand_argument_wildcards<char>	18063acdc	782	OK	12839346
2920	thunk_FUN_18063a948	18063afec	5	OK	12842884
2921	__acrt_GetModuleFileNameA	18063aff4	286	OK	12844927
2922	FUN_18063b114	18063b114	442	OK	12848893
2923	getSystemCP	18063b2d0	125	OK	12849710
2924	setSBCS	18063b350	144	OK	12850767
2925	setSBUpLow	18063b3e0	483	OK	12854402
2926	FUN_18063b5c4	18063b5c4	450	OK	12858208
2927	update_thread_multibyte_data_internal	18063b788	183	OK	12859680
2928	__acrt_initialize_multibyte	18063b840	96	OK	12860231
2929	__acrt_update_thread_multibyte_data	18063b8a0	28	OK	12860707
2930	_setmbcp_nolock	18063b8bc	697	OK	12865626
2931	x_ismbbtype_l	18063bb78	117	OK	12866647
2932	_ismbblead	18063bbf0	18	OK	12866986
2933	FUN_18063bc04	18063bc04	37	OK	12867279
2934	__dcrt_get_narrow_environment_from_os	18063bc2c	257	OK	12868638
2935	FUN_18063bd30	18063bd30	799	OK	12873295
2936	FUN_18063c050	18063c050	227	OK	12874814
2937	thunk_FUN_18063bd30	18063c138	5	OK	12879481
2938	_recalloc_base	18063c140	149	OK	12880345
2939	FUN_18063c1d8	18063c1d8	28	OK	12880534
2940	__acrt_execute_initializers	18063c200	128	OK	12881529
2941	__acrt_execute_uninitializers	18063c280	60	OK	12882007
2942	FUN_18063c2bc	18063c2bc	29	OK	12882385
2943	FUN_18063c2dc	18063c2dc	8	OK	12882636
2944	FUN_18063c2e4	18063c2e4	46	OK	12883474
2945	__acrt_add_locale_ref	18063c314	139	OK	12884940
2946	__acrt_free_locale	18063c3a0	374	OK	12886900
2947	__acrt_locale_add_lc_time_reference	18063c518	39	OK	12887528
2948	__acrt_locale_free_lc_time_if_unreferenced	18063c540	54	OK	12888100
2949	__acrt_locale_release_lc_time_reference	18063c578	37	OK	12888714
2950	__acrt_release_locale_ref	18063c5a0	168	OK	12890319
2951	__acrt_update_thread_locale_data	18063c648	109	OK	12891055
2952	_updatetlocinfoEx_nolock	18063c6b8	101	OK	12891901
2953	FUN_18063c720	18063c720	7	OK	12892044
2954	GetTableIndexFromLocaleName	18063c728	232	OK	12893444
2955	FUN_18063c810	18063c810	243	OK	12894747
2956	__acrt_DownlevelLocaleNameToLCID	18063c904	49	OK	12895273
2957	__acrt_lowio_create_handle_array	18063c938	165	OK	12896599
2958	__acrt_lowio_destroy_handle_array	18063c9e0	80	OK	12897271
2959	__acrt_lowio_ensure_fh_exists	18063ca30	168	OK	12898260
2960	__acrt_lowio_lock_fh	18063cad8	39	OK	12898866
2961	__acrt_lowio_set_os_handle	18063cb00	191	OK	12900075
2962	__acrt_lowio_unlock_fh	18063cbc0	39	OK	12900687
2963	_alloc_osfhnd	18063cbe8	318	OK	12902585
2964	_free_osfhnd	18063cd28	186	OK	12903828
2965	_get_osfhandle	18063cde4	117	OK	12904731
2966	_isatty	18063ce5c	95	OK	12905382
2967	__mbrtowc_utf8	18063cebc	57	OK	12906114
2968	__mbsrtowcs_utf8	18063cef8	374	OK	12908473
2969	_putwch_nolock	18063d070	59	OK	12909048
2970	__acrt_locale_free_monetary	18063d0ac	266	OK	12910581
2971	FUN_18063d1b8	18063d1b8	1331	OK	12917589
2972	__acrt_locale_free_numeric	18063d6ec	108	OK	12918376
2973	FUN_18063d758	18063d758	744	OK	12923525
2974	free_crt_array_internal	18063da40	88	OK	12924211
2975	initialize_lc_time	18063da98	830	OK	12927146
2976	__acrt_locale_free_time	18063ddd8	264	OK	12928162
2977	__acrt_locale_initialize_time	18063dee0	156	OK	12929342
2978	wcscat_s	18063df7c	127	OK	12930689
2979	wcsncpy_s	18063dffc	228	OK	12932741
2980	wcscspn	18063e0e0	63	OK	12933470
2981	wcspbrk	18063e120	52	OK	12934129
2982	FUN_18063e154	18063e154	164	OK	12935057
2983	GetLocaleNameFromLangCountry	18063e1fc	207	OK	12936385
2984	GetLocaleNameFromLanguage	18063e2cc	152	OK	12937446
2985	FUN_18063e364	18063e364	745	OK	12942484
2986	FUN_18063e650	18063e650	233	OK	12943779
2987	ProcessCodePage	18063e73c	201	OK	12944752
2988	TestDefaultCountry	18063e808	99	OK	12945432
2989	TranslateName	18063e86c	153	OK	12946231
2990	FUN_18063e908	18063e908	610	OK	12949030
2991	FUN_18063eb6c	18063eb6c	232	OK	12950268
2992	GetLcidFromLangCountry	18063ec54	205	OK	12951566
2993	GetLcidFromLanguage	18063ed24	150	OK	12952579
2994	FUN_18063edbc	18063edbc	586	OK	12955898
2995	FUN_18063f008	18063f008	264	OK	12957276
2996	LcidFromHexString	18063f110	78	OK	12958080
2997	ProcessCodePage	18063f160	174	OK	12959037
2998	TestDefaultLanguage	18063f210	171	OK	12960149
2999	TranslateName	18063f2bc	127	OK	12961090
3000	__acrt_get_qualified_locale_downlevel	18063f33c	638	OK	12964427
3001	__c32rtomb_utf8	18063f5bc	183	OK	12966041
3002	__c32rtomb_utf8	18063f674	5	OK	12967455
3003	__acrt_fp_strflt_to_string	18063f67c	226	OK	12969295
3004	FUN_18063f760	18063f760	4656	OK	13000693
3005	_get_fpsr	1806409b0	16	OK	13000947
3006	FUN_1806409c0	1806409c0	10	OK	13001104
3007	_fclrf	1806409ca	20	OK	13001367
3008	GetStringTypeW	180640a00	7	OK	13001816
3009	common_getenv_nolock<char>	180640a08	137	OK	13002977
3010	FUN_180640a94	180640a94	243	OK	13004590
3011	thunk_FUN_180640a94	180640b8c	5	OK	13006213
3012	strncpy_s	180640b94	211	OK	13008183
3013	FUN_180640c68	180640c68	9	OK	13008330
3014	__acrt_fenv_get_control	180640c74	241	OK	13009342
3015	__acrt_fenv_get_status	180640d68	83	OK	13009832
3016	__acrt_fenv_set_control	180640dbc	327	OK	13011287
3017	__acrt_fenv_set_status	180640f04	131	OK	13011785
3018	__wcsrtombs_utf8	180640f88	283	OK	13013791
3019	_wcsnicmp	1806410a4	170	OK	13015012
3020	_wcsnicmp_l	180641150	294	OK	13016893
3021	__ascii_strnicmp	180641278	92	OK	13017732
3022	_strnicmp	1806412d4	79	OK	13018369
3023	_strnicmp_l	180641324	218	OK	13019749
3024	common_sopen_dispatch<char>	180641400	195	OK	13021016
3025	FUN_1806414c4	1806414c4	656	OK	13024634
3026	FUN_180641758	180641758	521	OK	13027848
3027	truncate_ctrl_z_if_present	180641964	193	OK	13029079
3028	_sopen_nolock	180641a28	279	OK	13030935
3029	FID_conflict:_sopen_s	180641b40	50	OK	13031466
3030	FUN_180641b74	180641b74	999	OK	13037049
3031	_towlower_l	180641f5c	196	OK	13038306
3032	qsort	180642020	957	OK	13044357
3033	FUN_1806423e0	1806423e0	157	OK	13045371
3034	FUN_180642480	180642480	801	OK	13059296
3035	FUN_180642860	180642860	8	OK	13059489
3036	_mbsdec_l	180642868	148	OK	13060601
3037	FUN_1806428fc	1806428fc	23	OK	13060797
3038	_strnicoll	180642914	21	OK	13061531
3039	_strnicoll_l	18064292c	256	OK	13063128
3040	__acrt_SetEnvironmentVariableA	180642a2c	407	OK	13066167
3041	_msize_base	180642bc4	57	OK	13066815
3042	FUN_180642c00	180642c00	7	OK	13066958
3043	__mbrtoc32_utf8	180642c08	473	OK	13070327
3044	__dcrt_lowio_ensure_console_output_initialized	180642de4	82	OK	13070937
3045	FUN_180642e38	180642e38	28	OK	13071149
3046	__dcrt_write_console	180642e54	190	OK	13072007
3047	common_xtox<unsigned_long,wchar_t>	180642f14	212	OK	13073522
3048	common_xtox_s<unsigned_long,wchar_t>	180642fe8	105	OK	13074524
3049	_itow_s	180643054	32	OK	13075024
3050	wcscmp	180643074	53	OK	13075713
3051	fegetenv	1806430ac	32	OK	13076083
3052	fesetenv	1806430cc	77	OK	13076639
3053	feholdexcept	18064311c	80	OK	13077263
3054	ceil	18064316c	194	OK	13078157
3055	FUN_180643230	180643230	1386	OK	13084535
3056	__c16rtomb_utf8	1806437dc	167	OK	13085799
3057	FUN_180643884	180643884	47	OK	13086176
3058	_setmode_nolock	1806438b4	222	OK	13087586
3059	_chsize_nolock	180643994	364	OK	13089735
3060	__acrt_LCMapStringW	180643b00	135	OK	13090387
3061	InternalCompareStringA	180643b88	861	OK	13097344
3062	__acrt_CompareStringA	180643ee8	137	OK	13098122
3063	_clearfp	180643f74	110	OK	13098929
3064	FUN_180643ff0	180643ff0	32	OK	13099072
3065	FUN_180644010	180644010	150	OK	13099640
3066	_FindPESection	1806440b0	68	OK	13100621
3067	_IsNonwritableInCurrentImage	180644100	75	OK	13101332
3068	FUN_180644150	180644150	43	OK	13101688
3069	__GSHandlerCheck_SEH	18064417c	133	OK	13102349
3070	__GSHandlerCheck_EH	180644204	127	OK	13102987
3071	FUN_180644284	180644284	315	OK	13116728
3072	FUN_1806443c0	1806443c0	121	OK	13119644
3073	_guard_dispatch_icall	180644450	2	OK	13120057
3074	_guard_dispatch_icall	180644470	6	OK	13120537
3075	FUN_180644480	180644480	29	OK	13120669
3076	FUN_1806444f0	1806444f0	60	OK	13121190
3077	FUN_180644540	180644540	66	OK	13121711
3078	FUN_180644600	180644600	45	OK	13122045
3079	FUN_180644640	180644640	45	OK	13122379
3080	FUN_1806447c0	1806447c0	90	OK	13123115
3081	FUN_180644820	180644820	51	OK	13123362
3082	FUN_1806448c0	1806448c0	42	OK	13123599
3083	FUN_180644ae0	180644ae0	32	OK	13123815
3084	FUN_180644b70	180644b70	32	OK	13124031
3085	FUN_180644b90	180644b90	29	OK	13124163
3086	FUN_180644c90	180644c90	29	OK	13124380
3087	FUN_180644cb0	180644cb0	29	OK	13124596
3088	FUN_180644ce0	180644ce0	325	OK	13126808
3089	FUN_180644e30	180644e30	187	OK	13127564
3090	FUN_180644ef0	180644ef0	38	OK	13127893
3091	FUN_180644f40	180644f40	90	OK	13128629
3092	FUN_180644ff0	180644ff0	41	OK	13128942
3093	FUN_180645080	180645080	47	OK	13129258
3094	FUN_1806450b0	1806450b0	47	OK	13129574
3095	FUN_1806450f0	1806450f0	47	OK	13129890
3096	FUN_180645190	180645190	45	OK	13130128
3097	FUN_1806451f0	1806451f0	29	OK	13130344
3098	FUN_180645210	180645210	185	OK	13131682
3099	FUN_1806452d0	1806452d0	38	OK	13132011
3100	FUN_180645480	180645480	22	OK	13132239
3101	FUN_1806454a0	1806454a0	90	OK	13132975
3102	FUN_180645500	180645500	39	OK	13133365
3103	FUN_180645530	180645530	60	OK	13133886
3104	FUN_1806455d0	1806455d0	42	OK	13134198
3105	FUN_180645690	180645690	42	OK	13134532
3106	FUN_180645720	180645720	90	OK	13135268
3107	FUN_1806457b0	1806457b0	32	OK	13135484
3108	FUN_1806457d0	1806457d0	38	OK	13135796
3109	FUN_180645890	180645890	29	OK	13136012
3110	FUN_180645910	180645910	38	OK	13136341
3111	FUN_180645940	180645940	38	OK	13136670
3112	FUN_180645970	180645970	38	OK	13136982
3113	FUN_180645a00	180645a00	41	OK	13137294
3114	FUN_180645a60	180645a60	112	OK	13137872
3115	FUN_180645ae0	180645ae0	112	OK	13138450
3116	FUN_180645b70	180645b70	45	OK	13138762
3117	FUN_180645bf0	180645bf0	45	OK	13139074
3118	FUN_180645c20	180645c20	39	OK	13139464
3119	FUN_180645c50	180645c50	39	OK	13139854
3120	FUN_180645c80	180645c80	66	OK	13140375
3121	FUN_180645cd0	180645cd0	66	OK	13140896
3122	FUN_180645f00	180645f00	29	OK	13141112
3123	FUN_180645f20	180645f20	90	OK	13141848
3124	FUN_180645f80	180645f80	39	OK	13142266
3125	FUN_180645fb0	180645fb0	42	OK	13142656
3126	FUN_180645fe0	180645fe0	60	OK	13143177
3127	FUN_180646020	180646020	39	OK	13143567
3128	FUN_180646050	180646050	45	OK	13143985
3129	FUN_180646080	180646080	36	OK	13144315
3130	FUN_1806460b0	1806460b0	89	OK	13144953
3131	FUN_180646110	180646110	64	OK	13145466
3132	FUN_1806461a0	1806461a0	48	OK	13145800
3133	FUN_1806462b0	1806462b0	38	OK	13146112
3134	FUN_180646800	180646800	38	OK	13146424
3135	FUN_180646830	180646830	38	OK	13146736
3136	FUN_180646860	180646860	38	OK	13147048
3137	FUN_180646890	180646890	38	OK	13147360
3138	FUN_1806468c0	1806468c0	38	OK	13147675
3139	FUN_1806468f0	1806468f0	38	OK	13147990
3140	FUN_180646b00	180646b00	106	OK	13148556
3141	FUN_180646be0	180646be0	42	OK	13148974
3142	FUN_180646c10	180646c10	55	OK	13149218
3143	FUN_180646c50	180646c50	59	OK	13149462
3144	FUN_180646c90	180646c90	59	OK	13149706
3145	FUN_180646cd0	180646cd0	59	OK	13149950
3146	FUN_180646d10	180646d10	62	OK	13150194
3147	FUN_180646d60	180646d60	38	OK	13150523
3148	FUN_180646e00	180646e00	66	OK	13151044
3149	FUN_180646e50	180646e50	69	OK	13151565
3150	FUN_180647030	180647030	66	OK	13152086
3151	FUN_180647080	180647080	66	OK	13152607
3152	FUN_1806470d0	1806470d0	69	OK	13153128
3153	FUN_180647120	180647120	39	OK	13153518
3154	FUN_180647150	180647150	39	OK	13153936
3155	FUN_1806473c0	1806473c0	38	OK	13154265
3156	FUN_180647470	180647470	38	OK	13154594
3157	FUN_1806474a0	1806474a0	39	OK	13155012
3158	FUN_180647500	180647500	41	OK	13155324
3159	FUN_180647530	180647530	38	OK	13155672
3160	FUN_180647560	180647560	43	OK	13156021
3161	FUN_180647590	180647590	46	OK	13156354
3162	FUN_1806475c0	1806475c0	46	OK	13156685
3163	FUN_1806475f0	1806475f0	43	OK	13156930
3164	FUN_180647670	180647670	38	OK	13157259
3165	FUN_180647700	180647700	66	OK	13157780
3166	FUN_1806477f0	1806477f0	90	OK	13158516
3167	FUN_180647880	180647880	51	OK	13158831
3168	FUN_1806478f0	1806478f0	41	OK	13159144
3169	FUN_180647920	180647920	41	OK	13159457
3170	FUN_180647950	180647950	41	OK	13159770
3171	FUN_180647990	180647990	45	OK	13160085
3172	FUN_1806479c0	1806479c0	66	OK	13160606
3173	FUN_180647a10	180647a10	66	OK	13161127
3174	FUN_180647a60	180647a60	69	OK	13161648
3175	FUN_180647ac0	180647ac0	41	OK	13161977
3176	FUN_180647b30	180647b30	32	OK	13162193
3177	FUN_180647cd0	180647cd0	66	OK	13162714
3178	FUN_180647d70	180647d70	38	OK	13163043
3179	FUN_180648010	180648010	38	OK	13163355
3180	FUN_1806480b0	1806480b0	63	OK	13163876
3181	FUN_180648130	180648130	39	OK	13164266
3182	FUN_180648160	180648160	39	OK	13164656
3183	FUN_1806481a0	1806481a0	38	OK	13164985
3184	FUN_1806482a0	1806482a0	32	OK	13165201
3185	FUN_1806482c0	1806482c0	41	OK	13165513
3186	FUN_180648300	180648300	38	OK	13165842
3187	FUN_1806483a0	1806483a0	60	OK	13166363
3188	FUN_1806483e0	1806483e0	39	OK	13166753
3189	FUN_180648410	180648410	39	OK	13167143
3190	FUN_180648470	180648470	69	OK	13167664
3191	FUN_180648510	180648510	87	OK	13168027
3192	FUN_1806485b0	1806485b0	66	OK	13168548
3193	FUN_180648600	180648600	66	OK	13169069
3194	FUN_180648650	180648650	69	OK	13169590
3195	FUN_1806486a0	1806486a0	66	OK	13170111
3196	FUN_180648780	180648780	38	OK	13170446
3197	FUN_1806487c0	1806487c0	41	OK	13170781
3198	FUN_180648810	180648810	32	OK	13170997
3199	FUN_180648850	180648850	29	OK	13171213
3200	FUN_1806488a0	1806488a0	32	OK	13171429
3201	FUN_1806489b0	1806489b0	38	OK	13171758
3202	FUN_1806489e0	1806489e0	41	OK	13172070
3203	FUN_180648a20	180648a20	41	OK	13172382
3204	FUN_180648ad0	180648ad0	29	OK	13172598
3205	FUN_180648af0	180648af0	29	OK	13172814
3206	FUN_180648b10	180648b10	39	OK	13173204
3207	FUN_180648bd0	180648bd0	39	OK	13173594
3208	FUN_180648c00	180648c00	41	OK	13173923
3209	FUN_180648c30	180648c30	60	OK	13174444
3210	FUN_180648c70	180648c70	39	OK	13174834
3211	FUN_180648d70	180648d70	39	OK	13175224
3212	FUN_180648dc0	180648dc0	41	OK	13175536
3213	FUN_180648df0	180648df0	41	OK	13175849
3214	FUN_180648e70	180648e70	32	OK	13176062
3215	FUN_180648e90	180648e90	38	OK	13176374
3216	FUN_180648ec0	180648ec0	39	OK	13176764
3217	FUN_180648ef0	180648ef0	39	OK	13177154
3218	FUN_180648f20	180648f20	41	OK	13177483
3219	FUN_180648f50	180648f50	41	OK	13177795
3220	FUN_180648ff0	180648ff0	27	OK	13177986
3221	FUN_180649010	180649010	27	OK	13178177
3222	FUN_180649030	180649030	27	OK	13178368
3223	FUN_180649050	180649050	27	OK	13178559
3224	FUN_180649070	180649070	27	OK	13178750
3225	FUN_180649090	180649090	27	OK	13178941
3226	FUN_1806490b0	1806490b0	27	OK	13179132
3227	FUN_1806490d0	1806490d0	27	OK	13179323
3228	FUN_1806490f0	1806490f0	27	OK	13179514
3229	FUN_180649110	180649110	27	OK	13179705
3230	FUN_180649130	180649130	27	OK	13179896
3231	FUN_180649150	180649150	27	OK	13180087
3232	FUN_180649170	180649170	27	OK	13180278
3233	FUN_180649190	180649190	27	OK	13180469
3234	FUN_1806491b0	1806491b0	27	OK	13180660
3235	FUN_1806491d0	1806491d0	27	OK	13180851
3236	FUN_1806491f0	1806491f0	27	OK	13181042
3237	FUN_180649210	180649210	27	OK	13181233
3238	FUN_180649230	180649230	27	OK	13181424
3239	FUN_180649250	180649250	27	OK	13181615
3240	FUN_180649270	180649270	27	OK	13181806
3241	FUN_180649290	180649290	27	OK	13181997
3242	FUN_1806492b0	1806492b0	27	OK	13182188
3243	FUN_1806492d0	1806492d0	27	OK	13182379
3244	FUN_1806492f0	1806492f0	27	OK	13182570
3245	FUN_180649310	180649310	27	OK	13182761
3246	FUN_180649330	180649330	27	OK	13182952
3247	FUN_180649350	180649350	27	OK	13183143
3248	FUN_180649370	180649370	27	OK	13183334
3249	FUN_180649390	180649390	27	OK	13183525
3250	FUN_1806493b0	1806493b0	27	OK	13183716
3251	FUN_1806493d0	1806493d0	27	OK	13183907
3252	FUN_1806493f0	1806493f0	27	OK	13184098
3253	FUN_180649410	180649410	27	OK	13184289
3254	FUN_180649430	180649430	27	OK	13184480
3255	FUN_180649450	180649450	27	OK	13184671
3256	FUN_180649470	180649470	27	OK	13184862
3257	FUN_180649490	180649490	27	OK	13185053
3258	FUN_1806494b0	1806494b0	27	OK	13185244
3259	FUN_1806494d0	1806494d0	27	OK	13185435
3260	FUN_1806494f0	1806494f0	27	OK	13185626
3261	FUN_180649510	180649510	27	OK	13185817
3262	FUN_180649530	180649530	27	OK	13186008
3263	FUN_180649550	180649550	27	OK	13186199
3264	FUN_180649570	180649570	27	OK	13186390
3265	FUN_180649590	180649590	27	OK	13186581
3266	FUN_1806495b0	1806495b0	27	OK	13186772
3267	FUN_1806495d0	1806495d0	27	OK	13186963
3268	FUN_1806495f0	1806495f0	27	OK	13187154
3269	FUN_180649610	180649610	27	OK	13187345
3270	FUN_180649630	180649630	27	OK	13187536
3271	FUN_180649650	180649650	27	OK	13187727
3272	FUN_180649670	180649670	27	OK	13187918
3273	FUN_180649690	180649690	27	OK	13188109
3274	FUN_1806496b0	1806496b0	27	OK	13188300
3275	FUN_1806496d0	1806496d0	27	OK	13188491
3276	FUN_1806496f0	1806496f0	27	OK	13188682
3277	FUN_180649710	180649710	27	OK	13188873
3278	FUN_180649730	180649730	27	OK	13189064
3279	FUN_180649750	180649750	27	OK	13189255
3280	FUN_180649770	180649770	27	OK	13189446
3281	FUN_180649790	180649790	27	OK	13189637
3282	FUN_1806497b0	1806497b0	27	OK	13189828
3283	FUN_1806497d0	1806497d0	27	OK	13190019
3284	FUN_1806497f0	1806497f0	27	OK	13190210
3285	FUN_180649810	180649810	27	OK	13190401
3286	FUN_180649830	180649830	27	OK	13190592
3287	FUN_180649850	180649850	27	OK	13190783
3288	FUN_180649870	180649870	27	OK	13190974
3289	FUN_180649890	180649890	27	OK	13191165
3290	FUN_1806498b0	1806498b0	27	OK	13191356
3291	FUN_1806498d0	1806498d0	27	OK	13191547
3292	FUN_1806498f0	1806498f0	27	OK	13191738
3293	FUN_180649910	180649910	27	OK	13191929
3294	FUN_180649930	180649930	27	OK	13192120
3295	FUN_180649950	180649950	27	OK	13192311
3296	FUN_180649970	180649970	27	OK	13192502
3297	FUN_180649990	180649990	27	OK	13192693
3298	FUN_1806499b0	1806499b0	27	OK	13192884
3299	FUN_1806499d0	1806499d0	27	OK	13193075
3300	FUN_1806499f0	1806499f0	27	OK	13193266
3301	FUN_180649a10	180649a10	27	OK	13193457
3302	FUN_180649a30	180649a30	27	OK	13193648
3303	FUN_180649a50	180649a50	27	OK	13193839
3304	FUN_180649a70	180649a70	27	OK	13194030
3305	FUN_180649a90	180649a90	27	OK	13194221
3306	FUN_180649ab0	180649ab0	27	OK	13194412
3307	FUN_180649ad0	180649ad0	27	OK	13194603
3308	FUN_180649af0	180649af0	27	OK	13194794
3309	FUN_180649b10	180649b10	27	OK	13194985
3310	FUN_180649b30	180649b30	27	OK	13195176
3311	FUN_180649b50	180649b50	27	OK	13195367
3312	FUN_180649b70	180649b70	27	OK	13195558
3313	FUN_180649b90	180649b90	27	OK	13195749
3314	FUN_180649bb0	180649bb0	27	OK	13195940
3315	FUN_180649bd0	180649bd0	27	OK	13196131
3316	FUN_180649bf0	180649bf0	27	OK	13196322
3317	FUN_180649c10	180649c10	27	OK	13196513
3318	FUN_180649c30	180649c30	27	OK	13196704
3319	FUN_180649c50	180649c50	27	OK	13196895
3320	FUN_180649c70	180649c70	27	OK	13197086
3321	FUN_180649c90	180649c90	27	OK	13197277
3322	FUN_180649cb0	180649cb0	27	OK	13197468
3323	FUN_180649cd0	180649cd0	27	OK	13197659
3324	FUN_180649cf0	180649cf0	27	OK	13197850
3325	FUN_180649d10	180649d10	27	OK	13198041
3326	FUN_180649d30	180649d30	27	OK	13198232
3327	FUN_180649d50	180649d50	27	OK	13198423
3328	FUN_180649d70	180649d70	27	OK	13198614
3329	FUN_180649d90	180649d90	27	OK	13198805
3330	FUN_180649db0	180649db0	27	OK	13198996
3331	FUN_180649dd0	180649dd0	27	OK	13199187
3332	FUN_180649df0	180649df0	27	OK	13199378
3333	FUN_180649e10	180649e10	27	OK	13199569
3334	FUN_180649e30	180649e30	27	OK	13199760
3335	FUN_180649e50	180649e50	27	OK	13199951
3336	FUN_180649e70	180649e70	27	OK	13200142
3337	FUN_180649e90	180649e90	27	OK	13200333
3338	FUN_180649eb0	180649eb0	27	OK	13200524
3339	FUN_180649ed0	180649ed0	27	OK	13200715
3340	FUN_180649ef0	180649ef0	27	OK	13200906
3341	FUN_180649f10	180649f10	27	OK	13201097
3342	FUN_180649f30	180649f30	27	OK	13201288
3343	FUN_180649f50	180649f50	27	OK	13201479
3344	FUN_180649f70	180649f70	27	OK	13201670
3345	FUN_180649f90	180649f90	27	OK	13201861
3346	FUN_180649fb0	180649fb0	27	OK	13202052
3347	FUN_180649fd0	180649fd0	27	OK	13202243
3348	FUN_180649ff0	180649ff0	27	OK	13202434
3349	FUN_18064a010	18064a010	27	OK	13202625
3350	FUN_18064a030	18064a030	27	OK	13202816
3351	FUN_18064a050	18064a050	27	OK	13203007
3352	FUN_18064a070	18064a070	27	OK	13203198
3353	FUN_18064a090	18064a090	27	OK	13203389
3354	FUN_18064a0b0	18064a0b0	27	OK	13203580
3355	FUN_18064a0d0	18064a0d0	27	OK	13203771
3356	FUN_18064a0f0	18064a0f0	27	OK	13203962
3357	FUN_18064a110	18064a110	27	OK	13204153
3358	FUN_18064a130	18064a130	27	OK	13204344
3359	FUN_18064a150	18064a150	27	OK	13204535
3360	FUN_18064a170	18064a170	27	OK	13204726
3361	FUN_18064a190	18064a190	27	OK	13204917
3362	FUN_18064a1b0	18064a1b0	27	OK	13205108
3363	FUN_18064a1d0	18064a1d0	27	OK	13205299
3364	FUN_18064a1f0	18064a1f0	27	OK	13205490
3365	FUN_18064a210	18064a210	27	OK	13205681
3366	FUN_18064a230	18064a230	27	OK	13205872
3367	FUN_18064a250	18064a250	27	OK	13206063
3368	FUN_18064a270	18064a270	27	OK	13206254
3369	FUN_18064a290	18064a290	27	OK	13206445
3370	FUN_18064a2b0	18064a2b0	27	OK	13206636
3371	FUN_18064a2d0	18064a2d0	27	OK	13206827
3372	FUN_18064a2f0	18064a2f0	27	OK	13207018
3373	FUN_18064a310	18064a310	27	OK	13207209
3374	FUN_18064a330	18064a330	27	OK	13207400
3375	FUN_18064a350	18064a350	27	OK	13207591
3376	FUN_18064a370	18064a370	27	OK	13207782
3377	FUN_18064a390	18064a390	27	OK	13207973
3378	FUN_18064a3b0	18064a3b0	27	OK	13208164
3379	FUN_18064a3d0	18064a3d0	27	OK	13208355
3380	FUN_18064a3f0	18064a3f0	27	OK	13208546
3381	FUN_18064a410	18064a410	27	OK	13208737
3382	FUN_18064a430	18064a430	27	OK	13208928
3383	FUN_18064a450	18064a450	27	OK	13209119
3384	FUN_18064a470	18064a470	27	OK	13209310
3385	FUN_18064a490	18064a490	27	OK	13209501
3386	FUN_18064a4b0	18064a4b0	27	OK	13209692
3387	FUN_18064a4d0	18064a4d0	27	OK	13209883
3388	FUN_18064a4f0	18064a4f0	27	OK	13210074
3389	FUN_18064a510	18064a510	27	OK	13210265
3390	FUN_18064a530	18064a530	27	OK	13210456
3391	FUN_18064a550	18064a550	27	OK	13210647
3392	FUN_18064a570	18064a570	27	OK	13210838
3393	FUN_18064a590	18064a590	27	OK	13211029
3394	FUN_18064a5b0	18064a5b0	27	OK	13211220
3395	FUN_18064a5d0	18064a5d0	27	OK	13211411
3396	FUN_18064a5f0	18064a5f0	27	OK	13211602
3397	FUN_18064a610	18064a610	27	OK	13211793
3398	FUN_18064a630	18064a630	27	OK	13211984
3399	FUN_18064a650	18064a650	27	OK	13212175
3400	FUN_18064a670	18064a670	27	OK	13212366
3401	FUN_18064a690	18064a690	27	OK	13212557
3402	FUN_18064a6b0	18064a6b0	27	OK	13212748
3403	FUN_18064a6d0	18064a6d0	27	OK	13212939
3404	FUN_18064a6f0	18064a6f0	27	OK	13213130
3405	FUN_18064a710	18064a710	27	OK	13213321
3406	FUN_18064a730	18064a730	27	OK	13213512
3407	FUN_18064a750	18064a750	27	OK	13213703
3408	FUN_18064a770	18064a770	27	OK	13213894
3409	FUN_18064a790	18064a790	27	OK	13214085
3410	FUN_18064a7b0	18064a7b0	27	OK	13214276
3411	FUN_18064a7d0	18064a7d0	27	OK	13214467
3412	FUN_18064a7f0	18064a7f0	27	OK	13214658
3413	FUN_18064a810	18064a810	27	OK	13214849
3414	FUN_18064a830	18064a830	27	OK	13215040
3415	FUN_18064a850	18064a850	27	OK	13215231
3416	FUN_18064a870	18064a870	27	OK	13215422
3417	FUN_18064a890	18064a890	27	OK	13215613
3418	FUN_18064a8b0	18064a8b0	27	OK	13215804
3419	FUN_18064a8d0	18064a8d0	27	OK	13215995
3420	FUN_18064a8f0	18064a8f0	27	OK	13216186
3421	FUN_18064a910	18064a910	27	OK	13216377
3422	FUN_18064a930	18064a930	27	OK	13216568
3423	FUN_18064a950	18064a950	27	OK	13216759
3424	FUN_18064a970	18064a970	27	OK	13216950
3425	FUN_18064a990	18064a990	27	OK	13217141
3426	FUN_18064a9b0	18064a9b0	27	OK	13217332
3427	FUN_18064a9d0	18064a9d0	27	OK	13217523
3428	FUN_18064a9f0	18064a9f0	27	OK	13217714
3429	FUN_18064aa10	18064aa10	27	OK	13217905
3430	FUN_18064aa30	18064aa30	27	OK	13218096
3431	FUN_18064aa50	18064aa50	27	OK	13218287
3432	FUN_18064aa70	18064aa70	27	OK	13218478
3433	FUN_18064aa90	18064aa90	27	OK	13218669
3434	FUN_18064aab0	18064aab0	27	OK	13218860
3435	FUN_18064aad0	18064aad0	27	OK	13219051
3436	FUN_18064aaf0	18064aaf0	27	OK	13219242
3437	FUN_18064ab10	18064ab10	27	OK	13219433
3438	FUN_18064ab30	18064ab30	27	OK	13219624
3439	FUN_18064ab50	18064ab50	27	OK	13219815
3440	FUN_18064ab70	18064ab70	27	OK	13220006
3441	FUN_18064ab90	18064ab90	27	OK	13220197
3442	FUN_18064abb0	18064abb0	27	OK	13220388
3443	FUN_18064abd0	18064abd0	27	OK	13220579
3444	FUN_18064abf0	18064abf0	27	OK	13220770
3445	FUN_18064ac10	18064ac10	27	OK	13220961
3446	FUN_18064ac30	18064ac30	27	OK	13221152
3447	FUN_18064ac50	18064ac50	27	OK	13221343
3448	FUN_18064ac70	18064ac70	27	OK	13221534
3449	FUN_18064ac90	18064ac90	27	OK	13221725
3450	FUN_18064acb0	18064acb0	27	OK	13221916
3451	FUN_18064acd0	18064acd0	27	OK	13222107
3452	FUN_18064acf0	18064acf0	27	OK	13222298
3453	FUN_18064ad10	18064ad10	27	OK	13222489
3454	FUN_18064ad30	18064ad30	27	OK	13222680
3455	FUN_18064ad50	18064ad50	27	OK	13222871
3456	FUN_18064ad70	18064ad70	27	OK	13223062
3457	FUN_18064ad90	18064ad90	27	OK	13223253
3458	FUN_18064adb0	18064adb0	27	OK	13223444
3459	FUN_18064add0	18064add0	27	OK	13223635
3460	FUN_18064adf0	18064adf0	27	OK	13223826
3461	FUN_18064ae10	18064ae10	27	OK	13224017
3462	FUN_18064ae30	18064ae30	27	OK	13224208
3463	FUN_18064ae50	18064ae50	27	OK	13224399
3464	FUN_18064ae70	18064ae70	27	OK	13224590
3465	FUN_18064ae90	18064ae90	27	OK	13224781
3466	FUN_18064aeb0	18064aeb0	27	OK	13224972
3467	FUN_18064aed0	18064aed0	27	OK	13225163
3468	FUN_18064aef0	18064aef0	27	OK	13225354
3469	FUN_18064af10	18064af10	27	OK	13225545
3470	FUN_18064af30	18064af30	27	OK	13225736
3471	FUN_18064af50	18064af50	27	OK	13225927
3472	FUN_18064af70	18064af70	27	OK	13226118
3473	FUN_18064af90	18064af90	27	OK	13226309
3474	FUN_18064afb0	18064afb0	27	OK	13226500
3475	FUN_18064afd0	18064afd0	27	OK	13226691
3476	FUN_18064aff0	18064aff0	27	OK	13226882
3477	FUN_18064b010	18064b010	27	OK	13227073
3478	FUN_18064b030	18064b030	27	OK	13227264
3479	FUN_18064b050	18064b050	27	OK	13227455
3480	FUN_18064b070	18064b070	27	OK	13227646
3481	FUN_18064b090	18064b090	27	OK	13227837
3482	FUN_18064b0b0	18064b0b0	27	OK	13228028
3483	FUN_18064b0d0	18064b0d0	27	OK	13228219
3484	FUN_18064b0f0	18064b0f0	27	OK	13228410
3485	FUN_18064b110	18064b110	27	OK	13228601
3486	FUN_18064b130	18064b130	27	OK	13228792
3487	FUN_18064b150	18064b150	27	OK	13228983
3488	FUN_18064b170	18064b170	27	OK	13229174
3489	FUN_18064b190	18064b190	27	OK	13229365
3490	FUN_18064b1b0	18064b1b0	27	OK	13229556
3491	FUN_18064b1d0	18064b1d0	27	OK	13229747
3492	FUN_18064b1f0	18064b1f0	27	OK	13229938
3493	FUN_18064b210	18064b210	27	OK	13230129
3494	FUN_18064b230	18064b230	27	OK	13230320
3495	FUN_18064b250	18064b250	27	OK	13230511
3496	FUN_18064b270	18064b270	27	OK	13230702
3497	FUN_18064b290	18064b290	27	OK	13230893
3498	FUN_18064b2b0	18064b2b0	27	OK	13231084
3499	FUN_18064b2d0	18064b2d0	27	OK	13231275
3500	FUN_18064b2f0	18064b2f0	27	OK	13231466
3501	FUN_18064b310	18064b310	27	OK	13231657
3502	FUN_18064b330	18064b330	27	OK	13231848
3503	FUN_18064b350	18064b350	27	OK	13232039
3504	FUN_18064b370	18064b370	27	OK	13232230
3505	FUN_18064b390	18064b390	27	OK	13232421
3506	FUN_18064b3b0	18064b3b0	27	OK	13232612
3507	FUN_18064b3d0	18064b3d0	27	OK	13232803
3508	FUN_18064b3f0	18064b3f0	27	OK	13232994
3509	FUN_18064b410	18064b410	27	OK	13233185
3510	FUN_18064b430	18064b430	27	OK	13233376
3511	FUN_18064b450	18064b450	27	OK	13233567
3512	FUN_18064b470	18064b470	27	OK	13233758
3513	FUN_18064b490	18064b490	27	OK	13233949
3514	FUN_18064b4b0	18064b4b0	27	OK	13234140
3515	FUN_18064b4d0	18064b4d0	27	OK	13234331
3516	FUN_18064b4f0	18064b4f0	27	OK	13234522
3517	FUN_18064b510	18064b510	27	OK	13234713
3518	FUN_18064b530	18064b530	27	OK	13234904
3519	FUN_18064b550	18064b550	27	OK	13235095
3520	FUN_18064b570	18064b570	27	OK	13235286
3521	FUN_18064b590	18064b590	27	OK	13235477
3522	FUN_18064b5b0	18064b5b0	27	OK	13235668
3523	FUN_18064b5d0	18064b5d0	27	OK	13235859
3524	FUN_18064b5f0	18064b5f0	27	OK	13236050
3525	FUN_18064b610	18064b610	27	OK	13236241
3526	FUN_18064b630	18064b630	27	OK	13236432
3527	FUN_18064b650	18064b650	27	OK	13236623
3528	FUN_18064b670	18064b670	27	OK	13236814
3529	FUN_18064b690	18064b690	27	OK	13237005
3530	FUN_18064b6b0	18064b6b0	27	OK	13237196
3531	FUN_18064b6d0	18064b6d0	27	OK	13237387
3532	FUN_18064b6f0	18064b6f0	27	OK	13237578
3533	FUN_18064b710	18064b710	27	OK	13237769
3534	FUN_18064b730	18064b730	27	OK	13237960
3535	FUN_18064b750	18064b750	27	OK	13238151
3536	FUN_18064b770	18064b770	27	OK	13238342
3537	FUN_18064b790	18064b790	27	OK	13238533
3538	FUN_18064b7b0	18064b7b0	27	OK	13238724
3539	FUN_18064b7d0	18064b7d0	27	OK	13238915
3540	FUN_18064b7f0	18064b7f0	27	OK	13239106
3541	FUN_18064b810	18064b810	27	OK	13239297
3542	FUN_18064b830	18064b830	27	OK	13239488
3543	FUN_18064b850	18064b850	27	OK	13239679
3544	FUN_18064b870	18064b870	27	OK	13239870
3545	FUN_18064b890	18064b890	27	OK	13240061
3546	FUN_18064b8b0	18064b8b0	27	OK	13240252
3547	FUN_18064b8d0	18064b8d0	27	OK	13240443
3548	FUN_18064b8f0	18064b8f0	27	OK	13240634
3549	FUN_18064b910	18064b910	27	OK	13240825
3550	FUN_18064b930	18064b930	27	OK	13241016
3551	FUN_18064b950	18064b950	27	OK	13241207
3552	FUN_18064b970	18064b970	27	OK	13241398
3553	FUN_18064b990	18064b990	27	OK	13241589
3554	FUN_18064b9b0	18064b9b0	27	OK	13241780
3555	FUN_18064b9d0	18064b9d0	27	OK	13241971
3556	FUN_18064b9f0	18064b9f0	27	OK	13242162
3557	FUN_18064ba10	18064ba10	27	OK	13242353
3558	FUN_18064ba30	18064ba30	27	OK	13242544
3559	FUN_18064ba50	18064ba50	27	OK	13242735
3560	FUN_18064ba70	18064ba70	27	OK	13242926
3561	FUN_18064ba90	18064ba90	27	OK	13243117
3562	FUN_18064bab0	18064bab0	27	OK	13243308
3563	FUN_18064bad0	18064bad0	27	OK	13243499
3564	FUN_18064baf0	18064baf0	27	OK	13243690
3565	FUN_18064bb10	18064bb10	27	OK	13243881
3566	FUN_18064bb30	18064bb30	27	OK	13244072
3567	FUN_18064bb50	18064bb50	27	OK	13244263
3568	FUN_18064bb70	18064bb70	27	OK	13244454
3569	FUN_18064bb90	18064bb90	27	OK	13244645
3570	FUN_18064bbb0	18064bbb0	27	OK	13244836
3571	FUN_18064bbd0	18064bbd0	27	OK	13245027
3572	FUN_18064bbf0	18064bbf0	27	OK	13245218
3573	FUN_18064bc10	18064bc10	27	OK	13245409
3574	FUN_18064bc30	18064bc30	27	OK	13245600
3575	FUN_18064bc50	18064bc50	27	OK	13245791
3576	FUN_18064bc70	18064bc70	27	OK	13245982
3577	FUN_18064bc90	18064bc90	27	OK	13246173
3578	FUN_18064bcb0	18064bcb0	27	OK	13246364
3579	FUN_18064bcd0	18064bcd0	27	OK	13246555
3580	FUN_18064bcf0	18064bcf0	27	OK	13246746
3581	FUN_18064bd10	18064bd10	27	OK	13246937
3582	FUN_18064bd30	18064bd30	27	OK	13247128
3583	FUN_18064bd50	18064bd50	27	OK	13247319
3584	FUN_18064bd70	18064bd70	27	OK	13247510
3585	FUN_18064bd90	18064bd90	27	OK	13247701
3586	FUN_18064bdb0	18064bdb0	27	OK	13247892
3587	FUN_18064bdd0	18064bdd0	27	OK	13248083
3588	FUN_18064bdf0	18064bdf0	27	OK	13248274
3589	FUN_18064be10	18064be10	27	OK	13248465
3590	FUN_18064be30	18064be30	27	OK	13248656
3591	FUN_18064be50	18064be50	27	OK	13248847
3592	FUN_18064be70	18064be70	27	OK	13249038
3593	FUN_18064be90	18064be90	27	OK	13249229
3594	FUN_18064beb0	18064beb0	27	OK	13249420
3595	FUN_18064bed0	18064bed0	27	OK	13249611
3596	FUN_18064bef0	18064bef0	27	OK	13249802
3597	FUN_18064bf10	18064bf10	27	OK	13249993
3598	FUN_18064bf30	18064bf30	27	OK	13250184
3599	FUN_18064bf50	18064bf50	27	OK	13250375
3600	FUN_18064bf70	18064bf70	27	OK	13250566
3601	FUN_18064bf90	18064bf90	27	OK	13250757
3602	FUN_18064bfb0	18064bfb0	27	OK	13250948
3603	FUN_18064bfd0	18064bfd0	27	OK	13251139
3604	FUN_18064bff0	18064bff0	27	OK	13251330
3605	FUN_18064c010	18064c010	27	OK	13251521
3606	FUN_18064c030	18064c030	27	OK	13251712
3607	FUN_18064c050	18064c050	27	OK	13251903
3608	FUN_18064c070	18064c070	27	OK	13252094
3609	FUN_18064c090	18064c090	27	OK	13252285
3610	FUN_18064c0b0	18064c0b0	27	OK	13252476
3611	FUN_18064c0d0	18064c0d0	27	OK	13252667
3612	FUN_18064c0f0	18064c0f0	27	OK	13252858
3613	FUN_18064c110	18064c110	27	OK	13253049
3614	FUN_18064c130	18064c130	27	OK	13253240
3615	FUN_18064c150	18064c150	27	OK	13253431
3616	FUN_18064c170	18064c170	27	OK	13253622
3617	FUN_18064c190	18064c190	27	OK	13253813
3618	FUN_18064c1b0	18064c1b0	27	OK	13254004
3619	FUN_18064c1d0	18064c1d0	27	OK	13254195
3620	FUN_18064c1f0	18064c1f0	27	OK	13254386
3621	FUN_18064c210	18064c210	27	OK	13254577
3622	FUN_18064c230	18064c230	27	OK	13254768
3623	FUN_18064c250	18064c250	27	OK	13254959
3624	FUN_18064c270	18064c270	27	OK	13255150
3625	FUN_18064c290	18064c290	27	OK	13255341
3626	FUN_18064c2b0	18064c2b0	27	OK	13255532
3627	FUN_18064c2d0	18064c2d0	27	OK	13255723
3628	FUN_18064c2f0	18064c2f0	27	OK	13255914
3629	FUN_18064c310	18064c310	27	OK	13256105
3630	FUN_18064c330	18064c330	27	OK	13256296
3631	FUN_18064c350	18064c350	27	OK	13256487
3632	FUN_18064c370	18064c370	27	OK	13256678
3633	FUN_18064c390	18064c390	27	OK	13256869
3634	FUN_18064c3b0	18064c3b0	27	OK	13257060
3635	FUN_18064c3d0	18064c3d0	27	OK	13257251
3636	FUN_18064c3f0	18064c3f0	27	OK	13257442
3637	FUN_18064c410	18064c410	27	OK	13257633
3638	FUN_18064c430	18064c430	27	OK	13257824
3639	FUN_18064c450	18064c450	27	OK	13258015
3640	FUN_18064c470	18064c470	27	OK	13258206
3641	FUN_18064c490	18064c490	27	OK	13258397
3642	FUN_18064c4b0	18064c4b0	27	OK	13258588
3643	FUN_18064c4d0	18064c4d0	27	OK	13258779
3644	FUN_18064c4f0	18064c4f0	27	OK	13258970
3645	FUN_18064c510	18064c510	27	OK	13259161
3646	FUN_18064c530	18064c530	27	OK	13259352
3647	FUN_18064c550	18064c550	27	OK	13259543
3648	FUN_18064c570	18064c570	27	OK	13259734
3649	FUN_18064c590	18064c590	27	OK	13259925
3650	FUN_18064c5b0	18064c5b0	27	OK	13260116
3651	FUN_18064c5d0	18064c5d0	27	OK	13260307
3652	FUN_18064c5f0	18064c5f0	27	OK	13260498
3653	FUN_18064c610	18064c610	27	OK	13260689
3654	FUN_18064c630	18064c630	27	OK	13260880
3655	FUN_18064c650	18064c650	27	OK	13261071
3656	FUN_18064c670	18064c670	27	OK	13261262
3657	FUN_18064c690	18064c690	27	OK	13261453
3658	FUN_18064c6b0	18064c6b0	27	OK	13261644
3659	FUN_18064c6d0	18064c6d0	27	OK	13261835
3660	FUN_18064c6f0	18064c6f0	27	OK	13262026
3661	FUN_18064c710	18064c710	27	OK	13262217
3662	FUN_18064c730	18064c730	27	OK	13262408
3663	FUN_18064c750	18064c750	27	OK	13262599
3664	FUN_18064c770	18064c770	27	OK	13262790
3665	FUN_18064c790	18064c790	27	OK	13262981
3666	FUN_18064c7b0	18064c7b0	27	OK	13263172
3667	FUN_18064c7d0	18064c7d0	27	OK	13263363
3668	FUN_18064c7f0	18064c7f0	27	OK	13263554
3669	FUN_18064c810	18064c810	27	OK	13263745
3670	FUN_18064c830	18064c830	27	OK	13263936
3671	FUN_18064c850	18064c850	27	OK	13264127
3672	FUN_18064c870	18064c870	27	OK	13264318
3673	FUN_18064c890	18064c890	27	OK	13264509
3674	FUN_18064c8b0	18064c8b0	27	OK	13264700
3675	FUN_18064c8d0	18064c8d0	27	OK	13264891
3676	FUN_18064c8f0	18064c8f0	27	OK	13265082
3677	FUN_18064c910	18064c910	27	OK	13265273
3678	FUN_18064c930	18064c930	27	OK	13265464
3679	FUN_18064c950	18064c950	27	OK	13265655
3680	FUN_18064c970	18064c970	27	OK	13265846
3681	FUN_18064c990	18064c990	27	OK	13266037
3682	FUN_18064c9b0	18064c9b0	27	OK	13266228
3683	FUN_18064c9d0	18064c9d0	27	OK	13266419
3684	FUN_18064c9f0	18064c9f0	27	OK	13266610
3685	FUN_18064ca10	18064ca10	27	OK	13266801
3686	FUN_18064ca30	18064ca30	27	OK	13266992
3687	FUN_18064ca50	18064ca50	27	OK	13267183
3688	FUN_18064ca70	18064ca70	27	OK	13267374
3689	FUN_18064ca90	18064ca90	27	OK	13267565
3690	FUN_18064cab0	18064cab0	27	OK	13267756
3691	FUN_18064cad0	18064cad0	27	OK	13267947
3692	FUN_18064caf0	18064caf0	27	OK	13268138
3693	FUN_18064cb10	18064cb10	27	OK	13268329
3694	FUN_18064cb30	18064cb30	27	OK	13268520
3695	FUN_18064cb50	18064cb50	27	OK	13268711
3696	FUN_18064cb70	18064cb70	27	OK	13268902
3697	FUN_18064cb90	18064cb90	27	OK	13269093
3698	FUN_18064cbb0	18064cbb0	27	OK	13269284
3699	FUN_18064cbd0	18064cbd0	27	OK	13269475
3700	FUN_18064cbf0	18064cbf0	27	OK	13269666
3701	FUN_18064cc10	18064cc10	27	OK	13269857
3702	FUN_18064cc30	18064cc30	27	OK	13270048
3703	FUN_18064cc50	18064cc50	27	OK	13270239
3704	FUN_18064cc70	18064cc70	27	OK	13270430
3705	FUN_18064cc90	18064cc90	27	OK	13270621
3706	FUN_18064ccb0	18064ccb0	27	OK	13270812
3707	FUN_18064ccd0	18064ccd0	27	OK	13271003
3708	FUN_18064ccf0	18064ccf0	27	OK	13271194
3709	FUN_18064cd10	18064cd10	27	OK	13271385
3710	FUN_18064cd30	18064cd30	27	OK	13271576
3711	FUN_18064cd50	18064cd50	27	OK	13271767
3712	FUN_18064cd70	18064cd70	27	OK	13271958
3713	FUN_18064cd90	18064cd90	27	OK	13272149
3714	FUN_18064cdb0	18064cdb0	27	OK	13272340
3715	FUN_18064cdd0	18064cdd0	27	OK	13272531
3716	FUN_18064cdf0	18064cdf0	27	OK	13272722
3717	FUN_18064ce10	18064ce10	27	OK	13272913
3718	FUN_18064ce30	18064ce30	27	OK	13273104
3719	FUN_18064ce50	18064ce50	27	OK	13273295
3720	FUN_18064ce70	18064ce70	27	OK	13273486
3721	FUN_18064ce90	18064ce90	27	OK	13273677
3722	FUN_18064ceb0	18064ceb0	27	OK	13273868
3723	FUN_18064ced0	18064ced0	27	OK	13274059
3724	FUN_18064cef0	18064cef0	27	OK	13274250
3725	FUN_18064cf10	18064cf10	27	OK	13274441
3726	FUN_18064cf30	18064cf30	27	OK	13274632
3727	FUN_18064cf50	18064cf50	27	OK	13274823
3728	FUN_18064cf70	18064cf70	27	OK	13275014
3729	FUN_18064cf90	18064cf90	27	OK	13275205
3730	FUN_18064cfb0	18064cfb0	27	OK	13275396
3731	FUN_18064cfd0	18064cfd0	27	OK	13275587
3732	FUN_18064cff0	18064cff0	27	OK	13275778
3733	FUN_18064d010	18064d010	27	OK	13275969
3734	FUN_18064d030	18064d030	27	OK	13276160
3735	FUN_18064d050	18064d050	27	OK	13276351
3736	FUN_18064d070	18064d070	27	OK	13276542
3737	FUN_18064d090	18064d090	27	OK	13276733
3738	FUN_18064d0b0	18064d0b0	27	OK	13276924
3739	FUN_18064d0d0	18064d0d0	27	OK	13277115
3740	FUN_18064d0f0	18064d0f0	27	OK	13277306
3741	FUN_18064d110	18064d110	27	OK	13277497
3742	FUN_18064d130	18064d130	27	OK	13277688
3743	FUN_18064d150	18064d150	27	OK	13277879
3744	FUN_18064d170	18064d170	27	OK	13278070
3745	FUN_18064d190	18064d190	27	OK	13278261
3746	FUN_18064d1b0	18064d1b0	27	OK	13278452
3747	FUN_18064d1d0	18064d1d0	27	OK	13278643
3748	FUN_18064d1f0	18064d1f0	27	OK	13278834
3749	FUN_18064d210	18064d210	27	OK	13279025
3750	FUN_18064d230	18064d230	27	OK	13279216
3751	FUN_18064d250	18064d250	27	OK	13279407
3752	FUN_18064d270	18064d270	27	OK	13279598
3753	FUN_18064d290	18064d290	27	OK	13279789
3754	FUN_18064d2b0	18064d2b0	27	OK	13279980
3755	FUN_18064d2d0	18064d2d0	27	OK	13280171
3756	FUN_18064d2f0	18064d2f0	27	OK	13280362
3757	FUN_18064d310	18064d310	27	OK	13280553
3758	FUN_18064d330	18064d330	27	OK	13280744
3759	FUN_18064d350	18064d350	27	OK	13280935
3760	FUN_18064d370	18064d370	27	OK	13281126
3761	FUN_18064d390	18064d390	27	OK	13281317
3762	FUN_18064d3b0	18064d3b0	27	OK	13281508
3763	FUN_18064d3d0	18064d3d0	27	OK	13281699
3764	FUN_18064d3f0	18064d3f0	27	OK	13281890
3765	FUN_18064d410	18064d410	27	OK	13282081
3766	FUN_18064d430	18064d430	27	OK	13282272
3767	FUN_18064d450	18064d450	27	OK	13282463
3768	FUN_18064d470	18064d470	27	OK	13282654
3769	FUN_18064d490	18064d490	27	OK	13282845
3770	FUN_18064d4b0	18064d4b0	27	OK	13283036
3771	FUN_18064d4d0	18064d4d0	27	OK	13283227
3772	FUN_18064d4f0	18064d4f0	27	OK	13283418
3773	FUN_18064d510	18064d510	27	OK	13283609
3774	FUN_18064d530	18064d530	27	OK	13283800
3775	FUN_18064d550	18064d550	27	OK	13283991
3776	FUN_18064d570	18064d570	27	OK	13284182
3777	FUN_18064d590	18064d590	27	OK	13284373
3778	FUN_18064d5b0	18064d5b0	27	OK	13284564
3779	FUN_18064d5d0	18064d5d0	27	OK	13284755
3780	FUN_18064d5f0	18064d5f0	27	OK	13284946
3781	FUN_18064d610	18064d610	27	OK	13285137
3782	FUN_18064d630	18064d630	27	OK	13285328
3783	FUN_18064d650	18064d650	27	OK	13285519
3784	FUN_18064d670	18064d670	27	OK	13285710
3785	FUN_18064d690	18064d690	27	OK	13285901
3786	FUN_18064d6b0	18064d6b0	27	OK	13286092
3787	FUN_18064d6d0	18064d6d0	27	OK	13286283
3788	FUN_18064d6f0	18064d6f0	27	OK	13286474
3789	FUN_18064d710	18064d710	27	OK	13286665
3790	FUN_18064d730	18064d730	27	OK	13286856
3791	FUN_18064d750	18064d750	27	OK	13287047
3792	FUN_18064d770	18064d770	27	OK	13287238
3793	FUN_18064d790	18064d790	27	OK	13287429
3794	FUN_18064d7b0	18064d7b0	27	OK	13287620
3795	FUN_18064d7d0	18064d7d0	27	OK	13287811
3796	FUN_18064d7f0	18064d7f0	27	OK	13288002
3797	FUN_18064d810	18064d810	27	OK	13288193
3798	FUN_18064d830	18064d830	27	OK	13288384
3799	FUN_18064d850	18064d850	27	OK	13288575
3800	FUN_18064d870	18064d870	27	OK	13288766
3801	FUN_18064d890	18064d890	27	OK	13288957
3802	FUN_18064d8b0	18064d8b0	27	OK	13289148
3803	FUN_18064d8d0	18064d8d0	27	OK	13289339
3804	FUN_18064d8f0	18064d8f0	27	OK	13289530
3805	FUN_18064d910	18064d910	27	OK	13289721
3806	FUN_18064d930	18064d930	27	OK	13289912
3807	FUN_18064d950	18064d950	27	OK	13290103
3808	FUN_18064d970	18064d970	27	OK	13290294
3809	FUN_18064d990	18064d990	27	OK	13290485
3810	FUN_18064d9b0	18064d9b0	27	OK	13290676
3811	FUN_18064d9d0	18064d9d0	27	OK	13290867
3812	FUN_18064d9f0	18064d9f0	27	OK	13291058
3813	FUN_18064da10	18064da10	27	OK	13291249
3814	FUN_18064da30	18064da30	27	OK	13291440
3815	FUN_18064da50	18064da50	27	OK	13291631
3816	FUN_18064da70	18064da70	27	OK	13291821
3817	FUN_18064da90	18064da90	27	OK	13292012
3818	FUN_18064dab0	18064dab0	27	OK	13292203
3819	FUN_18064dad0	18064dad0	27	OK	13292394
3820	FUN_18064daf0	18064daf0	27	OK	13292585
3821	FUN_18064db10	18064db10	27	OK	13292776
3822	FUN_18064db30	18064db30	27	OK	13292967
3823	FUN_18064db50	18064db50	27	OK	13293158
3824	FUN_18064db70	18064db70	27	OK	13293349
3825	FUN_18064db90	18064db90	27	OK	13293540
3826	FUN_18064dbb0	18064dbb0	27	OK	13293731
3827	FUN_18064dbd0	18064dbd0	27	OK	13293922
3828	FUN_18064dbf0	18064dbf0	27	OK	13294113
3829	FUN_18064dc10	18064dc10	27	OK	13294304
3830	FUN_18064dc30	18064dc30	27	OK	13294495
3831	FUN_18064dc50	18064dc50	27	OK	13294686
3832	FUN_18064dc70	18064dc70	27	OK	13294877
3833	FUN_18064dc90	18064dc90	27	OK	13295068
3834	FUN_18064dcb0	18064dcb0	27	OK	13295259
3835	FUN_18064dcd0	18064dcd0	27	OK	13295450
3836	FUN_18064dcf0	18064dcf0	27	OK	13295641
3837	FUN_18064dd10	18064dd10	27	OK	13295832
3838	FUN_18064dd30	18064dd30	27	OK	13296023
3839	FUN_18064dd50	18064dd50	27	OK	13296214
3840	FUN_18064dd70	18064dd70	27	OK	13296405
3841	FUN_18064dd90	18064dd90	27	OK	13296596
3842	FUN_18064ddb0	18064ddb0	27	OK	13296787
3843	FUN_18064ddd0	18064ddd0	27	OK	13296978
3844	FUN_18064ddf0	18064ddf0	27	OK	13297169
3845	FUN_18064de10	18064de10	27	OK	13297360
3846	FUN_18064de30	18064de30	27	OK	13297551
3847	FUN_18064de50	18064de50	27	OK	13297742
3848	FUN_18064de70	18064de70	27	OK	13297933
3849	FUN_18064de90	18064de90	27	OK	13298124
3850	FUN_18064deb0	18064deb0	27	OK	13298315
3851	FUN_18064ded0	18064ded0	27	OK	13298506
3852	FUN_18064def0	18064def0	27	OK	13298697
3853	FUN_18064df10	18064df10	27	OK	13298888
3854	FUN_18064df30	18064df30	27	OK	13299079
3855	FUN_18064df50	18064df50	27	OK	13299270
3856	FUN_18064df70	18064df70	27	OK	13299461
3857	FUN_18064df90	18064df90	27	OK	13299652
3858	FUN_18064dfb0	18064dfb0	27	OK	13299843
3859	FUN_18064dfd0	18064dfd0	27	OK	13300034
3860	FUN_18064dff0	18064dff0	27	OK	13300225
3861	FUN_18064e010	18064e010	27	OK	13300416
3862	FUN_18064e030	18064e030	27	OK	13300607
3863	FUN_18064e050	18064e050	27	OK	13300798
3864	FUN_18064e070	18064e070	27	OK	13300989
3865	FUN_18064e090	18064e090	27	OK	13301180
3866	FUN_18064e0b0	18064e0b0	27	OK	13301371
3867	FUN_18064e0d0	18064e0d0	27	OK	13301562
3868	FUN_18064e0f0	18064e0f0	27	OK	13301753
3869	FUN_18064e110	18064e110	27	OK	13301944
3870	FUN_18064e130	18064e130	27	OK	13302135
3871	FUN_18064e150	18064e150	27	OK	13302326
3872	FUN_18064e170	18064e170	27	OK	13302517
3873	FUN_18064e190	18064e190	27	OK	13302708
3874	FUN_18064e1b0	18064e1b0	27	OK	13302899
3875	FUN_18064e1d0	18064e1d0	27	OK	13303090
3876	FUN_18064e1f0	18064e1f0	27	OK	13303281
3877	FUN_18064e210	18064e210	27	OK	13303472
3878	FUN_18064e230	18064e230	27	OK	13303663
3879	FUN_18064e250	18064e250	27	OK	13303854
3880	FUN_18064e270	18064e270	27	OK	13304045
3881	FUN_18064e290	18064e290	27	OK	13304236
3882	FUN_18064e2b0	18064e2b0	27	OK	13304427
3883	FUN_18064e2d0	18064e2d0	27	OK	13304618
3884	FUN_18064e2f0	18064e2f0	27	OK	13304809
3885	FUN_18064e310	18064e310	27	OK	13305000
3886	FUN_18064e330	18064e330	27	OK	13305191
3887	FUN_18064e350	18064e350	27	OK	13305382
3888	FUN_18064e370	18064e370	27	OK	13305573
3889	FUN_18064e390	18064e390	27	OK	13305764
3890	FUN_18064e3b0	18064e3b0	27	OK	13305955
3891	FUN_18064e3d0	18064e3d0	27	OK	13306146
3892	FUN_18064e3f0	18064e3f0	27	OK	13306337
3893	FUN_18064e410	18064e410	27	OK	13306528
3894	FUN_18064e430	18064e430	27	OK	13306719
3895	FUN_18064e450	18064e450	27	OK	13306910
3896	FUN_18064e470	18064e470	27	OK	13307101
3897	FUN_18064e490	18064e490	27	OK	13307292
3898	FUN_18064e4b0	18064e4b0	27	OK	13307483
3899	FUN_18064e4d0	18064e4d0	27	OK	13307674
3900	FUN_18064e4f0	18064e4f0	27	OK	13307865
3901	FUN_18064e510	18064e510	27	OK	13308056
3902	FUN_18064e530	18064e530	27	OK	13308247
3903	FUN_18064e550	18064e550	27	OK	13308438
3904	FUN_18064e570	18064e570	27	OK	13308629
3905	FUN_18064e590	18064e590	27	OK	13308820
3906	FUN_18064e5b0	18064e5b0	27	OK	13309011
3907	FUN_18064e5d0	18064e5d0	27	OK	13309202
3908	FUN_18064e5f0	18064e5f0	27	OK	13309393
3909	FUN_18064e610	18064e610	27	OK	13309584
3910	FUN_18064e630	18064e630	27	OK	13309775
3911	FUN_18064e650	18064e650	27	OK	13309966
3912	FUN_18064e670	18064e670	27	OK	13310157
3913	FUN_18064e690	18064e690	27	OK	13310348
3914	FUN_18064e6b0	18064e6b0	27	OK	13310539
3915	FUN_18064e6d0	18064e6d0	27	OK	13310730
3916	FUN_18064e6f0	18064e6f0	27	OK	13310921
3917	FUN_18064e710	18064e710	27	OK	13311112
3918	FUN_18064e730	18064e730	27	OK	13311303
3919	FUN_18064e750	18064e750	27	OK	13311494
3920	FUN_18064e770	18064e770	27	OK	13311685
3921	FUN_18064e790	18064e790	27	OK	13311876
3922	FUN_18064e7b0	18064e7b0	27	OK	13312067
3923	FUN_18064e7d0	18064e7d0	27	OK	13312258
3924	FUN_18064e7f0	18064e7f0	27	OK	13312449
3925	FUN_18064e810	18064e810	27	OK	13312640
3926	FUN_18064e830	18064e830	27	OK	13312831
3927	FUN_18064e850	18064e850	27	OK	13313022
3928	FUN_18064e870	18064e870	27	OK	13313213
3929	FUN_18064e890	18064e890	27	OK	13313404
3930	FUN_18064e8b0	18064e8b0	27	OK	13313595
3931	FUN_18064e8d0	18064e8d0	27	OK	13313786
3932	FUN_18064e8f0	18064e8f0	27	OK	13313977
3933	FUN_18064e910	18064e910	27	OK	13314168
3934	FUN_18064e930	18064e930	27	OK	13314359
3935	FUN_18064e950	18064e950	27	OK	13314550
3936	FUN_18064e970	18064e970	27	OK	13314741
3937	FUN_18064e990	18064e990	27	OK	13314932
3938	FUN_18064e9b0	18064e9b0	27	OK	13315123
3939	FUN_18064e9d0	18064e9d0	27	OK	13315314
3940	FUN_18064e9f0	18064e9f0	27	OK	13315505
3941	FUN_18064ea10	18064ea10	27	OK	13315696
3942	FUN_18064ea30	18064ea30	27	OK	13315887
3943	FUN_18064ea50	18064ea50	27	OK	13316078
3944	FUN_18064ea70	18064ea70	27	OK	13316269
3945	FUN_18064ea90	18064ea90	27	OK	13316460
3946	FUN_18064eab0	18064eab0	27	OK	13316651
3947	FUN_18064ead0	18064ead0	27	OK	13316842
3948	FUN_18064eaf0	18064eaf0	27	OK	13317033
3949	FUN_18064eb10	18064eb10	27	OK	13317224
3950	FUN_18064eb30	18064eb30	27	OK	13317415
3951	FUN_18064eb50	18064eb50	27	OK	13317606
3952	FUN_18064eb70	18064eb70	27	OK	13317797
3953	FUN_18064eb90	18064eb90	27	OK	13317988
3954	FUN_18064ebb0	18064ebb0	27	OK	13318179
3955	FUN_18064ebd0	18064ebd0	27	OK	13318370
3956	FUN_18064ebf0	18064ebf0	27	OK	13318561
3957	FUN_18064ec10	18064ec10	27	OK	13318752
3958	FUN_18064ec30	18064ec30	27	OK	13318943
3959	FUN_18064ec50	18064ec50	27	OK	13319134
3960	FUN_18064ec70	18064ec70	27	OK	13319325
3961	FUN_18064ec90	18064ec90	27	OK	13319516
3962	FUN_18064ecb0	18064ecb0	27	OK	13319707
3963	FUN_18064ecd0	18064ecd0	27	OK	13319898
3964	FUN_18064ecf0	18064ecf0	27	OK	13320089
3965	FUN_18064ed10	18064ed10	27	OK	13320280
3966	FUN_18064ed30	18064ed30	27	OK	13320471
3967	FUN_18064ed50	18064ed50	27	OK	13320662
3968	FUN_18064ed70	18064ed70	27	OK	13320853
3969	FUN_18064ed90	18064ed90	27	OK	13321044
3970	FUN_18064edb0	18064edb0	27	OK	13321235
3971	FUN_18064edd0	18064edd0	27	OK	13321426
3972	FUN_18064edf0	18064edf0	27	OK	13321617
3973	FUN_18064ee10	18064ee10	27	OK	13321808
3974	FUN_18064ee30	18064ee30	27	OK	13321999
3975	FUN_18064ee50	18064ee50	27	OK	13322190
3976	FUN_18064ee70	18064ee70	27	OK	13322381
3977	FUN_18064ee90	18064ee90	27	OK	13322572
3978	FUN_18064eeb0	18064eeb0	27	OK	13322763
3979	FUN_18064eed0	18064eed0	27	OK	13322954
3980	FUN_18064eef0	18064eef0	27	OK	13323145
3981	FUN_18064ef10	18064ef10	27	OK	13323336
3982	FUN_18064ef30	18064ef30	27	OK	13323527
3983	FUN_18064ef50	18064ef50	27	OK	13323718
3984	FUN_18064ef70	18064ef70	27	OK	13323909
3985	FUN_18064ef90	18064ef90	27	OK	13324100
3986	FUN_18064efb0	18064efb0	27	OK	13324291
3987	FUN_18064efd0	18064efd0	27	OK	13324482
3988	FUN_18064eff0	18064eff0	27	OK	13324673
3989	FUN_18064f010	18064f010	27	OK	13324864
3990	FUN_18064f030	18064f030	27	OK	13325055
3991	FUN_18064f050	18064f050	27	OK	13325246
3992	FUN_18064f070	18064f070	27	OK	13325437
3993	FUN_18064f090	18064f090	27	OK	13325628
3994	FUN_18064f0b0	18064f0b0	27	OK	13325819
3995	FUN_18064f0d0	18064f0d0	27	OK	13326010
3996	FUN_18064f0f0	18064f0f0	27	OK	13326201
3997	FUN_18064f110	18064f110	27	OK	13326392
3998	FUN_18064f130	18064f130	27	OK	13326583
3999	FUN_18064f150	18064f150	27	OK	13326774
4000	FUN_18064f170	18064f170	27	OK	13326965
4001	FUN_18064f190	18064f190	27	OK	13327156
4002	FUN_18064f1b0	18064f1b0	27	OK	13327347
4003	FUN_18064f1d0	18064f1d0	27	OK	13327538
4004	FUN_18064f1f0	18064f1f0	27	OK	13327729
4005	FUN_18064f210	18064f210	27	OK	13327920
4006	FUN_18064f230	18064f230	27	OK	13328111
4007	FUN_18064f250	18064f250	27	OK	13328302
4008	FUN_18064f270	18064f270	27	OK	13328493
4009	FUN_18064f290	18064f290	27	OK	13328684
4010	FUN_18064f2b0	18064f2b0	27	OK	13328875
4011	FUN_18064f2d0	18064f2d0	27	OK	13329066
4012	FUN_18064f2f0	18064f2f0	27	OK	13329257
4013	FUN_18064f310	18064f310	27	OK	13329448
4014	FUN_18064f330	18064f330	27	OK	13329639
4015	FUN_18064f350	18064f350	27	OK	13329830
4016	FUN_18064f370	18064f370	27	OK	13330021
4017	FUN_18064f390	18064f390	27	OK	13330212
4018	FUN_18064f3b0	18064f3b0	27	OK	13330403
4019	FUN_18064f3d0	18064f3d0	27	OK	13330594
4020	FUN_18064f3f0	18064f3f0	27	OK	13330785
4021	FUN_18064f410	18064f410	27	OK	13330976
4022	FUN_18064f430	18064f430	27	OK	13331167
4023	FUN_18064f450	18064f450	27	OK	13331358
4024	FUN_18064f470	18064f470	27	OK	13331549
4025	FUN_18064f490	18064f490	27	OK	13331740
4026	FUN_18064f4b0	18064f4b0	27	OK	13331931
4027	FUN_18064f4d0	18064f4d0	27	OK	13332122
4028	FUN_18064f4f0	18064f4f0	27	OK	13332313
4029	FUN_18064f510	18064f510	27	OK	13332504
4030	FUN_18064f530	18064f530	27	OK	13332695
4031	FUN_18064f550	18064f550	27	OK	13332886
4032	FUN_18064f570	18064f570	27	OK	13333077
4033	FUN_18064f590	18064f590	27	OK	13333268
4034	FUN_18064f5b0	18064f5b0	27	OK	13333459
4035	FUN_18064f5d0	18064f5d0	27	OK	13333650
4036	FUN_18064f5f0	18064f5f0	27	OK	13333841
4037	FUN_18064f610	18064f610	27	OK	13334032
4038	FUN_18064f630	18064f630	27	OK	13334223
4039	FUN_18064f650	18064f650	27	OK	13334414
4040	FUN_18064f670	18064f670	27	OK	13334605
4041	FUN_18064f690	18064f690	27	OK	13334796
4042	FUN_18064f6b0	18064f6b0	27	OK	13334987
4043	FUN_18064f6d0	18064f6d0	27	OK	13335178
4044	FUN_18064f6f0	18064f6f0	27	OK	13335369
4045	FUN_18064f710	18064f710	27	OK	13335560
4046	FUN_18064f730	18064f730	27	OK	13335751
4047	FUN_18064f750	18064f750	27	OK	13335942
4048	FUN_18064f770	18064f770	27	OK	13336133
4049	FUN_18064f790	18064f790	27	OK	13336324
4050	FUN_18064f7b0	18064f7b0	27	OK	13336515
4051	FUN_18064f7d0	18064f7d0	27	OK	13336706
4052	FUN_18064f7f0	18064f7f0	27	OK	13336897
4053	FUN_18064f810	18064f810	27	OK	13337088
4054	FUN_18064f830	18064f830	27	OK	13337279
4055	FUN_18064f850	18064f850	27	OK	13337470
4056	FUN_18064f870	18064f870	27	OK	13337661
4057	FUN_18064f890	18064f890	27	OK	13337852
4058	FUN_18064f8b0	18064f8b0	27	OK	13338043
4059	FUN_18064f8d0	18064f8d0	27	OK	13338234
4060	FUN_18064f8f0	18064f8f0	27	OK	13338425
4061	FUN_18064f910	18064f910	27	OK	13338616
4062	FUN_18064f930	18064f930	27	OK	13338807
4063	FUN_18064f950	18064f950	27	OK	13338998
4064	FUN_18064f970	18064f970	27	OK	13339189
4065	FUN_18064f990	18064f990	27	OK	13339380
4066	FUN_18064f9b0	18064f9b0	27	OK	13339571
4067	FUN_18064f9d0	18064f9d0	27	OK	13339762
4068	FUN_18064f9f0	18064f9f0	27	OK	13339953
4069	FUN_18064fa10	18064fa10	27	OK	13340144
4070	FUN_18064fa30	18064fa30	27	OK	13340335
4071	FUN_18064fa50	18064fa50	27	OK	13340526
4072	FUN_18064fa70	18064fa70	27	OK	13340717
4073	FUN_18064fa90	18064fa90	27	OK	13340908
4074	FUN_18064fab0	18064fab0	27	OK	13341099
4075	FUN_18064fad0	18064fad0	27	OK	13341290
4076	FUN_18064faf0	18064faf0	27	OK	13341481
4077	FUN_18064fb10	18064fb10	27	OK	13341672
4078	FUN_18064fb30	18064fb30	27	OK	13341863
4079	FUN_18064fb50	18064fb50	27	OK	13342054
4080	FUN_18064fb70	18064fb70	27	OK	13342245
4081	FUN_18064fb90	18064fb90	27	OK	13342436
4082	FUN_18064fbb0	18064fbb0	27	OK	13342627
4083	FUN_18064fbd0	18064fbd0	27	OK	13342818
4084	FUN_18064fbf0	18064fbf0	27	OK	13343009
4085	FUN_18064fc10	18064fc10	27	OK	13343200
4086	FUN_18064fc30	18064fc30	27	OK	13343391
4087	FUN_18064fc50	18064fc50	27	OK	13343582
4088	FUN_18064fc70	18064fc70	27	OK	13343773
4089	FUN_18064fc90	18064fc90	27	OK	13343964
4090	FUN_18064fcb0	18064fcb0	27	OK	13344155
4091	FUN_18064fcd0	18064fcd0	27	OK	13344346
4092	FUN_18064fcf0	18064fcf0	27	OK	13344537
4093	FUN_18064fd10	18064fd10	27	OK	13344728
4094	FUN_18064fd30	18064fd30	27	OK	13344919
4095	FUN_18064fd50	18064fd50	27	OK	13345110
4096	FUN_18064fd70	18064fd70	27	OK	13345301
4097	FUN_18064fd90	18064fd90	27	OK	13345492
4098	FUN_18064fdb0	18064fdb0	27	OK	13345683
4099	FUN_18064fdd0	18064fdd0	27	OK	13345874
4100	FUN_18064fdf0	18064fdf0	27	OK	13346065
4101	FUN_18064fe10	18064fe10	27	OK	13346256
4102	FUN_18064fe30	18064fe30	27	OK	13346447
4103	FUN_18064fe50	18064fe50	27	OK	13346638
4104	FUN_18064fe70	18064fe70	27	OK	13346829
4105	FUN_18064fe90	18064fe90	27	OK	13347020
4106	FUN_18064feb0	18064feb0	27	OK	13347211
4107	FUN_18064fed0	18064fed0	27	OK	13347402
4108	FUN_18064fef0	18064fef0	27	OK	13347593
4109	FUN_18064ff10	18064ff10	27	OK	13347784
4110	FUN_18064ff30	18064ff30	27	OK	13347975
4111	FUN_18064ff50	18064ff50	27	OK	13348166
4112	FUN_18064ff70	18064ff70	27	OK	13348357
4113	FUN_18064ff90	18064ff90	27	OK	13348548
4114	FUN_18064ffb0	18064ffb0	27	OK	13348739
4115	FUN_18064ffd0	18064ffd0	27	OK	13348930
4116	FUN_18064fff0	18064fff0	27	OK	13349121
4117	FUN_180650010	180650010	27	OK	13349312
4118	FUN_180650030	180650030	27	OK	13349503
4119	FUN_180650050	180650050	27	OK	13349694
4120	FUN_180650070	180650070	27	OK	13349885
4121	FUN_180650090	180650090	27	OK	13350076
4122	FUN_1806500b0	1806500b0	27	OK	13350267
4123	FUN_1806500d0	1806500d0	27	OK	13350458
4124	FUN_1806500f0	1806500f0	27	OK	13350649
4125	FUN_180650110	180650110	27	OK	13350840
4126	FUN_180650130	180650130	27	OK	13351031
4127	FUN_180650150	180650150	27	OK	13351222
4128	FUN_180650170	180650170	27	OK	13351413
4129	FUN_180650190	180650190	27	OK	13351604
4130	FUN_1806501b0	1806501b0	27	OK	13351795
4131	FUN_1806501d0	1806501d0	27	OK	13351986
4132	FUN_1806501f0	1806501f0	27	OK	13352177
4133	FUN_180650210	180650210	27	OK	13352368
4134	FUN_180650230	180650230	27	OK	13352559
4135	FUN_180650250	180650250	27	OK	13352750
4136	FUN_180650270	180650270	27	OK	13352941
4137	FUN_180650290	180650290	27	OK	13353132
4138	FUN_1806502b0	1806502b0	27	OK	13353323
4139	FUN_1806502d0	1806502d0	27	OK	13353514
4140	FUN_1806502f0	1806502f0	27	OK	13353705
4141	FUN_180650310	180650310	27	OK	13353896
4142	FUN_180650330	180650330	27	OK	13354087
4143	FUN_180650350	180650350	27	OK	13354278
4144	FUN_180650370	180650370	27	OK	13354469
4145	FUN_180650390	180650390	27	OK	13354660
4146	FUN_1806503b0	1806503b0	27	OK	13354851
4147	FUN_1806503d0	1806503d0	27	OK	13355042
4148	FUN_1806503f0	1806503f0	27	OK	13355233
4149	FUN_180650410	180650410	27	OK	13355424
4150	FUN_180650430	180650430	27	OK	13355615
4151	FUN_180650450	180650450	27	OK	13355806
4152	FUN_180650470	180650470	27	OK	13355997
4153	FUN_180650490	180650490	27	OK	13356188
4154	FUN_1806504b0	1806504b0	27	OK	13356379
4155	FUN_1806504d0	1806504d0	27	OK	13356570
4156	FUN_1806504f0	1806504f0	27	OK	13356761
4157	FUN_180650510	180650510	27	OK	13356952
4158	FUN_180650530	180650530	27	OK	13357143
4159	FUN_180650550	180650550	27	OK	13357334
4160	FUN_180650570	180650570	27	OK	13357525
4161	FUN_180650590	180650590	27	OK	13357716
4162	FUN_1806505b0	1806505b0	27	OK	13357907
4163	FUN_1806505d0	1806505d0	27	OK	13358098
4164	FUN_1806505f0	1806505f0	27	OK	13358289
4165	FUN_180650610	180650610	27	OK	13358480
4166	FUN_180650630	180650630	27	OK	13358671
4167	FUN_180650650	180650650	27	OK	13358862
4168	FUN_180650670	180650670	27	OK	13359053
4169	FUN_180650690	180650690	27	OK	13359244
4170	FUN_1806506b0	1806506b0	27	OK	13359435
4171	FUN_1806506d0	1806506d0	27	OK	13359626
4172	FUN_1806506f0	1806506f0	27	OK	13359817
4173	FUN_180650710	180650710	27	OK	13360008
4174	FUN_180650730	180650730	27	OK	13360199
4175	FUN_180650750	180650750	27	OK	13360390
4176	FUN_180650770	180650770	27	OK	13360581
4177	FUN_180650790	180650790	27	OK	13360772
4178	FUN_1806507b0	1806507b0	27	OK	13360963
4179	FUN_1806507d0	1806507d0	27	OK	13361154
4180	FUN_1806507f0	1806507f0	27	OK	13361345
4181	FUN_180650810	180650810	27	OK	13361536
4182	FUN_180650830	180650830	27	OK	13361727
4183	FUN_180650850	180650850	27	OK	13361918
4184	FUN_180650870	180650870	27	OK	13362109
4185	FUN_180650890	180650890	27	OK	13362300
4186	FUN_1806508b0	1806508b0	27	OK	13362491
4187	FUN_1806508d0	1806508d0	27	OK	13362682
4188	FUN_1806508f0	1806508f0	27	OK	13362873
4189	FUN_180650910	180650910	27	OK	13363064
4190	FUN_180650930	180650930	27	OK	13363255
4191	FUN_180650950	180650950	27	OK	13363446
4192	FUN_180650970	180650970	27	OK	13363637
4193	FUN_180650990	180650990	27	OK	13363828
4194	FUN_1806509b0	1806509b0	27	OK	13364019
4195	FUN_1806509d0	1806509d0	27	OK	13364210
4196	FUN_1806509f0	1806509f0	27	OK	13364401
4197	FUN_180650a10	180650a10	27	OK	13364592
4198	FUN_180650a30	180650a30	27	OK	13364783
4199	FUN_180650a50	180650a50	27	OK	13364974
4200	FUN_180650a70	180650a70	27	OK	13365165
4201	FUN_180650a90	180650a90	27	OK	13365356
4202	FUN_180650ab0	180650ab0	27	OK	13365547
4203	FUN_180650ad0	180650ad0	27	OK	13365738
4204	FUN_180650af0	180650af0	27	OK	13365929
4205	FUN_180650b10	180650b10	27	OK	13366120
4206	FUN_180650b30	180650b30	27	OK	13366311
4207	FUN_180650b50	180650b50	27	OK	13366502
4208	FUN_180650b70	180650b70	27	OK	13366693
4209	FUN_180650b90	180650b90	27	OK	13366884
4210	FUN_180650bb0	180650bb0	27	OK	13367075
4211	FUN_180650bd0	180650bd0	27	OK	13367266
4212	FUN_180650bf0	180650bf0	27	OK	13367457
4213	FUN_180650c10	180650c10	27	OK	13367648
4214	FUN_180650c30	180650c30	27	OK	13367839
4215	FUN_180650c50	180650c50	27	OK	13368030
4216	FUN_180650c70	180650c70	27	OK	13368221
4217	FUN_180650c90	180650c90	27	OK	13368412
4218	FUN_180650cb0	180650cb0	27	OK	13368603
4219	FUN_180650cd0	180650cd0	27	OK	13368794
4220	FUN_180650cf0	180650cf0	27	OK	13368985
4221	FUN_180650d10	180650d10	27	OK	13369176
4222	FUN_180650d30	180650d30	27	OK	13369367
4223	FUN_180650d50	180650d50	27	OK	13369558
4224	FUN_180650d70	180650d70	27	OK	13369749
4225	FUN_180650d90	180650d90	27	OK	13369940
4226	FUN_180650db0	180650db0	27	OK	13370131
4227	FUN_180650dd0	180650dd0	27	OK	13370322
4228	FUN_180650df0	180650df0	27	OK	13370513
4229	FUN_180650e10	180650e10	27	OK	13370704
4230	FUN_180650e30	180650e30	27	OK	13370895
4231	FUN_180650e50	180650e50	27	OK	13371086
4232	FUN_180650e70	180650e70	27	OK	13371277
4233	FUN_180650e90	180650e90	27	OK	13371468
4234	FUN_180650eb0	180650eb0	27	OK	13371659
4235	FUN_180650ed0	180650ed0	27	OK	13371850
4236	FUN_180650ef0	180650ef0	27	OK	13372041
4237	FUN_180650f10	180650f10	27	OK	13372232
4238	FUN_180650f30	180650f30	27	OK	13372423
4239	FUN_180650f50	180650f50	27	OK	13372614
4240	FUN_180650f70	180650f70	27	OK	13372805
4241	FUN_180650f90	180650f90	27	OK	13372996
4242	FUN_180650fb0	180650fb0	27	OK	13373187
4243	FUN_180650fd0	180650fd0	27	OK	13373378
4244	FUN_180650ff0	180650ff0	27	OK	13373569
4245	FUN_180651010	180651010	27	OK	13373760
4246	FUN_180651030	180651030	27	OK	13373951
4247	FUN_180651050	180651050	27	OK	13374142
4248	FUN_180651070	180651070	27	OK	13374333
4249	FUN_180651090	180651090	27	OK	13374524
4250	FUN_1806510b0	1806510b0	27	OK	13374715
4251	FUN_1806510d0	1806510d0	27	OK	13374906
4252	FUN_1806510f0	1806510f0	27	OK	13375097
4253	FUN_180651110	180651110	27	OK	13375288
4254	FUN_180651130	180651130	27	OK	13375479
4255	FUN_180651150	180651150	27	OK	13375670
4256	FUN_180651170	180651170	27	OK	13375861
4257	FUN_180651190	180651190	27	OK	13376052
4258	FUN_1806511b0	1806511b0	27	OK	13376243
4259	FUN_1806511d0	1806511d0	27	OK	13376434
4260	FUN_1806511f0	1806511f0	27	OK	13376625
4261	FUN_180651210	180651210	27	OK	13376816
4262	FUN_180651230	180651230	27	OK	13377007
4263	FUN_180651250	180651250	27	OK	13377198
4264	FUN_180651270	180651270	27	OK	13377389
4265	FUN_180651290	180651290	27	OK	13377580
4266	FUN_1806512b0	1806512b0	27	OK	13377771
4267	FUN_1806512d0	1806512d0	27	OK	13377962
4268	FUN_1806512f0	1806512f0	27	OK	13378153
4269	FUN_180651310	180651310	27	OK	13378344
4270	FUN_180651330	180651330	27	OK	13378535
4271	FUN_180651350	180651350	27	OK	13378726
4272	FUN_180651370	180651370	27	OK	13378917
4273	FUN_180651390	180651390	27	OK	13379108
4274	FUN_1806513b0	1806513b0	27	OK	13379299
4275	FUN_1806513d0	1806513d0	27	OK	13379490
4276	FUN_1806513f0	1806513f0	27	OK	13379681
4277	FUN_180651410	180651410	27	OK	13379872
4278	FUN_180651430	180651430	27	OK	13380063
4279	FUN_180651450	180651450	27	OK	13380254
4280	FUN_180651470	180651470	27	OK	13380445
4281	FUN_180651490	180651490	27	OK	13380636
4282	FUN_1806514b0	1806514b0	27	OK	13380827
4283	FUN_1806514d0	1806514d0	27	OK	13381018
4284	FUN_1806514f0	1806514f0	27	OK	13381209
4285	FUN_180651510	180651510	27	OK	13381400
4286	FUN_180651530	180651530	27	OK	13381591
4287	FUN_180651550	180651550	27	OK	13381782
4288	FUN_180651570	180651570	27	OK	13381973
4289	FUN_180651590	180651590	27	OK	13382164
4290	FUN_1806515b0	1806515b0	27	OK	13382355
4291	FUN_1806515d0	1806515d0	27	OK	13382546
4292	FUN_1806515f0	1806515f0	27	OK	13382737
4293	FUN_180651610	180651610	27	OK	13382928
4294	FUN_180651630	180651630	27	OK	13383119
4295	FUN_180651650	180651650	27	OK	13383310
4296	FUN_180651670	180651670	27	OK	13383501
4297	FUN_180651690	180651690	27	OK	13383692
4298	FUN_1806516b0	1806516b0	27	OK	13383883
4299	FUN_1806516d0	1806516d0	27	OK	13384074
4300	FUN_1806516f0	1806516f0	27	OK	13384265
4301	FUN_180651710	180651710	27	OK	13384456
4302	FUN_180651730	180651730	27	OK	13384647
4303	FUN_180651750	180651750	27	OK	13384838
4304	FUN_180651770	180651770	27	OK	13385029
4305	FUN_180651790	180651790	27	OK	13385220
4306	FUN_1806517b0	1806517b0	27	OK	13385411
4307	FUN_1806517d0	1806517d0	27	OK	13385602
4308	FUN_1806517f0	1806517f0	27	OK	13385793
4309	FUN_180651810	180651810	27	OK	13385984
4310	FUN_180651830	180651830	27	OK	13386175
4311	FUN_180651850	180651850	27	OK	13386366
4312	FUN_180651870	180651870	27	OK	13386557
4313	FUN_180651890	180651890	27	OK	13386748
4314	FUN_1806518b0	1806518b0	27	OK	13386939
4315	FUN_1806518d0	1806518d0	27	OK	13387130
4316	FUN_1806518f0	1806518f0	27	OK	13387321
4317	FUN_180651910	180651910	27	OK	13387512
4318	FUN_180651930	180651930	27	OK	13387703
4319	FUN_180651950	180651950	27	OK	13387894
4320	FUN_180651970	180651970	27	OK	13388085
4321	FUN_180651990	180651990	27	OK	13388276
4322	FUN_1806519b0	1806519b0	27	OK	13388467
4323	FUN_1806519d0	1806519d0	27	OK	13388658
4324	FUN_1806519f0	1806519f0	27	OK	13388849
4325	FUN_180651a10	180651a10	27	OK	13389040
4326	FUN_180651a30	180651a30	27	OK	13389231
4327	FUN_180651a50	180651a50	27	OK	13389422
4328	FUN_180651a70	180651a70	27	OK	13389613
4329	FUN_180651a90	180651a90	27	OK	13389804
4330	FUN_180651ab0	180651ab0	27	OK	13389995
4331	FUN_180651ad0	180651ad0	27	OK	13390186
4332	FUN_180651af0	180651af0	27	OK	13390377
4333	FUN_180651b10	180651b10	27	OK	13390568
4334	FUN_180651b30	180651b30	27	OK	13390759
4335	FUN_180651b50	180651b50	27	OK	13390950
4336	FUN_180651b70	180651b70	27	OK	13391141
4337	FUN_180651b90	180651b90	27	OK	13391332
4338	FUN_180651bb0	180651bb0	27	OK	13391523
4339	FUN_180651bd0	180651bd0	27	OK	13391714
4340	FUN_180651bf0	180651bf0	27	OK	13391905
4341	FUN_180651c10	180651c10	27	OK	13392096
4342	FUN_180651c30	180651c30	27	OK	13392287
4343	FUN_180651c50	180651c50	27	OK	13392478
4344	FUN_180651c70	180651c70	27	OK	13392669
4345	FUN_180651c90	180651c90	27	OK	13392860
4346	FUN_180651cb0	180651cb0	27	OK	13393051
4347	FUN_180651cd0	180651cd0	27	OK	13393242
4348	FUN_180651cf0	180651cf0	27	OK	13393433
4349	FUN_180651d10	180651d10	27	OK	13393624
4350	FUN_180651d30	180651d30	27	OK	13393815
4351	FUN_180651d50	180651d50	27	OK	13394006
4352	FUN_180651d70	180651d70	27	OK	13394197
4353	FUN_180651d90	180651d90	27	OK	13394388
4354	FUN_180651db0	180651db0	27	OK	13394579
4355	FUN_180651dd0	180651dd0	27	OK	13394770
4356	FUN_180651df0	180651df0	27	OK	13394961
4357	FUN_180651e10	180651e10	27	OK	13395152
4358	FUN_180651e30	180651e30	27	OK	13395343
4359	FUN_180651e50	180651e50	27	OK	13395534
4360	FUN_180651e70	180651e70	27	OK	13395725
4361	FUN_180651e90	180651e90	27	OK	13395916
4362	FUN_180651eb0	180651eb0	27	OK	13396107
4363	FUN_180651ed0	180651ed0	27	OK	13396298
4364	FUN_180651ef0	180651ef0	27	OK	13396489
4365	FUN_180651f10	180651f10	27	OK	13396680
4366	FUN_180651f30	180651f30	27	OK	13396871
4367	FUN_180651f50	180651f50	27	OK	13397062
4368	FUN_180651f70	180651f70	27	OK	13397253
4369	FUN_180651f90	180651f90	27	OK	13397444
4370	FUN_180651fb0	180651fb0	27	OK	13397635
4371	FUN_180651fd0	180651fd0	27	OK	13397826
4372	FUN_180651ff0	180651ff0	27	OK	13398017
4373	FUN_180652010	180652010	27	OK	13398208
4374	FUN_180652030	180652030	27	OK	13398399
4375	FUN_180652050	180652050	27	OK	13398590
4376	FUN_180652070	180652070	27	OK	13398781
4377	FUN_180652090	180652090	27	OK	13398972
4378	FUN_1806520b0	1806520b0	27	OK	13399163
4379	FUN_1806520d0	1806520d0	27	OK	13399354
4380	FUN_1806520f0	1806520f0	27	OK	13399545
4381	FUN_180652110	180652110	27	OK	13399736
4382	FUN_180652130	180652130	27	OK	13399927
4383	FUN_180652150	180652150	27	OK	13400118
4384	FUN_180652170	180652170	27	OK	13400309
4385	FUN_180652190	180652190	27	OK	13400500
4386	FUN_1806521b0	1806521b0	27	OK	13400691
4387	FUN_1806521d0	1806521d0	27	OK	13400882
4388	FUN_1806521f0	1806521f0	27	OK	13401073
4389	FUN_180652210	180652210	27	OK	13401264
4390	FUN_180652230	180652230	27	OK	13401455
4391	FUN_180652250	180652250	27	OK	13401646
4392	FUN_180652270	180652270	27	OK	13401837
4393	FUN_180652290	180652290	27	OK	13402028
4394	FUN_1806522b0	1806522b0	27	OK	13402219
4395	FUN_1806522d0	1806522d0	27	OK	13402410
4396	FUN_1806522f0	1806522f0	27	OK	13402601
4397	FUN_180652310	180652310	27	OK	13402792
4398	FUN_180652330	180652330	27	OK	13402983
4399	FUN_180652350	180652350	27	OK	13403174
4400	FUN_180652370	180652370	27	OK	13403365
4401	FUN_180652390	180652390	27	OK	13403556
4402	FUN_1806523b0	1806523b0	27	OK	13403747
4403	FUN_1806523d0	1806523d0	27	OK	13403938
4404	FUN_1806523f0	1806523f0	27	OK	13404129
4405	FUN_180652410	180652410	27	OK	13404320
4406	FUN_180652430	180652430	27	OK	13404511
4407	FUN_180652450	180652450	27	OK	13404702
4408	FUN_180652470	180652470	27	OK	13404893
4409	FUN_180652490	180652490	27	OK	13405084
4410	FUN_1806524b0	1806524b0	27	OK	13405275
4411	FUN_1806524d0	1806524d0	27	OK	13405466
4412	FUN_1806524f0	1806524f0	27	OK	13405657
4413	FUN_180652510	180652510	27	OK	13405848
4414	FUN_180652530	180652530	27	OK	13406039
4415	FUN_180652550	180652550	27	OK	13406230
4416	FUN_180652570	180652570	27	OK	13406421
4417	FUN_180652590	180652590	27	OK	13406612
4418	FUN_1806525b0	1806525b0	27	OK	13406803
4419	FUN_1806525d0	1806525d0	27	OK	13406994
4420	FUN_1806525f0	1806525f0	27	OK	13407185
4421	FUN_180652610	180652610	27	OK	13407376
4422	FUN_180652630	180652630	27	OK	13407567
4423	FUN_180652650	180652650	27	OK	13407758
4424	FUN_180652670	180652670	27	OK	13407949
4425	FUN_180652690	180652690	27	OK	13408140
4426	FUN_1806526b0	1806526b0	27	OK	13408331
4427	FUN_1806526d0	1806526d0	27	OK	13408522
4428	FUN_1806526f0	1806526f0	27	OK	13408713
4429	FUN_180652710	180652710	27	OK	13408904
4430	FUN_180652730	180652730	27	OK	13409095
4431	FUN_180652750	180652750	27	OK	13409286
4432	FUN_180652770	180652770	27	OK	13409477
4433	FUN_180652790	180652790	27	OK	13409668
4434	FUN_1806527b0	1806527b0	27	OK	13409859
4435	FUN_1806527d0	1806527d0	27	OK	13410050
4436	FUN_1806527f0	1806527f0	27	OK	13410241
4437	FUN_180652810	180652810	27	OK	13410432
4438	FUN_180652830	180652830	27	OK	13410623
4439	FUN_180652850	180652850	27	OK	13410814
4440	FUN_180652870	180652870	27	OK	13411005
4441	FUN_180652890	180652890	27	OK	13411195
4442	FUN_1806528b0	1806528b0	27	OK	13411386
4443	FUN_1806528d0	1806528d0	27	OK	13411577
4444	FUN_1806528f0	1806528f0	27	OK	13411768
4445	FUN_180652910	180652910	27	OK	13411959
4446	FUN_180652930	180652930	27	OK	13412150
4447	FUN_180652950	180652950	27	OK	13412341
4448	FUN_180652970	180652970	27	OK	13412532
4449	FUN_180652990	180652990	27	OK	13412723
4450	FUN_1806529b0	1806529b0	27	OK	13412914
4451	FUN_1806529d0	1806529d0	27	OK	13413105
4452	FUN_1806529f0	1806529f0	27	OK	13413296
4453	FUN_180652a10	180652a10	27	OK	13413487
4454	FUN_180652a30	180652a30	27	OK	13413678
4455	FUN_180652a50	180652a50	27	OK	13413869
4456	FUN_180652a70	180652a70	27	OK	13414060
4457	FUN_180652a90	180652a90	27	OK	13414251
4458	FUN_180652ab0	180652ab0	27	OK	13414442
4459	FUN_180652ad0	180652ad0	27	OK	13414633
4460	FUN_180652af0	180652af0	27	OK	13414824
4461	FUN_180652b10	180652b10	27	OK	13415015
4462	FUN_180652b30	180652b30	27	OK	13415206
4463	FUN_180652b50	180652b50	27	OK	13415397
4464	FUN_180652b70	180652b70	27	OK	13415588
4465	FUN_180652b90	180652b90	27	OK	13415779
4466	FUN_180652bb0	180652bb0	27	OK	13415970
4467	FUN_180652bd0	180652bd0	27	OK	13416161
4468	FUN_180652bf0	180652bf0	27	OK	13416352
4469	FUN_180652c10	180652c10	27	OK	13416543
4470	FUN_180652c30	180652c30	27	OK	13416734
4471	FUN_180652c50	180652c50	27	OK	13416925
4472	FUN_180652c70	180652c70	27	OK	13417116
4473	FUN_180652c90	180652c90	27	OK	13417307
4474	FUN_180652cb0	180652cb0	27	OK	13417498
4475	FUN_180652cd0	180652cd0	27	OK	13417689
4476	FUN_180652cf0	180652cf0	27	OK	13417880
4477	FUN_180652d10	180652d10	27	OK	13418071
4478	FUN_180652d30	180652d30	27	OK	13418262
4479	FUN_180652d50	180652d50	27	OK	13418453
4480	FUN_180652d70	180652d70	27	OK	13418644
4481	FUN_180652d90	180652d90	27	OK	13418835
4482	FUN_180652db0	180652db0	27	OK	13419026
4483	FUN_180652dd0	180652dd0	27	OK	13419217
4484	FUN_180652df0	180652df0	27	OK	13419408
4485	FUN_180652e10	180652e10	27	OK	13419599
4486	FUN_180652e30	180652e30	27	OK	13419790
4487	FUN_180652e50	180652e50	27	OK	13419981
4488	FUN_180652e70	180652e70	27	OK	13420172
4489	FUN_180652e90	180652e90	27	OK	13420363
4490	FUN_180652eb0	180652eb0	27	OK	13420554
4491	FUN_180652ed0	180652ed0	27	OK	13420745
4492	FUN_180652ef0	180652ef0	27	OK	13420936
4493	FUN_180652f10	180652f10	27	OK	13421127
4494	FUN_180652f30	180652f30	27	OK	13421318
4495	FUN_180652f50	180652f50	27	OK	13421509
4496	FUN_180652f70	180652f70	27	OK	13421700
4497	FUN_180652f90	180652f90	27	OK	13421891
4498	FUN_180652fb0	180652fb0	27	OK	13422082
4499	FUN_180652fd0	180652fd0	27	OK	13422273
4500	FUN_180652ff0	180652ff0	27	OK	13422464
4501	FUN_180653010	180653010	27	OK	13422655
4502	FUN_180653030	180653030	27	OK	13422846
4503	FUN_180653050	180653050	27	OK	13423037
4504	FUN_180653070	180653070	27	OK	13423228
4505	FUN_180653090	180653090	27	OK	13423419
4506	FUN_1806530b0	1806530b0	27	OK	13423610
4507	FUN_1806530d0	1806530d0	27	OK	13423801
4508	FUN_1806530f0	1806530f0	27	OK	13423992
4509	FUN_180653110	180653110	27	OK	13424183
4510	FUN_180653130	180653130	27	OK	13424374
4511	FUN_180653150	180653150	27	OK	13424565
4512	FUN_180653170	180653170	27	OK	13424756
4513	FUN_180653190	180653190	27	OK	13424947
4514	FUN_1806531b0	1806531b0	27	OK	13425138
4515	FUN_1806531d0	1806531d0	27	OK	13425329
4516	FUN_1806531f0	1806531f0	27	OK	13425520
4517	FUN_180653210	180653210	27	OK	13425711
4518	FUN_180653230	180653230	27	OK	13425902
4519	FUN_180653250	180653250	27	OK	13426093
4520	FUN_180653270	180653270	27	OK	13426284
4521	FUN_180653290	180653290	27	OK	13426475
4522	FUN_1806532b0	1806532b0	27	OK	13426666
4523	FUN_1806532d0	1806532d0	27	OK	13426857
4524	FUN_1806532f0	1806532f0	27	OK	13427048
4525	FUN_180653310	180653310	27	OK	13427239
4526	FUN_180653330	180653330	27	OK	13427430
4527	FUN_180653350	180653350	27	OK	13427621
4528	FUN_180653370	180653370	27	OK	13427812
4529	FUN_180653390	180653390	27	OK	13428003
4530	FUN_1806533b0	1806533b0	27	OK	13428194
4531	FUN_1806533d0	1806533d0	27	OK	13428385
4532	FUN_1806533f0	1806533f0	27	OK	13428576
4533	FUN_180653410	180653410	27	OK	13428767
4534	FUN_180653430	180653430	27	OK	13428958
4535	FUN_180653450	180653450	27	OK	13429149
4536	FUN_180653470	180653470	27	OK	13429340
4537	FUN_180653490	180653490	27	OK	13429531
4538	FUN_1806534b0	1806534b0	27	OK	13429722
4539	FUN_1806534d0	1806534d0	27	OK	13429913
4540	FUN_1806534f0	1806534f0	27	OK	13430104
4541	FUN_180653510	180653510	27	OK	13430295
4542	FUN_180653530	180653530	27	OK	13430486
4543	FUN_180653550	180653550	27	OK	13430677
4544	FUN_180653570	180653570	27	OK	13430868
4545	FUN_180653590	180653590	27	OK	13431059
4546	FUN_1806535b0	1806535b0	27	OK	13431250
4547	FUN_1806535d0	1806535d0	27	OK	13431441
4548	FUN_1806535f0	1806535f0	27	OK	13431632
4549	FUN_180653610	180653610	27	OK	13431823
4550	FUN_180653630	180653630	27	OK	13432014
4551	FUN_180653650	180653650	27	OK	13432205
4552	FUN_180653670	180653670	27	OK	13432396
4553	FUN_180653690	180653690	27	OK	13432587
4554	FUN_1806536b0	1806536b0	27	OK	13432778
4555	FUN_1806536d0	1806536d0	27	OK	13432969
4556	FUN_1806536f0	1806536f0	27	OK	13433160
4557	FUN_180653710	180653710	27	OK	13433351
4558	FUN_180653730	180653730	27	OK	13433542
4559	FUN_180653750	180653750	27	OK	13433733
4560	FUN_180653770	180653770	27	OK	13433924
4561	FUN_180653790	180653790	27	OK	13434115
4562	FUN_1806537b0	1806537b0	27	OK	13434306
4563	FUN_1806537d0	1806537d0	27	OK	13434497
4564	FUN_1806537f0	1806537f0	27	OK	13434688
4565	FUN_180653810	180653810	27	OK	13434879
4566	FUN_180653830	180653830	27	OK	13435070
4567	FUN_180653850	180653850	27	OK	13435261
4568	FUN_180653870	180653870	27	OK	13435452
4569	FUN_180653890	180653890	27	OK	13435643
4570	FUN_1806538b0	1806538b0	27	OK	13435834
4571	FUN_1806538d0	1806538d0	27	OK	13436025
4572	FUN_1806538f0	1806538f0	27	OK	13436216
4573	FUN_180653910	180653910	27	OK	13436407
4574	FUN_180653930	180653930	27	OK	13436598
4575	FUN_180653950	180653950	27	OK	13436789
4576	FUN_180653970	180653970	27	OK	13436980
4577	FUN_180653990	180653990	27	OK	13437171
4578	FUN_1806539b0	1806539b0	27	OK	13437362
4579	FUN_1806539d0	1806539d0	27	OK	13437553
4580	FUN_1806539f0	1806539f0	27	OK	13437744
4581	FUN_180653a10	180653a10	27	OK	13437935
4582	FUN_180653a30	180653a30	27	OK	13438126
4583	FUN_180653a50	180653a50	27	OK	13438317
4584	FUN_180653a70	180653a70	27	OK	13438508
4585	FUN_180653a90	180653a90	27	OK	13438699
4586	FUN_180653ab0	180653ab0	27	OK	13438890
4587	FUN_180653ad0	180653ad0	27	OK	13439081
4588	FUN_180653af0	180653af0	27	OK	13439272
4589	FUN_180653b10	180653b10	27	OK	13439463
4590	FUN_180653b30	180653b30	27	OK	13439654
4591	FUN_180653b50	180653b50	27	OK	13439845
4592	FUN_180653b70	180653b70	27	OK	13440036
4593	FUN_180653b90	180653b90	27	OK	13440227
4594	FUN_180653bb0	180653bb0	27	OK	13440418
4595	FUN_180653bd0	180653bd0	27	OK	13440609
4596	FUN_180653bf0	180653bf0	27	OK	13440800
4597	FUN_180653c10	180653c10	27	OK	13440991
4598	FUN_180653c30	180653c30	27	OK	13441182
4599	FUN_180653c50	180653c50	27	OK	13441373
4600	FUN_180653c70	180653c70	27	OK	13441564
4601	FUN_180653c90	180653c90	27	OK	13441755
4602	FUN_180653cb0	180653cb0	27	OK	13441946
4603	FUN_180653cd0	180653cd0	27	OK	13442137
4604	FUN_180653cf0	180653cf0	27	OK	13442328
4605	FUN_180653d10	180653d10	27	OK	13442519
4606	FUN_180653d30	180653d30	27	OK	13442710
4607	FUN_180653d50	180653d50	27	OK	13442901
4608	FUN_180653d70	180653d70	27	OK	13443092
4609	FUN_180653d90	180653d90	27	OK	13443283
4610	FUN_180653db0	180653db0	27	OK	13443474
4611	FUN_180653dd0	180653dd0	27	OK	13443665
4612	FUN_180653df0	180653df0	27	OK	13443856
4613	FUN_180653e10	180653e10	27	OK	13444047
4614	FUN_180653e30	180653e30	27	OK	13444238
4615	FUN_180653e50	180653e50	27	OK	13444429
4616	FUN_180653e70	180653e70	27	OK	13444620
4617	FUN_180653e90	180653e90	27	OK	13444811
4618	FUN_180653eb0	180653eb0	27	OK	13445002
4619	FUN_180653ed0	180653ed0	27	OK	13445193
4620	FUN_180653ef0	180653ef0	27	OK	13445384
4621	FUN_180653f10	180653f10	27	OK	13445575
4622	FUN_180653f30	180653f30	27	OK	13445766
4623	FUN_180653f50	180653f50	27	OK	13445957
4624	FUN_180653f70	180653f70	27	OK	13446148
4625	FUN_180653f90	180653f90	27	OK	13446339
4626	FUN_180653fb0	180653fb0	27	OK	13446530
4627	FUN_180653fd0	180653fd0	27	OK	13446721
4628	FUN_180653ff0	180653ff0	27	OK	13446912
4629	FUN_180654010	180654010	27	OK	13447103
4630	FUN_180654030	180654030	27	OK	13447294
4631	FUN_180654050	180654050	27	OK	13447485
4632	FUN_180654070	180654070	27	OK	13447676
4633	FUN_180654090	180654090	27	OK	13447867
4634	FUN_1806540b0	1806540b0	27	OK	13448058
4635	FUN_1806540d0	1806540d0	27	OK	13448249
4636	FUN_1806540f0	1806540f0	27	OK	13448440
4637	FUN_180654110	180654110	27	OK	13448631
4638	FUN_180654130	180654130	27	OK	13448822
4639	FUN_180654150	180654150	27	OK	13449013
4640	FUN_180654170	180654170	27	OK	13449204
4641	FUN_180654190	180654190	27	OK	13449395
4642	FUN_1806541b0	1806541b0	27	OK	13449586
4643	FUN_1806541d0	1806541d0	27	OK	13449777
4644	FUN_1806541f0	1806541f0	27	OK	13449968
4645	FUN_180654210	180654210	27	OK	13450159
4646	FUN_180654230	180654230	27	OK	13450350
4647	FUN_180654250	180654250	27	OK	13450541
4648	FUN_180654270	180654270	27	OK	13450732
4649	FUN_180654290	180654290	27	OK	13450923
4650	FUN_1806542b0	1806542b0	27	OK	13451114
4651	FUN_1806542d0	1806542d0	27	OK	13451305
4652	FUN_1806542f0	1806542f0	27	OK	13451496
4653	FUN_180654310	180654310	27	OK	13451687
4654	FUN_180654330	180654330	27	OK	13451878
4655	FUN_180654350	180654350	27	OK	13452069
4656	FUN_180654370	180654370	27	OK	13452260
4657	FUN_180654390	180654390	27	OK	13452451
4658	FUN_1806543b0	1806543b0	27	OK	13452642
4659	FUN_1806543d0	1806543d0	27	OK	13452833
4660	FUN_1806543f0	1806543f0	27	OK	13453024
4661	FUN_180654410	180654410	27	OK	13453215
4662	FUN_180654430	180654430	27	OK	13453406
4663	FUN_180654450	180654450	27	OK	13453597
4664	FUN_180654470	180654470	27	OK	13453788
4665	FUN_180654490	180654490	27	OK	13453979
4666	FUN_1806544b0	1806544b0	27	OK	13454170
4667	FUN_1806544d0	1806544d0	27	OK	13454361
4668	FUN_1806544f0	1806544f0	27	OK	13454552
4669	FUN_180654510	180654510	27	OK	13454743
4670	FUN_180654530	180654530	27	OK	13454934
4671	FUN_180654550	180654550	27	OK	13455125
4672	FUN_180654570	180654570	27	OK	13455316
4673	FUN_180654590	180654590	27	OK	13455507
4674	FUN_1806545b0	1806545b0	27	OK	13455698
4675	FUN_1806545d0	1806545d0	27	OK	13455889
4676	FUN_1806545f0	1806545f0	27	OK	13456080
4677	FUN_180654610	180654610	27	OK	13456271
4678	FUN_180654630	180654630	27	OK	13456462
4679	FUN_180654650	180654650	45	OK	13456706
4680	FUN_180654680	180654680	41	OK	13457044
4681	FUN_1806546b0	1806546b0	69	OK	13457565
4682	FUN_180654700	180654700	71	OK	13458087
4683	FUN_180654750	180654750	135	OK	13458858
4684	FUN_1806547e0	1806547e0	59	OK	13459322
4685	FUN_180654820	180654820	86	OK	13459930
4686	FUN_1806549c0	1806549c0	45	OK	13460171
4687	FUN_1806549f0	1806549f0	38	OK	13460506
4688	FUN_180654a20	180654a20	27	OK	13460697
4689	FUN_180654a40	180654a40	27	OK	13460888
4690	FUN_180654a60	180654a60	27	OK	13461079
4691	FUN_180654a80	180654a80	27	OK	13461270
4692	FUN_180654aa0	180654aa0	27	OK	13461461
4693	FUN_180654ac0	180654ac0	27	OK	13461652
4694	FUN_180654ae0	180654ae0	27	OK	13461843
4695	FUN_180654b00	180654b00	27	OK	13462034
4696	FUN_180654b20	180654b20	27	OK	13462225
4697	FUN_180654b40	180654b40	27	OK	13462416
4698	FUN_180654b60	180654b60	27	OK	13462607
4699	FUN_180654b80	180654b80	27	OK	13462798
4700	FUN_180654ba0	180654ba0	27	OK	13462989
4701	FUN_180654bc0	180654bc0	27	OK	13463180
4702	FUN_180654be0	180654be0	27	OK	13463371
4703	FUN_180654c00	180654c00	27	OK	13463562
4704	FUN_180654c20	180654c20	27	OK	13463753
4705	FUN_180654c40	180654c40	27	OK	13463944
4706	FUN_180654c60	180654c60	27	OK	13464135
4707	FUN_180654c80	180654c80	27	OK	13464326
4708	FUN_180654ca0	180654ca0	27	OK	13464517
4709	FUN_180654cc0	180654cc0	27	OK	13464708
4710	FUN_180654ce0	180654ce0	27	OK	13464899
4711	FUN_180654d00	180654d00	27	OK	13465090
4712	FUN_180654d20	180654d20	27	OK	13465281
4713	FUN_180654d40	180654d40	27	OK	13465472
4714	FUN_180654d60	180654d60	27	OK	13465663
4715	FUN_180654d80	180654d80	27	OK	13465854
4716	FUN_180654da0	180654da0	27	OK	13466045
4717	FUN_180654dc0	180654dc0	27	OK	13466236
4718	FUN_180654de0	180654de0	27	OK	13466427
4719	FUN_180654e00	180654e00	27	OK	13466618
4720	FUN_180654e20	180654e20	27	OK	13466809
4721	FUN_180654e40	180654e40	27	OK	13467000
4722	FUN_180654e60	180654e60	27	OK	13467191
4723	FUN_180654e80	180654e80	27	OK	13467382
4724	FUN_180654ea0	180654ea0	27	OK	13467573
4725	FUN_180654ec0	180654ec0	27	OK	13467764
4726	FUN_180654ee0	180654ee0	27	OK	13467955
4727	FUN_180654f00	180654f00	27	OK	13468146
4728	FUN_180654f20	180654f20	27	OK	13468337
4729	FUN_180654f40	180654f40	27	OK	13468528
4730	FUN_180654f60	180654f60	27	OK	13468719
4731	FUN_180654f80	180654f80	27	OK	13468910
4732	FUN_180654fa0	180654fa0	27	OK	13469101
4733	FUN_180654fc0	180654fc0	27	OK	13469292
4734	FUN_180654fe0	180654fe0	27	OK	13469483
4735	FUN_180655000	180655000	27	OK	13469674
4736	FUN_180655020	180655020	27	OK	13469865
4737	FUN_180655040	180655040	27	OK	13470056
4738	FUN_180655060	180655060	27	OK	13470247
4739	FUN_180655080	180655080	27	OK	13470438
4740	FUN_1806550a0	1806550a0	27	OK	13470629
4741	FUN_1806550c0	1806550c0	27	OK	13470820
4742	FUN_1806550e0	1806550e0	27	OK	13471011
4743	FUN_180655100	180655100	27	OK	13471202
4744	FUN_180655120	180655120	27	OK	13471393
4745	FUN_180655140	180655140	27	OK	13471584
4746	FUN_180655160	180655160	27	OK	13471775
4747	FUN_180655180	180655180	27	OK	13471966
4748	FUN_1806551a0	1806551a0	27	OK	13472157
4749	FUN_1806551c0	1806551c0	27	OK	13472348
4750	FUN_1806551e0	1806551e0	27	OK	13472539
4751	FUN_180655200	180655200	27	OK	13472730
4752	FUN_180655220	180655220	27	OK	13472921
4753	FUN_180655240	180655240	27	OK	13473112
4754	FUN_180655260	180655260	27	OK	13473303
4755	FUN_180655280	180655280	27	OK	13473494
4756	FUN_1806552a0	1806552a0	27	OK	13473685
4757	FUN_1806552c0	1806552c0	27	OK	13473876
4758	FUN_1806552e0	1806552e0	27	OK	13474067
4759	FUN_180655300	180655300	27	OK	13474258
4760	FUN_180655320	180655320	27	OK	13474449
4761	FUN_180655340	180655340	27	OK	13474640
4762	FUN_180655360	180655360	27	OK	13474831
4763	FUN_180655380	180655380	27	OK	13475022
4764	FUN_1806553a0	1806553a0	27	OK	13475213
4765	FUN_1806553c0	1806553c0	27	OK	13475404
4766	FUN_1806553e0	1806553e0	27	OK	13475595
4767	FUN_180655400	180655400	27	OK	13475786
4768	FUN_180655420	180655420	27	OK	13475977
4769	FUN_180655440	180655440	27	OK	13476168
4770	FUN_180655460	180655460	27	OK	13476359
4771	FUN_180655480	180655480	27	OK	13476550
4772	FUN_1806554a0	1806554a0	27	OK	13476741
4773	FUN_1806554c0	1806554c0	27	OK	13476932
4774	FUN_1806554e0	1806554e0	27	OK	13477123
4775	FUN_180655500	180655500	27	OK	13477314
4776	FUN_180655520	180655520	27	OK	13477505
4777	FUN_180655540	180655540	27	OK	13477696
4778	FUN_180655560	180655560	27	OK	13477887
4779	FUN_180655580	180655580	27	OK	13478078
4780	FUN_1806555a0	1806555a0	27	OK	13478269
4781	FUN_1806555c0	1806555c0	27	OK	13478460
4782	FUN_1806555e0	1806555e0	27	OK	13478651
4783	FUN_180655600	180655600	27	OK	13478842
4784	FUN_180655620	180655620	27	OK	13479033
4785	FUN_180655640	180655640	27	OK	13479224
4786	FUN_180655660	180655660	27	OK	13479415
4787	FUN_180655680	180655680	27	OK	13479606
4788	FUN_1806556a0	1806556a0	27	OK	13479797
4789	FUN_1806556c0	1806556c0	27	OK	13479988
4790	FUN_1806556e0	1806556e0	27	OK	13480179
4791	FUN_180655700	180655700	27	OK	13480370
4792	FUN_180655720	180655720	27	OK	13480561
4793	FUN_180655740	180655740	27	OK	13480752
4794	FUN_180655760	180655760	27	OK	13480943
4795	FUN_180655780	180655780	27	OK	13481134
4796	FUN_1806557a0	1806557a0	27	OK	13481325
4797	FUN_1806557c0	1806557c0	27	OK	13481516
4798	FUN_1806557e0	1806557e0	27	OK	13481707
4799	FUN_180655800	180655800	27	OK	13481898
4800	FUN_180655820	180655820	27	OK	13482089
4801	FUN_180655840	180655840	27	OK	13482280
4802	FUN_180655860	180655860	27	OK	13482471
4803	FUN_180655880	180655880	27	OK	13482662
4804	FUN_1806558a0	1806558a0	27	OK	13482853
4805	FUN_1806558c0	1806558c0	27	OK	13483044
4806	FUN_1806558e0	1806558e0	27	OK	13483235
4807	FUN_180655900	180655900	27	OK	13483426
4808	FUN_180655920	180655920	27	OK	13483617
4809	FUN_180655940	180655940	27	OK	13483808
4810	FUN_180655960	180655960	27	OK	13483999
4811	FUN_180655980	180655980	27	OK	13484190
4812	FUN_1806559a0	1806559a0	27	OK	13484381
4813	FUN_1806559c0	1806559c0	27	OK	13484572
4814	FUN_1806559e0	1806559e0	27	OK	13484763
4815	FUN_180655a00	180655a00	27	OK	13484954
4816	FUN_180655a20	180655a20	27	OK	13485145
4817	FUN_180655a40	180655a40	27	OK	13485336
4818	FUN_180655a60	180655a60	27	OK	13485527
4819	FUN_180655a80	180655a80	27	OK	13485718
4820	FUN_180655aa0	180655aa0	27	OK	13485909
4821	FUN_180655ac0	180655ac0	27	OK	13486100
4822	FUN_180655ae0	180655ae0	27	OK	13486291
4823	FUN_180655b00	180655b00	27	OK	13486482
4824	FUN_180655b20	180655b20	27	OK	13486673
4825	FUN_180655b40	180655b40	27	OK	13486864
4826	FUN_180655b60	180655b60	27	OK	13487055
4827	FUN_180655b80	180655b80	27	OK	13487246
4828	FUN_180655ba0	180655ba0	27	OK	13487437
4829	FUN_180655bc0	180655bc0	27	OK	13487628
4830	FUN_180655be0	180655be0	27	OK	13487819
4831	FUN_180655c00	180655c00	27	OK	13488010
4832	FUN_180655c20	180655c20	27	OK	13488201
4833	FUN_180655c40	180655c40	27	OK	13488392
4834	FUN_180655c60	180655c60	27	OK	13488583
4835	FUN_180655c80	180655c80	27	OK	13488774
4836	FUN_180655ca0	180655ca0	27	OK	13488965
4837	FUN_180655cc0	180655cc0	27	OK	13489156
4838	FUN_180655ce0	180655ce0	27	OK	13489347
4839	FUN_180655d00	180655d00	27	OK	13489538
4840	FUN_180655d20	180655d20	27	OK	13489729
4841	FUN_180655d40	180655d40	27	OK	13489920
4842	FUN_180655d60	180655d60	27	OK	13490111
4843	FUN_180655d80	180655d80	27	OK	13490302
4844	FUN_180655da0	180655da0	27	OK	13490493
4845	FUN_180655dc0	180655dc0	27	OK	13490684
4846	FUN_180655de0	180655de0	27	OK	13490875
4847	FUN_180655e00	180655e00	27	OK	13491066
4848	FUN_180655e20	180655e20	27	OK	13491257
4849	FUN_180655e40	180655e40	27	OK	13491448
4850	FUN_180655e60	180655e60	27	OK	13491639
4851	FUN_180655e80	180655e80	27	OK	13491830
4852	FUN_180655ea0	180655ea0	27	OK	13492021
4853	FUN_180655ec0	180655ec0	27	OK	13492212
4854	FUN_180655ee0	180655ee0	27	OK	13492403
4855	FUN_180655f00	180655f00	27	OK	13492594
4856	FUN_180655f20	180655f20	27	OK	13492785
4857	FUN_180655f40	180655f40	27	OK	13492976
4858	FUN_180655f60	180655f60	27	OK	13493167
4859	FUN_180655f80	180655f80	27	OK	13493358
4860	FUN_180655fa0	180655fa0	27	OK	13493549
4861	FUN_180655fc0	180655fc0	27	OK	13493740
4862	FUN_180655fe0	180655fe0	27	OK	13493931
4863	FUN_180656000	180656000	27	OK	13494122
4864	FUN_180656020	180656020	27	OK	13494313
4865	FUN_180656040	180656040	27	OK	13494504
4866	FUN_180656060	180656060	27	OK	13494695
4867	FUN_180656080	180656080	27	OK	13494886
4868	FUN_1806560a0	1806560a0	27	OK	13495077
4869	FUN_1806560c0	1806560c0	27	OK	13495268
4870	FUN_1806560e0	1806560e0	27	OK	13495459
4871	FUN_180656100	180656100	27	OK	13495650
4872	FUN_180656120	180656120	27	OK	13495841
4873	FUN_180656140	180656140	27	OK	13496032
4874	FUN_180656160	180656160	27	OK	13496223
4875	FUN_180656180	180656180	27	OK	13496414
4876	FUN_1806561a0	1806561a0	27	OK	13496605
4877	FUN_1806561c0	1806561c0	27	OK	13496796
4878	FUN_1806561e0	1806561e0	27	OK	13496987
4879	FUN_180656200	180656200	27	OK	13497178
4880	FUN_180656220	180656220	27	OK	13497369
4881	FUN_180656240	180656240	27	OK	13497560
4882	FUN_180656260	180656260	27	OK	13497751
4883	FUN_180656280	180656280	27	OK	13497942
4884	FUN_1806562a0	1806562a0	27	OK	13498133
4885	FUN_1806562c0	1806562c0	27	OK	13498324
4886	FUN_1806562e0	1806562e0	27	OK	13498515
4887	FUN_180656300	180656300	27	OK	13498706
4888	FUN_180656320	180656320	27	OK	13498897
4889	FUN_180656340	180656340	27	OK	13499088
4890	FUN_180656360	180656360	27	OK	13499279
4891	FUN_180656380	180656380	27	OK	13499470
4892	FUN_1806563a0	1806563a0	27	OK	13499661
4893	FUN_1806563c0	1806563c0	27	OK	13499852
4894	FUN_1806563e0	1806563e0	27	OK	13500043
4895	FUN_180656400	180656400	27	OK	13500234
4896	FUN_180656420	180656420	27	OK	13500425
4897	FUN_180656440	180656440	27	OK	13500616
4898	FUN_180656460	180656460	27	OK	13500807
4899	FUN_180656480	180656480	27	OK	13500998
4900	FUN_1806564a0	1806564a0	27	OK	13501189
4901	FUN_1806564c0	1806564c0	27	OK	13501380
4902	FUN_1806564e0	1806564e0	27	OK	13501571
4903	FUN_180656500	180656500	27	OK	13501762
4904	FUN_180656520	180656520	27	OK	13501953
4905	FUN_180656540	180656540	27	OK	13502144
4906	FUN_180656560	180656560	27	OK	13502335
4907	FUN_180656580	180656580	27	OK	13502526
4908	FUN_1806565a0	1806565a0	27	OK	13502717
4909	FUN_1806565c0	1806565c0	27	OK	13502908
4910	FUN_1806565e0	1806565e0	27	OK	13503099
4911	FUN_180656600	180656600	27	OK	13503290
4912	FUN_180656620	180656620	27	OK	13503481
4913	FUN_180656640	180656640	27	OK	13503672
4914	FUN_180656660	180656660	27	OK	13503863
4915	FUN_180656680	180656680	27	OK	13504054
4916	FUN_1806566a0	1806566a0	27	OK	13504245
4917	FUN_1806566c0	1806566c0	27	OK	13504436
4918	FUN_1806566e0	1806566e0	27	OK	13504627
4919	FUN_180656700	180656700	27	OK	13504818
4920	FUN_180656720	180656720	27	OK	13505009
4921	FUN_180656740	180656740	27	OK	13505200
4922	FUN_180656760	180656760	27	OK	13505391
4923	FUN_180656780	180656780	27	OK	13505582
4924	FUN_1806567a0	1806567a0	27	OK	13505773
4925	FUN_1806567c0	1806567c0	27	OK	13505964
4926	FUN_1806567e0	1806567e0	27	OK	13506155
4927	FUN_180656800	180656800	27	OK	13506346
4928	FUN_180656820	180656820	27	OK	13506537
4929	FUN_180656840	180656840	27	OK	13506728
4930	FUN_180656860	180656860	27	OK	13506919
4931	FUN_180656880	180656880	27	OK	13507110
4932	FUN_1806568a0	1806568a0	27	OK	13507301
4933	FUN_1806568c0	1806568c0	27	OK	13507492
4934	FUN_1806568e0	1806568e0	27	OK	13507683
4935	FUN_180656900	180656900	27	OK	13507874
4936	FUN_180656920	180656920	27	OK	13508065
4937	FUN_180656940	180656940	27	OK	13508256
4938	FUN_180656960	180656960	27	OK	13508447
4939	FUN_180656980	180656980	27	OK	13508638
4940	FUN_1806569a0	1806569a0	27	OK	13508829
4941	FUN_1806569c0	1806569c0	27	OK	13509020
4942	FUN_1806569e0	1806569e0	27	OK	13509211
4943	FUN_180656a00	180656a00	27	OK	13509402
4944	FUN_180656a20	180656a20	27	OK	13509593
4945	FUN_180656a40	180656a40	27	OK	13509784
4946	FUN_180656a60	180656a60	27	OK	13509975
4947	FUN_180656a80	180656a80	27	OK	13510166
4948	FUN_180656aa0	180656aa0	27	OK	13510357
4949	FUN_180656ac0	180656ac0	27	OK	13510548
4950	FUN_180656ae0	180656ae0	27	OK	13510739
4951	FUN_180656b00	180656b00	27	OK	13510930
4952	FUN_180656b20	180656b20	27	OK	13511121
4953	FUN_180656b40	180656b40	27	OK	13511312
4954	FUN_180656b60	180656b60	27	OK	13511503
4955	FUN_180656b80	180656b80	27	OK	13511694
4956	FUN_180656ba0	180656ba0	27	OK	13511885
4957	FUN_180656bc0	180656bc0	27	OK	13512076
4958	FUN_180656be0	180656be0	27	OK	13512267
4959	FUN_180656c00	180656c00	27	OK	13512458
4960	FUN_180656c20	180656c20	27	OK	13512649
4961	FUN_180656c40	180656c40	27	OK	13512840
4962	FUN_180656c60	180656c60	27	OK	13513031
4963	FUN_180656c80	180656c80	27	OK	13513222
4964	FUN_180656ca0	180656ca0	27	OK	13513413
4965	FUN_180656cc0	180656cc0	27	OK	13513604
4966	FUN_180656ce0	180656ce0	27	OK	13513795
4967	FUN_180656d00	180656d00	27	OK	13513986
4968	FUN_180656d20	180656d20	27	OK	13514177
4969	FUN_180656d40	180656d40	27	OK	13514368
4970	FUN_180656d60	180656d60	27	OK	13514559
4971	FUN_180656d80	180656d80	27	OK	13514750
4972	FUN_180656da0	180656da0	27	OK	13514941
4973	FUN_180656dc0	180656dc0	27	OK	13515132
4974	FUN_180656de0	180656de0	27	OK	13515323
4975	FUN_180656e00	180656e00	27	OK	13515514
4976	FUN_180656e20	180656e20	27	OK	13515705
4977	FUN_180656e40	180656e40	27	OK	13515896
4978	FUN_180656e60	180656e60	27	OK	13516087
4979	FUN_180656e80	180656e80	27	OK	13516278
4980	FUN_180656ea0	180656ea0	27	OK	13516469
4981	FUN_180656ec0	180656ec0	27	OK	13516660
4982	FUN_180656ee0	180656ee0	27	OK	13516851
4983	FUN_180656f00	180656f00	27	OK	13517042
4984	FUN_180656f20	180656f20	27	OK	13517233
4985	FUN_180656f40	180656f40	27	OK	13517424
4986	FUN_180656f60	180656f60	27	OK	13517615
4987	FUN_180656f80	180656f80	27	OK	13517806
4988	FUN_180656fa0	180656fa0	27	OK	13517997
4989	FUN_180656fc0	180656fc0	27	OK	13518188
4990	FUN_180656fe0	180656fe0	27	OK	13518379
4991	FUN_180657000	180657000	27	OK	13518570
4992	FUN_180657020	180657020	27	OK	13518761
4993	FUN_180657040	180657040	27	OK	13518952
4994	FUN_180657060	180657060	27	OK	13519143
4995	FUN_180657080	180657080	27	OK	13519333
4996	FUN_1806570a0	1806570a0	27	OK	13519524
4997	FUN_1806570c0	1806570c0	27	OK	13519715
4998	FUN_1806570e0	1806570e0	27	OK	13519906
4999	FUN_180657100	180657100	27	OK	13520097
5000	FUN_180657120	180657120	27	OK	13520288
5001	FUN_180657140	180657140	27	OK	13520479
5002	FUN_180657160	180657160	27	OK	13520670
5003	FUN_180657180	180657180	27	OK	13520861
5004	FUN_1806571a0	1806571a0	27	OK	13521052
5005	FUN_1806571c0	1806571c0	27	OK	13521243
5006	FUN_1806571e0	1806571e0	27	OK	13521434
5007	FUN_180657200	180657200	27	OK	13521625
5008	FUN_180657220	180657220	27	OK	13521816
5009	FUN_180657240	180657240	27	OK	13522007
5010	FUN_180657260	180657260	27	OK	13522198
5011	FUN_180657280	180657280	27	OK	13522389
5012	FUN_1806572a0	1806572a0	27	OK	13522580
5013	FUN_1806572c0	1806572c0	27	OK	13522771
5014	FUN_1806572e0	1806572e0	27	OK	13522962
5015	FUN_180657300	180657300	27	OK	13523153
5016	FUN_180657320	180657320	27	OK	13523344
5017	FUN_180657340	180657340	27	OK	13523535
5018	FUN_180657360	180657360	27	OK	13523726
5019	FUN_180657380	180657380	27	OK	13523917
5020	FUN_1806573a0	1806573a0	27	OK	13524108
5021	FUN_1806573c0	1806573c0	27	OK	13524299
5022	FUN_1806573e0	1806573e0	27	OK	13524490
5023	FUN_180657400	180657400	27	OK	13524681
5024	FUN_180657420	180657420	27	OK	13524872
5025	FUN_180657440	180657440	27	OK	13525063
5026	FUN_180657460	180657460	27	OK	13525254
5027	FUN_180657480	180657480	27	OK	13525445
5028	FUN_1806574a0	1806574a0	27	OK	13525636
5029	FUN_1806574c0	1806574c0	27	OK	13525827
5030	FUN_1806574e0	1806574e0	27	OK	13526018
5031	FUN_180657500	180657500	27	OK	13526209
5032	FUN_180657520	180657520	27	OK	13526400
5033	FUN_180657540	180657540	27	OK	13526591
5034	FUN_180657560	180657560	27	OK	13526782
5035	FUN_180657580	180657580	27	OK	13526973
5036	FUN_1806575a0	1806575a0	27	OK	13527164
5037	FUN_1806575c0	1806575c0	27	OK	13527355
5038	FUN_1806575e0	1806575e0	27	OK	13527546
5039	FUN_180657600	180657600	27	OK	13527737
5040	FUN_180657620	180657620	27	OK	13527928
5041	FUN_180657640	180657640	27	OK	13528119
5042	FUN_180657660	180657660	27	OK	13528310
5043	FUN_180657680	180657680	27	OK	13528501
5044	FUN_1806576a0	1806576a0	27	OK	13528692
5045	FUN_1806576c0	1806576c0	27	OK	13528883
5046	FUN_1806576e0	1806576e0	27	OK	13529074
5047	FUN_180657700	180657700	27	OK	13529265
5048	FUN_180657720	180657720	27	OK	13529456
5049	FUN_180657740	180657740	27	OK	13529647
5050	FUN_180657760	180657760	27	OK	13529838
5051	FUN_180657780	180657780	27	OK	13530029
5052	FUN_1806577a0	1806577a0	27	OK	13530220
5053	FUN_1806577c0	1806577c0	27	OK	13530411
5054	FUN_1806577e0	1806577e0	27	OK	13530602
5055	FUN_180657800	180657800	27	OK	13530793
5056	FUN_180657820	180657820	27	OK	13530984
5057	FUN_180657840	180657840	27	OK	13531175
5058	FUN_180657860	180657860	27	OK	13531366
5059	FUN_180657880	180657880	27	OK	13531557
5060	FUN_1806578a0	1806578a0	27	OK	13531748
5061	FUN_1806578c0	1806578c0	27	OK	13531939
5062	FUN_1806578e0	1806578e0	27	OK	13532130
5063	FUN_180657900	180657900	27	OK	13532321
5064	FUN_180657920	180657920	27	OK	13532512
5065	FUN_180657940	180657940	27	OK	13532703
5066	FUN_180657960	180657960	27	OK	13532894
5067	FUN_180657980	180657980	27	OK	13533085
5068	FUN_1806579a0	1806579a0	27	OK	13533276
5069	FUN_1806579c0	1806579c0	27	OK	13533467
5070	FUN_1806579e0	1806579e0	27	OK	13533658
5071	FUN_180657a00	180657a00	27	OK	13533849
5072	FUN_180657a20	180657a20	27	OK	13534040
5073	FUN_180657a40	180657a40	27	OK	13534231
5074	FUN_180657a60	180657a60	27	OK	13534422
5075	FUN_180657a80	180657a80	27	OK	13534613
5076	FUN_180657aa0	180657aa0	27	OK	13534804
5077	FUN_180657ac0	180657ac0	27	OK	13534995
5078	FUN_180657ae0	180657ae0	27	OK	13535186
5079	FUN_180657b00	180657b00	27	OK	13535377
5080	FUN_180657b20	180657b20	27	OK	13535568
5081	FUN_180657b40	180657b40	27	OK	13535759
5082	FUN_180657b60	180657b60	27	OK	13535950
5083	FUN_180657b80	180657b80	27	OK	13536141
5084	FUN_180657ba0	180657ba0	27	OK	13536332
5085	FUN_180657bc0	180657bc0	27	OK	13536523
5086	FUN_180657be0	180657be0	27	OK	13536714
5087	FUN_180657c00	180657c00	27	OK	13536905
5088	FUN_180657c20	180657c20	27	OK	13537096
5089	FUN_180657c40	180657c40	27	OK	13537287
5090	FUN_180657c60	180657c60	27	OK	13537478
5091	FUN_180657c80	180657c80	27	OK	13537669
5092	FUN_180657ca0	180657ca0	27	OK	13537860
5093	FUN_180657cc0	180657cc0	27	OK	13538051
5094	FUN_180657ce0	180657ce0	27	OK	13538242
5095	FUN_180657d00	180657d00	27	OK	13538433
5096	FUN_180657d20	180657d20	27	OK	13538624
5097	FUN_180657d40	180657d40	27	OK	13538815
5098	FUN_180657d60	180657d60	27	OK	13539006
5099	FUN_180657d80	180657d80	27	OK	13539197
5100	FUN_180657da0	180657da0	27	OK	13539388
5101	FUN_180657dc0	180657dc0	27	OK	13539579
5102	FUN_180657de0	180657de0	27	OK	13539770
5103	FUN_180657e00	180657e00	27	OK	13539961
5104	FUN_180657e20	180657e20	27	OK	13540152
5105	FUN_180657e40	180657e40	27	OK	13540343
5106	FUN_180657e60	180657e60	27	OK	13540534
5107	FUN_180657e80	180657e80	27	OK	13540725
5108	FUN_180657ea0	180657ea0	27	OK	13540916
5109	FUN_180657ec0	180657ec0	27	OK	13541107
5110	FUN_180657ee0	180657ee0	27	OK	13541298
5111	FUN_180657f00	180657f00	27	OK	13541489
5112	FUN_180657f20	180657f20	27	OK	13541680
5113	FUN_180657f40	180657f40	27	OK	13541871
5114	FUN_180657f60	180657f60	27	OK	13542062
5115	FUN_180657f80	180657f80	27	OK	13542253
5116	FUN_180657fa0	180657fa0	27	OK	13542444
5117	FUN_180657fc0	180657fc0	27	OK	13542635
5118	FUN_180657fe0	180657fe0	27	OK	13542826
5119	FUN_180658000	180658000	27	OK	13543017
5120	FUN_180658020	180658020	27	OK	13543208
5121	FUN_180658040	180658040	27	OK	13543399
5122	FUN_180658060	180658060	27	OK	13543590
5123	FUN_180658080	180658080	27	OK	13543781
5124	FUN_1806580a0	1806580a0	27	OK	13543972
5125	FUN_1806580c0	1806580c0	27	OK	13544163
5126	FUN_1806580e0	1806580e0	27	OK	13544354
5127	FUN_180658100	180658100	27	OK	13544545
5128	FUN_180658120	180658120	27	OK	13544736
5129	FUN_180658140	180658140	27	OK	13544927
5130	FUN_180658160	180658160	27	OK	13545118
5131	FUN_180658180	180658180	27	OK	13545309
5132	FUN_1806581a0	1806581a0	27	OK	13545500
5133	FUN_1806581c0	1806581c0	27	OK	13545691
5134	FUN_1806581e0	1806581e0	27	OK	13545882
5135	FUN_180658200	180658200	27	OK	13546073
5136	FUN_180658220	180658220	27	OK	13546264
5137	FUN_180658240	180658240	27	OK	13546455
5138	FUN_180658260	180658260	27	OK	13546646
5139	FUN_180658280	180658280	27	OK	13546837
5140	FUN_1806582a0	1806582a0	27	OK	13547028
5141	FUN_1806582c0	1806582c0	27	OK	13547219
5142	FUN_1806582e0	1806582e0	27	OK	13547410
5143	FUN_180658300	180658300	27	OK	13547601
5144	FUN_180658320	180658320	27	OK	13547792
5145	FUN_180658340	180658340	27	OK	13547983
5146	FUN_180658360	180658360	27	OK	13548174
5147	FUN_180658380	180658380	27	OK	13548365
5148	FUN_1806583a0	1806583a0	27	OK	13548556
5149	FUN_1806583c0	1806583c0	27	OK	13548747
5150	FUN_1806583e0	1806583e0	27	OK	13548938
5151	FUN_180658400	180658400	27	OK	13549129
5152	FUN_180658420	180658420	27	OK	13549320
5153	FUN_180658440	180658440	27	OK	13549511
5154	FUN_180658460	180658460	27	OK	13549702
5155	FUN_180658480	180658480	27	OK	13549893
5156	FUN_1806584a0	1806584a0	27	OK	13550084
5157	FUN_1806584c0	1806584c0	27	OK	13550275
5158	FUN_1806584e0	1806584e0	27	OK	13550466
5159	FUN_180658500	180658500	27	OK	13550657
5160	FUN_180658520	180658520	27	OK	13550848
5161	FUN_180658540	180658540	27	OK	13551039
5162	FUN_180658560	180658560	27	OK	13551230
5163	FUN_180658580	180658580	27	OK	13551421
5164	FUN_1806585a0	1806585a0	27	OK	13551612
5165	FUN_1806585c0	1806585c0	27	OK	13551803
5166	FUN_1806585e0	1806585e0	27	OK	13551994
5167	FUN_180658600	180658600	27	OK	13552185
5168	FUN_180658620	180658620	27	OK	13552376
5169	FUN_180658640	180658640	27	OK	13552567
5170	FUN_180658660	180658660	27	OK	13552758
5171	FUN_180658680	180658680	27	OK	13552949
5172	FUN_1806586a0	1806586a0	27	OK	13553140
5173	FUN_1806586c0	1806586c0	27	OK	13553331
5174	FUN_1806586e0	1806586e0	27	OK	13553522
5175	FUN_180658700	180658700	27	OK	13553713
5176	FUN_180658720	180658720	27	OK	13553904
5177	FUN_180658740	180658740	27	OK	13554095
5178	FUN_180658760	180658760	27	OK	13554286
5179	FUN_180658780	180658780	27	OK	13554477
5180	FUN_1806587a0	1806587a0	27	OK	13554668
5181	FUN_1806587c0	1806587c0	27	OK	13554859
5182	FUN_1806587e0	1806587e0	27	OK	13555050
5183	FUN_180658800	180658800	27	OK	13555241
5184	FUN_180658820	180658820	27	OK	13555432
5185	FUN_180658840	180658840	27	OK	13555623
5186	FUN_180658860	180658860	27	OK	13555814
5187	FUN_180658880	180658880	27	OK	13556005
5188	FUN_1806588a0	1806588a0	27	OK	13556196
5189	FUN_1806588c0	1806588c0	27	OK	13556387
5190	FUN_1806588e0	1806588e0	27	OK	13556578
5191	FUN_180658900	180658900	27	OK	13556769
5192	FUN_180658920	180658920	27	OK	13556960
5193	FUN_180658940	180658940	27	OK	13557151
5194	FUN_180658960	180658960	27	OK	13557342
5195	FUN_180658980	180658980	27	OK	13557533
5196	FUN_1806589a0	1806589a0	27	OK	13557724
5197	FUN_1806589c0	1806589c0	27	OK	13557915
5198	FUN_1806589e0	1806589e0	27	OK	13558106
5199	FUN_180658a00	180658a00	27	OK	13558297
5200	FUN_180658a20	180658a20	27	OK	13558488
5201	FUN_180658a40	180658a40	27	OK	13558679
5202	FUN_180658a60	180658a60	27	OK	13558870
5203	FUN_180658a80	180658a80	27	OK	13559061
5204	FUN_180658aa0	180658aa0	27	OK	13559252
5205	FUN_180658ac0	180658ac0	27	OK	13559443
5206	FUN_180658ae0	180658ae0	27	OK	13559634
5207	FUN_180658b00	180658b00	27	OK	13559825
5208	FUN_180658b20	180658b20	27	OK	13560016
5209	FUN_180658b40	180658b40	27	OK	13560207
5210	FUN_180658b60	180658b60	27	OK	13560398
5211	FUN_180658b80	180658b80	27	OK	13560589
5212	FUN_180658ba0	180658ba0	27	OK	13560780
5213	FUN_180658bc0	180658bc0	27	OK	13560971
5214	FUN_180658be0	180658be0	27	OK	13561162
5215	FUN_180658c00	180658c00	27	OK	13561353
5216	FUN_180658c20	180658c20	27	OK	13561544
5217	FUN_180658c40	180658c40	27	OK	13561735
5218	FUN_180658c60	180658c60	27	OK	13561926
5219	FUN_180658c80	180658c80	27	OK	13562117
5220	FUN_180658ca0	180658ca0	27	OK	13562308
5221	FUN_180658cc0	180658cc0	27	OK	13562499
5222	FUN_180658ce0	180658ce0	27	OK	13562690
5223	FUN_180658d00	180658d00	27	OK	13562881
5224	FUN_180658d20	180658d20	27	OK	13563072
5225	FUN_180658d40	180658d40	27	OK	13563263
5226	FUN_180658d60	180658d60	27	OK	13563454
5227	FUN_180658d80	180658d80	27	OK	13563645
5228	FUN_180658da0	180658da0	27	OK	13563836
5229	FUN_180658dc0	180658dc0	27	OK	13564027
5230	FUN_180658de0	180658de0	27	OK	13564218
5231	FUN_180658e00	180658e00	27	OK	13564409
5232	FUN_180658e20	180658e20	27	OK	13564600
5233	FUN_180658e40	180658e40	27	OK	13564791
5234	FUN_180658e60	180658e60	27	OK	13564982
5235	FUN_180658e80	180658e80	27	OK	13565173
5236	FUN_180658ea0	180658ea0	27	OK	13565364
5237	FUN_180658ec0	180658ec0	27	OK	13565555
5238	FUN_180658ee0	180658ee0	27	OK	13565746
5239	FUN_180658f00	180658f00	27	OK	13565937
5240	FUN_180658f20	180658f20	27	OK	13566128
5241	FUN_180658f40	180658f40	27	OK	13566319
5242	FUN_180658f60	180658f60	27	OK	13566510
5243	FUN_180658f80	180658f80	27	OK	13566701
5244	FUN_180658fa0	180658fa0	27	OK	13566892
5245	FUN_180658fc0	180658fc0	27	OK	13567083
5246	FUN_180658fe0	180658fe0	27	OK	13567274
5247	FUN_180659000	180659000	27	OK	13567465
5248	FUN_180659020	180659020	27	OK	13567656
5249	FUN_180659040	180659040	27	OK	13567847
5250	FUN_180659060	180659060	27	OK	13568038
5251	FUN_180659080	180659080	27	OK	13568229
5252	FUN_1806590a0	1806590a0	27	OK	13568420
5253	FUN_1806590c0	1806590c0	27	OK	13568611
5254	FUN_1806590e0	1806590e0	27	OK	13568802
5255	FUN_180659100	180659100	27	OK	13568993
5256	FUN_180659120	180659120	27	OK	13569184
5257	FUN_180659140	180659140	27	OK	13569375
5258	FUN_180659160	180659160	27	OK	13569566
5259	FUN_180659180	180659180	27	OK	13569757
5260	FUN_1806591a0	1806591a0	27	OK	13569948
5261	FUN_1806591c0	1806591c0	27	OK	13570139
5262	FUN_1806591e0	1806591e0	27	OK	13570330
5263	FUN_180659200	180659200	27	OK	13570521
5264	FUN_180659220	180659220	27	OK	13570712
5265	FUN_180659240	180659240	27	OK	13570903
5266	FUN_180659260	180659260	27	OK	13571094
5267	FUN_180659280	180659280	27	OK	13571285
5268	FUN_1806592a0	1806592a0	27	OK	13571476
5269	FUN_1806592c0	1806592c0	27	OK	13571667
5270	FUN_1806592e0	1806592e0	27	OK	13571858
5271	FUN_180659300	180659300	27	OK	13572049
5272	FUN_180659320	180659320	27	OK	13572240
5273	FUN_180659340	180659340	27	OK	13572431
5274	FUN_180659360	180659360	27	OK	13572622
5275	FUN_180659380	180659380	27	OK	13572813
5276	FUN_1806593a0	1806593a0	27	OK	13573004
5277	FUN_1806593c0	1806593c0	27	OK	13573195
5278	FUN_1806593e0	1806593e0	27	OK	13573386
5279	FUN_180659400	180659400	27	OK	13573577
5280	FUN_180659420	180659420	27	OK	13573768
5281	FUN_180659440	180659440	27	OK	13573959
5282	FUN_180659460	180659460	27	OK	13574150
5283	FUN_180659480	180659480	27	OK	13574341
5284	FUN_1806594a0	1806594a0	27	OK	13574532
5285	FUN_1806594c0	1806594c0	27	OK	13574723
5286	FUN_1806594e0	1806594e0	27	OK	13574914
5287	FUN_180659500	180659500	27	OK	13575105
5288	FUN_180659520	180659520	27	OK	13575296
5289	FUN_180659540	180659540	27	OK	13575487
5290	FUN_180659560	180659560	27	OK	13575678
5291	FUN_180659580	180659580	27	OK	13575869
5292	FUN_1806595a0	1806595a0	27	OK	13576060
5293	FUN_1806595c0	1806595c0	27	OK	13576251
5294	FUN_1806595e0	1806595e0	27	OK	13576442
5295	FUN_180659600	180659600	27	OK	13576633
5296	FUN_180659620	180659620	27	OK	13576824
5297	FUN_180659640	180659640	27	OK	13577015
5298	FUN_180659660	180659660	27	OK	13577206
5299	FUN_180659680	180659680	27	OK	13577397
5300	FUN_1806596a0	1806596a0	27	OK	13577588
5301	FUN_1806596c0	1806596c0	27	OK	13577779
5302	FUN_1806596e0	1806596e0	27	OK	13577970
5303	FUN_180659700	180659700	27	OK	13578161
5304	FUN_180659720	180659720	27	OK	13578352
5305	FUN_180659740	180659740	27	OK	13578543
5306	FUN_180659760	180659760	27	OK	13578734
5307	FUN_180659780	180659780	27	OK	13578925
5308	FUN_1806597a0	1806597a0	27	OK	13579116
5309	FUN_1806597c0	1806597c0	27	OK	13579307
5310	FUN_1806597e0	1806597e0	27	OK	13579498
5311	FUN_180659800	180659800	27	OK	13579689
5312	FUN_180659820	180659820	27	OK	13579880
5313	FUN_180659840	180659840	27	OK	13580071
5314	FUN_180659860	180659860	27	OK	13580262
5315	FUN_180659880	180659880	27	OK	13580453
5316	FUN_1806598a0	1806598a0	27	OK	13580644
5317	FUN_1806598c0	1806598c0	27	OK	13580835
5318	FUN_1806598e0	1806598e0	27	OK	13581026
5319	FUN_180659900	180659900	27	OK	13581217
5320	FUN_180659920	180659920	27	OK	13581408
5321	FUN_180659940	180659940	27	OK	13581599
5322	FUN_180659960	180659960	27	OK	13581790
5323	FUN_180659980	180659980	27	OK	13581981
5324	FUN_1806599a0	1806599a0	27	OK	13582172
5325	FUN_1806599c0	1806599c0	27	OK	13582363
5326	FUN_1806599e0	1806599e0	27	OK	13582554
5327	FUN_180659a00	180659a00	27	OK	13582745
5328	FUN_180659a20	180659a20	27	OK	13582936
5329	FUN_180659a40	180659a40	27	OK	13583127
5330	FUN_180659a60	180659a60	27	OK	13583318
5331	FUN_180659a80	180659a80	27	OK	13583509
5332	FUN_180659aa0	180659aa0	27	OK	13583700
5333	FUN_180659ac0	180659ac0	27	OK	13583891
5334	FUN_180659ae0	180659ae0	27	OK	13584082
5335	FUN_180659b00	180659b00	27	OK	13584273
5336	FUN_180659b20	180659b20	27	OK	13584464
5337	FUN_180659b40	180659b40	27	OK	13584655
5338	FUN_180659b60	180659b60	27	OK	13584846
5339	FUN_180659b80	180659b80	27	OK	13585037
5340	FUN_180659ba0	180659ba0	27	OK	13585228
5341	FUN_180659bc0	180659bc0	27	OK	13585419
5342	FUN_180659be0	180659be0	27	OK	13585610
5343	FUN_180659c00	180659c00	27	OK	13585801
5344	FUN_180659c20	180659c20	27	OK	13585992
5345	FUN_180659c40	180659c40	27	OK	13586183
5346	FUN_180659c60	180659c60	27	OK	13586374
5347	FUN_180659c80	180659c80	27	OK	13586565
5348	FUN_180659ca0	180659ca0	27	OK	13586756
5349	FUN_180659cc0	180659cc0	27	OK	13586947
5350	FUN_180659ce0	180659ce0	27	OK	13587138
5351	FUN_180659d00	180659d00	27	OK	13587329
5352	FUN_180659d20	180659d20	27	OK	13587520
5353	FUN_180659d40	180659d40	27	OK	13587711
5354	FUN_180659d60	180659d60	27	OK	13587902
5355	FUN_180659d80	180659d80	27	OK	13588093
5356	FUN_180659da0	180659da0	27	OK	13588284
5357	FUN_180659dc0	180659dc0	27	OK	13588475
5358	FUN_180659de0	180659de0	27	OK	13588666
5359	FUN_180659e00	180659e00	27	OK	13588857
5360	FUN_180659e20	180659e20	27	OK	13589048
5361	FUN_180659e40	180659e40	27	OK	13589239
5362	FUN_180659e60	180659e60	27	OK	13589430
5363	FUN_180659e80	180659e80	27	OK	13589621
5364	FUN_180659ea0	180659ea0	27	OK	13589812
5365	FUN_180659ec0	180659ec0	27	OK	13590003
5366	FUN_180659ee0	180659ee0	27	OK	13590194
5367	FUN_180659f00	180659f00	27	OK	13590385
5368	FUN_180659f20	180659f20	27	OK	13590576
5369	FUN_180659f40	180659f40	27	OK	13590767
5370	FUN_180659f60	180659f60	27	OK	13590958
5371	FUN_180659f80	180659f80	27	OK	13591149
5372	FUN_180659fa0	180659fa0	27	OK	13591340
5373	FUN_180659fc0	180659fc0	27	OK	13591531
5374	FUN_180659fe0	180659fe0	27	OK	13591722
5375	FUN_18065a000	18065a000	27	OK	13591913
5376	FUN_18065a020	18065a020	27	OK	13592104
5377	FUN_18065a040	18065a040	27	OK	13592295
5378	FUN_18065a060	18065a060	27	OK	13592486
5379	FUN_18065a080	18065a080	27	OK	13592677
5380	FUN_18065a0a0	18065a0a0	27	OK	13592868
5381	FUN_18065a0c0	18065a0c0	27	OK	13593059
5382	FUN_18065a0e0	18065a0e0	27	OK	13593250
5383	FUN_18065a100	18065a100	27	OK	13593441
5384	FUN_18065a120	18065a120	27	OK	13593632
5385	FUN_18065a140	18065a140	27	OK	13593823
5386	FUN_18065a160	18065a160	27	OK	13594014
5387	FUN_18065a180	18065a180	27	OK	13594205
5388	FUN_18065a1a0	18065a1a0	27	OK	13594396
5389	FUN_18065a1c0	18065a1c0	27	OK	13594587
5390	FUN_18065a1e0	18065a1e0	27	OK	13594778
5391	FUN_18065a200	18065a200	27	OK	13594969
5392	FUN_18065a220	18065a220	45	OK	13595213
5393	FUN_18065a250	18065a250	41	OK	13595551
5394	FUN_18065a660	18065a660	45	OK	13595793
5395	FUN_18065a690	18065a690	38	OK	13596128
5396	FUN_18065c700	18065c700	45	OK	13596372
5397	FUN_18065c730	18065c730	38	OK	13596707
5398	FUN_18065e480	18065e480	45	OK	13596949
5399	__l1::dtor$3	18065e4b0	41	OK	13599249
5400	FUN_18065e560	18065e560	41	OK	13599585
5401	FUN_18065e8d0	18065e8d0	45	OK	13599826
5402	__l1::dtor$3	18065e900	41	OK	13602126
5403	FUN_18065f470	18065f470	45	OK	13602369
5404	FUN_180660020	180660020	45	OK	13602612
5405	FUN_180660050	180660050	45	OK	13602853
5406	FUN_180660080	180660080	41	OK	13603188
5407	FUN_1806600b0	1806600b0	27	OK	13603379
5408	FUN_1806600d0	1806600d0	27	OK	13603570
5409	FUN_1806600f0	1806600f0	27	OK	13603761
5410	FUN_180660110	180660110	27	OK	13603952
5411	FUN_180660130	180660130	27	OK	13604143
5412	FUN_180660150	180660150	27	OK	13604334
5413	FUN_180660170	180660170	27	OK	13604525
5414	FUN_180660190	180660190	27	OK	13604716
5415	FUN_1806601b0	1806601b0	27	OK	13604907
5416	FUN_1806601d0	1806601d0	27	OK	13605098
5417	FUN_1806601f0	1806601f0	27	OK	13605289
5418	FUN_180660210	180660210	27	OK	13605480
5419	FUN_180660230	180660230	27	OK	13605671
5420	FUN_180660250	180660250	27	OK	13605862
5421	FUN_180660270	180660270	27	OK	13606053
5422	FUN_180660290	180660290	27	OK	13606244
5423	FUN_1806602b0	1806602b0	27	OK	13606435
5424	FUN_1806602d0	1806602d0	27	OK	13606626
5425	FUN_1806602f0	1806602f0	27	OK	13606817
5426	FUN_180660310	180660310	27	OK	13607008
5427	FUN_180660330	180660330	27	OK	13607199
5428	FUN_180660350	180660350	27	OK	13607390
5429	FUN_180660370	180660370	27	OK	13607581
5430	FUN_180660390	180660390	27	OK	13607772
5431	FUN_1806603b0	1806603b0	27	OK	13607963
5432	FUN_1806603d0	1806603d0	27	OK	13608154
5433	FUN_1806603f0	1806603f0	27	OK	13608345
5434	FUN_180660410	180660410	27	OK	13608536
5435	FUN_180660430	180660430	27	OK	13608727
5436	FUN_180660450	180660450	27	OK	13608918
5437	FUN_180660470	180660470	27	OK	13609109
5438	FUN_180660490	180660490	27	OK	13609300
5439	FUN_1806604b0	1806604b0	27	OK	13609491
5440	FUN_1806604d0	1806604d0	27	OK	13609682
5441	FUN_1806604f0	1806604f0	27	OK	13609873
5442	FUN_180660510	180660510	27	OK	13610064
5443	FUN_180660530	180660530	27	OK	13610255
5444	FUN_180660550	180660550	27	OK	13610446
5445	FUN_180660570	180660570	27	OK	13610637
5446	FUN_180660590	180660590	27	OK	13610828
5447	FUN_1806605b0	1806605b0	27	OK	13611019
5448	FUN_1806605d0	1806605d0	27	OK	13611210
5449	FUN_1806605f0	1806605f0	27	OK	13611401
5450	FUN_180660610	180660610	27	OK	13611592
5451	FUN_180660630	180660630	27	OK	13611783
5452	FUN_180660650	180660650	27	OK	13611974
5453	FUN_180660670	180660670	27	OK	13612165
5454	FUN_180660690	180660690	27	OK	13612356
5455	FUN_1806606b0	1806606b0	27	OK	13612547
5456	FUN_1806606d0	1806606d0	27	OK	13612738
5457	FUN_1806606f0	1806606f0	27	OK	13612929
5458	FUN_180660710	180660710	27	OK	13613120
5459	FUN_180660730	180660730	27	OK	13613311
5460	FUN_180660750	180660750	27	OK	13613502
5461	FUN_180660770	180660770	27	OK	13613693
5462	FUN_180660790	180660790	27	OK	13613884
5463	FUN_1806607b0	1806607b0	27	OK	13614075
5464	FUN_1806607d0	1806607d0	27	OK	13614266
5465	FUN_1806607f0	1806607f0	27	OK	13614457
5466	FUN_180660810	180660810	27	OK	13614648
5467	FUN_180660830	180660830	27	OK	13614839
5468	FUN_180660850	180660850	27	OK	13615030
5469	FUN_180660870	180660870	27	OK	13615221
5470	FUN_180660890	180660890	27	OK	13615412
5471	FUN_1806608b0	1806608b0	27	OK	13615603
5472	FUN_1806608d0	1806608d0	27	OK	13615794
5473	FUN_1806608f0	1806608f0	27	OK	13615985
5474	FUN_180660910	180660910	27	OK	13616176
5475	FUN_180660930	180660930	27	OK	13616367
5476	FUN_180660950	180660950	27	OK	13616558
5477	FUN_180660970	180660970	27	OK	13616749
5478	FUN_180660990	180660990	27	OK	13616940
5479	FUN_1806609b0	1806609b0	27	OK	13617131
5480	FUN_1806609d0	1806609d0	27	OK	13617322
5481	FUN_1806609f0	1806609f0	27	OK	13617513
5482	FUN_180660a10	180660a10	27	OK	13617704
5483	FUN_180660a30	180660a30	27	OK	13617895
5484	FUN_180660a50	180660a50	27	OK	13618086
5485	FUN_180660a70	180660a70	27	OK	13618277
5486	FUN_180660a90	180660a90	27	OK	13618468
5487	FUN_180660ab0	180660ab0	27	OK	13618659
5488	FUN_180660ad0	180660ad0	27	OK	13618850
5489	FUN_180660af0	180660af0	27	OK	13619041
5490	FUN_180660b10	180660b10	27	OK	13619232
5491	FUN_180660b30	180660b30	27	OK	13619423
5492	FUN_180660b50	180660b50	27	OK	13619614
5493	FUN_180660b70	180660b70	27	OK	13619805
5494	FUN_180660b90	180660b90	27	OK	13619996
5495	FUN_180660bb0	180660bb0	27	OK	13620187
5496	FUN_180660bd0	180660bd0	27	OK	13620378
5497	FUN_180660bf0	180660bf0	27	OK	13620569
5498	FUN_180660c10	180660c10	27	OK	13620760
5499	FUN_180660c30	180660c30	27	OK	13620951
5500	FUN_180660c50	180660c50	27	OK	13621141
5501	FUN_180660c70	180660c70	27	OK	13621332
5502	FUN_180660c90	180660c90	27	OK	13621523
5503	FUN_180660cb0	180660cb0	27	OK	13621714
5504	FUN_180660cd0	180660cd0	27	OK	13621905
5505	FUN_180660cf0	180660cf0	27	OK	13622096
5506	FUN_180660d10	180660d10	27	OK	13622287
5507	FUN_180660d30	180660d30	27	OK	13622478
5508	FUN_180660d50	180660d50	27	OK	13622669
5509	FUN_180660d70	180660d70	27	OK	13622860
5510	FUN_180660d90	180660d90	27	OK	13623051
5511	FUN_180660db0	180660db0	27	OK	13623242
5512	FUN_180660dd0	180660dd0	27	OK	13623433
5513	FUN_180660df0	180660df0	27	OK	13623624
5514	FUN_180660e10	180660e10	27	OK	13623815
5515	FUN_180660e30	180660e30	27	OK	13624006
5516	FUN_180660e50	180660e50	27	OK	13624197
5517	FUN_180660e70	180660e70	27	OK	13624388
5518	FUN_180660e90	180660e90	27	OK	13624579
5519	FUN_180660eb0	180660eb0	27	OK	13624770
5520	FUN_180660ed0	180660ed0	27	OK	13624961
5521	FUN_180660ef0	180660ef0	27	OK	13625152
5522	FUN_180660f10	180660f10	27	OK	13625343
5523	FUN_180660f30	180660f30	27	OK	13625534
5524	FUN_180660f50	180660f50	27	OK	13625725
5525	FUN_180660f70	180660f70	27	OK	13625916
5526	FUN_180660f90	180660f90	27	OK	13626107
5527	FUN_180660fb0	180660fb0	27	OK	13626298
5528	FUN_180660fd0	180660fd0	27	OK	13626489
5529	FUN_180660ff0	180660ff0	27	OK	13626680
5530	FUN_180661010	180661010	27	OK	13626871
5531	FUN_180661030	180661030	27	OK	13627062
5532	FUN_180661050	180661050	27	OK	13627253
5533	FUN_180661070	180661070	27	OK	13627444
5534	FUN_180661090	180661090	27	OK	13627635
5535	FUN_1806610b0	1806610b0	27	OK	13627826
5536	FUN_1806610d0	1806610d0	27	OK	13628017
5537	FUN_1806610f0	1806610f0	27	OK	13628208
5538	FUN_180661110	180661110	27	OK	13628399
5539	FUN_180661130	180661130	27	OK	13628590
5540	FUN_180661150	180661150	27	OK	13628781
5541	FUN_180661170	180661170	27	OK	13628972
5542	FUN_180661190	180661190	27	OK	13629163
5543	FUN_1806611b0	1806611b0	27	OK	13629354
5544	FUN_1806611d0	1806611d0	27	OK	13629545
5545	FUN_1806611f0	1806611f0	27	OK	13629736
5546	FUN_180661210	180661210	27	OK	13629927
5547	FUN_180661230	180661230	27	OK	13630118
5548	FUN_180661250	180661250	27	OK	13630309
5549	FUN_180661270	180661270	27	OK	13630500
5550	FUN_180661290	180661290	27	OK	13630691
5551	FUN_1806612b0	1806612b0	27	OK	13630882
5552	FUN_1806612d0	1806612d0	27	OK	13631073
5553	FUN_1806612f0	1806612f0	27	OK	13631264
5554	FUN_180661310	180661310	27	OK	13631455
5555	FUN_180661330	180661330	27	OK	13631646
5556	FUN_180661350	180661350	27	OK	13631837
5557	FUN_180661370	180661370	27	OK	13632028
5558	FUN_180661390	180661390	27	OK	13632219
5559	FUN_1806613b0	1806613b0	27	OK	13632410
5560	FUN_1806613d0	1806613d0	27	OK	13632601
5561	FUN_1806613f0	1806613f0	27	OK	13632792
5562	FUN_180661410	180661410	27	OK	13632983
5563	FUN_180661430	180661430	27	OK	13633174
5564	FUN_180661450	180661450	27	OK	13633365
5565	FUN_180661470	180661470	27	OK	13633556
5566	FUN_180661490	180661490	27	OK	13633747
5567	FUN_1806614b0	1806614b0	27	OK	13633938
5568	FUN_1806614d0	1806614d0	27	OK	13634129
5569	FUN_1806614f0	1806614f0	27	OK	13634320
5570	FUN_180661510	180661510	27	OK	13634511
5571	FUN_180661530	180661530	27	OK	13634702
5572	FUN_180661550	180661550	27	OK	13634893
5573	FUN_180661570	180661570	27	OK	13635084
5574	FUN_180661590	180661590	27	OK	13635275
5575	FUN_1806615b0	1806615b0	27	OK	13635466
5576	FUN_1806615d0	1806615d0	27	OK	13635657
5577	FUN_1806615f0	1806615f0	27	OK	13635848
5578	FUN_180661610	180661610	27	OK	13636039
5579	FUN_180661630	180661630	27	OK	13636230
5580	FUN_180661650	180661650	27	OK	13636421
5581	FUN_180661670	180661670	27	OK	13636612
5582	FUN_180661690	180661690	27	OK	13636803
5583	FUN_1806616b0	1806616b0	27	OK	13636994
5584	FUN_1806616d0	1806616d0	27	OK	13637185
5585	FUN_1806616f0	1806616f0	27	OK	13637376
5586	FUN_180661710	180661710	27	OK	13637567
5587	FUN_180661730	180661730	27	OK	13637758
5588	FUN_180661750	180661750	27	OK	13637949
5589	FUN_180661770	180661770	27	OK	13638140
5590	FUN_180661790	180661790	27	OK	13638331
5591	FUN_1806617b0	1806617b0	27	OK	13638522
5592	FUN_1806617d0	1806617d0	27	OK	13638713
5593	FUN_1806617f0	1806617f0	27	OK	13638904
5594	FUN_180661810	180661810	27	OK	13639095
5595	FUN_180661830	180661830	27	OK	13639286
5596	FUN_180661850	180661850	27	OK	13639477
5597	FUN_180661870	180661870	27	OK	13639668
5598	FUN_180661890	180661890	27	OK	13639859
5599	FUN_1806618b0	1806618b0	27	OK	13640050
5600	FUN_1806618d0	1806618d0	27	OK	13640241
5601	FUN_1806618f0	1806618f0	27	OK	13640432
5602	FUN_180661910	180661910	27	OK	13640623
5603	FUN_180661930	180661930	27	OK	13640814
5604	FUN_180661950	180661950	27	OK	13641005
5605	FUN_180661970	180661970	27	OK	13641196
5606	FUN_180661990	180661990	27	OK	13641387
5607	FUN_1806619b0	1806619b0	27	OK	13641578
5608	FUN_1806619d0	1806619d0	27	OK	13641769
5609	FUN_1806619f0	1806619f0	27	OK	13641960
5610	FUN_180661a10	180661a10	27	OK	13642151
5611	FUN_180661a30	180661a30	27	OK	13642342
5612	FUN_180661a50	180661a50	27	OK	13642533
5613	FUN_180661a70	180661a70	27	OK	13642724
5614	FUN_180661a90	180661a90	27	OK	13642915
5615	FUN_180661ab0	180661ab0	27	OK	13643106
5616	FUN_180661ad0	180661ad0	27	OK	13643297
5617	FUN_180661af0	180661af0	27	OK	13643488
5618	FUN_180661b10	180661b10	27	OK	13643679
5619	FUN_180661b30	180661b30	27	OK	13643870
5620	FUN_180661b50	180661b50	27	OK	13644061
5621	FUN_180661b70	180661b70	27	OK	13644252
5622	FUN_180661b90	180661b90	27	OK	13644443
5623	FUN_180661bb0	180661bb0	27	OK	13644634
5624	FUN_180661bd0	180661bd0	27	OK	13644825
5625	FUN_180661bf0	180661bf0	27	OK	13645016
5626	FUN_180661c10	180661c10	27	OK	13645207
5627	FUN_180661c30	180661c30	27	OK	13645398
5628	FUN_180661c50	180661c50	27	OK	13645589
5629	FUN_180661c70	180661c70	27	OK	13645780
5630	FUN_180661c90	180661c90	27	OK	13645971
5631	FUN_180661cb0	180661cb0	27	OK	13646162
5632	FUN_180661cd0	180661cd0	27	OK	13646353
5633	FUN_180661cf0	180661cf0	27	OK	13646544
5634	FUN_180661d10	180661d10	27	OK	13646735
5635	FUN_180661d30	180661d30	27	OK	13646926
5636	FUN_180661d50	180661d50	27	OK	13647117
5637	FUN_180661d70	180661d70	27	OK	13647308
5638	FUN_180661d90	180661d90	27	OK	13647499
5639	FUN_180661db0	180661db0	27	OK	13647690
5640	FUN_180661dd0	180661dd0	27	OK	13647881
5641	FUN_180661df0	180661df0	27	OK	13648072
5642	FUN_180661e10	180661e10	27	OK	13648263
5643	FUN_180661e30	180661e30	27	OK	13648454
5644	FUN_180661e50	180661e50	27	OK	13648645
5645	FUN_180661e70	180661e70	27	OK	13648836
5646	FUN_180661e90	180661e90	27	OK	13649027
5647	FUN_180661eb0	180661eb0	27	OK	13649218
5648	FUN_180661ed0	180661ed0	27	OK	13649409
5649	FUN_180661ef0	180661ef0	27	OK	13649600
5650	FUN_180661f10	180661f10	27	OK	13649791
5651	FUN_180661f30	180661f30	27	OK	13649982
5652	FUN_180661f50	180661f50	27	OK	13650173
5653	FUN_180661f70	180661f70	27	OK	13650364
5654	FUN_180661f90	180661f90	27	OK	13650555
5655	FUN_180661fb0	180661fb0	27	OK	13650746
5656	FUN_180661fd0	180661fd0	27	OK	13650937
5657	FUN_180661ff0	180661ff0	27	OK	13651128
5658	FUN_180662010	180662010	27	OK	13651319
5659	FUN_180662030	180662030	27	OK	13651510
5660	FUN_180662050	180662050	27	OK	13651701
5661	FUN_180662070	180662070	27	OK	13651892
5662	FUN_180662090	180662090	27	OK	13652083
5663	FUN_1806620b0	1806620b0	27	OK	13652274
5664	FUN_1806620d0	1806620d0	27	OK	13652465
5665	FUN_1806620f0	1806620f0	27	OK	13652656
5666	FUN_180662110	180662110	27	OK	13652847
5667	FUN_180662130	180662130	27	OK	13653038
5668	FUN_180662150	180662150	27	OK	13653229
5669	FUN_180662170	180662170	27	OK	13653420
5670	FUN_180662190	180662190	27	OK	13653611
5671	FUN_1806621b0	1806621b0	27	OK	13653802
5672	FUN_1806621d0	1806621d0	27	OK	13653993
5673	FUN_1806621f0	1806621f0	27	OK	13654184
5674	FUN_180662210	180662210	27	OK	13654375
5675	FUN_180662230	180662230	27	OK	13654566
5676	FUN_180662250	180662250	27	OK	13654757
5677	FUN_180662270	180662270	27	OK	13654948
5678	FUN_180662290	180662290	27	OK	13655139
5679	FUN_1806622b0	1806622b0	27	OK	13655330
5680	FUN_1806622d0	1806622d0	27	OK	13655521
5681	FUN_1806622f0	1806622f0	27	OK	13655712
5682	FUN_180662310	180662310	27	OK	13655903
5683	FUN_180662330	180662330	27	OK	13656094
5684	FUN_180662350	180662350	27	OK	13656285
5685	FUN_180662370	180662370	27	OK	13656476
5686	FUN_180662390	180662390	27	OK	13656667
5687	FUN_1806623b0	1806623b0	27	OK	13656858
5688	FUN_1806623d0	1806623d0	27	OK	13657049
5689	FUN_1806623f0	1806623f0	27	OK	13657240
5690	FUN_180662410	180662410	27	OK	13657431
5691	FUN_180662430	180662430	27	OK	13657622
5692	FUN_180662450	180662450	27	OK	13657813
5693	FUN_180662470	180662470	27	OK	13658004
5694	FUN_180662490	180662490	27	OK	13658195
5695	FUN_1806624b0	1806624b0	27	OK	13658386
5696	FUN_1806624d0	1806624d0	27	OK	13658577
5697	FUN_1806624f0	1806624f0	27	OK	13658768
5698	FUN_180662510	180662510	27	OK	13658959
5699	FUN_180662530	180662530	27	OK	13659150
5700	FUN_180662550	180662550	27	OK	13659341
5701	FUN_180662570	180662570	27	OK	13659532
5702	FUN_180662590	180662590	27	OK	13659723
5703	FUN_1806625b0	1806625b0	27	OK	13659914
5704	FUN_1806625d0	1806625d0	27	OK	13660105
5705	FUN_1806625f0	1806625f0	27	OK	13660296
5706	FUN_180662610	180662610	27	OK	13660487
5707	FUN_180662630	180662630	27	OK	13660678
5708	FUN_180662650	180662650	27	OK	13660869
5709	FUN_180662670	180662670	27	OK	13661060
5710	FUN_180662690	180662690	27	OK	13661251
5711	FUN_1806626b0	1806626b0	27	OK	13661442
5712	FUN_1806626d0	1806626d0	27	OK	13661633
5713	FUN_1806626f0	1806626f0	27	OK	13661824
5714	FUN_180662710	180662710	27	OK	13662015
5715	FUN_180662730	180662730	27	OK	13662206
5716	FUN_180662750	180662750	27	OK	13662397
5717	FUN_180662770	180662770	27	OK	13662588
5718	FUN_180662790	180662790	27	OK	13662779
5719	FUN_1806627b0	1806627b0	27	OK	13662970
5720	FUN_1806627d0	1806627d0	27	OK	13663161
5721	FUN_1806627f0	1806627f0	27	OK	13663352
5722	FUN_180662810	180662810	27	OK	13663543
5723	FUN_180662830	180662830	27	OK	13663734
5724	FUN_180662850	180662850	27	OK	13663925
5725	FUN_180662870	180662870	27	OK	13664116
5726	FUN_180662890	180662890	27	OK	13664307
5727	FUN_1806628b0	1806628b0	27	OK	13664498
5728	FUN_1806628d0	1806628d0	27	OK	13664689
5729	FUN_1806628f0	1806628f0	27	OK	13664880
5730	FUN_180662910	180662910	27	OK	13665071
5731	FUN_180662930	180662930	27	OK	13665262
5732	FUN_180662950	180662950	27	OK	13665453
5733	FUN_180662970	180662970	27	OK	13665644
5734	FUN_180662990	180662990	27	OK	13665835
5735	FUN_1806629b0	1806629b0	27	OK	13666026
5736	FUN_1806629d0	1806629d0	27	OK	13666217
5737	FUN_1806629f0	1806629f0	27	OK	13666408
5738	FUN_180662a10	180662a10	27	OK	13666599
5739	FUN_180662a30	180662a30	27	OK	13666790
5740	FUN_180662a50	180662a50	27	OK	13666981
5741	FUN_180662a70	180662a70	27	OK	13667172
5742	FUN_180662a90	180662a90	27	OK	13667363
5743	FUN_180662ab0	180662ab0	27	OK	13667554
5744	FUN_180662ad0	180662ad0	27	OK	13667745
5745	FUN_180662af0	180662af0	27	OK	13667936
5746	FUN_180662b10	180662b10	27	OK	13668127
5747	FUN_180662b30	180662b30	27	OK	13668318
5748	FUN_180662b50	180662b50	27	OK	13668509
5749	FUN_180662b70	180662b70	27	OK	13668700
5750	FUN_180662b90	180662b90	27	OK	13668891
5751	FUN_180662bb0	180662bb0	27	OK	13669082
5752	FUN_180662bd0	180662bd0	27	OK	13669273
5753	FUN_180662bf0	180662bf0	27	OK	13669464
5754	FUN_180662c10	180662c10	27	OK	13669655
5755	FUN_180662c30	180662c30	27	OK	13669846
5756	FUN_180662c50	180662c50	27	OK	13670037
5757	FUN_180662c70	180662c70	27	OK	13670228
5758	FUN_180662c90	180662c90	27	OK	13670419
5759	FUN_180662cb0	180662cb0	27	OK	13670610
5760	FUN_180662cd0	180662cd0	27	OK	13670801
5761	FUN_180662cf0	180662cf0	27	OK	13670992
5762	FUN_180662d10	180662d10	27	OK	13671183
5763	FUN_180662d30	180662d30	27	OK	13671374
5764	FUN_180662d50	180662d50	27	OK	13671565
5765	FUN_180662d70	180662d70	27	OK	13671756
5766	FUN_180662d90	180662d90	27	OK	13671947
5767	FUN_180662db0	180662db0	27	OK	13672138
5768	FUN_180662dd0	180662dd0	27	OK	13672329
5769	FUN_180662df0	180662df0	27	OK	13672520
5770	FUN_180662e10	180662e10	27	OK	13672711
5771	FUN_180662e30	180662e30	27	OK	13672902
5772	FUN_180662e50	180662e50	27	OK	13673093
5773	FUN_180662e70	180662e70	27	OK	13673284
5774	FUN_180662e90	180662e90	27	OK	13673475
5775	FUN_180662eb0	180662eb0	27	OK	13673666
5776	FUN_180662ed0	180662ed0	27	OK	13673857
5777	FUN_180662ef0	180662ef0	27	OK	13674048
5778	FUN_180662f10	180662f10	27	OK	13674239
5779	FUN_180662f30	180662f30	27	OK	13674430
5780	FUN_180662f50	180662f50	27	OK	13674621
5781	FUN_180662f70	180662f70	27	OK	13674812
5782	FUN_180662f90	180662f90	27	OK	13675003
5783	FUN_180662fb0	180662fb0	27	OK	13675194
5784	FUN_180662fd0	180662fd0	27	OK	13675385
5785	FUN_180662ff0	180662ff0	27	OK	13675576
5786	FUN_180663010	180663010	27	OK	13675767
5787	FUN_180663030	180663030	27	OK	13675958
5788	FUN_180663050	180663050	27	OK	13676149
5789	FUN_180663070	180663070	27	OK	13676340
5790	FUN_180663090	180663090	27	OK	13676531
5791	FUN_1806630b0	1806630b0	27	OK	13676722
5792	FUN_1806630d0	1806630d0	27	OK	13676913
5793	FUN_1806630f0	1806630f0	27	OK	13677104
5794	FUN_180663110	180663110	27	OK	13677295
5795	FUN_180663130	180663130	27	OK	13677486
5796	FUN_180663150	180663150	27	OK	13677677
5797	FUN_180663170	180663170	27	OK	13677868
5798	FUN_180663190	180663190	27	OK	13678059
5799	FUN_1806631b0	1806631b0	27	OK	13678250
5800	FUN_1806631d0	1806631d0	27	OK	13678441
5801	FUN_1806631f0	1806631f0	27	OK	13678632
5802	FUN_180663210	180663210	27	OK	13678823
5803	FUN_180663230	180663230	27	OK	13679014
5804	FUN_180663250	180663250	27	OK	13679205
5805	FUN_180663270	180663270	27	OK	13679396
5806	FUN_180663290	180663290	27	OK	13679587
5807	FUN_1806632b0	1806632b0	27	OK	13679778
5808	FUN_1806632d0	1806632d0	27	OK	13679969
5809	FUN_1806632f0	1806632f0	27	OK	13680160
5810	FUN_180663310	180663310	27	OK	13680351
5811	FUN_180663330	180663330	27	OK	13680542
5812	FUN_180663350	180663350	27	OK	13680733
5813	FUN_180663370	180663370	27	OK	13680924
5814	FUN_180663390	180663390	27	OK	13681115
5815	FUN_1806633b0	1806633b0	27	OK	13681306
5816	FUN_1806633d0	1806633d0	27	OK	13681497
5817	FUN_1806633f0	1806633f0	27	OK	13681688
5818	FUN_180663410	180663410	27	OK	13681879
5819	FUN_180663430	180663430	27	OK	13682070
5820	FUN_180663450	180663450	27	OK	13682261
5821	FUN_180663470	180663470	27	OK	13682452
5822	FUN_180663490	180663490	27	OK	13682643
5823	FUN_1806634b0	1806634b0	27	OK	13682834
5824	FUN_1806634d0	1806634d0	27	OK	13683025
5825	FUN_1806634f0	1806634f0	27	OK	13683216
5826	FUN_180663510	180663510	27	OK	13683407
5827	FUN_180663530	180663530	27	OK	13683598
5828	FUN_180663550	180663550	27	OK	13683789
5829	FUN_180663570	180663570	27	OK	13683980
5830	FUN_180663590	180663590	27	OK	13684171
5831	FUN_1806635b0	1806635b0	27	OK	13684362
5832	FUN_1806635d0	1806635d0	27	OK	13684553
5833	FUN_1806635f0	1806635f0	27	OK	13684744
5834	FUN_180663610	180663610	27	OK	13684935
5835	FUN_180663630	180663630	27	OK	13685126
5836	FUN_180663650	180663650	27	OK	13685317
5837	FUN_180663670	180663670	27	OK	13685508
5838	FUN_180663690	180663690	27	OK	13685699
5839	FUN_1806636b0	1806636b0	27	OK	13685890
5840	FUN_1806636d0	1806636d0	27	OK	13686081
5841	FUN_1806636f0	1806636f0	27	OK	13686272
5842	FUN_180663710	180663710	27	OK	13686463
5843	FUN_180663730	180663730	27	OK	13686654
5844	FUN_180663750	180663750	27	OK	13686845
5845	FUN_180663770	180663770	27	OK	13687036
5846	FUN_180663790	180663790	27	OK	13687227
5847	FUN_1806637b0	1806637b0	27	OK	13687418
5848	FUN_1806637d0	1806637d0	27	OK	13687609
5849	FUN_1806637f0	1806637f0	27	OK	13687800
5850	FUN_180663810	180663810	27	OK	13687991
5851	FUN_180663830	180663830	27	OK	13688182
5852	FUN_180663850	180663850	27	OK	13688373
5853	FUN_180663870	180663870	27	OK	13688564
5854	FUN_180663890	180663890	27	OK	13688755
5855	FUN_1806638b0	1806638b0	27	OK	13688946
5856	FUN_1806638d0	1806638d0	27	OK	13689137
5857	FUN_1806638f0	1806638f0	27	OK	13689328
5858	FUN_180663910	180663910	27	OK	13689519
5859	FUN_180663930	180663930	27	OK	13689710
5860	FUN_180663950	180663950	27	OK	13689901
5861	FUN_180663970	180663970	27	OK	13690092
5862	FUN_180663990	180663990	27	OK	13690283
5863	FUN_1806639b0	1806639b0	27	OK	13690474
5864	FUN_1806639d0	1806639d0	27	OK	13690665
5865	FUN_1806639f0	1806639f0	27	OK	13690856
5866	FUN_180663a10	180663a10	27	OK	13691047
5867	FUN_180663a30	180663a30	27	OK	13691238
5868	FUN_180663a50	180663a50	27	OK	13691429
5869	FUN_180663a70	180663a70	27	OK	13691620
5870	FUN_180663a90	180663a90	27	OK	13691811
5871	FUN_180663ab0	180663ab0	27	OK	13692002
5872	FUN_180663ad0	180663ad0	27	OK	13692193
5873	FUN_180663af0	180663af0	27	OK	13692384
5874	FUN_180663b10	180663b10	27	OK	13692575
5875	FUN_180663b30	180663b30	27	OK	13692766
5876	FUN_180663b50	180663b50	27	OK	13692957
5877	FUN_180663b70	180663b70	27	OK	13693148
5878	FUN_180663b90	180663b90	27	OK	13693339
5879	FUN_180663bb0	180663bb0	27	OK	13693530
5880	FUN_180663bd0	180663bd0	27	OK	13693721
5881	FUN_180663bf0	180663bf0	27	OK	13693912
5882	FUN_180663c10	180663c10	27	OK	13694103
5883	FUN_180663c30	180663c30	27	OK	13694294
5884	FUN_180663c50	180663c50	27	OK	13694485
5885	FUN_180663c70	180663c70	27	OK	13694676
5886	FUN_180663c90	180663c90	27	OK	13694867
5887	FUN_180663cb0	180663cb0	27	OK	13695058
5888	FUN_180663cd0	180663cd0	27	OK	13695249
5889	FUN_180663cf0	180663cf0	27	OK	13695440
5890	FUN_180663d10	180663d10	27	OK	13695631
5891	FUN_180663d30	180663d30	27	OK	13695822
5892	FUN_180663d50	180663d50	27	OK	13696013
5893	FUN_180663d70	180663d70	27	OK	13696204
5894	FUN_180663d90	180663d90	27	OK	13696395
5895	FUN_180663db0	180663db0	27	OK	13696586
5896	FUN_180663dd0	180663dd0	27	OK	13696777
5897	FUN_180663df0	180663df0	27	OK	13696968
5898	FUN_180663e10	180663e10	27	OK	13697159
5899	FUN_180663e30	180663e30	27	OK	13697350
5900	FUN_180663e50	180663e50	27	OK	13697541
5901	FUN_180663e70	180663e70	27	OK	13697732
5902	FUN_180663e90	180663e90	27	OK	13697923
5903	FUN_180663eb0	180663eb0	27	OK	13698114
5904	FUN_180663ed0	180663ed0	27	OK	13698305
5905	FUN_180663ef0	180663ef0	27	OK	13698496
5906	FUN_180663f10	180663f10	27	OK	13698687
5907	FUN_180663f30	180663f30	27	OK	13698878
5908	FUN_180663f50	180663f50	27	OK	13699069
5909	FUN_180663f70	180663f70	27	OK	13699260
5910	FUN_180663f90	180663f90	27	OK	13699451
5911	FUN_180663fb0	180663fb0	27	OK	13699642
5912	FUN_180663fd0	180663fd0	27	OK	13699833
5913	FUN_180663ff0	180663ff0	27	OK	13700024
5914	FUN_180664010	180664010	27	OK	13700215
5915	FUN_180664030	180664030	27	OK	13700406
5916	FUN_180664050	180664050	27	OK	13700597
5917	FUN_180664070	180664070	27	OK	13700788
5918	FUN_180664090	180664090	27	OK	13700979
5919	FUN_1806640b0	1806640b0	27	OK	13701170
5920	FUN_1806640d0	1806640d0	27	OK	13701361
5921	FUN_1806640f0	1806640f0	27	OK	13701552
5922	FUN_180664110	180664110	27	OK	13701743
5923	FUN_180664130	180664130	27	OK	13701934
5924	FUN_180664150	180664150	27	OK	13702125
5925	FUN_180664170	180664170	27	OK	13702316
5926	FUN_180664190	180664190	27	OK	13702507
5927	FUN_1806641b0	1806641b0	27	OK	13702698
5928	FUN_1806641d0	1806641d0	27	OK	13702889
5929	FUN_1806641f0	1806641f0	27	OK	13703080
5930	FUN_180664210	180664210	27	OK	13703271
5931	FUN_180664230	180664230	27	OK	13703462
5932	FUN_180664250	180664250	27	OK	13703653
5933	FUN_180664270	180664270	27	OK	13703844
5934	FUN_180664290	180664290	27	OK	13704035
5935	FUN_1806642b0	1806642b0	27	OK	13704226
5936	FUN_1806642d0	1806642d0	27	OK	13704417
5937	FUN_1806642f0	1806642f0	27	OK	13704608
5938	FUN_180664310	180664310	27	OK	13704799
5939	FUN_180664330	180664330	27	OK	13704990
5940	FUN_180664350	180664350	27	OK	13705181
5941	FUN_180664370	180664370	27	OK	13705372
5942	FUN_180664390	180664390	27	OK	13705563
5943	FUN_1806643b0	1806643b0	27	OK	13705754
5944	FUN_1806643d0	1806643d0	27	OK	13705945
5945	FUN_1806643f0	1806643f0	27	OK	13706136
5946	FUN_180664410	180664410	27	OK	13706327
5947	FUN_180664430	180664430	27	OK	13706518
5948	FUN_180664450	180664450	27	OK	13706709
5949	FUN_180664470	180664470	27	OK	13706900
5950	FUN_180664490	180664490	27	OK	13707091
5951	FUN_1806644b0	1806644b0	27	OK	13707282
5952	FUN_1806644d0	1806644d0	27	OK	13707473
5953	FUN_1806644f0	1806644f0	27	OK	13707664
5954	FUN_180664510	180664510	27	OK	13707855
5955	FUN_180664530	180664530	27	OK	13708046
5956	FUN_180664550	180664550	27	OK	13708237
5957	FUN_180664570	180664570	27	OK	13708428
5958	FUN_180664590	180664590	27	OK	13708619
5959	FUN_1806645b0	1806645b0	27	OK	13708810
5960	FUN_1806645d0	1806645d0	27	OK	13709001
5961	FUN_1806645f0	1806645f0	27	OK	13709192
5962	FUN_180664610	180664610	27	OK	13709383
5963	FUN_180664630	180664630	27	OK	13709574
5964	FUN_180664650	180664650	27	OK	13709765
5965	FUN_180664670	180664670	27	OK	13709956
5966	FUN_180664690	180664690	27	OK	13710147
5967	FUN_1806646b0	1806646b0	27	OK	13710338
5968	FUN_1806646d0	1806646d0	27	OK	13710529
5969	FUN_1806646f0	1806646f0	27	OK	13710720
5970	FUN_180664710	180664710	27	OK	13710911
5971	FUN_180664730	180664730	27	OK	13711102
5972	FUN_180664750	180664750	27	OK	13711293
5973	FUN_180664770	180664770	27	OK	13711484
5974	FUN_180664790	180664790	27	OK	13711675
5975	FUN_1806647b0	1806647b0	27	OK	13711866
5976	FUN_1806647d0	1806647d0	27	OK	13712057
5977	FUN_1806647f0	1806647f0	27	OK	13712248
5978	FUN_180664810	180664810	27	OK	13712439
5979	FUN_180664830	180664830	27	OK	13712630
5980	FUN_180664850	180664850	27	OK	13712821
5981	FUN_180664870	180664870	27	OK	13713012
5982	FUN_180664890	180664890	27	OK	13713203
5983	FUN_1806648b0	1806648b0	27	OK	13713394
5984	FUN_1806648d0	1806648d0	27	OK	13713585
5985	FUN_1806648f0	1806648f0	27	OK	13713776
5986	FUN_180664910	180664910	27	OK	13713967
5987	FUN_180664930	180664930	27	OK	13714158
5988	FUN_180664950	180664950	27	OK	13714349
5989	FUN_180664970	180664970	27	OK	13714540
5990	FUN_180664990	180664990	27	OK	13714731
5991	FUN_1806649b0	1806649b0	27	OK	13714922
5992	FUN_1806649d0	1806649d0	27	OK	13715113
5993	FUN_1806649f0	1806649f0	27	OK	13715304
5994	FUN_180664a10	180664a10	27	OK	13715495
5995	FUN_180664a30	180664a30	27	OK	13715686
5996	FUN_180664a50	180664a50	27	OK	13715877
5997	FUN_180664a70	180664a70	27	OK	13716068
5998	FUN_180664a90	180664a90	27	OK	13716259
5999	FUN_180664ab0	180664ab0	27	OK	13716450
6000	FUN_180664ad0	180664ad0	27	OK	13716641
6001	FUN_180664af0	180664af0	27	OK	13716832
6002	FUN_180664b10	180664b10	27	OK	13717023
6003	FUN_180664b30	180664b30	27	OK	13717214
6004	FUN_180664b50	180664b50	27	OK	13717405
6005	FUN_180664b70	180664b70	27	OK	13717596
6006	FUN_180664b90	180664b90	27	OK	13717787
6007	FUN_180664bb0	180664bb0	27	OK	13717978
6008	FUN_180664bd0	180664bd0	27	OK	13718169
6009	FUN_180664bf0	180664bf0	27	OK	13718360
6010	FUN_180664c10	180664c10	27	OK	13718551
6011	FUN_180664c30	180664c30	27	OK	13718742
6012	FUN_180664c50	180664c50	27	OK	13718933
6013	FUN_180664c70	180664c70	27	OK	13719124
6014	FUN_180664c90	180664c90	27	OK	13719315
6015	FUN_180664cb0	180664cb0	27	OK	13719506
6016	FUN_180664cd0	180664cd0	27	OK	13719697
6017	FUN_180664cf0	180664cf0	27	OK	13719888
6018	FUN_180664d10	180664d10	27	OK	13720079
6019	FUN_180664d30	180664d30	27	OK	13720270
6020	FUN_180664d50	180664d50	27	OK	13720461
6021	FUN_180664d70	180664d70	27	OK	13720652
6022	FUN_180664d90	180664d90	27	OK	13720843
6023	FUN_180664db0	180664db0	27	OK	13721034
6024	FUN_180664dd0	180664dd0	27	OK	13721225
6025	FUN_180664df0	180664df0	27	OK	13721416
6026	FUN_180664e10	180664e10	27	OK	13721607
6027	FUN_180664e30	180664e30	27	OK	13721798
6028	FUN_180664e50	180664e50	27	OK	13721989
6029	FUN_180664e70	180664e70	27	OK	13722180
6030	FUN_180664e90	180664e90	27	OK	13722371
6031	FUN_180664eb0	180664eb0	27	OK	13722562
6032	FUN_180664ed0	180664ed0	27	OK	13722753
6033	FUN_180664ef0	180664ef0	27	OK	13722944
6034	FUN_180664f10	180664f10	27	OK	13723135
6035	FUN_180664f30	180664f30	27	OK	13723326
6036	FUN_180664f50	180664f50	27	OK	13723517
6037	FUN_180664f70	180664f70	27	OK	13723708
6038	FUN_180664f90	180664f90	27	OK	13723899
6039	FUN_180664fb0	180664fb0	27	OK	13724090
6040	FUN_180664fd0	180664fd0	27	OK	13724281
6041	FUN_180664ff0	180664ff0	27	OK	13724472
6042	FUN_180665010	180665010	27	OK	13724663
6043	FUN_180665030	180665030	27	OK	13724854
6044	FUN_180665050	180665050	27	OK	13725045
6045	FUN_180665070	180665070	27	OK	13725236
6046	FUN_180665090	180665090	27	OK	13725427
6047	FUN_1806650b0	1806650b0	27	OK	13725618
6048	FUN_1806650d0	1806650d0	27	OK	13725809
6049	FUN_1806650f0	1806650f0	27	OK	13726000
6050	FUN_180665110	180665110	27	OK	13726191
6051	FUN_180665130	180665130	27	OK	13726382
6052	FUN_180665150	180665150	27	OK	13726573
6053	FUN_180665170	180665170	27	OK	13726764
6054	FUN_180665190	180665190	27	OK	13726955
6055	FUN_1806651b0	1806651b0	27	OK	13727146
6056	FUN_1806651d0	1806651d0	27	OK	13727337
6057	FUN_1806651f0	1806651f0	27	OK	13727528
6058	FUN_180665210	180665210	27	OK	13727719
6059	FUN_180665230	180665230	27	OK	13727910
6060	FUN_180665250	180665250	27	OK	13728101
6061	FUN_180665270	180665270	27	OK	13728292
6062	FUN_180665290	180665290	27	OK	13728483
6063	FUN_1806652b0	1806652b0	27	OK	13728674
6064	FUN_1806652d0	1806652d0	27	OK	13728865
6065	FUN_1806652f0	1806652f0	27	OK	13729056
6066	FUN_180665310	180665310	27	OK	13729247
6067	FUN_180665330	180665330	27	OK	13729438
6068	FUN_180665350	180665350	27	OK	13729629
6069	FUN_180665370	180665370	27	OK	13729820
6070	FUN_180665390	180665390	27	OK	13730011
6071	FUN_1806653b0	1806653b0	27	OK	13730202
6072	FUN_1806653d0	1806653d0	27	OK	13730393
6073	FUN_1806653f0	1806653f0	27	OK	13730584
6074	FUN_180665410	180665410	27	OK	13730775
6075	FUN_180665430	180665430	27	OK	13730966
6076	FUN_180665450	180665450	27	OK	13731157
6077	FUN_180665470	180665470	27	OK	13731348
6078	FUN_180665490	180665490	27	OK	13731539
6079	FUN_1806654b0	1806654b0	27	OK	13731730
6080	FUN_1806654d0	1806654d0	27	OK	13731921
6081	FUN_1806654f0	1806654f0	27	OK	13732112
6082	FUN_180665510	180665510	27	OK	13732303
6083	FUN_180665530	180665530	27	OK	13732494
6084	FUN_180665550	180665550	27	OK	13732685
6085	FUN_180665570	180665570	27	OK	13732876
6086	FUN_180665590	180665590	27	OK	13733067
6087	FUN_1806655b0	1806655b0	27	OK	13733258
6088	FUN_1806655d0	1806655d0	27	OK	13733449
6089	FUN_1806655f0	1806655f0	27	OK	13733640
6090	FUN_180665610	180665610	27	OK	13733831
6091	FUN_180665630	180665630	27	OK	13734022
6092	FUN_180665650	180665650	27	OK	13734213
6093	FUN_180665670	180665670	27	OK	13734404
6094	FUN_180665690	180665690	27	OK	13734595
6095	FUN_1806656b0	1806656b0	27	OK	13734786
6096	FUN_1806656d0	1806656d0	27	OK	13734977
6097	FUN_1806656f0	1806656f0	27	OK	13735168
6098	FUN_180665710	180665710	27	OK	13735359
6099	FUN_180665730	180665730	27	OK	13735550
6100	FUN_180665750	180665750	27	OK	13735741
6101	FUN_180665770	180665770	27	OK	13735932
6102	FUN_180665790	180665790	27	OK	13736123
6103	FUN_1806657b0	1806657b0	27	OK	13736314
6104	FUN_1806657d0	1806657d0	27	OK	13736505
6105	FUN_1806657f0	1806657f0	27	OK	13736696
6106	FUN_180665810	180665810	45	OK	13736938
6107	FUN_180665840	180665840	41	OK	13737276
6108	FUN_1806658b0	1806658b0	45	OK	13737518
6109	FUN_1806658e0	1806658e0	45	OK	13737762
6110	__l1::dtor$3	180665910	41	OK	13740062
6111	FUN_180665940	180665940	45	OK	13740306
6112	FUN_180665cc0	180665cc0	45	OK	13740547
6113	__l1::dtor$3	180665cf0	41	OK	13742847
6114	FUN_180667660	180667660	45	OK	13743091
6115	FUN_180667960	180667960	45	OK	13743334
6116	FUN_180667990	180667990	27	OK	13743525
6117	FUN_1806679b0	1806679b0	27	OK	13743716
6118	FUN_1806679d0	1806679d0	27	OK	13743907
6119	FUN_1806679f0	1806679f0	27	OK	13744098
6120	FUN_180667a10	180667a10	27	OK	13744289
6121	FUN_180667a30	180667a30	27	OK	13744480
6122	FUN_180667a50	180667a50	27	OK	13744671
6123	FUN_180667a70	180667a70	27	OK	13744862
6124	FUN_180667a90	180667a90	27	OK	13745053
6125	FUN_180667ab0	180667ab0	27	OK	13745244
6126	FUN_180667ad0	180667ad0	27	OK	13745435
6127	FUN_180667af0	180667af0	27	OK	13745626
6128	FUN_180667b10	180667b10	27	OK	13745817
6129	FUN_180667b30	180667b30	27	OK	13746008
6130	FUN_180667b50	180667b50	27	OK	13746199
6131	FUN_180667b70	180667b70	27	OK	13746390
6132	FUN_180667b90	180667b90	27	OK	13746581
6133	FUN_180667bb0	180667bb0	27	OK	13746772
6134	FUN_180667bd0	180667bd0	27	OK	13746963
6135	FUN_180667bf0	180667bf0	27	OK	13747154
6136	FUN_180667c10	180667c10	27	OK	13747345
6137	FUN_180667c30	180667c30	27	OK	13747536
6138	FUN_180667c50	180667c50	27	OK	13747727
6139	FUN_180667c70	180667c70	27	OK	13747918
6140	FUN_180667c90	180667c90	27	OK	13748109
6141	FUN_180667cb0	180667cb0	27	OK	13748300
6142	FUN_180667cd0	180667cd0	27	OK	13748491
6143	FUN_180667cf0	180667cf0	27	OK	13748682
6144	FUN_180667d10	180667d10	27	OK	13748873
6145	FUN_180667d30	180667d30	27	OK	13749064
6146	FUN_180667d50	180667d50	27	OK	13749255
6147	FUN_180667d70	180667d70	27	OK	13749446
6148	FUN_180667d90	180667d90	27	OK	13749637
6149	FUN_180667db0	180667db0	27	OK	13749828
6150	FUN_180667dd0	180667dd0	27	OK	13750019
6151	FUN_180667df0	180667df0	27	OK	13750210
6152	FUN_180667e10	180667e10	27	OK	13750401
6153	FUN_180667e30	180667e30	27	OK	13750592
6154	FUN_180667e50	180667e50	27	OK	13750783
6155	FUN_180667e70	180667e70	27	OK	13750974
6156	FUN_180667e90	180667e90	27	OK	13751165
6157	FUN_180667eb0	180667eb0	27	OK	13751356
6158	FUN_180667ed0	180667ed0	27	OK	13751547
6159	FUN_180667ef0	180667ef0	27	OK	13751738
6160	FUN_180667f10	180667f10	27	OK	13751929
6161	FUN_180667f30	180667f30	27	OK	13752120
6162	FUN_180667f50	180667f50	27	OK	13752311
6163	FUN_180667f70	180667f70	27	OK	13752502
6164	FUN_180667f90	180667f90	27	OK	13752693
6165	FUN_180667fb0	180667fb0	27	OK	13752884
6166	FUN_180667fd0	180667fd0	27	OK	13753075
6167	FUN_180667ff0	180667ff0	27	OK	13753266
6168	FUN_180668010	180668010	27	OK	13753457
6169	FUN_180668030	180668030	27	OK	13753648
6170	FUN_180668050	180668050	27	OK	13753839
6171	FUN_180668070	180668070	27	OK	13754030
6172	FUN_180668090	180668090	27	OK	13754221
6173	FUN_1806680b0	1806680b0	27	OK	13754412
6174	FUN_1806680d0	1806680d0	27	OK	13754603
6175	FUN_1806680f0	1806680f0	27	OK	13754794
6176	FUN_180668110	180668110	27	OK	13754985
6177	FUN_180668130	180668130	27	OK	13755176
6178	FUN_180668150	180668150	27	OK	13755367
6179	FUN_180668170	180668170	27	OK	13755558
6180	FUN_180668190	180668190	27	OK	13755749
6181	FUN_1806681b0	1806681b0	27	OK	13755940
6182	FUN_1806681d0	1806681d0	27	OK	13756131
6183	FUN_1806681f0	1806681f0	27	OK	13756322
6184	FUN_180668210	180668210	27	OK	13756513
6185	FUN_180668230	180668230	27	OK	13756704
6186	FUN_180668250	180668250	27	OK	13756895
6187	FUN_180668270	180668270	27	OK	13757086
6188	FUN_180668290	180668290	27	OK	13757277
6189	FUN_1806682b0	1806682b0	27	OK	13757468
6190	FUN_1806682d0	1806682d0	27	OK	13757659
6191	FUN_1806682f0	1806682f0	27	OK	13757850
6192	FUN_180668310	180668310	27	OK	13758041
6193	FUN_180668330	180668330	27	OK	13758232
6194	FUN_180668350	180668350	27	OK	13758423
6195	FUN_180668370	180668370	27	OK	13758614
6196	FUN_180668390	180668390	27	OK	13758805
6197	FUN_1806683b0	1806683b0	27	OK	13758996
6198	FUN_1806683d0	1806683d0	27	OK	13759187
6199	FUN_1806683f0	1806683f0	27	OK	13759378
6200	FUN_180668410	180668410	27	OK	13759569
6201	FUN_180668430	180668430	27	OK	13759760
6202	FUN_180668450	180668450	27	OK	13759951
6203	FUN_180668470	180668470	27	OK	13760142
6204	FUN_180668490	180668490	27	OK	13760333
6205	FUN_1806684b0	1806684b0	27	OK	13760524
6206	FUN_1806684d0	1806684d0	27	OK	13760715
6207	FUN_1806684f0	1806684f0	27	OK	13760906
6208	FUN_180668510	180668510	27	OK	13761097
6209	FUN_180668530	180668530	27	OK	13761288
6210	FUN_180668550	180668550	27	OK	13761479
6211	FUN_180668570	180668570	27	OK	13761670
6212	FUN_180668590	180668590	27	OK	13761861
6213	FUN_1806685b0	1806685b0	27	OK	13762052
6214	FUN_1806685d0	1806685d0	27	OK	13762243
6215	FUN_1806685f0	1806685f0	27	OK	13762434
6216	FUN_180668610	180668610	27	OK	13762625
6217	FUN_180668630	180668630	27	OK	13762816
6218	FUN_180668650	180668650	27	OK	13763007
6219	FUN_180668670	180668670	27	OK	13763198
6220	FUN_180668690	180668690	27	OK	13763389
6221	FUN_1806686b0	1806686b0	27	OK	13763580
6222	FUN_1806686d0	1806686d0	27	OK	13763771
6223	FUN_1806686f0	1806686f0	27	OK	13763962
6224	FUN_180668710	180668710	27	OK	13764153
6225	FUN_180668730	180668730	27	OK	13764344
6226	FUN_180668750	180668750	27	OK	13764535
6227	FUN_180668770	180668770	27	OK	13764726
6228	FUN_180668790	180668790	27	OK	13764917
6229	FUN_1806687b0	1806687b0	27	OK	13765108
6230	FUN_1806687d0	1806687d0	27	OK	13765299
6231	FUN_1806687f0	1806687f0	27	OK	13765490
6232	FUN_180668810	180668810	27	OK	13765681
6233	FUN_180668830	180668830	27	OK	13765872
6234	FUN_180668850	180668850	27	OK	13766063
6235	FUN_180668870	180668870	27	OK	13766254
6236	FUN_180668890	180668890	27	OK	13766445
6237	FUN_1806688b0	1806688b0	27	OK	13766636
6238	FUN_1806688d0	1806688d0	27	OK	13766827
6239	FUN_1806688f0	1806688f0	27	OK	13767018
6240	FUN_180668910	180668910	27	OK	13767209
6241	FUN_180668930	180668930	27	OK	13767400
6242	FUN_180668950	180668950	27	OK	13767591
6243	FUN_180668970	180668970	27	OK	13767782
6244	FUN_180668990	180668990	27	OK	13767973
6245	FUN_1806689b0	1806689b0	27	OK	13768164
6246	FUN_1806689d0	1806689d0	27	OK	13768355
6247	FUN_1806689f0	1806689f0	27	OK	13768546
6248	FUN_180668a10	180668a10	27	OK	13768737
6249	FUN_180668a30	180668a30	27	OK	13768928
6250	FUN_180668a50	180668a50	27	OK	13769119
6251	FUN_180668a70	180668a70	27	OK	13769310
6252	FUN_180668a90	180668a90	27	OK	13769501
6253	FUN_180668ab0	180668ab0	27	OK	13769692
6254	FUN_180668ad0	180668ad0	27	OK	13769883
6255	FUN_180668af0	180668af0	27	OK	13770074
6256	FUN_180668b10	180668b10	27	OK	13770265
6257	FUN_180668b30	180668b30	27	OK	13770456
6258	FUN_180668b50	180668b50	27	OK	13770647
6259	FUN_180668b70	180668b70	27	OK	13770838
6260	FUN_180668b90	180668b90	27	OK	13771029
6261	FUN_180668bb0	180668bb0	27	OK	13771220
6262	FUN_180668bd0	180668bd0	27	OK	13771411
6263	FUN_180668bf0	180668bf0	27	OK	13771602
6264	FUN_180668c10	180668c10	27	OK	13771793
6265	FUN_180668c30	180668c30	27	OK	13771984
6266	FUN_180668c50	180668c50	27	OK	13772175
6267	FUN_180668c70	180668c70	27	OK	13772366
6268	FUN_180668c90	180668c90	27	OK	13772557
6269	FUN_180668cb0	180668cb0	27	OK	13772748
6270	FUN_180668cd0	180668cd0	27	OK	13772939
6271	FUN_180668cf0	180668cf0	27	OK	13773130
6272	FUN_180668d10	180668d10	27	OK	13773321
6273	FUN_180668d30	180668d30	27	OK	13773512
6274	FUN_180668d50	180668d50	27	OK	13773703
6275	FUN_180668d70	180668d70	27	OK	13773894
6276	FUN_180668d90	180668d90	27	OK	13774085
6277	FUN_180668db0	180668db0	27	OK	13774276
6278	FUN_180668dd0	180668dd0	27	OK	13774467
6279	FUN_180668df0	180668df0	27	OK	13774658
6280	FUN_180668e10	180668e10	27	OK	13774849
6281	FUN_180668e30	180668e30	27	OK	13775040
6282	FUN_180668e50	180668e50	27	OK	13775231
6283	FUN_180668e70	180668e70	27	OK	13775422
6284	FUN_180668e90	180668e90	27	OK	13775613
6285	FUN_180668eb0	180668eb0	27	OK	13775804
6286	FUN_180668ed0	180668ed0	27	OK	13775995
6287	FUN_180668ef0	180668ef0	27	OK	13776186
6288	FUN_180668f10	180668f10	27	OK	13776377
6289	FUN_180668f30	180668f30	27	OK	13776568
6290	FUN_180668f50	180668f50	27	OK	13776759
6291	FUN_180668f70	180668f70	27	OK	13776950
6292	FUN_180668f90	180668f90	27	OK	13777141
6293	FUN_180668fb0	180668fb0	27	OK	13777332
6294	FUN_180668fd0	180668fd0	27	OK	13777523
6295	FUN_180668ff0	180668ff0	27	OK	13777714
6296	FUN_180669010	180669010	27	OK	13777905
6297	FUN_180669030	180669030	27	OK	13778096
6298	FUN_180669050	180669050	27	OK	13778287
6299	FUN_180669070	180669070	27	OK	13778478
6300	FUN_180669090	180669090	27	OK	13778669
6301	FUN_1806690b0	1806690b0	27	OK	13778860
6302	FUN_1806690d0	1806690d0	27	OK	13779051
6303	FUN_1806690f0	1806690f0	27	OK	13779242
6304	FUN_180669110	180669110	27	OK	13779433
6305	FUN_180669130	180669130	27	OK	13779624
6306	FUN_180669150	180669150	27	OK	13779815
6307	FUN_180669170	180669170	27	OK	13780006
6308	FUN_180669190	180669190	27	OK	13780197
6309	FUN_1806691b0	1806691b0	27	OK	13780388
6310	FUN_1806691d0	1806691d0	27	OK	13780579
6311	FUN_1806691f0	1806691f0	27	OK	13780770
6312	FUN_180669210	180669210	27	OK	13780961
6313	FUN_180669230	180669230	27	OK	13781152
6314	FUN_180669250	180669250	27	OK	13781343
6315	FUN_180669270	180669270	27	OK	13781534
6316	FUN_180669290	180669290	27	OK	13781725
6317	FUN_1806692b0	1806692b0	27	OK	13781916
6318	FUN_1806692d0	1806692d0	27	OK	13782107
6319	FUN_1806692f0	1806692f0	27	OK	13782298
6320	FUN_180669310	180669310	27	OK	13782489
6321	FUN_180669330	180669330	27	OK	13782680
6322	FUN_180669350	180669350	27	OK	13782871
6323	FUN_180669370	180669370	27	OK	13783062
6324	FUN_180669390	180669390	27	OK	13783253
6325	FUN_1806693b0	1806693b0	27	OK	13783444
6326	FUN_1806693d0	1806693d0	27	OK	13783635
6327	FUN_1806693f0	1806693f0	27	OK	13783826
6328	FUN_180669410	180669410	27	OK	13784017
6329	FUN_180669430	180669430	27	OK	13784208
6330	FUN_180669450	180669450	27	OK	13784399
6331	FUN_180669470	180669470	27	OK	13784590
6332	FUN_180669490	180669490	27	OK	13784781
6333	FUN_1806694b0	1806694b0	27	OK	13784972
6334	FUN_1806694d0	1806694d0	27	OK	13785163
6335	FUN_1806694f0	1806694f0	27	OK	13785354
6336	FUN_180669510	180669510	27	OK	13785545
6337	FUN_180669530	180669530	27	OK	13785736
6338	FUN_180669550	180669550	27	OK	13785927
6339	FUN_180669570	180669570	27	OK	13786118
6340	FUN_180669590	180669590	27	OK	13786309
6341	FUN_1806695b0	1806695b0	27	OK	13786500
6342	FUN_1806695d0	1806695d0	27	OK	13786691
6343	FUN_1806695f0	1806695f0	27	OK	13786882
6344	FUN_180669610	180669610	27	OK	13787073
6345	FUN_180669630	180669630	27	OK	13787264
6346	FUN_180669650	180669650	27	OK	13787455
6347	FUN_180669670	180669670	27	OK	13787646
6348	FUN_180669690	180669690	27	OK	13787837
6349	FUN_1806696b0	1806696b0	27	OK	13788028
6350	FUN_1806696d0	1806696d0	27	OK	13788219
6351	FUN_1806696f0	1806696f0	27	OK	13788410
6352	FUN_180669710	180669710	27	OK	13788601
6353	FUN_180669730	180669730	27	OK	13788792
6354	FUN_180669750	180669750	27	OK	13788983
6355	FUN_180669770	180669770	27	OK	13789174
6356	FUN_180669790	180669790	27	OK	13789365
6357	FUN_1806697b0	1806697b0	27	OK	13789556
6358	FUN_1806697d0	1806697d0	27	OK	13789747
6359	FUN_1806697f0	1806697f0	27	OK	13789938
6360	FUN_180669810	180669810	27	OK	13790129
6361	FUN_180669830	180669830	27	OK	13790320
6362	FUN_180669850	180669850	27	OK	13790511
6363	FUN_180669870	180669870	27	OK	13790702
6364	FUN_180669890	180669890	27	OK	13790893
6365	FUN_1806698b0	1806698b0	27	OK	13791084
6366	FUN_1806698d0	1806698d0	27	OK	13791275
6367	FUN_1806698f0	1806698f0	27	OK	13791466
6368	FUN_180669910	180669910	27	OK	13791657
6369	FUN_180669930	180669930	27	OK	13791848
6370	FUN_180669950	180669950	27	OK	13792039
6371	FUN_180669970	180669970	27	OK	13792230
6372	FUN_180669990	180669990	27	OK	13792421
6373	FUN_1806699b0	1806699b0	27	OK	13792612
6374	FUN_1806699d0	1806699d0	27	OK	13792803
6375	FUN_1806699f0	1806699f0	27	OK	13792994
6376	FUN_180669a10	180669a10	27	OK	13793185
6377	FUN_180669a30	180669a30	27	OK	13793376
6378	FUN_180669a50	180669a50	27	OK	13793567
6379	FUN_180669a70	180669a70	27	OK	13793758
6380	FUN_180669a90	180669a90	27	OK	13793949
6381	FUN_180669ab0	180669ab0	27	OK	13794140
6382	FUN_180669ad0	180669ad0	27	OK	13794331
6383	FUN_180669af0	180669af0	27	OK	13794522
6384	FUN_180669b10	180669b10	27	OK	13794713
6385	FUN_180669b30	180669b30	27	OK	13794904
6386	FUN_180669b50	180669b50	27	OK	13795095
6387	FUN_180669b70	180669b70	27	OK	13795286
6388	FUN_180669b90	180669b90	27	OK	13795477
6389	FUN_180669bb0	180669bb0	27	OK	13795668
6390	FUN_180669bd0	180669bd0	27	OK	13795859
6391	FUN_180669bf0	180669bf0	27	OK	13796050
6392	FUN_180669c10	180669c10	27	OK	13796241
6393	FUN_180669c30	180669c30	27	OK	13796432
6394	FUN_180669c50	180669c50	27	OK	13796623
6395	FUN_180669c70	180669c70	27	OK	13796814
6396	FUN_180669c90	180669c90	27	OK	13797005
6397	FUN_180669cb0	180669cb0	27	OK	13797196
6398	FUN_180669cd0	180669cd0	27	OK	13797387
6399	FUN_180669cf0	180669cf0	27	OK	13797578
6400	FUN_180669d10	180669d10	27	OK	13797769
6401	FUN_180669d30	180669d30	27	OK	13797960
6402	FUN_180669d50	180669d50	27	OK	13798151
6403	FUN_180669d70	180669d70	27	OK	13798342
6404	FUN_180669d90	180669d90	27	OK	13798533
6405	FUN_180669db0	180669db0	27	OK	13798724
6406	FUN_180669dd0	180669dd0	27	OK	13798915
6407	FUN_180669df0	180669df0	27	OK	13799106
6408	FUN_180669e10	180669e10	27	OK	13799297
6409	FUN_180669e30	180669e30	27	OK	13799488
6410	FUN_180669e50	180669e50	27	OK	13799679
6411	FUN_180669e70	180669e70	27	OK	13799870
6412	FUN_180669e90	180669e90	27	OK	13800061
6413	FUN_180669eb0	180669eb0	27	OK	13800252
6414	FUN_180669ed0	180669ed0	27	OK	13800443
6415	FUN_180669ef0	180669ef0	27	OK	13800634
6416	FUN_180669f10	180669f10	27	OK	13800825
6417	FUN_180669f30	180669f30	27	OK	13801016
6418	FUN_180669f50	180669f50	27	OK	13801207
6419	FUN_180669f70	180669f70	27	OK	13801398
6420	FUN_180669f90	180669f90	27	OK	13801589
6421	FUN_180669fb0	180669fb0	27	OK	13801780
6422	FUN_180669fd0	180669fd0	27	OK	13801971
6423	FUN_180669ff0	180669ff0	27	OK	13802162
6424	FUN_18066a010	18066a010	27	OK	13802353
6425	FUN_18066a030	18066a030	27	OK	13802544
6426	FUN_18066a050	18066a050	27	OK	13802735
6427	FUN_18066a070	18066a070	27	OK	13802926
6428	FUN_18066a090	18066a090	27	OK	13803117
6429	FUN_18066a0b0	18066a0b0	27	OK	13803308
6430	FUN_18066a0d0	18066a0d0	27	OK	13803499
6431	FUN_18066a0f0	18066a0f0	27	OK	13803690
6432	FUN_18066a110	18066a110	27	OK	13803881
6433	FUN_18066a130	18066a130	27	OK	13804072
6434	FUN_18066a150	18066a150	27	OK	13804263
6435	FUN_18066a170	18066a170	27	OK	13804454
6436	FUN_18066a190	18066a190	27	OK	13804645
6437	FUN_18066a1b0	18066a1b0	27	OK	13804836
6438	FUN_18066a1d0	18066a1d0	27	OK	13805027
6439	FUN_18066a1f0	18066a1f0	27	OK	13805218
6440	FUN_18066a210	18066a210	27	OK	13805409
6441	FUN_18066a230	18066a230	27	OK	13805600
6442	FUN_18066a250	18066a250	27	OK	13805791
6443	FUN_18066a270	18066a270	27	OK	13805982
6444	FUN_18066a290	18066a290	27	OK	13806173
6445	FUN_18066a2b0	18066a2b0	27	OK	13806364
6446	FUN_18066a2d0	18066a2d0	27	OK	13806555
6447	FUN_18066a2f0	18066a2f0	27	OK	13806746
6448	FUN_18066a310	18066a310	27	OK	13806937
6449	FUN_18066a330	18066a330	27	OK	13807128
6450	FUN_18066a350	18066a350	27	OK	13807319
6451	FUN_18066a370	18066a370	27	OK	13807510
6452	FUN_18066a390	18066a390	27	OK	13807701
6453	FUN_18066a3b0	18066a3b0	27	OK	13807892
6454	FUN_18066a3d0	18066a3d0	27	OK	13808083
6455	FUN_18066a3f0	18066a3f0	27	OK	13808274
6456	FUN_18066a410	18066a410	27	OK	13808465
6457	FUN_18066a430	18066a430	27	OK	13808656
6458	FUN_18066a450	18066a450	27	OK	13808847
6459	FUN_18066a470	18066a470	27	OK	13809038
6460	FUN_18066a490	18066a490	27	OK	13809229
6461	FUN_18066a4b0	18066a4b0	27	OK	13809420
6462	FUN_18066a4d0	18066a4d0	27	OK	13809611
6463	FUN_18066a4f0	18066a4f0	27	OK	13809802
6464	FUN_18066a510	18066a510	27	OK	13809993
6465	FUN_18066a530	18066a530	27	OK	13810184
6466	FUN_18066a550	18066a550	27	OK	13810375
6467	FUN_18066a570	18066a570	27	OK	13810566
6468	FUN_18066a590	18066a590	27	OK	13810757
6469	FUN_18066a5b0	18066a5b0	27	OK	13810948
6470	FUN_18066a5d0	18066a5d0	27	OK	13811139
6471	FUN_18066a5f0	18066a5f0	27	OK	13811330
6472	FUN_18066a610	18066a610	27	OK	13811521
6473	FUN_18066a630	18066a630	27	OK	13811712
6474	FUN_18066a650	18066a650	27	OK	13811903
6475	FUN_18066a670	18066a670	27	OK	13812094
6476	FUN_18066a690	18066a690	27	OK	13812285
6477	FUN_18066a6b0	18066a6b0	27	OK	13812476
6478	FUN_18066a6d0	18066a6d0	27	OK	13812667
6479	FUN_18066a6f0	18066a6f0	27	OK	13812858
6480	FUN_18066a710	18066a710	27	OK	13813049
6481	FUN_18066a730	18066a730	27	OK	13813240
6482	FUN_18066a750	18066a750	27	OK	13813431
6483	FUN_18066a770	18066a770	27	OK	13813622
6484	FUN_18066a790	18066a790	27	OK	13813813
6485	FUN_18066a7b0	18066a7b0	27	OK	13814004
6486	FUN_18066a7d0	18066a7d0	27	OK	13814195
6487	FUN_18066a7f0	18066a7f0	27	OK	13814386
6488	FUN_18066a810	18066a810	27	OK	13814577
6489	FUN_18066a830	18066a830	27	OK	13814768
6490	FUN_18066a850	18066a850	27	OK	13814959
6491	FUN_18066a870	18066a870	27	OK	13815150
6492	FUN_18066a890	18066a890	27	OK	13815341
6493	FUN_18066a8b0	18066a8b0	27	OK	13815532
6494	FUN_18066a8d0	18066a8d0	27	OK	13815723
6495	FUN_18066a8f0	18066a8f0	27	OK	13815914
6496	FUN_18066a910	18066a910	27	OK	13816105
6497	FUN_18066a930	18066a930	27	OK	13816296
6498	FUN_18066a950	18066a950	27	OK	13816487
6499	FUN_18066a970	18066a970	27	OK	13816678
6500	FUN_18066a990	18066a990	27	OK	13816869
6501	FUN_18066a9b0	18066a9b0	27	OK	13817060
6502	FUN_18066a9d0	18066a9d0	27	OK	13817251
6503	FUN_18066a9f0	18066a9f0	27	OK	13817442
6504	FUN_18066aa10	18066aa10	27	OK	13817633
6505	FUN_18066aa30	18066aa30	27	OK	13817824
6506	FUN_18066aa50	18066aa50	27	OK	13818015
6507	FUN_18066aa70	18066aa70	27	OK	13818206
6508	FUN_18066aa90	18066aa90	27	OK	13818397
6509	FUN_18066aab0	18066aab0	27	OK	13818588
6510	FUN_18066aad0	18066aad0	27	OK	13818779
6511	FUN_18066aaf0	18066aaf0	27	OK	13818970
6512	FUN_18066ab10	18066ab10	27	OK	13819161
6513	FUN_18066ab30	18066ab30	27	OK	13819352
6514	FUN_18066ab50	18066ab50	27	OK	13819543
6515	FUN_18066ab70	18066ab70	27	OK	13819734
6516	FUN_18066ab90	18066ab90	27	OK	13819925
6517	FUN_18066abb0	18066abb0	27	OK	13820116
6518	FUN_18066abd0	18066abd0	27	OK	13820307
6519	FUN_18066abf0	18066abf0	27	OK	13820498
6520	FUN_18066ac10	18066ac10	27	OK	13820689
6521	FUN_18066ac30	18066ac30	27	OK	13820880
6522	FUN_18066ac50	18066ac50	27	OK	13821071
6523	FUN_18066ac70	18066ac70	27	OK	13821262
6524	FUN_18066ac90	18066ac90	27	OK	13821453
6525	FUN_18066acb0	18066acb0	27	OK	13821644
6526	FUN_18066acd0	18066acd0	27	OK	13821834
6527	FUN_18066acf0	18066acf0	27	OK	13822025
6528	FUN_18066ad10	18066ad10	27	OK	13822216
6529	FUN_18066ad30	18066ad30	27	OK	13822407
6530	FUN_18066ad50	18066ad50	27	OK	13822598
6531	FUN_18066ad70	18066ad70	27	OK	13822789
6532	FUN_18066ad90	18066ad90	27	OK	13822980
6533	FUN_18066adb0	18066adb0	27	OK	13823171
6534	FUN_18066add0	18066add0	27	OK	13823362
6535	FUN_18066adf0	18066adf0	27	OK	13823553
6536	FUN_18066ae10	18066ae10	27	OK	13823744
6537	FUN_18066ae30	18066ae30	27	OK	13823935
6538	FUN_18066ae50	18066ae50	27	OK	13824126
6539	FUN_18066ae70	18066ae70	27	OK	13824317
6540	FUN_18066ae90	18066ae90	27	OK	13824508
6541	FUN_18066aeb0	18066aeb0	27	OK	13824699
6542	FUN_18066aed0	18066aed0	27	OK	13824890
6543	FUN_18066aef0	18066aef0	27	OK	13825081
6544	FUN_18066af10	18066af10	27	OK	13825272
6545	FUN_18066af30	18066af30	27	OK	13825463
6546	FUN_18066af50	18066af50	27	OK	13825654
6547	FUN_18066af70	18066af70	27	OK	13825845
6548	FUN_18066af90	18066af90	27	OK	13826036
6549	FUN_18066afb0	18066afb0	27	OK	13826227
6550	FUN_18066afd0	18066afd0	27	OK	13826418
6551	FUN_18066aff0	18066aff0	27	OK	13826609
6552	FUN_18066b010	18066b010	27	OK	13826800
6553	FUN_18066b030	18066b030	27	OK	13826991
6554	FUN_18066b050	18066b050	27	OK	13827182
6555	FUN_18066b070	18066b070	27	OK	13827373
6556	FUN_18066b090	18066b090	27	OK	13827564
6557	FUN_18066b0b0	18066b0b0	27	OK	13827755
6558	FUN_18066b0d0	18066b0d0	27	OK	13827946
6559	FUN_18066b0f0	18066b0f0	27	OK	13828137
6560	FUN_18066b110	18066b110	27	OK	13828328
6561	FUN_18066b130	18066b130	27	OK	13828519
6562	FUN_18066b150	18066b150	27	OK	13828710
6563	FUN_18066b170	18066b170	27	OK	13828901
6564	FUN_18066b190	18066b190	27	OK	13829092
6565	FUN_18066b1b0	18066b1b0	27	OK	13829283
6566	FUN_18066b1d0	18066b1d0	27	OK	13829474
6567	FUN_18066b1f0	18066b1f0	27	OK	13829665
6568	FUN_18066b210	18066b210	27	OK	13829856
6569	FUN_18066b230	18066b230	27	OK	13830047
6570	FUN_18066b250	18066b250	27	OK	13830238
6571	FUN_18066b270	18066b270	27	OK	13830429
6572	FUN_18066b290	18066b290	27	OK	13830620
6573	FUN_18066b2b0	18066b2b0	27	OK	13830811
6574	FUN_18066b2d0	18066b2d0	27	OK	13831002
6575	FUN_18066b2f0	18066b2f0	27	OK	13831193
6576	FUN_18066b310	18066b310	27	OK	13831384
6577	FUN_18066b330	18066b330	27	OK	13831575
6578	FUN_18066b350	18066b350	27	OK	13831766
6579	FUN_18066b370	18066b370	27	OK	13831957
6580	FUN_18066b390	18066b390	27	OK	13832148
6581	FUN_18066b3b0	18066b3b0	27	OK	13832339
6582	FUN_18066b3d0	18066b3d0	27	OK	13832530
6583	FUN_18066b3f0	18066b3f0	27	OK	13832721
6584	FUN_18066b410	18066b410	27	OK	13832912
6585	FUN_18066b430	18066b430	27	OK	13833103
6586	FUN_18066b450	18066b450	27	OK	13833294
6587	FUN_18066b470	18066b470	27	OK	13833485
6588	FUN_18066b490	18066b490	27	OK	13833676
6589	FUN_18066b4b0	18066b4b0	27	OK	13833867
6590	FUN_18066b4d0	18066b4d0	27	OK	13834058
6591	FUN_18066b4f0	18066b4f0	27	OK	13834249
6592	FUN_18066b510	18066b510	27	OK	13834440
6593	FUN_18066b530	18066b530	27	OK	13834631
6594	FUN_18066b550	18066b550	27	OK	13834822
6595	FUN_18066b570	18066b570	27	OK	13835013
6596	FUN_18066b590	18066b590	27	OK	13835204
6597	FUN_18066b5b0	18066b5b0	27	OK	13835395
6598	FUN_18066b5d0	18066b5d0	27	OK	13835586
6599	FUN_18066b5f0	18066b5f0	27	OK	13835777
6600	FUN_18066b610	18066b610	27	OK	13835968
6601	FUN_18066b630	18066b630	27	OK	13836159
6602	FUN_18066b650	18066b650	27	OK	13836350
6603	FUN_18066b670	18066b670	27	OK	13836541
6604	FUN_18066b690	18066b690	27	OK	13836732
6605	FUN_18066b6b0	18066b6b0	27	OK	13836923
6606	FUN_18066b6d0	18066b6d0	27	OK	13837114
6607	FUN_18066b6f0	18066b6f0	27	OK	13837305
6608	FUN_18066b710	18066b710	27	OK	13837496
6609	FUN_18066b730	18066b730	27	OK	13837687
6610	FUN_18066b750	18066b750	27	OK	13837878
6611	FUN_18066b770	18066b770	27	OK	13838069
6612	FUN_18066b790	18066b790	27	OK	13838260
6613	FUN_18066b7b0	18066b7b0	27	OK	13838451
6614	FUN_18066b7d0	18066b7d0	27	OK	13838642
6615	FUN_18066b7f0	18066b7f0	27	OK	13838833
6616	FUN_18066b810	18066b810	27	OK	13839024
6617	FUN_18066b830	18066b830	27	OK	13839215
6618	FUN_18066b850	18066b850	27	OK	13839406
6619	FUN_18066b870	18066b870	27	OK	13839597
6620	FUN_18066b890	18066b890	27	OK	13839788
6621	FUN_18066b8b0	18066b8b0	27	OK	13839979
6622	FUN_18066b8d0	18066b8d0	27	OK	13840170
6623	FUN_18066b8f0	18066b8f0	27	OK	13840361
6624	FUN_18066b910	18066b910	27	OK	13840552
6625	FUN_18066b930	18066b930	27	OK	13840743
6626	FUN_18066b950	18066b950	27	OK	13840934
6627	FUN_18066b970	18066b970	27	OK	13841125
6628	FUN_18066b990	18066b990	27	OK	13841316
6629	FUN_18066b9b0	18066b9b0	27	OK	13841507
6630	FUN_18066b9d0	18066b9d0	27	OK	13841698
6631	FUN_18066b9f0	18066b9f0	27	OK	13841889
6632	FUN_18066ba10	18066ba10	27	OK	13842080
6633	FUN_18066ba30	18066ba30	27	OK	13842271
6634	FUN_18066ba50	18066ba50	27	OK	13842462
6635	FUN_18066ba70	18066ba70	27	OK	13842653
6636	FUN_18066ba90	18066ba90	27	OK	13842844
6637	FUN_18066bab0	18066bab0	27	OK	13843035
6638	FUN_18066bad0	18066bad0	27	OK	13843226
6639	FUN_18066baf0	18066baf0	27	OK	13843417
6640	FUN_18066bb10	18066bb10	27	OK	13843608
6641	FUN_18066bb30	18066bb30	27	OK	13843799
6642	FUN_18066bb50	18066bb50	27	OK	13843990
6643	FUN_18066bb70	18066bb70	27	OK	13844181
6644	FUN_18066bb90	18066bb90	27	OK	13844372
6645	FUN_18066bbb0	18066bbb0	27	OK	13844563
6646	FUN_18066bbd0	18066bbd0	27	OK	13844754
6647	FUN_18066bbf0	18066bbf0	27	OK	13844945
6648	FUN_18066bc10	18066bc10	27	OK	13845136
6649	FUN_18066bc30	18066bc30	27	OK	13845327
6650	FUN_18066bc50	18066bc50	27	OK	13845518
6651	FUN_18066bc70	18066bc70	27	OK	13845709
6652	FUN_18066bc90	18066bc90	27	OK	13845900
6653	FUN_18066bcb0	18066bcb0	27	OK	13846091
6654	FUN_18066bcd0	18066bcd0	27	OK	13846282
6655	FUN_18066bcf0	18066bcf0	27	OK	13846473
6656	FUN_18066bd10	18066bd10	27	OK	13846664
6657	FUN_18066bd30	18066bd30	27	OK	13846855
6658	FUN_18066bd50	18066bd50	27	OK	13847046
6659	FUN_18066bd70	18066bd70	27	OK	13847237
6660	FUN_18066bd90	18066bd90	27	OK	13847428
6661	FUN_18066bdb0	18066bdb0	27	OK	13847619
6662	FUN_18066bdd0	18066bdd0	27	OK	13847810
6663	FUN_18066bdf0	18066bdf0	27	OK	13848001
6664	FUN_18066be10	18066be10	27	OK	13848192
6665	FUN_18066be30	18066be30	27	OK	13848383
6666	FUN_18066be50	18066be50	27	OK	13848574
6667	FUN_18066be70	18066be70	27	OK	13848765
6668	FUN_18066be90	18066be90	27	OK	13848956
6669	FUN_18066beb0	18066beb0	27	OK	13849147
6670	FUN_18066bed0	18066bed0	27	OK	13849338
6671	FUN_18066bef0	18066bef0	27	OK	13849529
6672	FUN_18066bf10	18066bf10	27	OK	13849720
6673	FUN_18066bf30	18066bf30	27	OK	13849911
6674	FUN_18066bf50	18066bf50	27	OK	13850102
6675	FUN_18066bf70	18066bf70	27	OK	13850293
6676	FUN_18066bf90	18066bf90	27	OK	13850484
6677	FUN_18066bfb0	18066bfb0	27	OK	13850675
6678	FUN_18066bfd0	18066bfd0	27	OK	13850866
6679	FUN_18066bff0	18066bff0	27	OK	13851057
6680	FUN_18066c010	18066c010	27	OK	13851248
6681	FUN_18066c030	18066c030	27	OK	13851439
6682	FUN_18066c050	18066c050	27	OK	13851630
6683	FUN_18066c070	18066c070	27	OK	13851821
6684	FUN_18066c090	18066c090	27	OK	13852012
6685	FUN_18066c0b0	18066c0b0	27	OK	13852203
6686	FUN_18066c0d0	18066c0d0	27	OK	13852394
6687	FUN_18066c0f0	18066c0f0	27	OK	13852585
6688	FUN_18066c110	18066c110	27	OK	13852776
6689	FUN_18066c130	18066c130	27	OK	13852967
6690	FUN_18066c150	18066c150	27	OK	13853158
6691	FUN_18066c170	18066c170	27	OK	13853349
6692	FUN_18066c190	18066c190	27	OK	13853540
6693	FUN_18066c1b0	18066c1b0	27	OK	13853731
6694	FUN_18066c1d0	18066c1d0	27	OK	13853922
6695	FUN_18066c1f0	18066c1f0	27	OK	13854113
6696	FUN_18066c210	18066c210	27	OK	13854304
6697	FUN_18066c230	18066c230	27	OK	13854495
6698	FUN_18066c250	18066c250	27	OK	13854686
6699	FUN_18066c270	18066c270	27	OK	13854877
6700	FUN_18066c290	18066c290	27	OK	13855068
6701	FUN_18066c2b0	18066c2b0	27	OK	13855259
6702	FUN_18066c2d0	18066c2d0	27	OK	13855450
6703	FUN_18066c2f0	18066c2f0	27	OK	13855641
6704	FUN_18066c310	18066c310	27	OK	13855832
6705	FUN_18066c330	18066c330	27	OK	13856023
6706	FUN_18066c350	18066c350	27	OK	13856214
6707	FUN_18066c370	18066c370	27	OK	13856405
6708	FUN_18066c390	18066c390	27	OK	13856596
6709	FUN_18066c3b0	18066c3b0	27	OK	13856787
6710	FUN_18066c3d0	18066c3d0	27	OK	13856978
6711	FUN_18066c3f0	18066c3f0	27	OK	13857169
6712	FUN_18066c410	18066c410	27	OK	13857360
6713	FUN_18066c430	18066c430	27	OK	13857551
6714	FUN_18066c450	18066c450	27	OK	13857742
6715	FUN_18066c470	18066c470	27	OK	13857933
6716	FUN_18066c490	18066c490	27	OK	13858124
6717	FUN_18066c4b0	18066c4b0	27	OK	13858315
6718	FUN_18066c4d0	18066c4d0	27	OK	13858506
6719	FUN_18066c4f0	18066c4f0	27	OK	13858697
6720	FUN_18066c510	18066c510	27	OK	13858888
6721	FUN_18066c530	18066c530	27	OK	13859079
6722	FUN_18066c550	18066c550	27	OK	13859270
6723	FUN_18066c570	18066c570	27	OK	13859461
6724	FUN_18066c590	18066c590	27	OK	13859652
6725	FUN_18066c5b0	18066c5b0	27	OK	13859843
6726	FUN_18066c5d0	18066c5d0	27	OK	13860034
6727	FUN_18066c5f0	18066c5f0	27	OK	13860225
6728	FUN_18066c610	18066c610	27	OK	13860416
6729	FUN_18066c630	18066c630	27	OK	13860607
6730	FUN_18066c650	18066c650	27	OK	13860798
6731	FUN_18066c670	18066c670	27	OK	13860989
6732	FUN_18066c690	18066c690	27	OK	13861180
6733	FUN_18066c6b0	18066c6b0	27	OK	13861371
6734	FUN_18066c6d0	18066c6d0	27	OK	13861562
6735	FUN_18066c6f0	18066c6f0	27	OK	13861753
6736	FUN_18066c710	18066c710	27	OK	13861944
6737	FUN_18066c730	18066c730	27	OK	13862135
6738	FUN_18066c750	18066c750	27	OK	13862326
6739	FUN_18066c770	18066c770	27	OK	13862517
6740	FUN_18066c790	18066c790	27	OK	13862708
6741	FUN_18066c7b0	18066c7b0	27	OK	13862899
6742	FUN_18066c7d0	18066c7d0	27	OK	13863090
6743	FUN_18066c7f0	18066c7f0	27	OK	13863281
6744	FUN_18066c810	18066c810	27	OK	13863472
6745	FUN_18066c830	18066c830	27	OK	13863663
6746	FUN_18066c850	18066c850	27	OK	13863854
6747	FUN_18066c870	18066c870	27	OK	13864045
6748	FUN_18066c890	18066c890	27	OK	13864236
6749	FUN_18066c8b0	18066c8b0	27	OK	13864427
6750	FUN_18066c8d0	18066c8d0	27	OK	13864618
6751	FUN_18066c8f0	18066c8f0	27	OK	13864809
6752	FUN_18066c910	18066c910	27	OK	13865000
6753	FUN_18066c930	18066c930	27	OK	13865191
6754	FUN_18066c950	18066c950	27	OK	13865382
6755	FUN_18066c970	18066c970	27	OK	13865573
6756	FUN_18066c990	18066c990	27	OK	13865764
6757	FUN_18066c9b0	18066c9b0	27	OK	13865955
6758	FUN_18066c9d0	18066c9d0	27	OK	13866146
6759	FUN_18066c9f0	18066c9f0	27	OK	13866337
6760	FUN_18066ca10	18066ca10	27	OK	13866528
6761	FUN_18066ca30	18066ca30	27	OK	13866719
6762	FUN_18066ca50	18066ca50	27	OK	13866910
6763	FUN_18066ca70	18066ca70	27	OK	13867101
6764	FUN_18066ca90	18066ca90	27	OK	13867292
6765	FUN_18066cab0	18066cab0	27	OK	13867483
6766	FUN_18066cad0	18066cad0	27	OK	13867674
6767	FUN_18066caf0	18066caf0	27	OK	13867865
6768	FUN_18066cb10	18066cb10	27	OK	13868056
6769	FUN_18066cb30	18066cb30	27	OK	13868247
6770	FUN_18066cb50	18066cb50	27	OK	13868438
6771	FUN_18066cb70	18066cb70	27	OK	13868629
6772	FUN_18066cb90	18066cb90	27	OK	13868820
6773	FUN_18066cbb0	18066cbb0	27	OK	13869011
6774	FUN_18066cbd0	18066cbd0	27	OK	13869202
6775	FUN_18066cbf0	18066cbf0	27	OK	13869393
6776	FUN_18066cc10	18066cc10	27	OK	13869584
6777	FUN_18066cc30	18066cc30	27	OK	13869775
6778	FUN_18066cc50	18066cc50	27	OK	13869966
6779	FUN_18066cc70	18066cc70	27	OK	13870157
6780	FUN_18066cc90	18066cc90	27	OK	13870348
6781	FUN_18066ccb0	18066ccb0	27	OK	13870539
6782	FUN_18066ccd0	18066ccd0	27	OK	13870730
6783	FUN_18066ccf0	18066ccf0	27	OK	13870921
6784	FUN_18066cd10	18066cd10	27	OK	13871112
6785	FUN_18066cd30	18066cd30	27	OK	13871303
6786	FUN_18066cd50	18066cd50	27	OK	13871494
6787	FUN_18066cd70	18066cd70	27	OK	13871685
6788	FUN_18066cd90	18066cd90	27	OK	13871876
6789	FUN_18066cdb0	18066cdb0	27	OK	13872067
6790	FUN_18066cdd0	18066cdd0	27	OK	13872258
6791	FUN_18066cdf0	18066cdf0	27	OK	13872449
6792	FUN_18066ce10	18066ce10	27	OK	13872640
6793	FUN_18066ce30	18066ce30	27	OK	13872831
6794	FUN_18066ce50	18066ce50	27	OK	13873022
6795	FUN_18066ce70	18066ce70	27	OK	13873213
6796	FUN_18066ce90	18066ce90	27	OK	13873404
6797	FUN_18066ceb0	18066ceb0	27	OK	13873595
6798	FUN_18066ced0	18066ced0	27	OK	13873786
6799	FUN_18066cef0	18066cef0	27	OK	13873977
6800	FUN_18066cf10	18066cf10	27	OK	13874168
6801	FUN_18066cf30	18066cf30	27	OK	13874359
6802	FUN_18066cf50	18066cf50	27	OK	13874550
6803	FUN_18066cf70	18066cf70	27	OK	13874741
6804	FUN_18066cf90	18066cf90	27	OK	13874932
6805	FUN_18066cfb0	18066cfb0	27	OK	13875123
6806	FUN_18066cfd0	18066cfd0	27	OK	13875314
6807	FUN_18066cff0	18066cff0	27	OK	13875505
6808	FUN_18066d010	18066d010	27	OK	13875696
6809	FUN_18066d030	18066d030	27	OK	13875887
6810	FUN_18066d050	18066d050	27	OK	13876078
6811	FUN_18066d070	18066d070	27	OK	13876269
6812	FUN_18066d090	18066d090	27	OK	13876460
6813	FUN_18066d0b0	18066d0b0	27	OK	13876651
6814	FUN_18066d0d0	18066d0d0	27	OK	13876842
6815	FUN_18066d0f0	18066d0f0	27	OK	13877033
6816	FUN_18066d110	18066d110	27	OK	13877224
6817	FUN_18066d130	18066d130	27	OK	13877415
6818	FUN_18066d150	18066d150	27	OK	13877606
6819	FUN_18066d170	18066d170	27	OK	13877797
6820	FUN_18066d190	18066d190	27	OK	13877988
6821	FUN_18066d1b0	18066d1b0	27	OK	13878179
6822	FUN_18066d1d0	18066d1d0	27	OK	13878370
6823	FUN_18066d1f0	18066d1f0	27	OK	13878561
6824	FUN_18066d210	18066d210	27	OK	13878752
6825	FUN_18066d230	18066d230	27	OK	13878943
6826	FUN_18066d250	18066d250	27	OK	13879134
6827	FUN_18066d270	18066d270	27	OK	13879325
6828	FUN_18066d290	18066d290	27	OK	13879516
6829	FUN_18066d2b0	18066d2b0	27	OK	13879707
6830	FUN_18066d2d0	18066d2d0	27	OK	13879898
6831	FUN_18066d2f0	18066d2f0	27	OK	13880089
6832	FUN_18066d310	18066d310	27	OK	13880280
6833	FUN_18066d330	18066d330	27	OK	13880471
6834	FUN_18066d350	18066d350	27	OK	13880662
6835	FUN_18066d370	18066d370	27	OK	13880853
6836	FUN_18066d390	18066d390	27	OK	13881044
6837	FUN_18066d3b0	18066d3b0	27	OK	13881235
6838	FUN_18066d3d0	18066d3d0	27	OK	13881426
6839	FUN_18066d3f0	18066d3f0	27	OK	13881617
6840	FUN_18066d410	18066d410	27	OK	13881808
6841	FUN_18066d430	18066d430	27	OK	13881999
6842	FUN_18066d450	18066d450	27	OK	13882190
6843	FUN_18066d470	18066d470	27	OK	13882381
6844	FUN_18066d490	18066d490	27	OK	13882572
6845	FUN_18066d4b0	18066d4b0	27	OK	13882763
6846	FUN_18066d4d0	18066d4d0	27	OK	13882954
6847	FUN_18066d4f0	18066d4f0	27	OK	13883145
6848	FUN_18066d510	18066d510	27	OK	13883336
6849	FUN_18066d530	18066d530	27	OK	13883527
6850	FUN_18066d550	18066d550	27	OK	13883718
6851	FUN_18066d570	18066d570	27	OK	13883909
6852	FUN_18066d590	18066d590	27	OK	13884100
6853	FUN_18066d5b0	18066d5b0	27	OK	13884291
6854	FUN_18066d5d0	18066d5d0	27	OK	13884482
6855	FUN_18066d5f0	18066d5f0	27	OK	13884673
6856	FUN_18066d610	18066d610	27	OK	13884864
6857	FUN_18066d630	18066d630	27	OK	13885055
6858	FUN_18066d650	18066d650	27	OK	13885246
6859	FUN_18066d670	18066d670	27	OK	13885437
6860	FUN_18066d690	18066d690	27	OK	13885628
6861	FUN_18066d6b0	18066d6b0	27	OK	13885819
6862	FUN_18066d6d0	18066d6d0	27	OK	13886010
6863	FUN_18066d6f0	18066d6f0	27	OK	13886201
6864	FUN_18066d710	18066d710	27	OK	13886392
6865	FUN_18066d730	18066d730	27	OK	13886583
6866	FUN_18066d750	18066d750	27	OK	13886774
6867	FUN_18066d770	18066d770	27	OK	13886965
6868	FUN_18066d790	18066d790	27	OK	13887156
6869	FUN_18066d7b0	18066d7b0	27	OK	13887347
6870	FUN_18066d7d0	18066d7d0	27	OK	13887538
6871	FUN_18066d7f0	18066d7f0	27	OK	13887729
6872	FUN_18066d810	18066d810	27	OK	13887920
6873	FUN_18066d830	18066d830	27	OK	13888111
6874	FUN_18066d850	18066d850	27	OK	13888302
6875	FUN_18066d870	18066d870	27	OK	13888493
6876	FUN_18066d890	18066d890	27	OK	13888684
6877	FUN_18066d8b0	18066d8b0	27	OK	13888875
6878	FUN_18066d8d0	18066d8d0	27	OK	13889066
6879	FUN_18066d8f0	18066d8f0	27	OK	13889257
6880	FUN_18066d910	18066d910	27	OK	13889448
6881	FUN_18066d930	18066d930	27	OK	13889639
6882	FUN_18066d950	18066d950	27	OK	13889830
6883	FUN_18066d970	18066d970	27	OK	13890021
6884	FUN_18066d990	18066d990	27	OK	13890212
6885	FUN_18066d9b0	18066d9b0	27	OK	13890403
6886	FUN_18066d9d0	18066d9d0	27	OK	13890594
6887	FUN_18066d9f0	18066d9f0	27	OK	13890785
6888	FUN_18066da10	18066da10	27	OK	13890976
6889	FUN_18066da30	18066da30	27	OK	13891167
6890	FUN_18066da50	18066da50	27	OK	13891358
6891	FUN_18066da70	18066da70	27	OK	13891549
6892	FUN_18066da90	18066da90	27	OK	13891740
6893	FUN_18066dab0	18066dab0	27	OK	13891931
6894	FUN_18066dad0	18066dad0	27	OK	13892122
6895	FUN_18066daf0	18066daf0	27	OK	13892313
6896	FUN_18066db10	18066db10	27	OK	13892504
6897	FUN_18066db30	18066db30	27	OK	13892695
6898	FUN_18066db50	18066db50	27	OK	13892886
6899	FUN_18066db70	18066db70	27	OK	13893077
6900	FUN_18066db90	18066db90	27	OK	13893268
6901	FUN_18066dbb0	18066dbb0	27	OK	13893459
6902	FUN_18066dbd0	18066dbd0	27	OK	13893650
6903	FUN_18066dbf0	18066dbf0	27	OK	13893841
6904	FUN_18066dc10	18066dc10	27	OK	13894032
6905	FUN_18066dc30	18066dc30	27	OK	13894223
6906	FUN_18066dc50	18066dc50	27	OK	13894414
6907	FUN_18066dc70	18066dc70	27	OK	13894605
6908	FUN_18066dc90	18066dc90	27	OK	13894796
6909	FUN_18066dcb0	18066dcb0	27	OK	13894987
6910	FUN_18066dcd0	18066dcd0	27	OK	13895178
6911	FUN_18066dcf0	18066dcf0	27	OK	13895369
6912	FUN_18066dd10	18066dd10	27	OK	13895560
6913	FUN_18066dd30	18066dd30	27	OK	13895751
6914	FUN_18066dd50	18066dd50	27	OK	13895942
6915	FUN_18066dd70	18066dd70	27	OK	13896133
6916	FUN_18066dd90	18066dd90	27	OK	13896324
6917	FUN_18066ddb0	18066ddb0	27	OK	13896515
6918	FUN_18066ddd0	18066ddd0	27	OK	13896706
6919	FUN_18066ddf0	18066ddf0	27	OK	13896897
6920	FUN_18066de10	18066de10	27	OK	13897088
6921	FUN_18066de30	18066de30	27	OK	13897279
6922	FUN_18066de50	18066de50	27	OK	13897470
6923	FUN_18066de70	18066de70	27	OK	13897661
6924	FUN_18066de90	18066de90	27	OK	13897852
6925	FUN_18066deb0	18066deb0	27	OK	13898043
6926	FUN_18066ded0	18066ded0	27	OK	13898234
6927	FUN_18066def0	18066def0	27	OK	13898425
6928	FUN_18066df10	18066df10	27	OK	13898616
6929	FUN_18066df30	18066df30	27	OK	13898807
6930	FUN_18066df50	18066df50	27	OK	13898998
6931	FUN_18066df70	18066df70	27	OK	13899189
6932	FUN_18066df90	18066df90	27	OK	13899380
6933	FUN_18066dfb0	18066dfb0	27	OK	13899571
6934	FUN_18066dfd0	18066dfd0	27	OK	13899762
6935	FUN_18066dff0	18066dff0	27	OK	13899953
6936	FUN_18066e010	18066e010	27	OK	13900144
6937	FUN_18066e030	18066e030	27	OK	13900335
6938	FUN_18066e050	18066e050	27	OK	13900526
6939	FUN_18066e070	18066e070	27	OK	13900717
6940	FUN_18066e090	18066e090	27	OK	13900908
6941	FUN_18066e0b0	18066e0b0	27	OK	13901099
6942	FUN_18066e0d0	18066e0d0	27	OK	13901290
6943	FUN_18066e0f0	18066e0f0	27	OK	13901481
6944	FUN_18066e110	18066e110	27	OK	13901672
6945	FUN_18066e130	18066e130	27	OK	13901863
6946	FUN_18066e150	18066e150	27	OK	13902054
6947	FUN_18066e170	18066e170	27	OK	13902245
6948	FUN_18066e190	18066e190	27	OK	13902436
6949	FUN_18066e1b0	18066e1b0	27	OK	13902627
6950	FUN_18066e1d0	18066e1d0	27	OK	13902818
6951	FUN_18066e1f0	18066e1f0	27	OK	13903009
6952	FUN_18066e210	18066e210	27	OK	13903200
6953	FUN_18066e230	18066e230	27	OK	13903391
6954	FUN_18066e250	18066e250	27	OK	13903582
6955	FUN_18066e270	18066e270	27	OK	13903773
6956	FUN_18066e290	18066e290	27	OK	13903964
6957	FUN_18066e2b0	18066e2b0	27	OK	13904155
6958	FUN_18066e2d0	18066e2d0	27	OK	13904346
6959	FUN_18066e2f0	18066e2f0	27	OK	13904537
6960	FUN_18066e310	18066e310	27	OK	13904728
6961	FUN_18066e330	18066e330	27	OK	13904919
6962	FUN_18066e350	18066e350	27	OK	13905110
6963	FUN_18066e370	18066e370	27	OK	13905301
6964	FUN_18066e390	18066e390	27	OK	13905492
6965	FUN_18066e3b0	18066e3b0	27	OK	13905683
6966	FUN_18066e3d0	18066e3d0	27	OK	13905874
6967	FUN_18066e3f0	18066e3f0	27	OK	13906065
6968	FUN_18066e410	18066e410	27	OK	13906256
6969	FUN_18066e430	18066e430	27	OK	13906447
6970	FUN_18066e450	18066e450	27	OK	13906638
6971	FUN_18066e470	18066e470	27	OK	13906829
6972	FUN_18066e490	18066e490	27	OK	13907020
6973	FUN_18066e4b0	18066e4b0	27	OK	13907211
6974	FUN_18066e4d0	18066e4d0	27	OK	13907402
6975	FUN_18066e4f0	18066e4f0	27	OK	13907593
6976	FUN_18066e510	18066e510	27	OK	13907784
6977	FUN_18066e530	18066e530	27	OK	13907975
6978	FUN_18066e550	18066e550	27	OK	13908166
6979	FUN_18066e570	18066e570	27	OK	13908357
6980	FUN_18066e590	18066e590	27	OK	13908548
6981	FUN_18066e5b0	18066e5b0	27	OK	13908739
6982	FUN_18066e5d0	18066e5d0	27	OK	13908930
6983	FUN_18066e5f0	18066e5f0	27	OK	13909121
6984	FUN_18066e610	18066e610	27	OK	13909312
6985	FUN_18066e630	18066e630	27	OK	13909503
6986	FUN_18066e650	18066e650	27	OK	13909694
6987	FUN_18066e670	18066e670	27	OK	13909885
6988	FUN_18066e690	18066e690	27	OK	13910076
6989	FUN_18066e6b0	18066e6b0	27	OK	13910267
6990	FUN_18066e6d0	18066e6d0	27	OK	13910458
6991	FUN_18066e6f0	18066e6f0	27	OK	13910649
6992	FUN_18066e710	18066e710	27	OK	13910840
6993	FUN_18066e730	18066e730	27	OK	13911031
6994	FUN_18066e750	18066e750	27	OK	13911222
6995	FUN_18066e770	18066e770	27	OK	13911413
6996	FUN_18066e790	18066e790	27	OK	13911604
6997	FUN_18066e7b0	18066e7b0	27	OK	13911795
6998	FUN_18066e7d0	18066e7d0	27	OK	13911986
6999	FUN_18066e7f0	18066e7f0	27	OK	13912177
7000	FUN_18066e810	18066e810	27	OK	13912368
7001	FUN_18066e830	18066e830	27	OK	13912559
7002	FUN_18066e850	18066e850	27	OK	13912750
7003	FUN_18066e870	18066e870	27	OK	13912941
7004	FUN_18066e890	18066e890	27	OK	13913132
7005	FUN_18066e8b0	18066e8b0	27	OK	13913323
7006	FUN_18066e8d0	18066e8d0	27	OK	13913514
7007	FUN_18066e8f0	18066e8f0	27	OK	13913705
7008	FUN_18066e910	18066e910	27	OK	13913896
7009	FUN_18066e930	18066e930	27	OK	13914087
7010	FUN_18066e950	18066e950	27	OK	13914278
7011	FUN_18066e970	18066e970	27	OK	13914469
7012	FUN_18066e990	18066e990	27	OK	13914660
7013	FUN_18066e9b0	18066e9b0	27	OK	13914851
7014	FUN_18066e9d0	18066e9d0	27	OK	13915042
7015	FUN_18066e9f0	18066e9f0	27	OK	13915233
7016	FUN_18066ea10	18066ea10	27	OK	13915424
7017	FUN_18066ea30	18066ea30	27	OK	13915615
7018	FUN_18066ea50	18066ea50	27	OK	13915806
7019	FUN_18066ea70	18066ea70	27	OK	13915997
7020	FUN_18066ea90	18066ea90	27	OK	13916188
7021	FUN_18066eab0	18066eab0	27	OK	13916379
7022	FUN_18066ead0	18066ead0	27	OK	13916570
7023	FUN_18066eaf0	18066eaf0	27	OK	13916761
7024	FUN_18066eb10	18066eb10	27	OK	13916952
7025	FUN_18066eb30	18066eb30	27	OK	13917143
7026	FUN_18066eb50	18066eb50	27	OK	13917334
7027	FUN_18066eb70	18066eb70	27	OK	13917525
7028	FUN_18066eb90	18066eb90	27	OK	13917716
7029	FUN_18066ebb0	18066ebb0	27	OK	13917907
7030	FUN_18066ebd0	18066ebd0	27	OK	13918098
7031	FUN_18066ebf0	18066ebf0	27	OK	13918289
7032	FUN_18066ec10	18066ec10	27	OK	13918480
7033	FUN_18066ec30	18066ec30	27	OK	13918671
7034	FUN_18066ec50	18066ec50	27	OK	13918862
7035	FUN_18066ec70	18066ec70	27	OK	13919053
7036	FUN_18066ec90	18066ec90	27	OK	13919244
7037	FUN_18066ecb0	18066ecb0	27	OK	13919435
7038	FUN_18066ecd0	18066ecd0	27	OK	13919626
7039	FUN_18066ecf0	18066ecf0	27	OK	13919817
7040	FUN_18066ed10	18066ed10	27	OK	13920008
7041	FUN_18066ed30	18066ed30	27	OK	13920199
7042	FUN_18066ed50	18066ed50	27	OK	13920390
7043	FUN_18066ed70	18066ed70	27	OK	13920581
7044	FUN_18066ed90	18066ed90	27	OK	13920772
7045	FUN_18066edb0	18066edb0	27	OK	13920963
7046	FUN_18066edd0	18066edd0	27	OK	13921154
7047	FUN_18066edf0	18066edf0	27	OK	13921345
7048	FUN_18066ee10	18066ee10	27	OK	13921536
7049	FUN_18066ee30	18066ee30	27	OK	13921727
7050	FUN_18066ee50	18066ee50	27	OK	13921918
7051	FUN_18066ee70	18066ee70	27	OK	13922109
7052	FUN_18066ee90	18066ee90	27	OK	13922300
7053	FUN_18066eeb0	18066eeb0	27	OK	13922491
7054	FUN_18066eed0	18066eed0	27	OK	13922682
7055	FUN_18066eef0	18066eef0	27	OK	13922873
7056	FUN_18066ef10	18066ef10	27	OK	13923064
7057	FUN_18066ef30	18066ef30	27	OK	13923255
7058	FUN_18066ef50	18066ef50	27	OK	13923446
7059	FUN_18066ef70	18066ef70	27	OK	13923637
7060	FUN_18066ef90	18066ef90	27	OK	13923828
7061	FUN_18066efb0	18066efb0	27	OK	13924019
7062	FUN_18066efd0	18066efd0	27	OK	13924210
7063	FUN_18066eff0	18066eff0	27	OK	13924401
7064	FUN_18066f010	18066f010	27	OK	13924592
7065	FUN_18066f030	18066f030	27	OK	13924783
7066	FUN_18066f050	18066f050	27	OK	13924974
7067	FUN_18066f070	18066f070	27	OK	13925165
7068	FUN_18066f090	18066f090	27	OK	13925356
7069	FUN_18066f0b0	18066f0b0	27	OK	13925547
7070	FUN_18066f0d0	18066f0d0	27	OK	13925738
7071	FUN_18066f0f0	18066f0f0	27	OK	13925929
7072	FUN_18066f110	18066f110	27	OK	13926120
7073	FUN_18066f130	18066f130	27	OK	13926311
7074	FUN_18066f150	18066f150	27	OK	13926502
7075	FUN_18066f170	18066f170	27	OK	13926693
7076	FUN_18066f190	18066f190	27	OK	13926884
7077	FUN_18066f1b0	18066f1b0	27	OK	13927075
7078	FUN_18066f1d0	18066f1d0	27	OK	13927266
7079	FUN_18066f1f0	18066f1f0	27	OK	13927457
7080	FUN_18066f210	18066f210	27	OK	13927648
7081	FUN_18066f230	18066f230	27	OK	13927839
7082	FUN_18066f250	18066f250	27	OK	13928030
7083	FUN_18066f270	18066f270	27	OK	13928221
7084	FUN_18066f290	18066f290	27	OK	13928412
7085	FUN_18066f2b0	18066f2b0	27	OK	13928603
7086	FUN_18066f2d0	18066f2d0	27	OK	13928794
7087	FUN_18066f2f0	18066f2f0	27	OK	13928985
7088	FUN_18066f310	18066f310	27	OK	13929176
7089	FUN_18066f330	18066f330	27	OK	13929367
7090	FUN_18066f350	18066f350	27	OK	13929558
7091	FUN_18066f370	18066f370	27	OK	13929749
7092	FUN_18066f390	18066f390	27	OK	13929940
7093	FUN_18066f3b0	18066f3b0	27	OK	13930131
7094	FUN_18066f3d0	18066f3d0	27	OK	13930322
7095	FUN_18066f3f0	18066f3f0	27	OK	13930513
7096	FUN_18066f410	18066f410	27	OK	13930704
7097	FUN_18066f430	18066f430	27	OK	13930895
7098	FUN_18066f450	18066f450	27	OK	13931086
7099	FUN_18066f470	18066f470	27	OK	13931277
7100	FUN_18066f490	18066f490	27	OK	13931468
7101	FUN_18066f4b0	18066f4b0	27	OK	13931659
7102	FUN_18066f4d0	18066f4d0	27	OK	13931850
7103	FUN_18066f4f0	18066f4f0	27	OK	13932041
7104	FUN_18066f510	18066f510	27	OK	13932232
7105	FUN_18066f530	18066f530	27	OK	13932423
7106	FUN_18066f550	18066f550	27	OK	13932614
7107	FUN_18066f570	18066f570	27	OK	13932805
7108	FUN_18066f590	18066f590	27	OK	13932996
7109	FUN_18066f5b0	18066f5b0	27	OK	13933187
7110	FUN_18066f5d0	18066f5d0	27	OK	13933378
7111	FUN_18066f5f0	18066f5f0	27	OK	13933569
7112	FUN_18066f610	18066f610	27	OK	13933760
7113	FUN_18066f630	18066f630	27	OK	13933951
7114	FUN_18066f650	18066f650	27	OK	13934142
7115	FUN_18066f670	18066f670	27	OK	13934333
7116	FUN_18066f690	18066f690	27	OK	13934524
7117	FUN_18066f6b0	18066f6b0	27	OK	13934715
7118	FUN_18066f6d0	18066f6d0	27	OK	13934906
7119	FUN_18066f6f0	18066f6f0	27	OK	13935097
7120	FUN_18066f710	18066f710	27	OK	13935288
7121	FUN_18066f730	18066f730	27	OK	13935479
7122	FUN_18066f750	18066f750	27	OK	13935670
7123	FUN_18066f770	18066f770	45	OK	13935914
7124	FUN_18066f7a0	18066f7a0	41	OK	13936252
7125	FUN_18066f910	18066f910	45	OK	13936494
7126	FUN_18066f940	18066f940	45	OK	13936738
7127	FUN_18066f970	18066f970	41	OK	13937073
7128	FUN_18066fff0	18066fff0	45	OK	13937317
7129	FUN_180670090	180670090	45	OK	13937558
7130	__l1::dtor$3	1806700c0	41	OK	13939858
7131	FUN_1806700f0	1806700f0	45	OK	13940102
7132	FUN_180671510	180671510	45	OK	13940345
7133	FUN_180671540	180671540	66	OK	13940866
7134	FUN_180671590	180671590	38	OK	13941201
7135	FUN_180671f70	180671f70	60	OK	13941722
7136	FUN_180671fb0	180671fb0	66	OK	13942243
7137	FUN_180672000	180672000	66	OK	13942764
7138	FUN_180672050	180672050	64	OK	13943286
7139	FUN_1806720a0	1806720a0	119	OK	13944057
7140	FUN_180672120	180672120	56	OK	13944521
7141	FUN_180672160	180672160	83	OK	13945129
7142	FUN_1806721c0	1806721c0	38	OK	13945464
7143	FUN_180672220	180672220	42	OK	13945701
7144	FUN_180672260	180672260	38	OK	13946036
7145	FUN_1806722a0	1806722a0	27	OK	13946227
7146	FUN_1806722c0	1806722c0	27	OK	13946418
7147	FUN_1806722e0	1806722e0	27	OK	13946609
7148	FUN_180672300	180672300	27	OK	13946800
7149	FUN_180672320	180672320	27	OK	13946991
7150	FUN_180672340	180672340	27	OK	13947182
7151	FUN_180672360	180672360	27	OK	13947373
7152	FUN_180672380	180672380	27	OK	13947564
7153	FUN_1806723a0	1806723a0	27	OK	13947755
7154	FUN_1806723c0	1806723c0	27	OK	13947946
7155	FUN_1806723e0	1806723e0	27	OK	13948137
7156	FUN_180672400	180672400	27	OK	13948328
7157	FUN_180672420	180672420	27	OK	13948519
7158	FUN_180672440	180672440	27	OK	13948710
7159	FUN_180672460	180672460	27	OK	13948901
7160	FUN_180672480	180672480	27	OK	13949092
7161	FUN_1806724a0	1806724a0	27	OK	13949283
7162	FUN_1806724c0	1806724c0	27	OK	13949474
7163	FUN_1806724e0	1806724e0	27	OK	13949665
7164	FUN_180672500	180672500	27	OK	13949856
7165	FUN_180672520	180672520	27	OK	13950047
7166	FUN_180672540	180672540	27	OK	13950238
7167	FUN_180672560	180672560	27	OK	13950429
7168	FUN_180672580	180672580	27	OK	13950620
7169	FUN_1806725a0	1806725a0	27	OK	13950811
7170	FUN_1806725c0	1806725c0	27	OK	13951002
7171	FUN_1806725e0	1806725e0	27	OK	13951193
7172	FUN_180672600	180672600	27	OK	13951384
7173	FUN_180672620	180672620	27	OK	13951575
7174	FUN_180672640	180672640	27	OK	13951766
7175	FUN_180672660	180672660	27	OK	13951957
7176	FUN_180672680	180672680	27	OK	13952148
7177	FUN_1806726a0	1806726a0	27	OK	13952339
7178	FUN_1806726c0	1806726c0	27	OK	13952530
7179	FUN_1806726e0	1806726e0	27	OK	13952721
7180	FUN_180672700	180672700	27	OK	13952912
7181	FUN_180672720	180672720	27	OK	13953103
7182	FUN_180672740	180672740	27	OK	13953294
7183	FUN_180672760	180672760	27	OK	13953485
7184	FUN_180672780	180672780	27	OK	13953676
7185	FUN_1806727a0	1806727a0	27	OK	13953867
7186	FUN_1806727c0	1806727c0	27	OK	13954058
7187	FUN_1806727e0	1806727e0	27	OK	13954249
7188	FUN_180672800	180672800	27	OK	13954440
7189	FUN_180672820	180672820	27	OK	13954631
7190	FUN_180672840	180672840	27	OK	13954822
7191	FUN_180672860	180672860	27	OK	13955013
7192	FUN_180672880	180672880	27	OK	13955204
7193	FUN_1806728a0	1806728a0	27	OK	13955395
7194	FUN_1806728c0	1806728c0	27	OK	13955586
7195	FUN_1806728e0	1806728e0	27	OK	13955777
7196	FUN_180672900	180672900	27	OK	13955968
7197	FUN_180672920	180672920	27	OK	13956159
7198	FUN_180672940	180672940	27	OK	13956350
7199	FUN_180672960	180672960	27	OK	13956541
7200	FUN_180672980	180672980	27	OK	13956732
7201	FUN_1806729a0	1806729a0	27	OK	13956923
7202	FUN_1806729c0	1806729c0	27	OK	13957114
7203	FUN_1806729e0	1806729e0	27	OK	13957305
7204	FUN_180672a00	180672a00	27	OK	13957496
7205	FUN_180672a20	180672a20	27	OK	13957687
7206	FUN_180672a40	180672a40	27	OK	13957878
7207	FUN_180672a60	180672a60	27	OK	13958069
7208	FUN_180672a80	180672a80	27	OK	13958260
7209	FUN_180672aa0	180672aa0	27	OK	13958451
7210	FUN_180672ac0	180672ac0	27	OK	13958642
7211	FUN_180672ae0	180672ae0	27	OK	13958833
7212	FUN_180672b00	180672b00	27	OK	13959024
7213	FUN_180672b20	180672b20	27	OK	13959215
7214	FUN_180672b40	180672b40	27	OK	13959406
7215	FUN_180672b60	180672b60	27	OK	13959597
7216	FUN_180672b80	180672b80	27	OK	13959788
7217	FUN_180672ba0	180672ba0	27	OK	13959979
7218	FUN_180672bc0	180672bc0	27	OK	13960170
7219	FUN_180672be0	180672be0	27	OK	13960361
7220	FUN_180672c00	180672c00	27	OK	13960552
7221	FUN_180672c20	180672c20	27	OK	13960743
7222	FUN_180672c40	180672c40	27	OK	13960934
7223	FUN_180672c60	180672c60	27	OK	13961125
7224	FUN_180672c80	180672c80	27	OK	13961316
7225	FUN_180672ca0	180672ca0	27	OK	13961507
7226	FUN_180672cc0	180672cc0	27	OK	13961698
7227	FUN_180672ce0	180672ce0	27	OK	13961889
7228	FUN_180672d00	180672d00	27	OK	13962080
7229	FUN_180672d20	180672d20	27	OK	13962271
7230	FUN_180672d40	180672d40	27	OK	13962462
7231	FUN_180672d60	180672d60	27	OK	13962653
7232	FUN_180672d80	180672d80	27	OK	13962844
7233	FUN_180672da0	180672da0	27	OK	13963035
7234	FUN_180672dc0	180672dc0	27	OK	13963226
7235	FUN_180672de0	180672de0	27	OK	13963417
7236	FUN_180672e00	180672e00	27	OK	13963608
7237	FUN_180672e20	180672e20	27	OK	13963799
7238	FUN_180672e40	180672e40	27	OK	13963990
7239	FUN_180672e60	180672e60	27	OK	13964181
7240	FUN_180672e80	180672e80	27	OK	13964372
7241	FUN_180672ea0	180672ea0	27	OK	13964563
7242	FUN_180672ec0	180672ec0	27	OK	13964754
7243	FUN_180672ee0	180672ee0	27	OK	13964945
7244	FUN_180672f00	180672f00	27	OK	13965136
7245	FUN_180672f20	180672f20	27	OK	13965327
7246	FUN_180672f40	180672f40	27	OK	13965518
7247	FUN_180672f60	180672f60	27	OK	13965709
7248	FUN_180672f80	180672f80	27	OK	13965900
7249	FUN_180672fa0	180672fa0	27	OK	13966091
7250	FUN_180672fc0	180672fc0	27	OK	13966282
7251	FUN_180672fe0	180672fe0	27	OK	13966473
7252	FUN_180673000	180673000	27	OK	13966664
7253	FUN_180673020	180673020	27	OK	13966855
7254	FUN_180673040	180673040	27	OK	13967046
7255	FUN_180673060	180673060	27	OK	13967237
7256	FUN_180673080	180673080	27	OK	13967428
7257	FUN_1806730a0	1806730a0	27	OK	13967619
7258	FUN_1806730c0	1806730c0	27	OK	13967810
7259	FUN_1806730e0	1806730e0	27	OK	13968001
7260	FUN_180673100	180673100	27	OK	13968192
7261	FUN_180673120	180673120	27	OK	13968383
7262	FUN_180673140	180673140	27	OK	13968574
7263	FUN_180673160	180673160	27	OK	13968765
7264	FUN_180673180	180673180	27	OK	13968956
7265	FUN_1806731a0	1806731a0	27	OK	13969147
7266	FUN_1806731c0	1806731c0	27	OK	13969338
7267	FUN_1806731e0	1806731e0	27	OK	13969529
7268	FUN_180673200	180673200	27	OK	13969720
7269	FUN_180673220	180673220	27	OK	13969911
7270	FUN_180673240	180673240	27	OK	13970102
7271	FUN_180673260	180673260	27	OK	13970293
7272	FUN_180673280	180673280	27	OK	13970484
7273	FUN_1806732a0	1806732a0	27	OK	13970675
7274	FUN_1806732c0	1806732c0	27	OK	13970866
7275	FUN_1806732e0	1806732e0	27	OK	13971057
7276	FUN_180673300	180673300	27	OK	13971248
7277	FUN_180673320	180673320	27	OK	13971439
7278	FUN_180673340	180673340	27	OK	13971630
7279	FUN_180673360	180673360	27	OK	13971821
7280	FUN_180673380	180673380	27	OK	13972012
7281	FUN_1806733a0	1806733a0	27	OK	13972203
7282	FUN_1806733c0	1806733c0	27	OK	13972394
7283	FUN_1806733e0	1806733e0	27	OK	13972585
7284	FUN_180673400	180673400	27	OK	13972776
7285	FUN_180673420	180673420	27	OK	13972967
7286	FUN_180673440	180673440	27	OK	13973158
7287	FUN_180673460	180673460	27	OK	13973349
7288	FUN_180673480	180673480	27	OK	13973540
7289	FUN_1806734a0	1806734a0	27	OK	13973731
7290	FUN_1806734c0	1806734c0	27	OK	13973922
7291	FUN_1806734e0	1806734e0	27	OK	13974113
7292	FUN_180673500	180673500	27	OK	13974304
7293	FUN_180673520	180673520	27	OK	13974495
7294	FUN_180673540	180673540	27	OK	13974686
7295	FUN_180673560	180673560	27	OK	13974877
7296	FUN_180673580	180673580	27	OK	13975068
7297	FUN_1806735a0	1806735a0	27	OK	13975259
7298	FUN_1806735c0	1806735c0	27	OK	13975450
7299	FUN_1806735e0	1806735e0	27	OK	13975641
7300	FUN_180673600	180673600	27	OK	13975832
7301	FUN_180673620	180673620	27	OK	13976023
7302	FUN_180673640	180673640	27	OK	13976214
7303	FUN_180673660	180673660	27	OK	13976405
7304	FUN_180673680	180673680	27	OK	13976596
7305	FUN_1806736a0	1806736a0	27	OK	13976787
7306	FUN_1806736c0	1806736c0	27	OK	13976978
7307	FUN_1806736e0	1806736e0	27	OK	13977169
7308	FUN_180673700	180673700	27	OK	13977360
7309	FUN_180673720	180673720	27	OK	13977551
7310	FUN_180673740	180673740	27	OK	13977742
7311	FUN_180673760	180673760	27	OK	13977933
7312	FUN_180673780	180673780	27	OK	13978124
7313	FUN_1806737a0	1806737a0	27	OK	13978315
7314	FUN_1806737c0	1806737c0	27	OK	13978506
7315	FUN_1806737e0	1806737e0	27	OK	13978697
7316	FUN_180673800	180673800	27	OK	13978888
7317	FUN_180673820	180673820	27	OK	13979079
7318	FUN_180673840	180673840	27	OK	13979270
7319	FUN_180673860	180673860	27	OK	13979461
7320	FUN_180673880	180673880	27	OK	13979652
7321	FUN_1806738a0	1806738a0	27	OK	13979843
7322	FUN_1806738c0	1806738c0	27	OK	13980034
7323	FUN_1806738e0	1806738e0	27	OK	13980225
7324	FUN_180673900	180673900	27	OK	13980416
7325	FUN_180673920	180673920	27	OK	13980607
7326	FUN_180673940	180673940	27	OK	13980798
7327	FUN_180673960	180673960	27	OK	13980989
7328	FUN_180673980	180673980	27	OK	13981180
7329	FUN_1806739a0	1806739a0	27	OK	13981371
7330	FUN_1806739c0	1806739c0	27	OK	13981562
7331	FUN_1806739e0	1806739e0	27	OK	13981753
7332	FUN_180673a00	180673a00	27	OK	13981944
7333	FUN_180673a20	180673a20	27	OK	13982135
7334	FUN_180673a40	180673a40	27	OK	13982326
7335	FUN_180673a60	180673a60	27	OK	13982517
7336	FUN_180673a80	180673a80	27	OK	13982708
7337	FUN_180673aa0	180673aa0	27	OK	13982899
7338	FUN_180673ac0	180673ac0	27	OK	13983090
7339	FUN_180673ae0	180673ae0	27	OK	13983281
7340	FUN_180673b00	180673b00	27	OK	13983472
7341	FUN_180673b20	180673b20	27	OK	13983663
7342	FUN_180673b40	180673b40	27	OK	13983854
7343	FUN_180673b60	180673b60	27	OK	13984045
7344	FUN_180673b80	180673b80	27	OK	13984236
7345	FUN_180673ba0	180673ba0	27	OK	13984427
7346	FUN_180673bc0	180673bc0	27	OK	13984618
7347	FUN_180673be0	180673be0	27	OK	13984809
7348	FUN_180673c00	180673c00	27	OK	13985000
7349	FUN_180673c20	180673c20	27	OK	13985191
7350	FUN_180673c40	180673c40	27	OK	13985382
7351	FUN_180673c60	180673c60	27	OK	13985573
7352	FUN_180673c80	180673c80	27	OK	13985764
7353	FUN_180673ca0	180673ca0	27	OK	13985955
7354	FUN_180673cc0	180673cc0	27	OK	13986146
7355	FUN_180673ce0	180673ce0	27	OK	13986337
7356	FUN_180673d00	180673d00	27	OK	13986528
7357	FUN_180673d20	180673d20	27	OK	13986719
7358	FUN_180673d40	180673d40	27	OK	13986910
7359	FUN_180673d60	180673d60	27	OK	13987101
7360	FUN_180673d80	180673d80	27	OK	13987292
7361	FUN_180673da0	180673da0	27	OK	13987483
7362	FUN_180673dc0	180673dc0	27	OK	13987674
7363	FUN_180673de0	180673de0	27	OK	13987865
7364	FUN_180673e00	180673e00	27	OK	13988056
7365	FUN_180673e20	180673e20	27	OK	13988247
7366	FUN_180673e40	180673e40	27	OK	13988438
7367	FUN_180673e60	180673e60	27	OK	13988629
7368	FUN_180673e80	180673e80	27	OK	13988820
7369	FUN_180673ea0	180673ea0	27	OK	13989011
7370	FUN_180673ec0	180673ec0	27	OK	13989202
7371	FUN_180673ee0	180673ee0	27	OK	13989393
7372	FUN_180673f00	180673f00	27	OK	13989584
7373	FUN_180673f20	180673f20	27	OK	13989775
7374	FUN_180673f40	180673f40	27	OK	13989966
7375	FUN_180673f60	180673f60	27	OK	13990157
7376	FUN_180673f80	180673f80	27	OK	13990348
7377	FUN_180673fa0	180673fa0	27	OK	13990539
7378	FUN_180673fc0	180673fc0	27	OK	13990730
7379	FUN_180673fe0	180673fe0	27	OK	13990921
7380	FUN_180674000	180674000	27	OK	13991112
7381	FUN_180674020	180674020	27	OK	13991303
7382	FUN_180674040	180674040	27	OK	13991494
7383	FUN_180674060	180674060	27	OK	13991685
7384	FUN_180674080	180674080	27	OK	13991876
7385	FUN_1806740a0	1806740a0	27	OK	13992067
7386	FUN_1806740c0	1806740c0	27	OK	13992258
7387	FUN_1806740e0	1806740e0	27	OK	13992449
7388	FUN_180674100	180674100	27	OK	13992640
7389	FUN_180674120	180674120	27	OK	13992831
7390	FUN_180674140	180674140	27	OK	13993022
7391	FUN_180674160	180674160	27	OK	13993213
7392	FUN_180674180	180674180	27	OK	13993404
7393	FUN_1806741a0	1806741a0	27	OK	13993595
7394	FUN_1806741c0	1806741c0	27	OK	13993786
7395	FUN_1806741e0	1806741e0	27	OK	13993977
7396	FUN_180674200	180674200	27	OK	13994168
7397	FUN_180674220	180674220	27	OK	13994359
7398	FUN_180674240	180674240	27	OK	13994550
7399	FUN_180674260	180674260	27	OK	13994741
7400	FUN_180674280	180674280	27	OK	13994932
7401	FUN_1806742a0	1806742a0	27	OK	13995123
7402	FUN_1806742c0	1806742c0	27	OK	13995314
7403	FUN_1806742e0	1806742e0	27	OK	13995505
7404	FUN_180674300	180674300	27	OK	13995696
7405	FUN_180674320	180674320	27	OK	13995887
7406	FUN_180674340	180674340	27	OK	13996078
7407	FUN_180674360	180674360	27	OK	13996269
7408	FUN_180674380	180674380	27	OK	13996460
7409	FUN_1806743a0	1806743a0	27	OK	13996651
7410	FUN_1806743c0	1806743c0	27	OK	13996842
7411	FUN_1806743e0	1806743e0	27	OK	13997033
7412	FUN_180674400	180674400	27	OK	13997224
7413	FUN_180674420	180674420	27	OK	13997415
7414	FUN_180674440	180674440	27	OK	13997606
7415	FUN_180674460	180674460	27	OK	13997797
7416	FUN_180674480	180674480	27	OK	13997988
7417	FUN_1806744a0	1806744a0	27	OK	13998179
7418	FUN_1806744c0	1806744c0	27	OK	13998370
7419	FUN_1806744e0	1806744e0	27	OK	13998561
7420	FUN_180674500	180674500	27	OK	13998752
7421	FUN_180674520	180674520	27	OK	13998943
7422	FUN_180674540	180674540	27	OK	13999134
7423	FUN_180674560	180674560	27	OK	13999325
7424	FUN_180674580	180674580	27	OK	13999516
7425	FUN_1806745a0	1806745a0	27	OK	13999707
7426	FUN_1806745c0	1806745c0	27	OK	13999898
7427	FUN_1806745e0	1806745e0	27	OK	14000089
7428	FUN_180674600	180674600	27	OK	14000280
7429	FUN_180674620	180674620	27	OK	14000471
7430	FUN_180674640	180674640	27	OK	14000662
7431	FUN_180674660	180674660	27	OK	14000853
7432	FUN_180674680	180674680	27	OK	14001044
7433	FUN_1806746a0	1806746a0	27	OK	14001235
7434	FUN_1806746c0	1806746c0	27	OK	14001426
7435	FUN_1806746e0	1806746e0	27	OK	14001617
7436	FUN_180674700	180674700	27	OK	14001808
7437	FUN_180674720	180674720	27	OK	14001999
7438	FUN_180674740	180674740	27	OK	14002190
7439	FUN_180674760	180674760	27	OK	14002381
7440	FUN_180674780	180674780	27	OK	14002572
7441	FUN_1806747a0	1806747a0	27	OK	14002763
7442	FUN_1806747c0	1806747c0	27	OK	14002954
7443	FUN_1806747e0	1806747e0	27	OK	14003145
7444	FUN_180674800	180674800	27	OK	14003336
7445	FUN_180674820	180674820	27	OK	14003527
7446	FUN_180674840	180674840	27	OK	14003718
7447	FUN_180674860	180674860	27	OK	14003909
7448	FUN_180674880	180674880	27	OK	14004100
7449	FUN_1806748a0	1806748a0	27	OK	14004291
7450	FUN_1806748c0	1806748c0	27	OK	14004482
7451	FUN_1806748e0	1806748e0	27	OK	14004673
7452	FUN_180674900	180674900	27	OK	14004864
7453	FUN_180674920	180674920	27	OK	14005055
7454	FUN_180674940	180674940	27	OK	14005246
7455	FUN_180674960	180674960	27	OK	14005437
7456	FUN_180674980	180674980	27	OK	14005628
7457	FUN_1806749a0	1806749a0	27	OK	14005819
7458	FUN_1806749c0	1806749c0	27	OK	14006010
7459	FUN_1806749e0	1806749e0	27	OK	14006201
7460	FUN_180674a00	180674a00	27	OK	14006392
7461	FUN_180674a20	180674a20	27	OK	14006583
7462	FUN_180674a40	180674a40	27	OK	14006774
7463	FUN_180674a60	180674a60	27	OK	14006965
7464	FUN_180674a80	180674a80	27	OK	14007156
7465	FUN_180674aa0	180674aa0	27	OK	14007347
7466	FUN_180674ac0	180674ac0	27	OK	14007538
7467	FUN_180674ae0	180674ae0	27	OK	14007729
7468	FUN_180674b00	180674b00	27	OK	14007920
7469	FUN_180674b20	180674b20	27	OK	14008111
7470	FUN_180674b40	180674b40	27	OK	14008302
7471	FUN_180674b60	180674b60	27	OK	14008493
7472	FUN_180674b80	180674b80	27	OK	14008684
7473	FUN_180674ba0	180674ba0	27	OK	14008875
7474	FUN_180674bc0	180674bc0	27	OK	14009066
7475	FUN_180674be0	180674be0	27	OK	14009257
7476	FUN_180674c00	180674c00	27	OK	14009448
7477	FUN_180674c20	180674c20	27	OK	14009639
7478	FUN_180674c40	180674c40	27	OK	14009830
7479	FUN_180674c60	180674c60	27	OK	14010021
7480	FUN_180674c80	180674c80	27	OK	14010212
7481	FUN_180674ca0	180674ca0	27	OK	14010403
7482	FUN_180674cc0	180674cc0	27	OK	14010594
7483	FUN_180674ce0	180674ce0	27	OK	14010785
7484	FUN_180674d00	180674d00	27	OK	14010976
7485	FUN_180674d20	180674d20	27	OK	14011167
7486	FUN_180674d40	180674d40	27	OK	14011358
7487	FUN_180674d60	180674d60	27	OK	14011549
7488	FUN_180674d80	180674d80	27	OK	14011740
7489	FUN_180674da0	180674da0	27	OK	14011931
7490	FUN_180674dc0	180674dc0	27	OK	14012122
7491	FUN_180674de0	180674de0	27	OK	14012313
7492	FUN_180674e00	180674e00	27	OK	14012504
7493	FUN_180674e20	180674e20	27	OK	14012695
7494	FUN_180674e40	180674e40	27	OK	14012886
7495	FUN_180674e60	180674e60	27	OK	14013077
7496	FUN_180674e80	180674e80	27	OK	14013268
7497	FUN_180674ea0	180674ea0	27	OK	14013459
7498	FUN_180674ec0	180674ec0	27	OK	14013650
7499	FUN_180674ee0	180674ee0	27	OK	14013841
7500	FUN_180674f00	180674f00	27	OK	14014032
7501	FUN_180674f20	180674f20	27	OK	14014223
7502	FUN_180674f40	180674f40	27	OK	14014414
7503	FUN_180674f60	180674f60	27	OK	14014605
7504	FUN_180674f80	180674f80	27	OK	14014796
7505	FUN_180674fa0	180674fa0	27	OK	14014987
7506	FUN_180674fc0	180674fc0	27	OK	14015178
7507	FUN_180674fe0	180674fe0	27	OK	14015369
7508	FUN_180675000	180675000	27	OK	14015560
7509	FUN_180675020	180675020	27	OK	14015751
7510	FUN_180675040	180675040	27	OK	14015942
7511	FUN_180675060	180675060	27	OK	14016133
7512	FUN_180675080	180675080	27	OK	14016324
7513	FUN_1806750a0	1806750a0	27	OK	14016515
7514	FUN_1806750c0	1806750c0	27	OK	14016706
7515	FUN_1806750e0	1806750e0	27	OK	14016897
7516	FUN_180675100	180675100	27	OK	14017088
7517	FUN_180675120	180675120	27	OK	14017279
7518	FUN_180675140	180675140	27	OK	14017470
7519	FUN_180675160	180675160	27	OK	14017661
7520	FUN_180675180	180675180	27	OK	14017852
7521	FUN_1806751a0	1806751a0	27	OK	14018043
7522	FUN_1806751c0	1806751c0	27	OK	14018234
7523	FUN_1806751e0	1806751e0	27	OK	14018425
7524	FUN_180675200	180675200	27	OK	14018616
7525	FUN_180675220	180675220	27	OK	14018807
7526	FUN_180675240	180675240	27	OK	14018998
7527	FUN_180675260	180675260	27	OK	14019189
7528	FUN_180675280	180675280	27	OK	14019380
7529	FUN_1806752a0	1806752a0	27	OK	14019571
7530	FUN_1806752c0	1806752c0	27	OK	14019762
7531	FUN_1806752e0	1806752e0	27	OK	14019953
7532	FUN_180675300	180675300	27	OK	14020144
7533	FUN_180675320	180675320	27	OK	14020335
7534	FUN_180675340	180675340	27	OK	14020526
7535	FUN_180675360	180675360	27	OK	14020717
7536	FUN_180675380	180675380	27	OK	14020908
7537	FUN_1806753a0	1806753a0	27	OK	14021099
7538	FUN_1806753c0	1806753c0	27	OK	14021290
7539	FUN_1806753e0	1806753e0	27	OK	14021481
7540	FUN_180675400	180675400	27	OK	14021672
7541	FUN_180675420	180675420	27	OK	14021863
7542	FUN_180675440	180675440	27	OK	14022054
7543	FUN_180675460	180675460	27	OK	14022245
7544	FUN_180675480	180675480	27	OK	14022436
7545	FUN_1806754a0	1806754a0	27	OK	14022627
7546	FUN_1806754c0	1806754c0	27	OK	14022818
7547	FUN_1806754e0	1806754e0	27	OK	14023009
7548	FUN_180675500	180675500	27	OK	14023200
7549	FUN_180675520	180675520	27	OK	14023391
7550	FUN_180675540	180675540	27	OK	14023582
7551	FUN_180675560	180675560	27	OK	14023773
7552	FUN_180675580	180675580	27	OK	14023964
7553	FUN_1806755a0	1806755a0	27	OK	14024155
7554	FUN_1806755c0	1806755c0	27	OK	14024346
7555	FUN_1806755e0	1806755e0	27	OK	14024537
7556	FUN_180675600	180675600	27	OK	14024728
7557	FUN_180675620	180675620	27	OK	14024919
7558	FUN_180675640	180675640	27	OK	14025110
7559	FUN_180675660	180675660	27	OK	14025301
7560	FUN_180675680	180675680	27	OK	14025492
7561	FUN_1806756a0	1806756a0	27	OK	14025683
7562	FUN_1806756c0	1806756c0	27	OK	14025874
7563	FUN_1806756e0	1806756e0	27	OK	14026065
7564	FUN_180675700	180675700	27	OK	14026256
7565	FUN_180675720	180675720	27	OK	14026447
7566	FUN_180675740	180675740	27	OK	14026638
7567	FUN_180675760	180675760	27	OK	14026829
7568	FUN_180675780	180675780	27	OK	14027020
7569	FUN_1806757a0	1806757a0	27	OK	14027211
7570	FUN_1806757c0	1806757c0	27	OK	14027402
7571	FUN_1806757e0	1806757e0	27	OK	14027593
7572	FUN_180675800	180675800	27	OK	14027784
7573	FUN_180675820	180675820	27	OK	14027975
7574	FUN_180675840	180675840	27	OK	14028166
7575	FUN_180675860	180675860	27	OK	14028357
7576	FUN_180675880	180675880	27	OK	14028548
7577	FUN_1806758a0	1806758a0	27	OK	14028739
7578	FUN_1806758c0	1806758c0	27	OK	14028930
7579	FUN_1806758e0	1806758e0	27	OK	14029121
7580	FUN_180675900	180675900	27	OK	14029312
7581	FUN_180675920	180675920	27	OK	14029503
7582	FUN_180675940	180675940	27	OK	14029694
7583	FUN_180675960	180675960	27	OK	14029885
7584	FUN_180675980	180675980	27	OK	14030076
7585	FUN_1806759a0	1806759a0	27	OK	14030267
7586	FUN_1806759c0	1806759c0	27	OK	14030458
7587	FUN_1806759e0	1806759e0	27	OK	14030649
7588	FUN_180675a00	180675a00	27	OK	14030840
7589	FUN_180675a20	180675a20	27	OK	14031031
7590	FUN_180675a40	180675a40	27	OK	14031222
7591	FUN_180675a60	180675a60	27	OK	14031413
7592	FUN_180675a80	180675a80	27	OK	14031604
7593	FUN_180675aa0	180675aa0	27	OK	14031795
7594	FUN_180675ac0	180675ac0	27	OK	14031986
7595	FUN_180675ae0	180675ae0	27	OK	14032177
7596	FUN_180675b00	180675b00	27	OK	14032368
7597	FUN_180675b20	180675b20	27	OK	14032559
7598	FUN_180675b40	180675b40	27	OK	14032750
7599	FUN_180675b60	180675b60	27	OK	14032941
7600	FUN_180675b80	180675b80	27	OK	14033132
7601	FUN_180675ba0	180675ba0	27	OK	14033323
7602	FUN_180675bc0	180675bc0	27	OK	14033514
7603	FUN_180675be0	180675be0	27	OK	14033705
7604	FUN_180675c00	180675c00	27	OK	14033896
7605	FUN_180675c20	180675c20	27	OK	14034087
7606	FUN_180675c40	180675c40	27	OK	14034278
7607	FUN_180675c60	180675c60	27	OK	14034469
7608	FUN_180675c80	180675c80	27	OK	14034660
7609	FUN_180675ca0	180675ca0	27	OK	14034851
7610	FUN_180675cc0	180675cc0	27	OK	14035042
7611	FUN_180675ce0	180675ce0	27	OK	14035233
7612	FUN_180675d00	180675d00	27	OK	14035424
7613	FUN_180675d20	180675d20	27	OK	14035615
7614	FUN_180675d40	180675d40	27	OK	14035806
7615	FUN_180675d60	180675d60	27	OK	14035997
7616	FUN_180675d80	180675d80	27	OK	14036188
7617	FUN_180675da0	180675da0	27	OK	14036379
7618	FUN_180675dc0	180675dc0	27	OK	14036570
7619	FUN_180675de0	180675de0	27	OK	14036761
7620	FUN_180675e00	180675e00	27	OK	14036952
7621	FUN_180675e20	180675e20	27	OK	14037143
7622	FUN_180675e40	180675e40	27	OK	14037334
7623	FUN_180675e60	180675e60	27	OK	14037525
7624	FUN_180675e80	180675e80	27	OK	14037716
7625	FUN_180675ea0	180675ea0	27	OK	14037907
7626	FUN_180675ec0	180675ec0	27	OK	14038098
7627	FUN_180675ee0	180675ee0	27	OK	14038289
7628	FUN_180675f00	180675f00	27	OK	14038480
7629	FUN_180675f20	180675f20	27	OK	14038671
7630	FUN_180675f40	180675f40	27	OK	14038862
7631	FUN_180675f60	180675f60	27	OK	14039053
7632	FUN_180675f80	180675f80	27	OK	14039244
7633	FUN_180675fa0	180675fa0	27	OK	14039435
7634	FUN_180675fc0	180675fc0	27	OK	14039626
7635	FUN_180675fe0	180675fe0	27	OK	14039817
7636	FUN_180676000	180676000	27	OK	14040008
7637	FUN_180676020	180676020	27	OK	14040199
7638	FUN_180676040	180676040	27	OK	14040390
7639	FUN_180676060	180676060	27	OK	14040581
7640	FUN_180676080	180676080	27	OK	14040772
7641	FUN_1806760a0	1806760a0	27	OK	14040963
7642	FUN_1806760c0	1806760c0	27	OK	14041154
7643	FUN_1806760e0	1806760e0	27	OK	14041345
7644	FUN_180676100	180676100	27	OK	14041536
7645	FUN_180676120	180676120	27	OK	14041727
7646	FUN_180676140	180676140	27	OK	14041918
7647	FUN_180676160	180676160	27	OK	14042109
7648	FUN_180676180	180676180	27	OK	14042300
7649	FUN_1806761a0	1806761a0	27	OK	14042491
7650	FUN_1806761c0	1806761c0	27	OK	14042682
7651	FUN_1806761e0	1806761e0	27	OK	14042873
7652	FUN_180676200	180676200	27	OK	14043064
7653	FUN_180676220	180676220	27	OK	14043255
7654	FUN_180676240	180676240	27	OK	14043446
7655	FUN_180676260	180676260	27	OK	14043637
7656	FUN_180676280	180676280	27	OK	14043828
7657	FUN_1806762a0	1806762a0	27	OK	14044019
7658	FUN_1806762c0	1806762c0	27	OK	14044210
7659	FUN_1806762e0	1806762e0	27	OK	14044401
7660	FUN_180676300	180676300	27	OK	14044592
7661	FUN_180676320	180676320	27	OK	14044783
7662	FUN_180676340	180676340	27	OK	14044974
7663	FUN_180676360	180676360	27	OK	14045165
7664	FUN_180676380	180676380	27	OK	14045356
7665	FUN_1806763a0	1806763a0	27	OK	14045547
7666	FUN_1806763c0	1806763c0	27	OK	14045738
7667	FUN_1806763e0	1806763e0	27	OK	14045929
7668	FUN_180676400	180676400	27	OK	14046120
7669	FUN_180676420	180676420	27	OK	14046311
7670	FUN_180676440	180676440	27	OK	14046502
7671	FUN_180676460	180676460	27	OK	14046693
7672	FUN_180676480	180676480	27	OK	14046884
7673	FUN_1806764a0	1806764a0	27	OK	14047075
7674	FUN_1806764c0	1806764c0	27	OK	14047266
7675	FUN_1806764e0	1806764e0	27	OK	14047457
7676	FUN_180676500	180676500	27	OK	14047648
7677	FUN_180676520	180676520	27	OK	14047839
7678	FUN_180676540	180676540	27	OK	14048030
7679	FUN_180676560	180676560	27	OK	14048221
7680	FUN_180676580	180676580	27	OK	14048412
7681	FUN_1806765a0	1806765a0	27	OK	14048603
7682	FUN_1806765c0	1806765c0	27	OK	14048794
7683	FUN_1806765e0	1806765e0	27	OK	14048985
7684	FUN_180676600	180676600	27	OK	14049176
7685	FUN_180676620	180676620	27	OK	14049367
7686	FUN_180676640	180676640	27	OK	14049558
7687	FUN_180676660	180676660	27	OK	14049749
7688	FUN_180676680	180676680	27	OK	14049940
7689	FUN_1806766a0	1806766a0	27	OK	14050131
7690	FUN_1806766c0	1806766c0	27	OK	14050322
7691	FUN_1806766e0	1806766e0	27	OK	14050513
7692	FUN_180676700	180676700	27	OK	14050704
7693	FUN_180676720	180676720	27	OK	14050895
7694	FUN_180676740	180676740	27	OK	14051086
7695	FUN_180676760	180676760	27	OK	14051277
7696	FUN_180676780	180676780	27	OK	14051468
7697	FUN_1806767a0	1806767a0	27	OK	14051659
7698	FUN_1806767c0	1806767c0	27	OK	14051850
7699	FUN_1806767e0	1806767e0	27	OK	14052041
7700	FUN_180676800	180676800	27	OK	14052232
7701	FUN_180676820	180676820	27	OK	14052423
7702	FUN_180676840	180676840	27	OK	14052614
7703	FUN_180676860	180676860	27	OK	14052805
7704	FUN_180676880	180676880	27	OK	14052996
7705	FUN_1806768a0	1806768a0	27	OK	14053187
7706	FUN_1806768c0	1806768c0	27	OK	14053378
7707	FUN_1806768e0	1806768e0	27	OK	14053569
7708	FUN_180676900	180676900	27	OK	14053760
7709	FUN_180676920	180676920	27	OK	14053951
7710	FUN_180676940	180676940	27	OK	14054142
7711	FUN_180676960	180676960	27	OK	14054333
7712	FUN_180676980	180676980	27	OK	14054524
7713	FUN_1806769a0	1806769a0	27	OK	14054715
7714	FUN_1806769c0	1806769c0	27	OK	14054906
7715	FUN_1806769e0	1806769e0	27	OK	14055097
7716	FUN_180676a00	180676a00	27	OK	14055288
7717	FUN_180676a20	180676a20	27	OK	14055479
7718	FUN_180676a40	180676a40	27	OK	14055670
7719	FUN_180676a60	180676a60	27	OK	14055861
7720	FUN_180676a80	180676a80	27	OK	14056052
7721	FUN_180676aa0	180676aa0	27	OK	14056243
7722	FUN_180676ac0	180676ac0	27	OK	14056434
7723	FUN_180676ae0	180676ae0	27	OK	14056625
7724	FUN_180676b00	180676b00	27	OK	14056816
7725	FUN_180676b20	180676b20	27	OK	14057007
7726	FUN_180676b40	180676b40	27	OK	14057198
7727	FUN_180676b60	180676b60	27	OK	14057389
7728	FUN_180676b80	180676b80	27	OK	14057580
7729	FUN_180676ba0	180676ba0	27	OK	14057771
7730	FUN_180676bc0	180676bc0	27	OK	14057962
7731	FUN_180676be0	180676be0	27	OK	14058153
7732	FUN_180676c00	180676c00	27	OK	14058344
7733	FUN_180676c20	180676c20	27	OK	14058535
7734	FUN_180676c40	180676c40	27	OK	14058726
7735	FUN_180676c60	180676c60	27	OK	14058917
7736	FUN_180676c80	180676c80	27	OK	14059108
7737	FUN_180676ca0	180676ca0	27	OK	14059299
7738	FUN_180676cc0	180676cc0	27	OK	14059490
7739	FUN_180676ce0	180676ce0	27	OK	14059681
7740	FUN_180676d00	180676d00	27	OK	14059872
7741	FUN_180676d20	180676d20	27	OK	14060062
7742	FUN_180676d40	180676d40	27	OK	14060253
7743	FUN_180676d60	180676d60	27	OK	14060444
7744	FUN_180676d80	180676d80	27	OK	14060635
7745	FUN_180676da0	180676da0	27	OK	14060826
7746	FUN_180676dc0	180676dc0	27	OK	14061017
7747	FUN_180676de0	180676de0	27	OK	14061208
7748	FUN_180676e00	180676e00	27	OK	14061399
7749	FUN_180676e20	180676e20	27	OK	14061590
7750	FUN_180676e40	180676e40	27	OK	14061781
7751	FUN_180676e60	180676e60	27	OK	14061972
7752	FUN_180676e80	180676e80	27	OK	14062163
7753	FUN_180676ea0	180676ea0	27	OK	14062354
7754	FUN_180676ec0	180676ec0	27	OK	14062545
7755	FUN_180676ee0	180676ee0	27	OK	14062736
7756	FUN_180676f00	180676f00	27	OK	14062927
7757	FUN_180676f20	180676f20	27	OK	14063118
7758	FUN_180676f40	180676f40	27	OK	14063309
7759	FUN_180676f60	180676f60	27	OK	14063500
7760	FUN_180676f80	180676f80	27	OK	14063691
7761	FUN_180676fa0	180676fa0	27	OK	14063882
7762	FUN_180676fc0	180676fc0	27	OK	14064073
7763	FUN_180676fe0	180676fe0	27	OK	14064264
7764	FUN_180677000	180677000	27	OK	14064455
7765	FUN_180677020	180677020	27	OK	14064646
7766	FUN_180677040	180677040	27	OK	14064837
7767	FUN_180677060	180677060	27	OK	14065028
7768	FUN_180677080	180677080	27	OK	14065219
7769	FUN_1806770a0	1806770a0	27	OK	14065410
7770	FUN_1806770c0	1806770c0	27	OK	14065601
7771	FUN_1806770e0	1806770e0	27	OK	14065792
7772	FUN_180677100	180677100	27	OK	14065983
7773	FUN_180677120	180677120	27	OK	14066174
7774	FUN_180677140	180677140	27	OK	14066365
7775	FUN_180677160	180677160	27	OK	14066556
7776	FUN_180677180	180677180	27	OK	14066747
7777	FUN_1806771a0	1806771a0	27	OK	14066938
7778	FUN_1806771c0	1806771c0	27	OK	14067129
7779	FUN_1806771e0	1806771e0	27	OK	14067320
7780	FUN_180677200	180677200	27	OK	14067511
7781	FUN_180677220	180677220	27	OK	14067702
7782	FUN_180677240	180677240	27	OK	14067893
7783	FUN_180677260	180677260	27	OK	14068084
7784	FUN_180677280	180677280	27	OK	14068275
7785	FUN_1806772a0	1806772a0	27	OK	14068466
7786	FUN_1806772c0	1806772c0	27	OK	14068657
7787	FUN_1806772e0	1806772e0	27	OK	14068848
7788	FUN_180677300	180677300	27	OK	14069039
7789	FUN_180677320	180677320	27	OK	14069230
7790	FUN_180677340	180677340	27	OK	14069421
7791	FUN_180677360	180677360	27	OK	14069612
7792	FUN_180677380	180677380	27	OK	14069803
7793	FUN_1806773a0	1806773a0	27	OK	14069994
7794	FUN_1806773c0	1806773c0	27	OK	14070185
7795	FUN_1806773e0	1806773e0	27	OK	14070376
7796	FUN_180677400	180677400	27	OK	14070567
7797	FUN_180677420	180677420	27	OK	14070758
7798	FUN_180677440	180677440	27	OK	14070949
7799	FUN_180677460	180677460	27	OK	14071140
7800	FUN_180677480	180677480	27	OK	14071331
7801	FUN_1806774a0	1806774a0	27	OK	14071522
7802	FUN_1806774c0	1806774c0	27	OK	14071713
7803	FUN_1806774e0	1806774e0	27	OK	14071904
7804	FUN_180677500	180677500	27	OK	14072095
7805	FUN_180677520	180677520	27	OK	14072286
7806	FUN_180677540	180677540	27	OK	14072477
7807	FUN_180677560	180677560	27	OK	14072668
7808	FUN_180677580	180677580	27	OK	14072859
7809	FUN_1806775a0	1806775a0	27	OK	14073050
7810	FUN_1806775c0	1806775c0	27	OK	14073241
7811	FUN_1806775e0	1806775e0	27	OK	14073432
7812	FUN_180677600	180677600	27	OK	14073623
7813	FUN_180677620	180677620	27	OK	14073814
7814	FUN_180677640	180677640	27	OK	14074005
7815	FUN_180677660	180677660	27	OK	14074196
7816	FUN_180677680	180677680	27	OK	14074387
7817	FUN_1806776a0	1806776a0	27	OK	14074578
7818	FUN_1806776c0	1806776c0	27	OK	14074769
7819	FUN_1806776e0	1806776e0	27	OK	14074960
7820	FUN_180677700	180677700	27	OK	14075151
7821	FUN_180677720	180677720	27	OK	14075342
7822	FUN_180677740	180677740	27	OK	14075533
7823	FUN_180677760	180677760	27	OK	14075724
7824	FUN_180677780	180677780	27	OK	14075915
7825	FUN_1806777a0	1806777a0	27	OK	14076106
7826	FUN_1806777c0	1806777c0	27	OK	14076297
7827	FUN_1806777e0	1806777e0	27	OK	14076488
7828	FUN_180677800	180677800	27	OK	14076679
7829	FUN_180677820	180677820	27	OK	14076870
7830	FUN_180677840	180677840	27	OK	14077061
7831	FUN_180677860	180677860	27	OK	14077252
7832	FUN_180677880	180677880	27	OK	14077443
7833	FUN_1806778a0	1806778a0	27	OK	14077634
7834	FUN_1806778c0	1806778c0	27	OK	14077825
7835	FUN_1806778e0	1806778e0	27	OK	14078016
7836	FUN_180677900	180677900	27	OK	14078207
7837	FUN_180677920	180677920	27	OK	14078398
7838	FUN_180677940	180677940	27	OK	14078589
7839	FUN_180677960	180677960	27	OK	14078780
7840	FUN_180677980	180677980	27	OK	14078971
7841	FUN_1806779a0	1806779a0	27	OK	14079162
7842	FUN_1806779c0	1806779c0	27	OK	14079353
7843	FUN_1806779e0	1806779e0	27	OK	14079544
7844	FUN_180677a00	180677a00	27	OK	14079735
7845	FUN_180677a20	180677a20	27	OK	14079926
7846	FUN_180677a40	180677a40	27	OK	14080117
7847	FUN_180677a60	180677a60	27	OK	14080308
7848	FUN_180677a80	180677a80	27	OK	14080499
7849	FUN_180677aa0	180677aa0	27	OK	14080690
7850	FUN_180677ac0	180677ac0	27	OK	14080881
7851	FUN_180677ae0	180677ae0	27	OK	14081072
7852	FUN_180677b00	180677b00	27	OK	14081263
7853	FUN_180677b20	180677b20	27	OK	14081454
7854	FUN_180677b40	180677b40	27	OK	14081645
7855	FUN_180677b60	180677b60	27	OK	14081836
7856	FUN_180677b80	180677b80	27	OK	14082027
7857	FUN_180677ba0	180677ba0	27	OK	14082218
7858	FUN_180677bc0	180677bc0	27	OK	14082409
7859	FUN_180677be0	180677be0	27	OK	14082600
7860	FUN_180677c00	180677c00	27	OK	14082791
7861	FUN_180677c20	180677c20	27	OK	14082982
7862	FUN_180677c40	180677c40	27	OK	14083173
7863	FUN_180677c60	180677c60	27	OK	14083364
7864	FUN_180677c80	180677c80	27	OK	14083555
7865	FUN_180677ca0	180677ca0	27	OK	14083746
7866	FUN_180677cc0	180677cc0	27	OK	14083937
7867	FUN_180677ce0	180677ce0	27	OK	14084128
7868	FUN_180677d00	180677d00	27	OK	14084319
7869	FUN_180677d20	180677d20	27	OK	14084510
7870	FUN_180677d40	180677d40	27	OK	14084701
7871	FUN_180677d60	180677d60	27	OK	14084892
7872	FUN_180677d80	180677d80	27	OK	14085083
7873	FUN_180677da0	180677da0	27	OK	14085274
7874	FUN_180677dc0	180677dc0	27	OK	14085465
7875	FUN_180677de0	180677de0	27	OK	14085656
7876	FUN_180677e00	180677e00	27	OK	14085847
7877	FUN_180677e20	180677e20	27	OK	14086038
7878	FUN_180677e40	180677e40	27	OK	14086229
7879	FUN_180677e60	180677e60	27	OK	14086420
7880	FUN_180677e80	180677e80	27	OK	14086611
7881	FUN_180677ea0	180677ea0	27	OK	14086802
7882	FUN_180677ec0	180677ec0	27	OK	14086993
7883	FUN_180677ee0	180677ee0	27	OK	14087184
7884	FUN_180677f00	180677f00	27	OK	14087375
7885	FUN_180677f20	180677f20	27	OK	14087566
7886	FUN_180677f40	180677f40	27	OK	14087757
7887	FUN_180677f60	180677f60	27	OK	14087948
7888	FUN_180677f80	180677f80	27	OK	14088139
7889	FUN_180677fa0	180677fa0	27	OK	14088330
7890	FUN_180677fc0	180677fc0	27	OK	14088521
7891	FUN_180677fe0	180677fe0	27	OK	14088712
7892	FUN_180678000	180678000	27	OK	14088903
7893	FUN_180678020	180678020	27	OK	14089094
7894	FUN_180678040	180678040	27	OK	14089285
7895	FUN_180678060	180678060	27	OK	14089476
7896	FUN_180678080	180678080	27	OK	14089667
7897	FUN_1806780a0	1806780a0	27	OK	14089858
7898	FUN_1806780c0	1806780c0	27	OK	14090049
7899	FUN_1806780e0	1806780e0	27	OK	14090240
7900	FUN_180678100	180678100	27	OK	14090431
7901	FUN_180678120	180678120	27	OK	14090622
7902	FUN_180678140	180678140	27	OK	14090813
7903	FUN_180678160	180678160	27	OK	14091004
7904	FUN_180678180	180678180	27	OK	14091195
7905	FUN_1806781a0	1806781a0	27	OK	14091386
7906	FUN_1806781c0	1806781c0	27	OK	14091577
7907	FUN_1806781e0	1806781e0	27	OK	14091768
7908	FUN_180678200	180678200	27	OK	14091959
7909	FUN_180678220	180678220	27	OK	14092150
7910	FUN_180678240	180678240	27	OK	14092341
7911	FUN_180678260	180678260	27	OK	14092532
7912	FUN_180678280	180678280	27	OK	14092723
7913	FUN_1806782a0	1806782a0	27	OK	14092914
7914	FUN_1806782c0	1806782c0	27	OK	14093105
7915	FUN_1806782e0	1806782e0	27	OK	14093296
7916	FUN_180678300	180678300	27	OK	14093487
7917	FUN_180678320	180678320	27	OK	14093678
7918	FUN_180678340	180678340	27	OK	14093869
7919	FUN_180678360	180678360	27	OK	14094060
7920	FUN_180678380	180678380	27	OK	14094251
7921	FUN_1806783a0	1806783a0	27	OK	14094442
7922	FUN_1806783c0	1806783c0	27	OK	14094633
7923	FUN_1806783e0	1806783e0	27	OK	14094824
7924	FUN_180678400	180678400	27	OK	14095015
7925	FUN_180678420	180678420	27	OK	14095206
7926	FUN_180678440	180678440	27	OK	14095397
7927	FUN_180678460	180678460	27	OK	14095588
7928	FUN_180678480	180678480	27	OK	14095779
7929	FUN_1806784a0	1806784a0	27	OK	14095970
7930	FUN_1806784c0	1806784c0	27	OK	14096161
7931	FUN_1806784e0	1806784e0	27	OK	14096352
7932	FUN_180678500	180678500	27	OK	14096543
7933	FUN_180678520	180678520	27	OK	14096734
7934	FUN_180678540	180678540	27	OK	14096925
7935	FUN_180678560	180678560	27	OK	14097116
7936	FUN_180678580	180678580	27	OK	14097307
7937	FUN_1806785a0	1806785a0	27	OK	14097498
7938	FUN_1806785c0	1806785c0	27	OK	14097689
7939	FUN_1806785e0	1806785e0	27	OK	14097880
7940	FUN_180678600	180678600	27	OK	14098071
7941	FUN_180678620	180678620	27	OK	14098262
7942	FUN_180678640	180678640	27	OK	14098453
7943	FUN_180678660	180678660	27	OK	14098644
7944	FUN_180678680	180678680	27	OK	14098835
7945	FUN_1806786a0	1806786a0	27	OK	14099026
7946	FUN_1806786c0	1806786c0	27	OK	14099217
7947	FUN_1806786e0	1806786e0	27	OK	14099408
7948	FUN_180678700	180678700	27	OK	14099599
7949	FUN_180678720	180678720	27	OK	14099790
7950	FUN_180678740	180678740	27	OK	14099981
7951	FUN_180678760	180678760	27	OK	14100172
7952	FUN_180678780	180678780	27	OK	14100363
7953	FUN_1806787a0	1806787a0	27	OK	14100554
7954	FUN_1806787c0	1806787c0	27	OK	14100745
7955	FUN_1806787e0	1806787e0	27	OK	14100936
7956	FUN_180678800	180678800	27	OK	14101127
7957	FUN_180678820	180678820	27	OK	14101318
7958	FUN_180678840	180678840	27	OK	14101509
7959	FUN_180678860	180678860	27	OK	14101700
7960	FUN_180678880	180678880	27	OK	14101891
7961	FUN_1806788a0	1806788a0	27	OK	14102082
7962	FUN_1806788c0	1806788c0	27	OK	14102273
7963	FUN_1806788e0	1806788e0	27	OK	14102464
7964	FUN_180678900	180678900	27	OK	14102655
7965	FUN_180678920	180678920	27	OK	14102846
7966	FUN_180678940	180678940	27	OK	14103037
7967	FUN_180678960	180678960	27	OK	14103228
7968	FUN_180678980	180678980	27	OK	14103419
7969	FUN_1806789a0	1806789a0	27	OK	14103610
7970	FUN_1806789c0	1806789c0	27	OK	14103801
7971	FUN_1806789e0	1806789e0	27	OK	14103992
7972	FUN_180678a00	180678a00	27	OK	14104183
7973	FUN_180678a20	180678a20	27	OK	14104374
7974	FUN_180678a40	180678a40	27	OK	14104565
7975	FUN_180678a60	180678a60	27	OK	14104756
7976	FUN_180678a80	180678a80	27	OK	14104947
7977	FUN_180678aa0	180678aa0	27	OK	14105138
7978	FUN_180678ac0	180678ac0	27	OK	14105329
7979	FUN_180678ae0	180678ae0	27	OK	14105520
7980	FUN_180678b00	180678b00	27	OK	14105711
7981	FUN_180678b20	180678b20	27	OK	14105902
7982	FUN_180678b40	180678b40	27	OK	14106093
7983	FUN_180678b60	180678b60	27	OK	14106284
7984	FUN_180678b80	180678b80	27	OK	14106475
7985	FUN_180678ba0	180678ba0	27	OK	14106666
7986	FUN_180678bc0	180678bc0	27	OK	14106857
7987	FUN_180678be0	180678be0	27	OK	14107048
7988	FUN_180678c00	180678c00	27	OK	14107239
7989	FUN_180678c20	180678c20	27	OK	14107430
7990	FUN_180678c40	180678c40	27	OK	14107621
7991	FUN_180678c60	180678c60	27	OK	14107812
7992	FUN_180678c80	180678c80	27	OK	14108003
7993	FUN_180678ca0	180678ca0	27	OK	14108194
7994	FUN_180678cc0	180678cc0	27	OK	14108385
7995	FUN_180678ce0	180678ce0	27	OK	14108576
7996	FUN_180678d00	180678d00	27	OK	14108767
7997	FUN_180678d20	180678d20	27	OK	14108958
7998	FUN_180678d40	180678d40	27	OK	14109149
7999	FUN_180678d60	180678d60	27	OK	14109340
8000	FUN_180678d80	180678d80	27	OK	14109531
8001	FUN_180678da0	180678da0	27	OK	14109722
8002	FUN_180678dc0	180678dc0	27	OK	14109913
8003	FUN_180678de0	180678de0	27	OK	14110104
8004	FUN_180678e00	180678e00	27	OK	14110295
8005	FUN_180678e20	180678e20	27	OK	14110486
8006	FUN_180678e40	180678e40	27	OK	14110677
8007	FUN_180678e60	180678e60	27	OK	14110868
8008	FUN_180678e80	180678e80	27	OK	14111059
8009	FUN_180678ea0	180678ea0	27	OK	14111250
8010	FUN_180678ec0	180678ec0	27	OK	14111441
8011	FUN_180678ee0	180678ee0	27	OK	14111632
8012	FUN_180678f00	180678f00	27	OK	14111823
8013	FUN_180678f20	180678f20	27	OK	14112014
8014	FUN_180678f40	180678f40	27	OK	14112205
8015	FUN_180678f60	180678f60	27	OK	14112396
8016	FUN_180678f80	180678f80	27	OK	14112587
8017	FUN_180678fa0	180678fa0	27	OK	14112778
8018	FUN_180678fc0	180678fc0	27	OK	14112969
8019	FUN_180678fe0	180678fe0	27	OK	14113160
8020	FUN_180679000	180679000	27	OK	14113351
8021	FUN_180679020	180679020	27	OK	14113542
8022	FUN_180679040	180679040	27	OK	14113733
8023	FUN_180679060	180679060	27	OK	14113924
8024	FUN_180679080	180679080	27	OK	14114115
8025	FUN_1806790a0	1806790a0	27	OK	14114306
8026	FUN_1806790c0	1806790c0	27	OK	14114497
8027	FUN_1806790e0	1806790e0	27	OK	14114688
8028	FUN_180679100	180679100	27	OK	14114879
8029	FUN_180679120	180679120	27	OK	14115070
8030	FUN_180679140	180679140	27	OK	14115261
8031	FUN_180679160	180679160	27	OK	14115452
8032	FUN_180679180	180679180	27	OK	14115643
8033	FUN_1806791a0	1806791a0	27	OK	14115834
8034	FUN_1806791c0	1806791c0	27	OK	14116025
8035	FUN_1806791e0	1806791e0	27	OK	14116216
8036	FUN_180679200	180679200	27	OK	14116407
8037	FUN_180679220	180679220	27	OK	14116598
8038	FUN_180679240	180679240	27	OK	14116789
8039	FUN_180679260	180679260	27	OK	14116980
8040	FUN_180679280	180679280	27	OK	14117171
8041	FUN_1806792a0	1806792a0	27	OK	14117362
8042	FUN_1806792c0	1806792c0	27	OK	14117553
8043	FUN_1806792e0	1806792e0	27	OK	14117744
8044	FUN_180679300	180679300	27	OK	14117935
8045	FUN_180679320	180679320	27	OK	14118126
8046	FUN_180679340	180679340	27	OK	14118317
8047	FUN_180679360	180679360	27	OK	14118508
8048	FUN_180679380	180679380	27	OK	14118699
8049	FUN_1806793a0	1806793a0	27	OK	14118890
8050	FUN_1806793c0	1806793c0	27	OK	14119081
8051	FUN_1806793e0	1806793e0	27	OK	14119272
8052	FUN_180679400	180679400	27	OK	14119463
8053	FUN_180679420	180679420	27	OK	14119654
8054	FUN_180679440	180679440	27	OK	14119845
8055	FUN_180679460	180679460	27	OK	14120036
8056	FUN_180679480	180679480	27	OK	14120227
8057	FUN_1806794a0	1806794a0	27	OK	14120418
8058	FUN_1806794c0	1806794c0	27	OK	14120609
8059	FUN_1806794e0	1806794e0	27	OK	14120800
8060	FUN_180679500	180679500	27	OK	14120991
8061	FUN_180679520	180679520	27	OK	14121182
8062	FUN_180679540	180679540	27	OK	14121373
8063	FUN_180679560	180679560	27	OK	14121564
8064	FUN_180679580	180679580	27	OK	14121755
8065	FUN_1806795a0	1806795a0	27	OK	14121946
8066	FUN_1806795c0	1806795c0	27	OK	14122137
8067	FUN_1806795e0	1806795e0	27	OK	14122328
8068	FUN_180679600	180679600	27	OK	14122519
8069	FUN_180679620	180679620	27	OK	14122710
8070	FUN_180679640	180679640	27	OK	14122901
8071	FUN_180679660	180679660	27	OK	14123092
8072	FUN_180679680	180679680	27	OK	14123283
8073	FUN_1806796a0	1806796a0	27	OK	14123474
8074	FUN_1806796c0	1806796c0	27	OK	14123665
8075	FUN_1806796e0	1806796e0	27	OK	14123856
8076	FUN_180679700	180679700	27	OK	14124047
8077	FUN_180679720	180679720	27	OK	14124238
8078	FUN_180679740	180679740	27	OK	14124429
8079	FUN_180679760	180679760	27	OK	14124620
8080	FUN_180679780	180679780	27	OK	14124811
8081	FUN_1806797a0	1806797a0	27	OK	14125002
8082	FUN_1806797c0	1806797c0	27	OK	14125193
8083	FUN_1806797e0	1806797e0	27	OK	14125384
8084	FUN_180679800	180679800	27	OK	14125575
8085	FUN_180679820	180679820	27	OK	14125766
8086	FUN_180679840	180679840	27	OK	14125957
8087	FUN_180679860	180679860	27	OK	14126148
8088	FUN_180679880	180679880	27	OK	14126339
8089	FUN_1806798a0	1806798a0	27	OK	14126530
8090	FUN_1806798c0	1806798c0	27	OK	14126721
8091	FUN_1806798e0	1806798e0	27	OK	14126912
8092	FUN_180679900	180679900	27	OK	14127103
8093	FUN_180679920	180679920	27	OK	14127294
8094	FUN_180679940	180679940	27	OK	14127485
8095	FUN_180679960	180679960	27	OK	14127676
8096	FUN_180679980	180679980	27	OK	14127867
8097	FUN_1806799a0	1806799a0	27	OK	14128058
8098	FUN_1806799c0	1806799c0	27	OK	14128249
8099	FUN_1806799e0	1806799e0	27	OK	14128440
8100	FUN_180679a00	180679a00	27	OK	14128631
8101	FUN_180679a20	180679a20	27	OK	14128822
8102	FUN_180679a40	180679a40	27	OK	14129013
8103	FUN_180679a60	180679a60	27	OK	14129204
8104	FUN_180679a80	180679a80	27	OK	14129395
8105	FUN_180679aa0	180679aa0	27	OK	14129586
8106	FUN_180679ac0	180679ac0	27	OK	14129777
8107	FUN_180679ae0	180679ae0	27	OK	14129968
8108	FUN_180679b00	180679b00	27	OK	14130159
8109	FUN_180679b20	180679b20	27	OK	14130350
8110	FUN_180679b40	180679b40	27	OK	14130541
8111	FUN_180679b60	180679b60	27	OK	14130732
8112	FUN_180679b80	180679b80	27	OK	14130923
8113	FUN_180679ba0	180679ba0	27	OK	14131114
8114	FUN_180679bc0	180679bc0	27	OK	14131305
8115	FUN_180679be0	180679be0	27	OK	14131496
8116	FUN_180679c00	180679c00	27	OK	14131687
8117	FUN_180679c20	180679c20	27	OK	14131878
8118	FUN_180679c40	180679c40	27	OK	14132069
8119	FUN_180679c60	180679c60	27	OK	14132260
8120	FUN_180679c80	180679c80	27	OK	14132451
8121	FUN_180679ca0	180679ca0	27	OK	14132642
8122	FUN_180679cc0	180679cc0	27	OK	14132833
8123	FUN_180679ce0	180679ce0	27	OK	14133024
8124	FUN_180679d00	180679d00	27	OK	14133215
8125	FUN_180679d20	180679d20	27	OK	14133406
8126	FUN_180679d40	180679d40	27	OK	14133597
8127	FUN_180679d60	180679d60	27	OK	14133788
8128	FUN_180679d80	180679d80	27	OK	14133979
8129	FUN_180679da0	180679da0	27	OK	14134170
8130	FUN_180679dc0	180679dc0	27	OK	14134361
8131	FUN_180679de0	180679de0	27	OK	14134552
8132	FUN_180679e00	180679e00	27	OK	14134743
8133	FUN_180679e20	180679e20	27	OK	14134934
8134	FUN_180679e40	180679e40	27	OK	14135125
8135	FUN_180679e60	180679e60	27	OK	14135316
8136	FUN_180679e80	180679e80	27	OK	14135507
8137	FUN_180679ea0	180679ea0	27	OK	14135698
8138	FUN_180679ec0	180679ec0	27	OK	14135889
8139	FUN_180679ee0	180679ee0	27	OK	14136080
8140	FUN_180679f00	180679f00	27	OK	14136271
8141	FUN_180679f20	180679f20	27	OK	14136462
8142	FUN_180679f40	180679f40	27	OK	14136653
8143	FUN_180679f60	180679f60	27	OK	14136844
8144	FUN_180679f80	180679f80	27	OK	14137035
8145	FUN_180679fa0	180679fa0	27	OK	14137226
8146	FUN_180679fc0	180679fc0	27	OK	14137417
8147	FUN_180679fe0	180679fe0	27	OK	14137608
8148	FUN_18067a000	18067a000	27	OK	14137799
8149	FUN_18067a020	18067a020	27	OK	14137990
8150	FUN_18067a040	18067a040	27	OK	14138181
8151	FUN_18067a060	18067a060	27	OK	14138372
8152	FUN_18067a080	18067a080	27	OK	14138563
8153	FUN_18067a0a0	18067a0a0	27	OK	14138754
8154	FUN_18067a0c0	18067a0c0	27	OK	14138945
8155	FUN_18067a0e0	18067a0e0	27	OK	14139136
8156	FUN_18067a100	18067a100	27	OK	14139327
8157	FUN_18067a120	18067a120	27	OK	14139518
8158	FUN_18067a140	18067a140	27	OK	14139709
8159	FUN_18067a160	18067a160	27	OK	14139900
8160	FUN_18067a180	18067a180	27	OK	14140091
8161	FUN_18067a1a0	18067a1a0	27	OK	14140282
8162	FUN_18067a1c0	18067a1c0	27	OK	14140473
8163	FUN_18067a1e0	18067a1e0	27	OK	14140664
8164	FUN_18067a200	18067a200	27	OK	14140855
8165	FUN_18067a220	18067a220	27	OK	14141046
8166	FUN_18067a240	18067a240	27	OK	14141237
8167	FUN_18067a260	18067a260	27	OK	14141428
8168	FUN_18067a280	18067a280	27	OK	14141619
8169	FUN_18067a2a0	18067a2a0	27	OK	14141810
8170	FUN_18067a2c0	18067a2c0	27	OK	14142001
8171	FUN_18067a2e0	18067a2e0	27	OK	14142192
8172	FUN_18067a300	18067a300	27	OK	14142383
8173	FUN_18067a320	18067a320	27	OK	14142574
8174	FUN_18067a340	18067a340	27	OK	14142765
8175	FUN_18067a360	18067a360	27	OK	14142956
8176	FUN_18067a380	18067a380	27	OK	14143147
8177	FUN_18067a3a0	18067a3a0	27	OK	14143338
8178	FUN_18067a3c0	18067a3c0	27	OK	14143529
8179	FUN_18067a3e0	18067a3e0	27	OK	14143720
8180	FUN_18067a400	18067a400	27	OK	14143911
8181	FUN_18067a420	18067a420	27	OK	14144102
8182	FUN_18067a440	18067a440	27	OK	14144293
8183	FUN_18067a460	18067a460	27	OK	14144484
8184	FUN_18067a480	18067a480	27	OK	14144675
8185	FUN_18067a4a0	18067a4a0	27	OK	14144866
8186	FUN_18067a4c0	18067a4c0	27	OK	14145057
8187	FUN_18067a4e0	18067a4e0	27	OK	14145248
8188	FUN_18067a500	18067a500	27	OK	14145439
8189	FUN_18067a520	18067a520	27	OK	14145630
8190	FUN_18067a540	18067a540	27	OK	14145821
8191	FUN_18067a560	18067a560	27	OK	14146012
8192	FUN_18067a580	18067a580	27	OK	14146203
8193	FUN_18067a5a0	18067a5a0	27	OK	14146394
8194	FUN_18067a5c0	18067a5c0	27	OK	14146585
8195	FUN_18067a5e0	18067a5e0	27	OK	14146776
8196	FUN_18067a600	18067a600	27	OK	14146967
8197	FUN_18067a620	18067a620	27	OK	14147158
8198	FUN_18067a640	18067a640	27	OK	14147349
8199	FUN_18067a660	18067a660	27	OK	14147540
8200	FUN_18067a680	18067a680	27	OK	14147731
8201	FUN_18067a6a0	18067a6a0	27	OK	14147922
8202	FUN_18067a6c0	18067a6c0	27	OK	14148113
8203	FUN_18067a6e0	18067a6e0	27	OK	14148304
8204	FUN_18067a700	18067a700	27	OK	14148495
8205	FUN_18067a720	18067a720	27	OK	14148686
8206	FUN_18067a740	18067a740	27	OK	14148877
8207	FUN_18067a760	18067a760	27	OK	14149068
8208	FUN_18067a780	18067a780	27	OK	14149259
8209	FUN_18067a7a0	18067a7a0	27	OK	14149450
8210	FUN_18067a7c0	18067a7c0	27	OK	14149641
8211	FUN_18067a7e0	18067a7e0	27	OK	14149832
8212	FUN_18067a800	18067a800	27	OK	14150023
8213	FUN_18067a820	18067a820	27	OK	14150214
8214	FUN_18067a840	18067a840	27	OK	14150405
8215	FUN_18067a860	18067a860	27	OK	14150596
8216	FUN_18067a880	18067a880	27	OK	14150787
8217	FUN_18067a8a0	18067a8a0	27	OK	14150978
8218	FUN_18067a8c0	18067a8c0	27	OK	14151169
8219	FUN_18067a8e0	18067a8e0	27	OK	14151360
8220	FUN_18067a900	18067a900	27	OK	14151551
8221	FUN_18067a920	18067a920	27	OK	14151742
8222	FUN_18067a940	18067a940	27	OK	14151933
8223	FUN_18067a960	18067a960	27	OK	14152124
8224	FUN_18067a980	18067a980	27	OK	14152315
8225	FUN_18067a9a0	18067a9a0	27	OK	14152506
8226	FUN_18067a9c0	18067a9c0	27	OK	14152697
8227	FUN_18067a9e0	18067a9e0	27	OK	14152888
8228	FUN_18067aa00	18067aa00	27	OK	14153079
8229	FUN_18067aa20	18067aa20	27	OK	14153270
8230	FUN_18067aa40	18067aa40	27	OK	14153461
8231	FUN_18067aa60	18067aa60	27	OK	14153652
8232	FUN_18067aa80	18067aa80	27	OK	14153843
8233	FUN_18067aaa0	18067aaa0	27	OK	14154034
8234	FUN_18067aac0	18067aac0	27	OK	14154225
8235	FUN_18067aae0	18067aae0	27	OK	14154416
8236	FUN_18067ab00	18067ab00	27	OK	14154607
8237	FUN_18067ab20	18067ab20	27	OK	14154798
8238	FUN_18067ab40	18067ab40	27	OK	14154989
8239	FUN_18067ab60	18067ab60	27	OK	14155180
8240	FUN_18067ab80	18067ab80	27	OK	14155371
8241	FUN_18067aba0	18067aba0	27	OK	14155562
8242	FUN_18067abc0	18067abc0	27	OK	14155753
8243	FUN_18067abe0	18067abe0	27	OK	14155944
8244	FUN_18067ac00	18067ac00	27	OK	14156135
8245	FUN_18067ac20	18067ac20	27	OK	14156326
8246	FUN_18067ac40	18067ac40	27	OK	14156517
8247	FUN_18067ac60	18067ac60	27	OK	14156708
8248	FUN_18067ac80	18067ac80	27	OK	14156899
8249	FUN_18067aca0	18067aca0	27	OK	14157090
8250	FUN_18067acc0	18067acc0	27	OK	14157281
8251	FUN_18067ace0	18067ace0	27	OK	14157472
8252	FUN_18067ad00	18067ad00	27	OK	14157663
8253	FUN_18067ad20	18067ad20	27	OK	14157854
8254	FUN_18067ad40	18067ad40	27	OK	14158045
8255	FUN_18067ad60	18067ad60	27	OK	14158236
8256	FUN_18067ad80	18067ad80	27	OK	14158427
8257	FUN_18067ada0	18067ada0	27	OK	14158618
8258	FUN_18067adc0	18067adc0	27	OK	14158809
8259	FUN_18067ade0	18067ade0	27	OK	14159000
8260	FUN_18067ae00	18067ae00	27	OK	14159191
8261	FUN_18067ae20	18067ae20	27	OK	14159382
8262	FUN_18067ae40	18067ae40	27	OK	14159573
8263	FUN_18067ae60	18067ae60	27	OK	14159764
8264	FUN_18067ae80	18067ae80	27	OK	14159955
8265	FUN_18067aea0	18067aea0	27	OK	14160146
8266	FUN_18067aec0	18067aec0	27	OK	14160337
8267	FUN_18067aee0	18067aee0	27	OK	14160528
8268	FUN_18067af00	18067af00	27	OK	14160719
8269	FUN_18067af20	18067af20	27	OK	14160910
8270	FUN_18067af40	18067af40	27	OK	14161101
8271	FUN_18067af60	18067af60	27	OK	14161292
8272	FUN_18067af80	18067af80	27	OK	14161483
8273	FUN_18067afa0	18067afa0	27	OK	14161674
8274	FUN_18067afc0	18067afc0	27	OK	14161865
8275	FUN_18067afe0	18067afe0	27	OK	14162056
8276	FUN_18067b000	18067b000	27	OK	14162247
8277	FUN_18067b020	18067b020	27	OK	14162438
8278	FUN_18067b040	18067b040	27	OK	14162629
8279	FUN_18067b060	18067b060	27	OK	14162820
8280	FUN_18067b080	18067b080	27	OK	14163011
8281	FUN_18067b0a0	18067b0a0	27	OK	14163202
8282	FUN_18067b0c0	18067b0c0	27	OK	14163393
8283	FUN_18067b0e0	18067b0e0	27	OK	14163584
8284	FUN_18067b100	18067b100	27	OK	14163775
8285	FUN_18067b120	18067b120	27	OK	14163966
8286	FUN_18067b140	18067b140	27	OK	14164157
8287	FUN_18067b160	18067b160	27	OK	14164348
8288	FUN_18067b180	18067b180	27	OK	14164539
8289	FUN_18067b1a0	18067b1a0	27	OK	14164730
8290	FUN_18067b1c0	18067b1c0	27	OK	14164921
8291	FUN_18067b1e0	18067b1e0	27	OK	14165112
8292	FUN_18067b200	18067b200	27	OK	14165303
8293	FUN_18067b220	18067b220	27	OK	14165494
8294	FUN_18067b240	18067b240	27	OK	14165685
8295	FUN_18067b260	18067b260	27	OK	14165876
8296	FUN_18067b280	18067b280	27	OK	14166067
8297	FUN_18067b2a0	18067b2a0	27	OK	14166258
8298	FUN_18067b2c0	18067b2c0	27	OK	14166449
8299	FUN_18067b2e0	18067b2e0	27	OK	14166640
8300	FUN_18067b300	18067b300	27	OK	14166831
8301	FUN_18067b320	18067b320	27	OK	14167022
8302	FUN_18067b340	18067b340	27	OK	14167213
8303	FUN_18067b360	18067b360	27	OK	14167404
8304	FUN_18067b380	18067b380	27	OK	14167595
8305	FUN_18067b3a0	18067b3a0	27	OK	14167786
8306	FUN_18067b3c0	18067b3c0	27	OK	14167977
8307	FUN_18067b3e0	18067b3e0	27	OK	14168168
8308	FUN_18067b400	18067b400	27	OK	14168359
8309	FUN_18067b420	18067b420	27	OK	14168550
8310	FUN_18067b440	18067b440	27	OK	14168741
8311	FUN_18067b460	18067b460	27	OK	14168932
8312	FUN_18067b480	18067b480	27	OK	14169123
8313	FUN_18067b4a0	18067b4a0	27	OK	14169314
8314	FUN_18067b4c0	18067b4c0	27	OK	14169505
8315	FUN_18067b4e0	18067b4e0	27	OK	14169696
8316	FUN_18067b500	18067b500	27	OK	14169887
8317	FUN_18067b520	18067b520	27	OK	14170078
8318	FUN_18067b540	18067b540	27	OK	14170269
8319	FUN_18067b560	18067b560	27	OK	14170460
8320	FUN_18067b580	18067b580	27	OK	14170651
8321	FUN_18067b5a0	18067b5a0	27	OK	14170842
8322	FUN_18067b5c0	18067b5c0	27	OK	14171033
8323	FUN_18067b5e0	18067b5e0	27	OK	14171224
8324	FUN_18067b600	18067b600	27	OK	14171415
8325	FUN_18067b620	18067b620	27	OK	14171606
8326	FUN_18067b640	18067b640	27	OK	14171797
8327	FUN_18067b660	18067b660	27	OK	14171988
8328	FUN_18067b680	18067b680	27	OK	14172179
8329	FUN_18067b6a0	18067b6a0	27	OK	14172370
8330	FUN_18067b6c0	18067b6c0	27	OK	14172561
8331	FUN_18067b6e0	18067b6e0	27	OK	14172752
8332	FUN_18067b700	18067b700	27	OK	14172943
8333	FUN_18067b720	18067b720	27	OK	14173134
8334	FUN_18067b740	18067b740	27	OK	14173325
8335	FUN_18067b760	18067b760	27	OK	14173516
8336	FUN_18067b780	18067b780	27	OK	14173707
8337	FUN_18067b7a0	18067b7a0	27	OK	14173898
8338	FUN_18067b7c0	18067b7c0	27	OK	14174089
8339	FUN_18067b7e0	18067b7e0	27	OK	14174280
8340	FUN_18067b800	18067b800	27	OK	14174471
8341	FUN_18067b820	18067b820	27	OK	14174662
8342	FUN_18067b840	18067b840	27	OK	14174853
8343	FUN_18067b860	18067b860	27	OK	14175044
8344	FUN_18067b880	18067b880	27	OK	14175235
8345	FUN_18067b8a0	18067b8a0	27	OK	14175426
8346	FUN_18067b8c0	18067b8c0	27	OK	14175617
8347	FUN_18067b8e0	18067b8e0	27	OK	14175808
8348	FUN_18067b900	18067b900	27	OK	14175999
8349	FUN_18067b920	18067b920	27	OK	14176190
8350	FUN_18067b940	18067b940	27	OK	14176381
8351	FUN_18067b960	18067b960	27	OK	14176572
8352	FUN_18067b980	18067b980	27	OK	14176763
8353	FUN_18067b9a0	18067b9a0	27	OK	14176954
8354	FUN_18067b9c0	18067b9c0	27	OK	14177145
8355	FUN_18067b9e0	18067b9e0	27	OK	14177336
8356	FUN_18067ba00	18067ba00	27	OK	14177527
8357	FUN_18067ba20	18067ba20	27	OK	14177718
8358	FUN_18067ba40	18067ba40	27	OK	14177909
8359	FUN_18067ba60	18067ba60	27	OK	14178100
8360	FUN_18067ba80	18067ba80	27	OK	14178291
8361	FUN_18067baa0	18067baa0	27	OK	14178482
8362	FUN_18067bac0	18067bac0	27	OK	14178673
8363	FUN_18067bae0	18067bae0	27	OK	14178864
8364	FUN_18067bb00	18067bb00	27	OK	14179055
8365	FUN_18067bb20	18067bb20	27	OK	14179246
8366	FUN_18067bb40	18067bb40	27	OK	14179437
8367	FUN_18067bb60	18067bb60	27	OK	14179628
8368	FUN_18067bb80	18067bb80	27	OK	14179819
8369	FUN_18067bba0	18067bba0	27	OK	14180010
8370	FUN_18067bbc0	18067bbc0	27	OK	14180201
8371	FUN_18067bbe0	18067bbe0	27	OK	14180392
8372	FUN_18067bc00	18067bc00	27	OK	14180583
8373	FUN_18067bc20	18067bc20	27	OK	14180774
8374	FUN_18067bc40	18067bc40	27	OK	14180965
8375	FUN_18067bc60	18067bc60	27	OK	14181156
8376	FUN_18067bc80	18067bc80	27	OK	14181347
8377	FUN_18067bca0	18067bca0	27	OK	14181538
8378	FUN_18067bcc0	18067bcc0	27	OK	14181729
8379	FUN_18067bce0	18067bce0	27	OK	14181920
8380	FUN_18067bd00	18067bd00	27	OK	14182111
8381	FUN_18067bd20	18067bd20	27	OK	14182302
8382	FUN_18067bd40	18067bd40	27	OK	14182493
8383	FUN_18067bd60	18067bd60	27	OK	14182684
8384	FUN_18067bd80	18067bd80	27	OK	14182875
8385	FUN_18067bda0	18067bda0	27	OK	14183066
8386	FUN_18067bdc0	18067bdc0	27	OK	14183257
8387	FUN_18067bde0	18067bde0	27	OK	14183448
8388	FUN_18067be00	18067be00	27	OK	14183639
8389	FUN_18067be20	18067be20	27	OK	14183830
8390	FUN_18067be40	18067be40	27	OK	14184021
8391	FUN_18067be60	18067be60	27	OK	14184212
8392	FUN_18067be80	18067be80	27	OK	14184403
8393	FUN_18067bea0	18067bea0	27	OK	14184594
8394	FUN_18067bec0	18067bec0	27	OK	14184785
8395	FUN_18067bee0	18067bee0	27	OK	14184976
8396	FUN_18067bf00	18067bf00	27	OK	14185167
8397	FUN_18067bf20	18067bf20	27	OK	14185358
8398	FUN_18067bf40	18067bf40	27	OK	14185549
8399	FUN_18067bf60	18067bf60	27	OK	14185740
8400	FUN_18067bf80	18067bf80	27	OK	14185931
8401	FUN_18067bfa0	18067bfa0	27	OK	14186122
8402	FUN_18067bfc0	18067bfc0	27	OK	14186313
8403	FUN_18067bfe0	18067bfe0	27	OK	14186504
8404	FUN_18067c000	18067c000	27	OK	14186695
8405	FUN_18067c020	18067c020	27	OK	14186886
8406	FUN_18067c040	18067c040	27	OK	14187077
8407	FUN_18067c060	18067c060	27	OK	14187268
8408	FUN_18067c080	18067c080	27	OK	14187459
8409	FUN_18067c0a0	18067c0a0	27	OK	14187650
8410	FUN_18067c0c0	18067c0c0	27	OK	14187841
8411	FUN_18067c0e0	18067c0e0	27	OK	14188032
8412	FUN_18067c100	18067c100	27	OK	14188223
8413	FUN_18067c120	18067c120	27	OK	14188414
8414	FUN_18067c140	18067c140	27	OK	14188605
8415	FUN_18067c160	18067c160	27	OK	14188796
8416	FUN_18067c180	18067c180	27	OK	14188987
8417	FUN_18067c1a0	18067c1a0	27	OK	14189178
8418	FUN_18067c1c0	18067c1c0	27	OK	14189369
8419	FUN_18067c1e0	18067c1e0	27	OK	14189560
8420	FUN_18067c200	18067c200	27	OK	14189751
8421	FUN_18067c220	18067c220	27	OK	14189942
8422	FUN_18067c240	18067c240	27	OK	14190133
8423	FUN_18067c260	18067c260	27	OK	14190324
8424	FUN_18067c280	18067c280	27	OK	14190515
8425	FUN_18067c2a0	18067c2a0	27	OK	14190706
8426	FUN_18067c2c0	18067c2c0	27	OK	14190897
8427	FUN_18067c2e0	18067c2e0	27	OK	14191088
8428	FUN_18067c300	18067c300	27	OK	14191279
8429	FUN_18067c320	18067c320	27	OK	14191470
8430	FUN_18067c340	18067c340	27	OK	14191661
8431	FUN_18067c360	18067c360	27	OK	14191852
8432	FUN_18067c380	18067c380	27	OK	14192043
8433	FUN_18067c3a0	18067c3a0	27	OK	14192234
8434	FUN_18067c3c0	18067c3c0	27	OK	14192425
8435	FUN_18067c3e0	18067c3e0	27	OK	14192616
8436	FUN_18067c400	18067c400	27	OK	14192807
8437	FUN_18067c420	18067c420	27	OK	14192998
8438	FUN_18067c440	18067c440	27	OK	14193189
8439	FUN_18067c460	18067c460	27	OK	14193380
8440	FUN_18067c480	18067c480	27	OK	14193571
8441	FUN_18067c4a0	18067c4a0	27	OK	14193762
8442	FUN_18067c4c0	18067c4c0	27	OK	14193953
8443	FUN_18067c4e0	18067c4e0	27	OK	14194144
8444	FUN_18067c500	18067c500	27	OK	14194335
8445	FUN_18067c520	18067c520	27	OK	14194526
8446	FUN_18067c540	18067c540	27	OK	14194717
8447	FUN_18067c560	18067c560	27	OK	14194908
8448	FUN_18067c580	18067c580	27	OK	14195099
8449	FUN_18067c5a0	18067c5a0	27	OK	14195290
8450	FUN_18067c5c0	18067c5c0	27	OK	14195481
8451	FUN_18067c5e0	18067c5e0	27	OK	14195672
8452	FUN_18067c600	18067c600	27	OK	14195863
8453	FUN_18067c620	18067c620	27	OK	14196054
8454	FUN_18067c640	18067c640	27	OK	14196245
8455	FUN_18067c660	18067c660	27	OK	14196436
8456	FUN_18067c680	18067c680	27	OK	14196627
8457	FUN_18067c6a0	18067c6a0	27	OK	14196818
8458	FUN_18067c6c0	18067c6c0	27	OK	14197009
8459	FUN_18067c6e0	18067c6e0	27	OK	14197200
8460	FUN_18067c700	18067c700	27	OK	14197391
8461	FUN_18067c720	18067c720	27	OK	14197582
8462	FUN_18067c740	18067c740	27	OK	14197773
8463	FUN_18067c760	18067c760	27	OK	14197964
8464	FUN_18067c780	18067c780	27	OK	14198155
8465	FUN_18067c7a0	18067c7a0	27	OK	14198346
8466	FUN_18067c7c0	18067c7c0	27	OK	14198537
8467	FUN_18067c7e0	18067c7e0	27	OK	14198728
8468	FUN_18067c800	18067c800	27	OK	14198919
8469	FUN_18067c820	18067c820	27	OK	14199110
8470	FUN_18067c840	18067c840	27	OK	14199301
8471	FUN_18067c860	18067c860	27	OK	14199492
8472	FUN_18067c880	18067c880	27	OK	14199683
8473	FUN_18067c8a0	18067c8a0	27	OK	14199874
8474	FUN_18067c8c0	18067c8c0	27	OK	14200065
8475	FUN_18067c8e0	18067c8e0	27	OK	14200256
8476	FUN_18067c900	18067c900	27	OK	14200447
8477	FUN_18067c920	18067c920	27	OK	14200638
8478	FUN_18067c940	18067c940	27	OK	14200829
8479	FUN_18067c960	18067c960	27	OK	14201020
8480	FUN_18067c980	18067c980	27	OK	14201211
8481	FUN_18067c9a0	18067c9a0	27	OK	14201402
8482	FUN_18067c9c0	18067c9c0	27	OK	14201593
8483	FUN_18067c9e0	18067c9e0	27	OK	14201784
8484	FUN_18067ca00	18067ca00	27	OK	14201975
8485	FUN_18067ca20	18067ca20	27	OK	14202166
8486	FUN_18067ca40	18067ca40	27	OK	14202357
8487	FUN_18067ca60	18067ca60	27	OK	14202548
8488	FUN_18067ca80	18067ca80	27	OK	14202739
8489	FUN_18067caa0	18067caa0	27	OK	14202930
8490	FUN_18067cac0	18067cac0	27	OK	14203121
8491	FUN_18067cae0	18067cae0	27	OK	14203312
8492	FUN_18067cb00	18067cb00	27	OK	14203503
8493	FUN_18067cb20	18067cb20	27	OK	14203694
8494	FUN_18067cb40	18067cb40	27	OK	14203885
8495	FUN_18067cb60	18067cb60	27	OK	14204076
8496	FUN_18067cb80	18067cb80	27	OK	14204267
8497	FUN_18067cba0	18067cba0	27	OK	14204458
8498	FUN_18067cbc0	18067cbc0	27	OK	14204649
8499	FUN_18067cbe0	18067cbe0	27	OK	14204840
8500	FUN_18067cc00	18067cc00	27	OK	14205031
8501	FUN_18067cc20	18067cc20	27	OK	14205222
8502	FUN_18067cc40	18067cc40	27	OK	14205413
8503	FUN_18067cc60	18067cc60	27	OK	14205604
8504	FUN_18067cc80	18067cc80	27	OK	14205795
8505	FUN_18067cca0	18067cca0	27	OK	14205986
8506	FUN_18067ccc0	18067ccc0	27	OK	14206177
8507	FUN_18067cce0	18067cce0	27	OK	14206368
8508	FUN_18067cd00	18067cd00	27	OK	14206559
8509	FUN_18067cd20	18067cd20	27	OK	14206750
8510	FUN_18067cd40	18067cd40	27	OK	14206941
8511	FUN_18067cd60	18067cd60	27	OK	14207132
8512	FUN_18067cd80	18067cd80	27	OK	14207323
8513	FUN_18067cda0	18067cda0	27	OK	14207514
8514	FUN_18067cdc0	18067cdc0	27	OK	14207705
8515	FUN_18067cde0	18067cde0	27	OK	14207896
8516	FUN_18067ce00	18067ce00	27	OK	14208087
8517	FUN_18067ce20	18067ce20	27	OK	14208278
8518	FUN_18067ce40	18067ce40	27	OK	14208469
8519	FUN_18067ce60	18067ce60	27	OK	14208660
8520	FUN_18067ce80	18067ce80	27	OK	14208851
8521	FUN_18067cea0	18067cea0	27	OK	14209042
8522	FUN_18067cec0	18067cec0	27	OK	14209233
8523	FUN_18067cee0	18067cee0	27	OK	14209424
8524	FUN_18067cf00	18067cf00	27	OK	14209615
8525	FUN_18067cf20	18067cf20	27	OK	14209806
8526	FUN_18067cf40	18067cf40	27	OK	14209997
8527	FUN_18067cf60	18067cf60	27	OK	14210188
8528	FUN_18067cf80	18067cf80	27	OK	14210379
8529	FUN_18067cfa0	18067cfa0	27	OK	14210570
8530	FUN_18067cfc0	18067cfc0	27	OK	14210761
8531	FUN_18067cfe0	18067cfe0	27	OK	14210952
8532	FUN_18067d000	18067d000	27	OK	14211143
8533	FUN_18067d020	18067d020	27	OK	14211334
8534	FUN_18067d040	18067d040	27	OK	14211525
8535	FUN_18067d060	18067d060	27	OK	14211716
8536	FUN_18067d080	18067d080	27	OK	14211907
8537	FUN_18067d0a0	18067d0a0	27	OK	14212098
8538	FUN_18067d0c0	18067d0c0	27	OK	14212289
8539	FUN_18067d0e0	18067d0e0	27	OK	14212480
8540	FUN_18067d100	18067d100	27	OK	14212671
8541	FUN_18067d120	18067d120	27	OK	14212862
8542	FUN_18067d140	18067d140	27	OK	14213053
8543	FUN_18067d160	18067d160	27	OK	14213244
8544	FUN_18067d180	18067d180	27	OK	14213435
8545	FUN_18067d1a0	18067d1a0	27	OK	14213626
8546	FUN_18067d1c0	18067d1c0	27	OK	14213817
8547	FUN_18067d1e0	18067d1e0	27	OK	14214008
8548	FUN_18067d200	18067d200	27	OK	14214199
8549	FUN_18067d220	18067d220	27	OK	14214390
8550	FUN_18067d240	18067d240	27	OK	14214581
8551	FUN_18067d260	18067d260	27	OK	14214772
8552	FUN_18067d280	18067d280	27	OK	14214963
8553	FUN_18067d2a0	18067d2a0	27	OK	14215154
8554	FUN_18067d2c0	18067d2c0	27	OK	14215345
8555	FUN_18067d2e0	18067d2e0	27	OK	14215536
8556	FUN_18067d300	18067d300	27	OK	14215727
8557	FUN_18067d320	18067d320	27	OK	14215918
8558	FUN_18067d340	18067d340	27	OK	14216109
8559	FUN_18067d360	18067d360	27	OK	14216300
8560	FUN_18067d380	18067d380	27	OK	14216491
8561	FUN_18067d3a0	18067d3a0	27	OK	14216682
8562	FUN_18067d3c0	18067d3c0	27	OK	14216873
8563	FUN_18067d3e0	18067d3e0	27	OK	14217064
8564	FUN_18067d400	18067d400	27	OK	14217255
8565	FUN_18067d420	18067d420	27	OK	14217446
8566	FUN_18067d440	18067d440	27	OK	14217637
8567	FUN_18067d460	18067d460	27	OK	14217828
8568	FUN_18067d480	18067d480	27	OK	14218019
8569	FUN_18067d4a0	18067d4a0	27	OK	14218210
8570	FUN_18067d4c0	18067d4c0	27	OK	14218401
8571	FUN_18067d4e0	18067d4e0	27	OK	14218592
8572	FUN_18067d500	18067d500	27	OK	14218783
8573	FUN_18067d520	18067d520	27	OK	14218974
8574	FUN_18067d540	18067d540	27	OK	14219165
8575	FUN_18067d560	18067d560	27	OK	14219356
8576	FUN_18067d580	18067d580	27	OK	14219547
8577	FUN_18067d5a0	18067d5a0	27	OK	14219738
8578	FUN_18067d5c0	18067d5c0	27	OK	14219929
8579	FUN_18067d5e0	18067d5e0	27	OK	14220120
8580	FUN_18067d600	18067d600	27	OK	14220311
8581	FUN_18067d620	18067d620	27	OK	14220502
8582	FUN_18067d640	18067d640	27	OK	14220693
8583	FUN_18067d660	18067d660	27	OK	14220884
8584	FUN_18067d680	18067d680	27	OK	14221075
8585	FUN_18067d6a0	18067d6a0	27	OK	14221266
8586	FUN_18067d6c0	18067d6c0	27	OK	14221457
8587	FUN_18067d6e0	18067d6e0	27	OK	14221648
8588	FUN_18067d700	18067d700	27	OK	14221839
8589	FUN_18067d720	18067d720	27	OK	14222030
8590	FUN_18067d740	18067d740	27	OK	14222221
8591	FUN_18067d760	18067d760	27	OK	14222412
8592	FUN_18067d780	18067d780	27	OK	14222603
8593	FUN_18067d7a0	18067d7a0	27	OK	14222794
8594	FUN_18067d7c0	18067d7c0	27	OK	14222985
8595	FUN_18067d7e0	18067d7e0	27	OK	14223176
8596	FUN_18067d800	18067d800	27	OK	14223367
8597	FUN_18067d820	18067d820	27	OK	14223558
8598	FUN_18067d840	18067d840	27	OK	14223749
8599	FUN_18067d860	18067d860	27	OK	14223940
8600	FUN_18067d880	18067d880	27	OK	14224131
8601	FUN_18067d8a0	18067d8a0	27	OK	14224322
8602	FUN_18067d8c0	18067d8c0	27	OK	14224513
8603	FUN_18067d8e0	18067d8e0	27	OK	14224704
8604	FUN_18067d900	18067d900	27	OK	14224895
8605	FUN_18067d920	18067d920	27	OK	14225086
8606	FUN_18067d940	18067d940	27	OK	14225277
8607	FUN_18067d960	18067d960	27	OK	14225468
8608	FUN_18067d980	18067d980	27	OK	14225659
8609	FUN_18067d9a0	18067d9a0	27	OK	14225850
8610	FUN_18067d9c0	18067d9c0	27	OK	14226041
8611	FUN_18067d9e0	18067d9e0	27	OK	14226232
8612	FUN_18067da00	18067da00	27	OK	14226423
8613	FUN_18067da20	18067da20	27	OK	14226614
8614	FUN_18067da40	18067da40	27	OK	14226805
8615	FUN_18067da60	18067da60	27	OK	14226996
8616	FUN_18067da80	18067da80	27	OK	14227187
8617	FUN_18067daa0	18067daa0	27	OK	14227378
8618	FUN_18067dac0	18067dac0	27	OK	14227569
8619	FUN_18067dae0	18067dae0	27	OK	14227760
8620	FUN_18067db00	18067db00	27	OK	14227951
8621	FUN_18067db20	18067db20	27	OK	14228142
8622	FUN_18067db40	18067db40	27	OK	14228333
8623	FUN_18067db60	18067db60	27	OK	14228524
8624	FUN_18067db80	18067db80	27	OK	14228715
8625	FUN_18067dba0	18067dba0	27	OK	14228906
8626	FUN_18067dbc0	18067dbc0	27	OK	14229097
8627	FUN_18067dbe0	18067dbe0	27	OK	14229288
8628	FUN_18067dc00	18067dc00	27	OK	14229479
8629	FUN_18067dc20	18067dc20	27	OK	14229670
8630	FUN_18067dc40	18067dc40	27	OK	14229861
8631	FUN_18067dc60	18067dc60	27	OK	14230052
8632	FUN_18067dc80	18067dc80	27	OK	14230243
8633	FUN_18067dca0	18067dca0	27	OK	14230434
8634	FUN_18067dcc0	18067dcc0	27	OK	14230625
8635	FUN_18067dce0	18067dce0	27	OK	14230816
8636	FUN_18067dd00	18067dd00	27	OK	14231007
8637	FUN_18067dd20	18067dd20	27	OK	14231198
8638	FUN_18067dd40	18067dd40	27	OK	14231389
8639	FUN_18067dd60	18067dd60	27	OK	14231580
8640	FUN_18067dd80	18067dd80	45	OK	14231824
8641	dtor$3	18067ddb0	41	OK	14233702
8642	FUN_18067dde0	18067dde0	42	OK	14233939
8643	FUN_18067de10	18067de10	38	OK	14234274
8644	FUN_18067de50	18067de50	42	OK	14234511
8645	FUN_18067de80	18067de80	38	OK	14234846
8646	FUN_18067df30	18067df30	45	OK	14235084
8647	FUN_18067dfe0	18067dfe0	45	OK	14235321
8648	FUN_18067e010	18067e010	42	OK	14235558
8649	FUN_18067e040	18067e040	45	OK	14235795
8650	FUN_18067e0e0	18067e0e0	45	OK	14236033
8651	FUN_18067e2c0	18067e2c0	45	OK	14236274
8652	FUN_18067e2f0	18067e2f0	38	OK	14236609
8653	FUN_18067e5c0	18067e5c0	45	OK	14236850
8654	FUN_18067e5f0	18067e5f0	38	OK	14237185
8655	FUN_18067e850	18067e850	45	OK	14237426
8656	FUN_18067eaa0	18067eaa0	45	OK	14237667
8657	FUN_18067ec50	18067ec50	45	OK	14237905
8658	FUN_18067ed70	18067ed70	45	OK	14238145
8659	FUN_18067ef00	18067ef00	45	OK	14238385
8660	FUN_18067f110	18067f110	45	OK	14238625
8661	FUN_18067f140	18067f140	38	OK	14238960
8662	FUN_18067f2e0	18067f2e0	45	OK	14239198
8663	FUN_18067f5e0	18067f5e0	45	OK	14239440
8664	FUN_18067f740	18067f740	45	OK	14239676
8665	FUN_18067f7b0	18067f7b0	45	OK	14239914
8666	FUN_18067fb80	18067fb80	45	OK	14240156
8667	FUN_180680020	180680020	45	OK	14240398
8668	FUN_1806804c0	1806804c0	45	OK	14240640
8669	FUN_180680970	180680970	45	OK	14240882
8670	FUN_180680b40	180680b40	45	OK	14241120
8671	FUN_180680c10	180680c10	45	OK	14241358
8672	FUN_180680d60	180680d60	45	OK	14241599
8673	FUN_180680eb0	180680eb0	45	OK	14241836
8674	FUN_180680f30	180680f30	45	OK	14242074
8675	FUN_180680fb0	180680fb0	45	OK	14242312
8676	FUN_180681050	180681050	45	OK	14242550
8677	FUN_180681120	180681120	45	OK	14242788
8678	FUN_180681540	180681540	45	OK	14243030
8679	FUN_180681790	180681790	45	OK	14243271
8680	FUN_1806818e0	1806818e0	45	OK	14243513
8681	FUN_1806819a0	1806819a0	45	OK	14243752
8682	FUN_180681a30	180681a30	45	OK	14243989
8683	FUN_180681b60	180681b60	45	OK	14244230
8684	FUN_180681d10	180681d10	45	OK	14244468
8685	FUN_180681dd0	180681dd0	45	OK	14244710
8686	FUN_180681f10	180681f10	45	OK	14244948
8687	FUN_1806820c0	1806820c0	45	OK	14245190
8688	FUN_180682210	180682210	45	OK	14245431
8689	FUN_180682360	180682360	45	OK	14245672
8690	FUN_1806824f0	1806824f0	45	OK	14245911
8691	FUN_180682570	180682570	45	OK	14246151
8692	FUN_180682b20	180682b20	45	OK	14246393
8693	FUN_180682d40	180682d40	45	OK	14246635
8694	FUN_180682e90	180682e90	45	OK	14246873
8695	FUN_180682f10	180682f10	45	OK	14247111
8696	FUN_180682fc0	180682fc0	45	OK	14247349
8697	FUN_1806830a0	1806830a0	45	OK	14247588
8698	FUN_180683200	180683200	45	OK	14247829
8699	FUN_180683430	180683430	45	OK	14248070
8700	FUN_180683460	180683460	41	OK	14248405
8701	FUN_1806835b0	1806835b0	45	OK	14248643
8702	FUN_1806835f0	1806835f0	45	OK	14248884
8703	FUN_180683630	180683630	45	OK	14249124
8704	FUN_180683660	180683660	45	OK	14249364
8705	FUN_180683690	180683690	45	OK	14249601
8706	FUN_1806836c0	1806836c0	45	OK	14249839
8707	FUN_180683700	180683700	45	OK	14250076
8708	FUN_180683730	180683730	45	OK	14250316
8709	FUN_180683760	180683760	45	OK	14250554
8710	FUN_180683790	180683790	45	OK	14250796
8711	FUN_180683800	180683800	45	OK	14251034
8712	FUN_180683850	180683850	45	OK	14251272
8713	FUN_180683880	180683880	45	OK	14251512
8714	FUN_180684630	180684630	45	OK	14251754
8715	FUN_1806846b0	1806846b0	45	OK	14251992
8716	FUN_1806846e0	1806846e0	45	OK	14252233
8717	FUN_180684740	180684740	45	OK	14252473
8718	FUN_180684850	180684850	45	OK	14252713
8719	FUN_180684960	180684960	45	OK	14252951
8720	FUN_1806849b0	1806849b0	45	OK	14253188
8721	FUN_180684a10	180684a10	45	OK	14253426
8722	FUN_180684a90	180684a90	45	OK	14253666
8723	FUN_180684af0	180684af0	45	OK	14253903
8724	FUN_180684b20	180684b20	45	OK	14254141
8725	FUN_180684b50	180684b50	45	OK	14254379
8726	FUN_180684e30	180684e30	45	OK	14254621
8727	FUN_1806852a0	1806852a0	45	OK	14254863
8728	FUN_1806854c0	1806854c0	45	OK	14255105
8729	FUN_180685b80	180685b80	45	OK	14255347
8730	FUN_1806863d0	1806863d0	45	OK	14255589
8731	FUN_1806864e0	1806864e0	45	OK	14255830
8732	FUN_180686620	180686620	45	OK	14256072
8733	FUN_1806866d0	1806866d0	45	OK	14256312
8734	FUN_180686730	180686730	45	OK	14256550
8735	FUN_1806867b0	1806867b0	45	OK	14256790
8736	FUN_180686830	180686830	45	OK	14257028
8737	FUN_180686890	180686890	45	OK	14257268
8738	FUN_180686900	180686900	45	OK	14257506
8739	FUN_180686a60	180686a60	45	OK	14257748
8740	FUN_180686bb0	180686bb0	45	OK	14257989
8741	FUN_180686ce0	180686ce0	45	OK	14258231
8742	FUN_180686e10	180686e10	45	OK	14258472
8743	FUN_180687020	180687020	45	OK	14258714
8744	FUN_180687050	180687050	41	OK	14259049
8745	FUN_180687170	180687170	45	OK	14259287
8746	FUN_180687f00	180687f00	45	OK	14259529
8747	FUN_180687fa0	180687fa0	45	OK	14259769
8748	FUN_1806883a0	1806883a0	45	OK	14260011
8749	FUN_1806885b0	1806885b0	45	OK	14260252
8750	FUN_1806886a0	1806886a0	45	OK	14260492
8751	FUN_180688710	180688710	45	OK	14260734
8752	FUN_180688830	180688830	45	OK	14260976
8753	FUN_180688869	180688869	42	OK	14261310
8754	FUN_180688893	180688893	42	OK	14261644
8755	FUN_1806888bd	1806888bd	22	OK	14261863
8756	FUN_1806888d4	1806888d4	24	OK	14262082
8757	FUN_1806888ed	1806888ed	19	OK	14262225
8758	FUN_180688901	180688901	53	OK	14262586
8759	FUN_180688937	180688937	43	OK	14262956
8760	FUN_180688963	180688963	93	OK	14263740
8761	FUN_1806889c2	1806889c2	23	OK	14263911
8762	FUN_1806889da	1806889da	162	OK	14264892
8763	FUN_180688a7d	180688a7d	176	OK	14265955
8764	FUN_180688b2e	180688b2e	148	OK	14267118
8765	FUN_180688bc4	180688bc4	31	OK	14267289
8766	FUN_180688be4	180688be4	27	OK	14267507
8767	FUN_180688c00	180688c00	36	OK	14267819
8768	FUN_180688c25	180688c25	133	OK	14268644
8769	FUN_180688cab	180688cab	46	OK	14269006
8770	FUN_180688cda	180688cda	144	OK	14269925
8771	FUN_180688d6b	180688d6b	21	OK	14270068
8772	FUN_180688d81	180688d81	34	OK	14270367
8773	FUN_180688da4	180688da4	21	OK	14270510
8774	FUN_180688dba	180688dba	34	OK	14270809
8775	FUN_180688ddd	180688ddd	23	OK	14271014
8776	FUN_180688df5	180688df5	26	OK	14271221
8777	FUN_180688e10	180688e10	28	OK	14271428
8778	FUN_180688e2d	180688e2d	25	OK	14271633
8779	FUN_180688e47	180688e47	25	OK	14271838
8780	FUN_180688e61	180688e61	23	OK	14272043
8781	FUN_180688e79	180688e79	23	OK	14272248
8782	FUN_180688e91	180688e91	25	OK	14272455
8783	FUN_180688eab	180688eab	42	OK	14272771
8784	FUN_180688ed6	180688ed6	21	OK	14272915
8785	FUN_180688eec	180688eec	26	OK	14273096
8786	FUN_180688f07	180688f07	24	OK	14273240
8787	FUN_180688f20	180688f20	24	OK	14273384
8788	FUN_180688f39	180688f39	25	OK	14273600
8789	FUN_180688f53	180688f53	22	OK	14273814
8790	FUN_180688f6a	180688f6a	22	OK	14274028
8791	FUN_180688f81	180688f81	25	OK	14274235
8792	FUN_180688f9b	180688f9b	32	OK	14274520
8793	FUN_180688fbc	180688fbc	43	OK	14274821
8794	FUN_180688fe8	180688fe8	24	OK	14274965
8795	Unwind@180689001	180689001	12	OK	14275159
8796	FUN_18068900d	18068900d	32	OK	14275383
8797	FUN_18068902e	18068902e	24	OK	14275527
8798	FUN_180689047	180689047	24	OK	14275671
8799	FUN_180689060	180689060	24	OK	14275817
8800	FUN_180689079	180689079	82	OK	14276355
8801	FUN_1806890d0	1806890d0	31	OK	14276526
8802	FUN_1806890f0	1806890f0	126	OK	14277177
8803	FUN_180689170	180689170	98	OK	14277929
8804	FUN_180689200	180689200	126	OK	14278580
8805	FUN_180689280	180689280	126	OK	14279231
8806	FUN_180689300	180689300	126	OK	14279882
8807	FUN_180689380	180689380	126	OK	14280533
8808	FUN_180689430	180689430	126	OK	14281184
8809	FUN_1806894b0	1806894b0	126	OK	14281835
8810	FUN_180689530	180689530	126	OK	14282486
8811	FUN_1806895b0	1806895b0	126	OK	14283137
8812	FUN_180689630	180689630	126	OK	14283788
8813	FUN_1806896b0	1806896b0	126	OK	14284439
8814	FUN_180689730	180689730	126	OK	14285090
8815	FUN_1806897b0	1806897b0	126	OK	14285741
8816	FUN_180689830	180689830	126	OK	14286392
8817	FUN_1806898b0	1806898b0	126	OK	14287043
8818	FUN_180689930	180689930	126	OK	14287694
8819	FUN_1806899b0	1806899b0	126	OK	14288345
8820	FUN_180689a30	180689a30	126	OK	14288996
8821	FUN_180689ab0	180689ab0	98	OK	14289728
8822	FUN_180689b20	180689b20	126	OK	14290379
8823	FUN_180689ba0	180689ba0	126	OK	14291030
8824	FUN_180689c30	180689c30	44	OK	14291244
8825	FUN_180689c60	180689c60	126	OK	14291895
8826	FUN_180689ce0	180689ce0	126	OK	14292546
8827	FUN_180689d60	180689d60	126	OK	14293197
8828	FUN_180689de0	180689de0	126	OK	14293848
8829	FUN_180689e60	180689e60	126	OK	14294499
8830	FUN_180689ee0	180689ee0	126	OK	14295150
8831	FUN_180689f60	180689f60	108	OK	14295836
8832	FUN_180689fd0	180689fd0	126	OK	14296487
8833	FUN_18068a050	18068a050	126	OK	14297138
8834	FUN_18068a0d0	18068a0d0	126	OK	14297789
8835	FUN_18068a150	18068a150	126	OK	14298440
8836	FUN_18068a1d0	18068a1d0	126	OK	14299091
8837	FUN_18068a250	18068a250	126	OK	14299742
8838	FUN_18068a2d0	18068a2d0	126	OK	14300393
8839	FUN_18068a350	18068a350	99	OK	14300967
8840	FUN_18068a3c0	18068a3c0	126	OK	14301618
8841	FUN_18068a4c0	18068a4c0	126	OK	14302269
8842	~_Fac_tidy_reg_t	18068a54c	91	OK	14302966
8843	FUN_18068a5a8	18068a5a8	62	OK	14303296
8844	FUN_18068a5e8	18068a5e8	84	OK	14303859
8845	FUN_18068a654	18068a654	84	OK	14304422
8846	FUN_18068a6c0	18068a6c0	84	OK	14304985
8847	~_Init_atexit	18068a72c	62	OK	14305595
