seq	name	address	size_bytes	status	c_offset
1	FUN_180001000	180001000	25	OK	165
2	FUN_180001020	180001020	45	OK	358
3	FUN_180001050	180001050	45	OK	551
4	FUN_180001080	180001080	45	OK	744
5	FUN_1800010b0	1800010b0	32	OK	923
6	FUN_1800010d0	1800010d0	32	OK	1102
7	FUN_1800010f0	1800010f0	32	OK	1281
8	FUN_180001110	180001110	99	OK	1997
9	FUN_180001180	180001180	99	OK	2713
10	FUN_1800011f0	1800011f0	99	OK	3430
11	FUN_180001260	180001260	47	OK	3714
12	FUN_180001290	180001290	37	OK	3896
13	FUN_1800012c0	1800012c0	47	OK	4180
14	FUN_1800012f0	1800012f0	37	OK	4362
15	FUN_180001320	180001320	47	OK	4646
16	FUN_180001350	180001350	37	OK	4828
17	FUN_180001380	180001380	327	OK	6612
18	FUN_1800014d0	1800014d0	327	OK	8396
19	FUN_180001620	180001620	327	OK	10180
20	FUN_180001770	180001770	32	OK	10391
21	FUN_180001790	180001790	12	OK	10538
22	FUN_1800017a0	1800017a0	12	OK	10710
23	FUN_1800017b0	1800017b0	32	OK	10921
24	FUN_1800017d0	1800017d0	12	OK	11082
25	FUN_1800017e0	1800017e0	6	OK	11211
26	_guard_check_icall	1800017f0	3	OK	11342
27	exception	180001800	50	OK	11842
28	FUN_180001840	180001840	19	OK	12126
29	FUN_180001860	180001860	66	OK	12446
30	FUN_1800018d0	1800018d0	33	OK	12705
31	FUN_180001900	180001900	31	OK	12997
32	FUN_180001920	180001920	60	OK	13327
33	FUN_180001960	180001960	60	OK	13646
34	FUN_1800019a0	1800019a0	8	OK	13789
35	FUN_1800019b0	1800019b0	87	OK	14230
36	FUN_180001a10	180001a10	33	OK	14465
37	FUN_180001a40	180001a40	31	OK	14757
38	FUN_180001a60	180001a60	60	OK	15075
39	FUN_180001aa0	180001aa0	3	OK	15204
40	FUN_180001ab0	180001ab0	16	OK	15414
41	FUN_180001ad0	180001ad0	16	OK	15625
42	FUN_180001af0	180001af0	60	OK	15948
43	FUN_180001b30	180001b30	11	OK	16203
44	FUN_180001b40	180001b40	70	OK	16672
45	FUN_180001b90	180001b90	25	OK	17089
46	FUN_180001bb0	180001bb0	17	OK	17341
47	FUN_180001bd0	180001bd0	17	OK	17593
48	FUN_180001bf0	180001bf0	338	OK	19537
49	FUN_180001d50	180001d50	66	OK	19857
50	FUN_180001da0	180001da0	115	OK	20550
51	FUN_180001e20	180001e20	59	OK	21149
52	FUN_180001e60	180001e60	87	OK	21686
53	FUN_180001ec0	180001ec0	77	OK	22145
54	FUN_180001f20	180001f20	8	OK	22278
55	FUN_180001f30	180001f30	78	OK	22734
56	FUN_180001f80	180001f80	33	OK	22973
57	FUN_180001fb0	180001fb0	8	OK	23107
58	FUN_180001fc0	180001fc0	114	OK	23751
59	FUN_180002040	180002040	8	OK	23883
60	FUN_180002050	180002050	144	OK	24672
61	FUN_1800020e0	1800020e0	114	OK	25223
62	FUN_180002160	180002160	8	OK	25375
63	FUN_180002170	180002170	43	OK	25654
64	FUN_1800021a0	1800021a0	146	OK	26555
65	FUN_180002240	180002240	5	OK	26763
66	FUN_180002250	180002250	15	OK	27084
67	FUN_180002270	180002270	64	OK	27451
68	FUN_1800022b0	1800022b0	107	OK	28087
69	FUN_180002320	180002320	269	OK	29559
70	FUN_180002430	180002430	393	OK	31803
71	FUN_1800025c0	1800025c0	14	OK	31997
72	FUN_1800025d0	1800025d0	72	OK	32392
73	FUN_180002620	180002620	14	OK	32586
74	FUN_180002630	180002630	72	OK	32981
75	FUN_180002680	180002680	4	OK	33149
76	FUN_180002690	180002690	29	OK	33402
77	FUN_1800026b0	1800026b0	31	OK	33697
78	`scalar_deleting_destructor'	1800026d0	106	OK	34582
79	FUN_180002740	180002740	433	OK	37298
80	do_is	180002900	34	OK	37885
81	FUN_180002930	180002930	27	OK	38138
82	FUN_180002950	180002950	84	OK	38549
83	FUN_1800029b0	1800029b0	84	OK	38960
84	do_tolower	180002a10	15	OK	39530
85	FUN_180002a20	180002a20	74	OK	39924
86	do_toupper	180002a70	15	OK	40494
87	FUN_180002a80	180002a80	74	OK	40888
88	FUN_180002ad0	180002ad0	104	OK	41534
89	FUN_180002b40	180002b40	193	OK	42431
90	FUN_180002c10	180002c10	86	OK	43034
91	FUN_180002c70	180002c70	173	OK	43912
92	FUN_180002d20	180002d20	92	OK	44356
93	FUN_180002d80	180002d80	128	OK	45138
94	FUN_180002e00	180002e00	87	OK	45680
95	`scalar_deleting_destructor'	180002e60	63	OK	46211
96	FUN_180002ea0	180002ea0	758	OK	51187
97	FUN_1800031b0	1800031b0	17	OK	51439
98	FUN_1800031d0	1800031d0	56	OK	52055
99	FUN_180003210	180003210	240	OK	53346
100	FUN_180003300	180003300	6	OK	53476
101	FUN_180003310	180003310	45	OK	53851
102	FUN_180003340	180003340	3	OK	53981
103	FUN_180003350	180003350	109	OK	54467
104	FUN_1800033c0	1800033c0	225	OK	55445
105	FUN_1800034b0	1800034b0	478	OK	59558
106	FUN_180003690	180003690	136	OK	60154
107	FUN_180003720	180003720	344	OK	62321
108	FUN_180003880	180003880	245	OK	63868
109	FUN_180003980	180003980	713	OK	68169
110	FID_conflict:_Tidy_deallocate	180003c50	5	OK	68838
111	FUN_180003c60	180003c60	159	OK	69869
112	FUN_180003d00	180003d00	223	OK	71078
113	FUN_180003de0	180003de0	15	OK	71374
114	FUN_180003df0	180003df0	445	OK	73274
115	FUN_180003fb0	180003fb0	93	OK	73719
116	FUN_180004010	180004010	60	OK	74059
117	FUN_180004050	180004050	90	OK	74736
118	FUN_1800040b0	1800040b0	134	OK	75659
119	FUN_180004140	180004140	84	OK	76292
120	FUN_1800041a0	1800041a0	351	OK	78429
121	FUN_180004300	180004300	341	OK	80681
122	FUN_180004460	180004460	705	OK	85034
123	FUN_180004730	180004730	144	OK	85918
124	FUN_1800047c0	1800047c0	133	OK	86729
125	FUN_180004850	180004850	262	OK	87886
126	FUN_180004960	180004960	240	OK	89284
127	FUN_180004a50	180004a50	226	OK	90400
128	FUN_180004b40	180004b40	428	OK	93128
129	FUN_180004cf0	180004cf0	408	OK	95043
130	FUN_180004e90	180004e90	183	OK	96161
131	FUN_180004f50	180004f50	268	OK	98193
132	FUN_180005060	180005060	84	OK	98856
133	FUN_1800050c0	1800050c0	48	OK	99311
134	FUN_1800050f0	1800050f0	45	OK	99568
135	FUN_180005120	180005120	120	OK	100421
136	FUN_1800051a0	1800051a0	150	OK	101416
137	FUN_180005240	180005240	128	OK	102317
138	FUN_1800052c0	1800052c0	150	OK	103312
139	FUN_180005360	180005360	143	OK	104275
140	FUN_1800053f0	1800053f0	143	OK	105244
141	FUN_180005480	180005480	150	OK	106245
142	FUN_180005520	180005520	167	OK	107340
143	FUN_1800055d0	1800055d0	150	OK	108335
144	FUN_180005670	180005670	167	OK	109436
145	FUN_180005720	180005720	191	OK	110625
146	FUN_1800057e0	1800057e0	191	OK	111804
147	FUN_1800058a0	1800058a0	35	OK	112318
148	FUN_1800058d0	1800058d0	8920	OK	162711
149	FUN_180007bc0	180007bc0	9	OK	162894
150	FUN_180007bd0	180007bd0	147	OK	164023
151	FUN_180007c70	180007c70	1543	OK	173186
152	FUN_180008280	180008280	701	OK	177495
153	FUN_180008540	180008540	16206	OK	247635
154	FUN_18000c490	18000c490	13243	OK	308905
155	FUN_18000f850	18000f850	20150	OK	392865
156	FUN_180014710	180014710	20150	OK	476825
157	FUN_1800195d0	1800195d0	22271	OK	551917
158	FUN_18001ecd0	18001ecd0	20075	OK	634604
159	FUN_180023b40	180023b40	13483	OK	696789
160	FUN_180026ff0	180026ff0	14075	OK	761305
161	FUN_18002a6f0	18002a6f0	13903	OK	824675
162	FUN_18002dd40	18002dd40	12971	OK	884960
163	FUN_180030ff0	180030ff0	16608	OK	956595
164	FUN_1800350d0	1800350d0	16539	OK	1027835
165	FUN_180039170	180039170	13315	OK	1088973
166	FUN_18003c580	18003c580	13315	OK	1150111
167	FUN_18003f990	18003f990	20495	OK	1235032
168	FUN_1800449a0	1800449a0	24389	OK	1329558
169	FUN_18004a8f0	18004a8f0	38185	OK	1492044
170	FUN_180053e20	180053e20	45172	OK	1649290
171	FUN_18005eea0	18005eea0	19488	OK	1731496
172	FUN_180063ac0	180063ac0	38185	OK	1893982
173	FUN_18006cff0	18006cff0	14155	OK	1958129
174	FUN_180070740	180070740	30804	FAILED	1958237
175	FUN_180077fa0	180077fa0	32715	OK	2073600
176	FUN_18007ff70	18007ff70	12971	OK	2133885
177	FUN_180083220	180083220	13419	OK	2195869
178	FUN_180086690	180086690	12971	OK	2256154
179	FUN_180089940	180089940	12971	OK	2316439
180	FUN_18008cbf0	18008cbf0	12971	OK	2376724
181	FUN_18008fea0	18008fea0	13051	OK	2437313
182	FUN_1800931a0	1800931a0	16206	OK	2507453
183	FUN_1800970f0	1800970f0	13051	OK	2568047
184	FUN_18009a3f0	18009a3f0	16206	OK	2638187
185	FUN_18009e340	18009e340	27483	FAILED	2638295
186	FUN_1800a4ea0	1800a4ea0	38310	OK	2801352
187	FUN_1800ae450	1800ae450	16075	OK	2871840
188	FUN_1800b2320	1800b2320	12971	OK	2932125
189	FUN_1800b55d0	1800b55d0	26127	FAILED	2932233
190	FUN_1800bbbe0	1800bbbe0	49492	OK	3104952
191	FUN_1800c7d40	1800c7d40	19403	OK	3185229
192	FUN_1800cc910	1800cc910	793	OK	3188274
193	OpenAdapter12	1800ccc30	188	OK	3189602
194	FUN_1800ccd00	1800ccd00	11	OK	3189840
195	FUN_1800ccd10	1800ccd10	11	OK	3190054
196	FUN_1800ccd20	1800ccd20	130	OK	3190432
197	FUN_1800ccdb0	1800ccdb0	93	OK	3191339
198	FUN_1800cce10	1800cce10	172	OK	3192110
199	FUN_1800ccec0	1800ccec0	17	OK	3192316
200	FUN_1800ccee0	1800ccee0	392	OK	3194594
201	FUN_1800cd070	1800cd070	109	OK	3195199
202	FUN_1800cd0e0	1800cd0e0	90	OK	3195833
203	~basic_stringstream<char,std::char_traits<char>,std::allocator<char>_>	1800cd140	226	OK	3197859
204	FUN_1800cd230	1800cd230	406	OK	3200521
205	FUN_1800cd450	1800cd450	265	OK	3202106
206	FUN_1800cd560	1800cd560	376	OK	3204300
207	FUN_1800cd6e0	1800cd6e0	129	OK	3205331
208	FUN_1800cd770	1800cd770	95	OK	3206041
209	FUN_1800cd7d0	1800cd7d0	524	OK	3208921
210	FUN_1800cd9e0	1800cd9e0	271	OK	3210523
211	FUN_1800cdaf0	1800cdaf0	250	OK	3212089
212	FUN_1800cdbf0	1800cdbf0	361	OK	3214242
213	FUN_1800cdd60	1800cdd60	125	OK	3215219
214	FUN_1800cdde0	1800cdde0	82	OK	3215921
215	FUN_1800cde40	1800cde40	463	OK	3218563
216	FUN_1800ce010	1800ce010	260	OK	3220071
217	FUN_1800ce120	1800ce120	4	OK	3220221
218	FUN_1800ce130	1800ce130	25	OK	3220463
219	FUN_1800ce150	1800ce150	183	OK	3221390
220	FUN_1800ce210	1800ce210	182	OK	3222338
221	FUN_1800ce2d0	1800ce2d0	62	OK	3222819
222	FUN_1800ce310	1800ce310	6	OK	3222958
223	FUN_1800ce320	1800ce320	314	OK	3224719
224	FUN_1800ce510	1800ce510	25	OK	3224949
225	FUN_1800ce530	1800ce530	86	OK	3225552
226	FUN_1800ce590	1800ce590	124	OK	3226113
227	FUN_1800ce640	1800ce640	202	OK	3227115
228	FUN_1800ce710	1800ce710	202	OK	3228122
229	FUN_1800ce7e0	1800ce7e0	70	OK	3228597
230	FUN_1800ce830	1800ce830	6	OK	3228732
231	FUN_1800ce840	1800ce840	67	OK	3229126
232	FUN_1800ce890	1800ce890	129	OK	3229967
233	FUN_1800ce920	1800ce920	527	OK	3232816
234	FUN_1800ceb80	1800ceb80	35	OK	3233022
235	FUN_1800cebc0	1800cebc0	28	OK	3233361
236	FUN_1800cebe0	1800cebe0	24	OK	3233641
237	FUN_1800cec00	1800cec00	145	OK	3234596
238	FUN_1800ceca0	1800ceca0	239	OK	3236127
239	FUN_1800ceda0	1800ceda0	56	OK	3236502
240	FUN_1800cede0	1800cede0	238	OK	3237720
241	FUN_1800ceed0	1800ceed0	386	OK	3239919
242	thunk_FUN_1800d1f10	1800cf060	5	OK	3240550
243	FUN_1800cf070	1800cf070	211	OK	3241586
244	FUN_1800cf150	1800cf150	55	OK	3241959
245	FUN_1800cf190	1800cf190	208	OK	3243095
246	FUN_1800cf270	1800cf270	59	OK	3243386
247	FUN_1800cf2b0	1800cf2b0	175	OK	3244686
248	FUN_1800cf360	1800cf360	52	OK	3244945
249	FUN_1800cf3a0	1800cf3a0	59	OK	3245236
250	FUN_1800cf3e0	1800cf3e0	52	OK	3245495
251	FID_conflict:`scalar_deleting_destructor'	1800cf420	137	OK	3246807
252	FUN_1800cf4b0	1800cf4b0	59	OK	3247098
253	FUN_1800cf4f0	1800cf4f0	175	OK	3248338
254	FID_conflict:`scalar_deleting_destructor'	1800cf5a0	99	OK	3249647
255	FID_conflict:`scalar_deleting_destructor'	1800cf610	99	OK	3250956
256	FUN_1800cf680	1800cf680	63	OK	3251284
257	FID_conflict:`scalar_deleting_destructor'	1800cf6c0	99	OK	3252613
258	FID_conflict:`scalar_deleting_destructor'	1800cf730	137	OK	3253945
259	FID_conflict:`scalar_deleting_destructor'	1800cf7c0	99	OK	3255274
260	FUN_1800cf830	1800cf830	171	OK	3256235
261	FUN_1800cf8e0	1800cf8e0	669	OK	3260544
262	FUN_1800cfb80	1800cfb80	665	OK	3264815
263	FUN_1800cfe20	1800cfe20	294	OK	3266513
264	FUN_1800cff50	1800cff50	294	OK	3268210
265	FUN_1800d0080	1800d0080	288	OK	3269725
266	FUN_1800d01a0	1800d01a0	288	OK	3271239
267	FUN_1800d02c0	1800d02c0	749	OK	3276746
268	FUN_1800d05b0	1800d05b0	170	OK	3277707
269	FUN_1800d0660	1800d0660	668	OK	3282016
270	FUN_1800d0900	1800d0900	664	OK	3286287
271	FUN_1800d0ba0	1800d0ba0	293	OK	3287985
272	FUN_1800d0cd0	1800d0cd0	293	OK	3289682
273	FUN_1800d0e00	1800d0e00	287	OK	3291197
274	FUN_1800d0f20	1800d0f20	287	OK	3292711
275	FUN_1800d1040	1800d1040	755	OK	3297712
276	FUN_1800d1340	1800d1340	313	OK	3299232
277	FUN_1800d1490	1800d1490	708	OK	3304987
278	FUN_1800d1760	1800d1760	313	OK	3306507
279	FUN_1800d18b0	1800d18b0	313	OK	3308027
280	FUN_1800d1a00	1800d1a00	177	OK	3309098
281	FUN_1800d1ac0	1800d1ac0	23	OK	3309338
282	FUN_1800d1ae0	1800d1ae0	23	OK	3309578
283	~_Sentry_base	1800d1b00	43	OK	3310363
284	FUN_1800d1b30	1800d1b30	339	OK	3312446
285	FUN_1800d1ca0	1800d1ca0	167	OK	3313734
286	FID_conflict:_Tidy_deallocate	1800d1d50	96	OK	3314839
287	FUN_1800d1dc0	1800d1dc0	313	OK	3316633
288	FUN_1800d1f00	1800d1f00	15	OK	3316861
289	FUN_1800d1f10	1800d1f10	93	OK	3317481
290	FUN_1800d1f70	1800d1f70	327	OK	3319220
291	FUN_1800d20c0	1800d20c0	277	OK	3320779
292	FUN_1800d21e0	1800d21e0	373	OK	3322642
293	FUN_1800d2360	1800d2360	43	OK	3322925
294	FUN_1800d2390	1800d2390	681	OK	3327202
295	FUN_1800d2640	1800d2640	70	OK	3327545
296	FUN_1800d2690	1800d2690	852	OK	3333466
297	FUN_1800d29f0	1800d29f0	70	OK	3333809
298	FUN_1800d2a40	1800d2a40	681	OK	3338086
299	FUN_1800d2cf0	1800d2cf0	70	OK	3338429
300	FUN_1800d2d40	1800d2d40	62	OK	3338866
301	FUN_1800d2d80	1800d2d80	62	OK	3339303
302	FUN_1800d2dc0	1800d2dc0	62	OK	3339740
303	FUN_1800d2e00	1800d2e00	5	OK	3339912
304	FUN_1800d2e10	1800d2e10	5	OK	3340084
305	FUN_1800d2e20	1800d2e20	63	OK	3340523
306	FUN_1800d2e60	1800d2e60	63	OK	3340962
307	FUN_1800d2ea0	1800d2ea0	5	OK	3341134
308	FUN_1800d2eb0	1800d2eb0	5	OK	3341306
309	FUN_1800d2ec0	1800d2ec0	1618	OK	3352285
310	FUN_1800d3520	1800d3520	1762	OK	3364332
311	FUN_1800d3c10	1800d3c10	1603	OK	3375401
312	FUN_1800d4260	1800d4260	1715	OK	3387449
313	FUN_1800d4920	1800d4920	61	OK	3387939
314	FUN_1800d4960	1800d4960	140	OK	3388722
315	FUN_1800d49f0	1800d49f0	348	OK	3390728
316	FUN_1800d4b50	1800d4b50	16	OK	3390947
317	FUN_1800d4b70	1800d4b70	149	OK	3391814
318	FUN_1800d4c10	1800d4c10	41	OK	3392045
319	FUN_1800d4c40	1800d4c40	87	OK	3392409
320	FUN_1800d4ca0	1800d4ca0	94	OK	3392840
321	FUN_1800d4d00	1800d4d00	94	OK	3393281
322	FUN_1800d4d60	1800d4d60	424	OK	3395295
323	FUN_1800d4f10	1800d4f10	285	OK	3396567
324	FUN_1800d5030	1800d5030	349	OK	3397937
325	FUN_1800d5190	1800d5190	424	OK	3399951
326	FUN_1800d5340	1800d5340	285	OK	3401223
327	FUN_1800d5460	1800d5460	469	OK	3403572
328	FUN_1800d5640	1800d5640	424	OK	3405586
329	FUN_1800d57f0	1800d57f0	285	OK	3406858
330	FUN_1800d5910	1800d5910	469	OK	3409207
331	FUN_1800d5af0	1800d5af0	81	OK	3409702
332	FUN_1800d5b50	1800d5b50	45	OK	3409994
333	FUN_1800d5b80	1800d5b80	404	OK	3413032
334	FUN_1800d5d20	1800d5d20	817	OK	3417537
335	FUN_1800d6060	1800d6060	404	OK	3420575
336	FUN_1800d6200	1800d6200	817	OK	3425080
337	FUN_1800d6540	1800d6540	404	OK	3428118
338	FUN_1800d66e0	1800d66e0	817	OK	3432623
339	FUN_1800d6a20	1800d6a20	1840	OK	3443376
340	FUN_1800d71e0	1800d71e0	161	OK	3444226
341	FUN_1800d7290	1800d7290	254	OK	3445777
342	FUN_1800d7390	1800d7390	833	OK	3449444
343	FUN_1800d76e0	1800d76e0	96	OK	3450096
344	FUN_1800d7750	1800d7750	598	OK	3453596
345	FUN_1800d79b0	1800d79b0	93	OK	3454255
346	FUN_1800d7a20	1800d7a20	253	OK	3455539
347	FUN_1800d7b30	1800d7b30	1840	OK	3466292
348	FUN_1800d82f0	1800d82f0	161	OK	3467142
349	FUN_1800d83a0	1800d83a0	254	OK	3468693
350	FUN_1800d84a0	1800d84a0	833	OK	3472360
351	FUN_1800d87f0	1800d87f0	96	OK	3473012
352	FUN_1800d8860	1800d8860	598	OK	3476512
353	FUN_1800d8ac0	1800d8ac0	93	OK	3477171
354	FUN_1800d8b30	1800d8b30	253	OK	3478455
355	FUN_1800d8c40	1800d8c40	1840	OK	3489208
356	FUN_1800d9400	1800d9400	161	OK	3490058
357	FUN_1800d94b0	1800d94b0	254	OK	3491609
358	FUN_1800d95b0	1800d95b0	833	OK	3495276
359	FUN_1800d9900	1800d9900	96	OK	3495928
360	FUN_1800d9970	1800d9970	598	OK	3499428
361	FUN_1800d9bd0	1800d9bd0	93	OK	3500087
362	FUN_1800d9c40	1800d9c40	253	OK	3501371
363	FUN_1800d9d50	1800d9d50	347	OK	3503377
364	FUN_1800d9ec0	1800d9ec0	52	OK	3503637
365	FUN_1800d9f00	1800d9f00	52	OK	3503897
366	FUN_1800d9f40	1800d9f40	52	OK	3504157
367	FUN_1800d9f80	1800d9f80	1046	OK	3506809
368	FUN_1800da3a0	1800da3a0	90	OK	3507476
369	FUN_1800da400	1800da400	8	OK	3507649
370	FUN_1800da410	1800da410	14	OK	3507824
371	FUN_1800da420	1800da420	14	OK	3507999
372	FUN_1800da430	1800da430	41	OK	3508226
373	FUN_1800da460	1800da460	560	OK	3512120
374	FUN_1800da6b0	1800da6b0	1156	OK	3518816
375	FUN_1800dabc0	1800dabc0	1046	OK	3521468
376	FUN_1800dafe0	1800dafe0	90	OK	3522135
377	FUN_1800db040	1800db040	560	OK	3526029
378	FUN_1800db290	1800db290	1156	OK	3532725
379	FUN_1800db7a0	1800db7a0	1046	OK	3535377
380	FUN_1800dbbc0	1800dbbc0	90	OK	3536044
381	FUN_1800dbc20	1800dbc20	335	OK	3538059
382	FUN_1800dbd90	1800dbd90	1156	OK	3544755
383	FUN_1800dc2a0	1800dc2a0	711	OK	3548968
384	FUN_1800dc590	1800dc590	28	OK	3549169
385	FUN_1800dc5b0	1800dc5b0	162	OK	3550469
386	FUN_1800dc680	1800dc680	605	OK	3553820
387	FUN_1800dc8f0	1800dc8f0	162	OK	3555120
388	FUN_1800dc9c0	1800dc9c0	162	OK	3556420
389	FUN_1800dca90	1800dca90	527	OK	3559269
390	FUN_1800dccc0	1800dccc0	85	OK	3559761
391	FUN_1800dcd20	1800dcd20	138	OK	3560530
392	FUN_1800dcdb0	1800dcdb0	626	OK	3565733
393	FUN_1800dd030	1800dd030	43	OK	3566044
394	FUN_1800dd060	1800dd060	43	OK	3566355
395	FUN_1800dd090	1800dd090	131	OK	3567295
396	FUN_1800dd120	1800dd120	88	OK	3568010
397	FUN_1800dd180	1800dd180	43	OK	3568321
398	FUN_1800dd1b0	1800dd1b0	43	OK	3568632
399	FUN_1800dd1e0	1800dd1e0	131	OK	3569572
400	FUN_1800dd270	1800dd270	43	OK	3569883
401	FUN_1800dd2a0	1800dd2a0	43	OK	3570194
402	FUN_1800dd2d0	1800dd2d0	131	OK	3571134
403	FUN_1800dd360	1800dd360	1947	OK	3581591
404	FUN_1800ddb00	1800ddb00	1947	OK	3592048
405	FUN_1800de2a0	1800de2a0	1381	OK	3597930
406	FUN_1800de810	1800de810	857	OK	3602827
407	FUN_1800deb70	1800deb70	108	OK	3603810
408	FUN_1800debe0	1800debe0	197	OK	3604792
409	FUN_1800decb0	1800decb0	97	OK	3605486
410	FUN_1800ded20	1800ded20	536	OK	3608956
411	FUN_1800def40	1800def40	356	OK	3611543
412	FUN_1800df0b0	1800df0b0	461	OK	3614553
413	FUN_1800df280	1800df280	451	OK	3617436
414	FUN_1800df450	1800df450	6	OK	3617569
415	FUN_1800df460	1800df460	384	OK	3619898
416	FUN_1800df5f0	1800df5f0	304	OK	3621762
417	FUN_1800df730	1800df730	422	OK	3624212
418	FUN_1800df8e0	1800df8e0	163	OK	3625382
419	FUN_1800df990	1800df990	103	OK	3626169
420	FUN_1800dfa00	1800dfa00	166	OK	3627604
421	FUN_1800dfab0	1800dfab0	380	OK	3629936
422	FUN_1800dfc40	1800dfc40	88	OK	3630596
423	FUN_1800dfca0	1800dfca0	323	OK	3632177
424	FUN_1800dfdf0	1800dfdf0	765	OK	3636799
425	FUN_1800e0100	1800e0100	666	OK	3640728
426	FUN_1800e03b0	1800e03b0	944	OK	3645553
427	FUN_1800e0770	1800e0770	1178	OK	3651655
428	FUN_1800e0c20	1800e0c20	484	OK	3654408
429	FUN_1800e0e10	1800e0e10	496	OK	3657218
430	FUN_1800e1010	1800e1010	6	OK	3657353
431	FUN_1800e1020	1800e1020	275	OK	3659008
432	FUN_1800e1140	1800e1140	271	OK	3660656
433	FUN_1800e1260	1800e1260	233	OK	3662023
434	FUN_1800e1350	1800e1350	6	OK	3662156
435	FUN_1800e1360	1800e1360	46	OK	3662647
436	FUN_1800e13a0	1800e13a0	24	OK	3662828
437	FUN_1800e13c0	1800e13c0	281	OK	3664971
438	FUN_1800e14e0	1800e14e0	1139	OK	3672342
439	FUN_1800e19b0	1800e19b0	200	OK	3673433
440	FUN_1800e1a80	1800e1a80	506	OK	3676331
441	FUN_1800e1c90	1800e1c90	6	OK	3676464
442	FUN_1800e1ca0	1800e1ca0	221	OK	3677876
443	FUN_1800e1d90	1800e1d90	121	OK	3678745
444	FUN_1800e1e20	1800e1e20	120	OK	3679595
445	FUN_1800e1eb0	1800e1eb0	38	OK	3679956
446	FUN_1800e1ee0	1800e1ee0	174	OK	3681138
447	FUN_1800e1fa0	1800e1fa0	162	OK	3682320
448	FUN_1800e2050	1800e2050	58	OK	3682741
449	FUN_1800e2090	1800e2090	330	OK	3684506
450	FUN_1800e21e0	1800e21e0	695	OK	3688355
451	FUN_1800e24b0	1800e24b0	12	OK	3688540
452	FUN_1800e24c0	1800e24c0	98	OK	3689170
453	FUN_1800e2530	1800e2530	93	OK	3689824
454	FUN_1800e2590	1800e2590	195	OK	3690985
455	FUN_1800e2660	1800e2660	598	OK	3695697
456	FUN_1800e28c0	1800e28c0	208	OK	3697091
457	FUN_1800e29a0	1800e29a0	171	OK	3698368
458	FUN_1800e2a50	1800e2a50	253	OK	3699962
459	FUN_1800e2b50	1800e2b50	499	OK	3702910
460	FUN_1800e2d50	1800e2d50	98	OK	3703536
461	FUN_1800e2dc0	1800e2dc0	277	OK	3705231
462	FUN_1800e2ee0	1800e2ee0	830	OK	3709001
463	FUN_1800e3230	1800e3230	98	OK	3709625
464	FUN_1800e32a0	1800e32a0	262	OK	3711238
465	FUN_1800e33b0	1800e33b0	343	OK	3713094
466	FUN_1800e3510	1800e3510	495	OK	3715929
467	FUN_1800e3710	1800e3710	98	OK	3716551
468	FUN_1800e3780	1800e3780	664	OK	3720153
469	FUN_1800e3a20	1800e3a20	607	OK	3723729
470	FUN_1800e3c90	1800e3c90	175	OK	3724820
471	FUN_1800e3d50	1800e3d50	179	OK	3725962
472	FUN_1800e3e10	1800e3e10	211	OK	3727005
473	FUN_1800e3ef0	1800e3ef0	211	OK	3728048
474	FUN_1800e3fd0	1800e3fd0	252	OK	3729570
475	FUN_1800e40d0	1800e40d0	288	OK	3731222
476	FUN_1800e4200	1800e4200	128	OK	3732150
477	FUN_1800e4290	1800e4290	325	OK	3734049
478	FUN_1800e43e0	1800e43e0	374	OK	3736394
479	FUN_1800e4560	1800e4560	445	OK	3739051
480	FUN_1800e4720	1800e4720	445	OK	3741708
481	FUN_1800e48e0	1800e48e0	445	OK	3744365
482	FUN_1800e4aa0	1800e4aa0	491	OK	3747389
483	FUN_1800e4c90	1800e4c90	363	OK	3749577
484	FUN_1800e4e00	1800e4e00	924	OK	3754451
485	FUN_1800e51a0	1800e51a0	670	OK	3758548
486	FUN_1800e5440	1800e5440	356	OK	3760795
487	FUN_1800e55b0	1800e55b0	91	OK	3761457
488	FUN_1800e5610	1800e5610	456	OK	3763976
489	FUN_1800e57e0	1800e57e0	551	OK	3767276
490	FUN_1800e5a10	1800e5a10	615	OK	3770960
491	FUN_1800e5c80	1800e5c80	391	OK	3773022
492	FUN_1800e5e10	1800e5e10	566	OK	3776470
493	FUN_1800e6050	1800e6050	611	OK	3780170
494	FUN_1800e62c0	1800e62c0	412	OK	3782383
495	FUN_1800e6460	1800e6460	345	OK	3784513
496	FUN_1800e65c0	1800e65c0	280	OK	3786183
497	FUN_1800e66e0	1800e66e0	633	OK	3790063
498	FUN_1800e6960	1800e6960	857	OK	3794960
499	FUN_1800e6cc0	1800e6cc0	197	OK	3795942
500	FUN_1800e6d90	1800e6d90	97	OK	3796636
501	FUN_1800e6e00	1800e6e00	536	OK	3800106
502	FUN_1800e7020	1800e7020	356	OK	3802693
503	FUN_1800e7190	1800e7190	262	OK	3804291
504	FUN_1800e72a0	1800e72a0	451	OK	3807174
505	FUN_1800e7470	1800e7470	6	OK	3807307
506	FUN_1800e7480	1800e7480	384	OK	3809636
507	FUN_1800e7610	1800e7610	304	OK	3811500
508	FUN_1800e7750	1800e7750	422	OK	3813950
509	FUN_1800e7900	1800e7900	163	OK	3815120
510	FUN_1800e79b0	1800e79b0	103	OK	3815907
511	FUN_1800e7a20	1800e7a20	166	OK	3817342
512	FUN_1800e7ad0	1800e7ad0	380	OK	3819674
513	FUN_1800e7c60	1800e7c60	323	OK	3821255
514	FUN_1800e7db0	1800e7db0	765	OK	3825877
515	FUN_1800e80c0	1800e80c0	666	OK	3829806
516	FUN_1800e8370	1800e8370	944	OK	3834631
517	FUN_1800e8730	1800e8730	1178	OK	3840733
518	FUN_1800e8be0	1800e8be0	484	OK	3843486
519	FUN_1800e8dd0	1800e8dd0	496	OK	3846296
520	FUN_1800e8fd0	1800e8fd0	275	OK	3847951
521	FUN_1800e90f0	1800e90f0	271	OK	3849599
522	FUN_1800e9210	1800e9210	233	OK	3850966
523	FUN_1800e9300	1800e9300	46	OK	3851457
524	FUN_1800e9340	1800e9340	108	OK	3852150
525	FUN_1800e93c0	1800e93c0	281	OK	3854293
526	FUN_1800e94e0	1800e94e0	1139	OK	3861664
527	FUN_1800e99b0	1800e99b0	200	OK	3862755
528	FUN_1800e9a80	1800e9a80	506	OK	3865653
529	FUN_1800e9c90	1800e9c90	221	OK	3867065
530	FUN_1800e9d80	1800e9d80	121	OK	3867934
531	FUN_1800e9e10	1800e9e10	120	OK	3868784
532	FUN_1800e9ea0	1800e9ea0	174	OK	3869966
533	FUN_1800e9f60	1800e9f60	162	OK	3871148
534	FUN_1800ea010	1800ea010	330	OK	3872913
535	FUN_1800ea160	1800ea160	695	OK	3876762
536	FUN_1800ea430	1800ea430	98	OK	3877392
537	FUN_1800ea4a0	1800ea4a0	93	OK	3878046
538	FUN_1800ea500	1800ea500	195	OK	3879207
539	FUN_1800ea5d0	1800ea5d0	598	OK	3883919
540	FUN_1800ea830	1800ea830	208	OK	3885313
541	FUN_1800ea910	1800ea910	171	OK	3886590
542	FUN_1800ea9c0	1800ea9c0	253	OK	3888184
543	FUN_1800eaac0	1800eaac0	499	OK	3891132
544	FUN_1800eacc0	1800eacc0	98	OK	3891758
545	FUN_1800ead30	1800ead30	277	OK	3893453
546	FUN_1800eae50	1800eae50	830	OK	3897223
547	FUN_1800eb1a0	1800eb1a0	98	OK	3897847
548	FUN_1800eb210	1800eb210	262	OK	3899460
549	FUN_1800eb320	1800eb320	343	OK	3901316
550	FUN_1800eb480	1800eb480	495	OK	3904151
551	FUN_1800eb680	1800eb680	98	OK	3904773
552	FUN_1800eb6f0	1800eb6f0	664	OK	3908375
553	FUN_1800eb990	1800eb990	607	OK	3911951
554	FUN_1800ebc00	1800ebc00	175	OK	3913042
555	FUN_1800ebcc0	1800ebcc0	179	OK	3914184
556	FUN_1800ebd80	1800ebd80	211	OK	3915227
557	FUN_1800ebe60	1800ebe60	211	OK	3916270
558	FUN_1800ebf40	1800ebf40	252	OK	3917792
559	FUN_1800ec040	1800ec040	288	OK	3919444
560	FUN_1800ec170	1800ec170	128	OK	3920372
561	FUN_1800ec200	1800ec200	325	OK	3922271
562	FUN_1800ec350	1800ec350	374	OK	3924616
563	FUN_1800ec4d0	1800ec4d0	445	OK	3927273
564	FUN_1800ec690	1800ec690	445	OK	3929930
565	FUN_1800ec850	1800ec850	445	OK	3932587
566	FUN_1800eca10	1800eca10	491	OK	3935611
567	FUN_1800ecc00	1800ecc00	674	OK	3939248
568	FUN_1800eceb0	1800eceb0	808	OK	3943594
569	FUN_1800ed1e0	1800ed1e0	393	OK	3946029
570	FUN_1800ed370	1800ed370	356	OK	3948276
571	FUN_1800ed4e0	1800ed4e0	91	OK	3948938
572	FUN_1800ed540	1800ed540	452	OK	3951471
573	FUN_1800ed710	1800ed710	546	OK	3954758
574	FUN_1800ed940	1800ed940	599	OK	3958389
575	FUN_1800edba0	1800edba0	391	OK	3960451
576	FUN_1800edd30	1800edd30	566	OK	3963899
577	FUN_1800edf70	1800edf70	611	OK	3967599
578	FUN_1800ee1e0	1800ee1e0	412	OK	3969812
579	FUN_1800ee380	1800ee380	345	OK	3971942
580	FUN_1800ee4e0	1800ee4e0	242	OK	3973408
581	FUN_1800ee5e0	1800ee5e0	633	OK	3977288
582	FUN_1800ee860	1800ee860	857	OK	3982185
583	FUN_1800eebc0	1800eebc0	294	OK	3983738
584	FUN_1800eecf0	1800eecf0	92	OK	3984295
585	FUN_1800eed50	1800eed50	197	OK	3985277
586	FUN_1800eee20	1800eee20	97	OK	3985971
587	FUN_1800eee90	1800eee90	536	OK	3989441
588	FUN_1800ef0b0	1800ef0b0	356	OK	3992028
589	FUN_1800ef220	1800ef220	262	OK	3993626
590	FUN_1800ef330	1800ef330	451	OK	3996509
591	FUN_1800ef500	1800ef500	384	OK	3998838
592	FUN_1800ef690	1800ef690	304	OK	4000702
593	FUN_1800ef7d0	1800ef7d0	422	OK	4003152
594	FUN_1800ef980	1800ef980	163	OK	4004322
595	FUN_1800efa30	1800efa30	103	OK	4005109
596	FUN_1800efaa0	1800efaa0	166	OK	4006544
597	FUN_1800efb50	1800efb50	380	OK	4008876
598	FUN_1800efce0	1800efce0	323	OK	4010457
599	FUN_1800efe30	1800efe30	765	OK	4015079
600	FUN_1800f0140	1800f0140	666	OK	4019008
601	FUN_1800f03f0	1800f03f0	944	OK	4023833
602	FUN_1800f07b0	1800f07b0	1178	OK	4029935
603	FUN_1800f0c60	1800f0c60	484	OK	4032688
604	FUN_1800f0e50	1800f0e50	496	OK	4035498
605	FUN_1800f1050	1800f1050	275	OK	4037153
606	FUN_1800f1170	1800f1170	271	OK	4038801
607	FUN_1800f1290	1800f1290	233	OK	4040168
608	FUN_1800f1380	1800f1380	46	OK	4040659
609	FUN_1800f13c0	1800f13c0	24	OK	4040840
610	FUN_1800f13e0	1800f13e0	281	OK	4042983
611	FUN_1800f1500	1800f1500	1139	OK	4050354
612	FUN_1800f19d0	1800f19d0	200	OK	4051445
613	FUN_1800f1aa0	1800f1aa0	506	OK	4054343
614	FUN_1800f1cb0	1800f1cb0	221	OK	4055755
615	FUN_1800f1da0	1800f1da0	121	OK	4056624
616	FUN_1800f1e30	1800f1e30	120	OK	4057474
617	FUN_1800f1ec0	1800f1ec0	174	OK	4058656
618	FUN_1800f1f80	1800f1f80	162	OK	4059838
619	FUN_1800f2030	1800f2030	330	OK	4061603
620	FUN_1800f2180	1800f2180	695	OK	4065452
621	FUN_1800f2450	1800f2450	98	OK	4066082
622	FUN_1800f24c0	1800f24c0	93	OK	4066736
623	FUN_1800f2520	1800f2520	195	OK	4067897
624	FUN_1800f25f0	1800f25f0	598	OK	4072609
625	FUN_1800f2850	1800f2850	208	OK	4074003
626	FUN_1800f2930	1800f2930	171	OK	4075280
627	FUN_1800f29e0	1800f29e0	253	OK	4076874
628	FUN_1800f2ae0	1800f2ae0	499	OK	4079822
629	FUN_1800f2ce0	1800f2ce0	98	OK	4080448
630	FUN_1800f2d50	1800f2d50	277	OK	4082143
631	FUN_1800f2e70	1800f2e70	830	OK	4085913
632	FUN_1800f31c0	1800f31c0	98	OK	4086537
633	FUN_1800f3230	1800f3230	262	OK	4088150
634	FUN_1800f3340	1800f3340	343	OK	4090006
635	FUN_1800f34a0	1800f34a0	495	OK	4092841
636	FUN_1800f36a0	1800f36a0	98	OK	4093463
637	FUN_1800f3710	1800f3710	664	OK	4097065
638	FUN_1800f39b0	1800f39b0	607	OK	4100641
639	FUN_1800f3c20	1800f3c20	175	OK	4101732
640	FUN_1800f3ce0	1800f3ce0	179	OK	4102874
641	FUN_1800f3da0	1800f3da0	211	OK	4103917
642	FUN_1800f3e80	1800f3e80	211	OK	4104960
643	FUN_1800f3f60	1800f3f60	252	OK	4106482
644	FUN_1800f4060	1800f4060	288	OK	4108134
645	FUN_1800f4190	1800f4190	128	OK	4109062
646	FUN_1800f4220	1800f4220	325	OK	4110961
647	FUN_1800f4370	1800f4370	374	OK	4113306
648	FUN_1800f44f0	1800f44f0	445	OK	4115963
649	FUN_1800f46b0	1800f46b0	445	OK	4118620
650	FUN_1800f4870	1800f4870	445	OK	4121277
651	FUN_1800f4a30	1800f4a30	491	OK	4124301
652	FUN_1800f4c20	1800f4c20	674	OK	4127938
653	FUN_1800f4ed0	1800f4ed0	808	OK	4132284
654	FUN_1800f5200	1800f5200	393	OK	4134719
655	FUN_1800f5390	1800f5390	356	OK	4136966
656	FUN_1800f5500	1800f5500	91	OK	4137628
657	FUN_1800f5560	1800f5560	452	OK	4140161
658	FUN_1800f5730	1800f5730	546	OK	4143448
659	FUN_1800f5960	1800f5960	599	OK	4147079
660	FUN_1800f5bc0	1800f5bc0	391	OK	4149141
661	FUN_1800f5d50	1800f5d50	566	OK	4152589
662	FUN_1800f5f90	1800f5f90	611	OK	4156289
663	FUN_1800f6200	1800f6200	412	OK	4158502
664	FUN_1800f63a0	1800f63a0	345	OK	4160632
665	FUN_1800f6500	1800f6500	242	OK	4162098
666	FUN_1800f6600	1800f6600	633	OK	4165978
667	FUN_1800f6880	1800f6880	60	OK	4166421
668	FUN_1800f68c0	1800f68c0	60	OK	4166864
669	FUN_1800f6900	1800f6900	60	OK	4167307
670	FUN_1800f6940	1800f6940	335	OK	4169240
671	FUN_1800f6a90	1800f6a90	177	OK	4170134
672	FUN_1800f6b50	1800f6b50	169	OK	4171327
673	FUN_1800f6c00	1800f6c00	233	OK	4172356
674	FUN_1800f6cf0	1800f6cf0	587	OK	4175244
675	FUN_1800f6f40	1800f6f40	733	OK	4179275
676	FUN_1800f7220	1800f7220	823	OK	4183407
677	FUN_1800f7560	1800f7560	93	OK	4184119
678	FUN_1800f75c0	1800f75c0	599	OK	4186483
679	FUN_1800f7820	1800f7820	66	OK	4186852
680	FUN_1800f7870	1800f7870	205	OK	4187907
681	FUN_1800f7940	1800f7940	146	OK	4188421
682	FUN_1800f79e0	1800f79e0	484	OK	4191319
683	FUN_1800f7bd0	1800f7bd0	549	OK	4194499
684	FUN_1800f7e00	1800f7e00	32	OK	4194780
685	FUN_1800f7e20	1800f7e20	85	OK	4195213
686	FUN_1800f7e80	1800f7e80	377	OK	4197103
687	FUN_1800f8000	1800f8000	131	OK	4197655
688	FUN_1800f8090	1800f8090	377	OK	4199545
689	FUN_1800f8210	1800f8210	131	OK	4200097
690	FUN_1800f82a0	1800f82a0	303	OK	4202035
691	FUN_1800f83d0	1800f83d0	186	OK	4203667
692	FUN_1800f8490	1800f8490	1247	OK	4211795
693	FUN_1800f8980	1800f8980	364	OK	4213956
694	FUN_1800f8af0	1800f8af0	456	OK	4216313
695	FUN_1800f8cc0	1800f8cc0	131	OK	4216865
696	FUN_1800f8d50	1800f8d50	131	OK	4217417
697	FUN_1800f8de0	1800f8de0	378	OK	4219301
698	FUN_1800f8f60	1800f8f60	477	OK	4222652
699	FUN_1800f9140	1800f9140	621	OK	4226544
700	FUN_1800f93b0	1800f93b0	377	OK	4228434
701	FUN_1800f9530	1800f9530	131	OK	4228986
702	FUN_1800f95c0	1800f95c0	169	OK	4230179
703	FUN_1800f9670	1800f9670	233	OK	4231208
704	FUN_1800f9760	1800f9760	587	OK	4234096
705	FUN_1800f99b0	1800f99b0	733	OK	4238127
706	FUN_1800f9c90	1800f9c90	820	OK	4242259
707	FUN_1800f9fd0	1800f9fd0	93	OK	4242971
708	FUN_1800fa030	1800fa030	599	OK	4245335
709	FUN_1800fa290	1800fa290	66	OK	4245704
710	FUN_1800fa2e0	1800fa2e0	205	OK	4246759
711	FUN_1800fa3b0	1800fa3b0	484	OK	4249657
712	FUN_1800fa5a0	1800fa5a0	85	OK	4250090
713	FUN_1800fa600	1800fa600	377	OK	4251980
714	FUN_1800fa780	1800fa780	131	OK	4252532
715	FUN_1800fa810	1800fa810	377	OK	4254422
716	FUN_1800fa990	1800fa990	131	OK	4254974
717	FUN_1800faa20	1800faa20	1247	OK	4263102
718	FUN_1800faf10	1800faf10	364	OK	4265263
719	FUN_1800fb080	1800fb080	456	OK	4267620
720	FUN_1800fb250	1800fb250	131	OK	4268172
721	FUN_1800fb2e0	1800fb2e0	131	OK	4268724
722	FUN_1800fb370	1800fb370	378	OK	4270608
723	FUN_1800fb4f0	1800fb4f0	477	OK	4273959
724	FUN_1800fb6d0	1800fb6d0	621	OK	4277851
725	FUN_1800fb940	1800fb940	377	OK	4279741
726	FUN_1800fbac0	1800fbac0	131	OK	4280293
727	FUN_1800fbb50	1800fbb50	602	OK	4282906
728	FUN_1800fbdb0	1800fbdb0	169	OK	4284099
729	FUN_1800fbe60	1800fbe60	233	OK	4285128
730	FUN_1800fbf50	1800fbf50	824	OK	4289233
731	FUN_1800fc290	1800fc290	892	OK	4293938
732	FUN_1800fc610	1800fc610	93	OK	4294650
733	FUN_1800fc670	1800fc670	599	OK	4297014
734	FUN_1800fc8d0	1800fc8d0	66	OK	4297383
735	FUN_1800fc920	1800fc920	205	OK	4298438
736	FUN_1800fc9f0	1800fc9f0	484	OK	4301336
737	FUN_1800fcbe0	1800fcbe0	85	OK	4301769
738	FUN_1800fcc40	1800fcc40	377	OK	4303659
739	FUN_1800fcdc0	1800fcdc0	131	OK	4304211
740	FUN_1800fce50	1800fce50	377	OK	4306101
741	FUN_1800fcfd0	1800fcfd0	131	OK	4306653
742	FUN_1800fd060	1800fd060	1105	OK	4313369
743	FUN_1800fd4c0	1800fd4c0	364	OK	4315530
744	FUN_1800fd630	1800fd630	377	OK	4317420
745	FUN_1800fd7b0	1800fd7b0	131	OK	4317972
746	FUN_1800fd840	1800fd840	377	OK	4319862
747	FUN_1800fd9c0	1800fd9c0	131	OK	4320414
748	FUN_1800fda50	1800fda50	486	OK	4323112
749	FUN_1800fdc40	1800fdc40	677	OK	4327441
750	FUN_1800fdef0	1800fdef0	377	OK	4329331
751	FUN_1800fe070	1800fe070	131	OK	4329883
752	FUN_1800fe100	1800fe100	401	OK	4332535
753	FUN_1800fe2a0	1800fe2a0	401	OK	4335187
754	FUN_1800fe440	1800fe440	244	OK	4336762
755	FUN_1800fe540	1800fe540	401	OK	4339414
756	FUN_1800fe6e0	1800fe6e0	252	OK	4340710
757	FUN_1800fe7e0	1800fe7e0	252	OK	4342006
758	FUN_1800fe8e0	1800fe8e0	252	OK	4343302
759	FUN_1800fe9e0	1800fe9e0	464	OK	4345780
760	FUN_1800febb0	1800febb0	328	OK	4347759
761	FUN_1800fed00	1800fed00	85	OK	4348251
762	FUN_1800fed60	1800fed60	138	OK	4349020
763	FUN_1800fedf0	1800fedf0	52	OK	4349279
764	FUN_1800fee30	1800fee30	42	OK	4349518
765	FUN_1800fee60	1800fee60	52	OK	4349777
766	FUN_1800feea0	1800feea0	52	OK	4350036
767	FUN_1800feee0	1800feee0	52	OK	4350295
768	FUN_1800fef20	1800fef20	52	OK	4350554
769	FUN_1800fef60	1800fef60	52	OK	4350813
770	FUN_1800fefa0	1800fefa0	43	OK	4351122
771	FUN_1800fefd0	1800fefd0	52	OK	4351381
772	FUN_1800ff010	1800ff010	52	OK	4351640
773	FUN_1800ff050	1800ff050	52	OK	4351899
774	FUN_1800ff090	1800ff090	52	OK	4352158
775	FUN_1800ff0d0	1800ff0d0	52	OK	4352417
776	FUN_1800ff110	1800ff110	52	OK	4352676
777	FUN_1800ff150	1800ff150	43	OK	4352985
778	FUN_1800ff180	1800ff180	52	OK	4353244
779	FUN_1800ff1c0	1800ff1c0	52	OK	4353503
780	FUN_1800ff200	1800ff200	52	OK	4353762
781	FUN_1800ff240	1800ff240	52	OK	4354021
782	FUN_1800ff280	1800ff280	52	OK	4354280
783	FUN_1800ff2c0	1800ff2c0	52	OK	4354539
784	FUN_1800ff300	1800ff300	43	OK	4354848
785	FUN_1800ff330	1800ff330	28	OK	4355070
786	FUN_1800ff350	1800ff350	167	OK	4355829
787	FUN_1800ff400	1800ff400	28	OK	4356051
788	FUN_1800ff420	1800ff420	515	OK	4359317
789	FUN_1800ff630	1800ff630	28	OK	4359539
790	FUN_1800ff650	1800ff650	515	OK	4362805
791	FUN_1800ff860	1800ff860	694	OK	4366468
792	FUN_1800ffb20	1800ffb20	57	OK	4366842
793	FUN_1800ffb60	1800ffb60	694	OK	4370505
794	FUN_1800ffe20	1800ffe20	836	OK	4374447
795	FUN_180100170	180100170	57	OK	4374821
796	FUN_1801001b0	1801001b0	694	OK	4378484
797	FUN_180100470	180100470	57	OK	4378858
798	FUN_1801004b0	1801004b0	103	OK	4379504
799	FUN_180100520	180100520	600	OK	4383495
800	FUN_180100780	180100780	528	OK	4385770
801	FUN_1801009a0	1801009a0	439	OK	4387671
802	FUN_180100b60	180100b60	118	OK	4388213
803	FUN_180100be0	180100be0	311	OK	4390446
804	FUN_180100d20	180100d20	268	OK	4392424
805	FUN_180100e30	180100e30	289	OK	4394473
806	FUN_180100f60	180100f60	334	OK	4396543
807	FUN_1801010b0	1801010b0	612	OK	4399876
808	FUN_180101320	180101320	35	OK	4400088
809	FUN_180101350	180101350	317	OK	4401896
810	FUN_180101490	180101490	253	OK	4404034
811	FUN_180101590	180101590	103	OK	4404680
812	FUN_180101600	180101600	600	OK	4408671
813	FUN_180101860	180101860	528	OK	4410946
814	FUN_180101a80	180101a80	439	OK	4412847
815	FUN_180101c40	180101c40	311	OK	4415080
816	FUN_180101d80	180101d80	268	OK	4417058
817	FUN_180101e90	180101e90	148	OK	4417607
818	FUN_180101f30	180101f30	148	OK	4418156
819	FUN_180101fd0	180101fd0	46	OK	4418554
820	FUN_180102000	180102000	465	OK	4421306
821	FUN_1801021e0	1801021e0	611	OK	4424131
822	FUN_180102450	180102450	178	OK	4425237
823	FUN_180102510	180102510	312	OK	4427162
824	FUN_180102650	180102650	442	OK	4429804
825	FUN_180102810	180102810	554	OK	4433330
826	FUN_180102a40	180102a40	450	OK	4435700
827	FUN_180102c10	180102c10	534	OK	4439060
828	FUN_180102e30	180102e30	312	OK	4440985
829	FUN_180102f70	180102f70	442	OK	4443627
830	FUN_180103130	180103130	554	OK	4447153
831	FUN_180103360	180103360	450	OK	4449523
832	FUN_180103530	180103530	624	OK	4453712
833	FUN_1801037b0	1801037b0	312	OK	4455637
834	FUN_1801038f0	1801038f0	442	OK	4458279
835	FUN_180103ab0	180103ab0	554	OK	4461805
836	FUN_180103ce0	180103ce0	450	OK	4464175
837	FUN_180103eb0	180103eb0	624	OK	4468364
838	FUN_180104130	180104130	16	OK	4468575
839	FUN_180104150	180104150	163	OK	4469434
840	FUN_180104200	180104200	528	OK	4472283
841	FUN_180104430	180104430	128	OK	4473027
842	FUN_1801044c0	1801044c0	88	OK	4473744
843	FUN_180104540	180104540	627	OK	4477558
844	FUN_1801047c0	1801047c0	627	OK	4481370
845	FUN_180104a40	180104a40	627	OK	4485150
846	FUN_180104cc0	180104cc0	459	OK	4488107
847	FUN_180104e90	180104e90	621	OK	4492012
848	FUN_180105100	180105100	459	OK	4494967
849	FUN_1801052d0	1801052d0	621	OK	4498860
850	FUN_180105540	180105540	459	OK	4501817
851	FUN_180105710	180105710	621	OK	4505722
852	FUN_180105980	180105980	459	OK	4508677
853	FUN_180105b50	180105b50	621	OK	4512570
854	FUN_180105dc0	180105dc0	203	OK	4513816
855	FUN_180105e90	180105e90	203	OK	4515062
856	FUN_180105f60	180105f60	203	OK	4516308
857	FUN_180106030	180106030	89	OK	4516966
858	FUN_180106090	180106090	578	OK	4520304
859	FUN_1801062e0	1801062e0	57	OK	4520678
860	FUN_180106320	180106320	115	OK	4521455
861	FUN_1801063a0	1801063a0	759	OK	4525341
862	FUN_1801066a0	1801066a0	142	OK	4526017
863	FUN_180106730	180106730	833	OK	4531485
864	FUN_180106a80	180106a80	109	OK	4531970
865	FUN_180106af0	180106af0	57	OK	4532368
866	FUN_180106b30	180106b30	115	OK	4532878
867	FUN_180106bb0	180106bb0	1284	OK	4539983
868	FUN_1801070c0	1801070c0	19	OK	4540175
869	FUN_1801070e0	1801070e0	174	OK	4541275
870	FUN_180107190	180107190	578	OK	4544722
871	FUN_1801073e0	1801073e0	756	OK	4548608
872	FUN_1801076e0	1801076e0	142	OK	4549284
873	FUN_180107770	180107770	833	OK	4554752
874	FUN_180107ac0	180107ac0	1284	OK	4561857
875	FUN_180107fd0	180107fd0	19	OK	4562049
876	FUN_180107ff0	180107ff0	541	OK	4564381
877	FUN_180108210	180108210	578	OK	4567719
878	FUN_180108460	180108460	509	OK	4570847
879	FUN_180108660	180108660	227	OK	4572055
880	FUN_180108750	180108750	142	OK	4572731
881	FUN_1801087e0	1801087e0	641	OK	4576708
882	FUN_180108a70	180108a70	1088	OK	4582306
883	FUN_180108ec0	180108ec0	641	OK	4586283
884	FUN_180109150	180109150	128	OK	4587145
885	FUN_1801091e0	1801091e0	1088	OK	4592741
886	FUN_180109630	180109630	19	OK	4592933
887	FUN_180109670	180109670	109	OK	4593544
888	FUN_1801096e0	1801096e0	109	OK	4594155
889	FUN_180109750	180109750	109	OK	4594766
890	FUN_1801097c0	1801097c0	728	OK	4598882
891	FUN_180109aa0	180109aa0	2668	OK	4612396
892	FUN_18010a520	18010a520	462	OK	4615389
893	FUN_18010a6f0	18010a6f0	145	OK	4616298
894	FUN_18010a790	18010a790	1284	OK	4623405
895	FUN_18010aca0	18010aca0	268	OK	4625384
896	FUN_18010adb0	18010adb0	311	OK	4627618
897	FUN_18010aef0	18010aef0	1284	OK	4634725
898	FUN_18010b400	18010b400	268	OK	4636704
899	FUN_18010b510	18010b510	395	OK	4638954
900	FUN_18010b6a0	18010b6a0	728	OK	4643070
901	FUN_18010b980	18010b980	2668	OK	4656584
902	FUN_18010c400	18010c400	462	OK	4659577
903	FUN_18010c5d0	18010c5d0	1284	OK	4666684
904	FUN_18010cae0	18010cae0	268	OK	4668663
905	FUN_18010cbf0	18010cbf0	311	OK	4670897
906	FUN_18010cd30	18010cd30	1284	OK	4678004
907	FUN_18010d240	18010d240	268	OK	4679983
908	FUN_18010d350	18010d350	728	OK	4684099
909	FUN_18010d630	18010d630	2403	OK	4696647
910	FUN_18010dfa0	18010dfa0	627	OK	4700457
911	FUN_18010e220	18010e220	1088	OK	4706055
912	FUN_18010e670	18010e670	128	OK	4706917
913	FUN_18010e700	18010e700	178	OK	4708024
914	FUN_18010e7c0	18010e7c0	1088	OK	4713622
915	FUN_18010ec10	18010ec10	128	OK	4714484
916	FUN_18010eca0	18010eca0	27	OK	4714699
917	FUN_18010ecc0	18010ecc0	27	OK	4714914
918	FUN_18010ece0	18010ece0	102	OK	4715594
919	FUN_18010ed50	18010ed50	102	OK	4716274
920	FUN_18010edc0	18010edc0	102	OK	4716954
921	FUN_18010ee30	18010ee30	90	OK	4717588
922	FUN_18010ee90	18010ee90	466	OK	4720592
923	FUN_18010f070	18010f070	466	OK	4723596
924	FUN_18010f250	18010f250	507	OK	4725999
925	FUN_18010f450	18010f450	627	OK	4729808
926	FUN_18010f6d0	18010f6d0	146	OK	4730410
927	FUN_18010f770	18010f770	1245	OK	4741207
928	FUN_18010fc50	18010fc50	635	OK	4745021
929	FUN_18010fed0	18010fed0	462	OK	4747999
930	FUN_1801100a0	1801100a0	462	OK	4750977
931	FUN_180110270	180110270	263	OK	4752298
932	FUN_180110380	180110380	701	OK	4756905
933	FUN_180110660	180110660	211	OK	4758143
934	FUN_180110740	180110740	767	OK	4762296
935	FUN_180110a50	180110a50	936	OK	4767595
936	FUN_180110e20	180110e20	70	OK	4768008
937	FUN_180110e70	180110e70	67	OK	4768549
938	FUN_180110ec0	180110ec0	1507	OK	4781136
939	FUN_1801114b0	1801114b0	103	OK	4782044
940	FUN_180111520	180111520	263	OK	4783365
941	FUN_180111630	180111630	263	OK	4784686
942	FUN_180111740	180111740	334	OK	4786379
943	FUN_1801118a0	1801118a0	377	OK	4788144
944	FUN_180111a20	180111a20	20	OK	4788368
945	FUN_180111a40	180111a40	224	OK	4789474
946	FUN_180111b30	180111b30	182	OK	4790397
947	FUN_180111bf0	180111bf0	263	OK	4791718
948	FUN_180111d00	180111d00	263	OK	4793039
949	FUN_180111e10	180111e10	49	OK	4793296
950	FUN_180111e50	180111e50	368	OK	4795334
951	FUN_180111fd0	180111fd0	95	OK	4796013
952	FUN_180112040	180112040	263	OK	4797334
953	FUN_180112150	180112150	207	OK	4798441
954	FUN_180112220	180112220	208	OK	4799551
955	FUN_1801122f0	1801122f0	167	OK	4800327
956	FUN_1801123a0	1801123a0	429	OK	4802556
957	FUN_180112550	180112550	375	OK	4804267
958	FUN_1801126d0	1801126d0	343	OK	4805853
959	FUN_180112830	180112830	6	OK	4805988
960	FUN_180112840	180112840	588	OK	4809582
961	FUN_180112aa0	180112aa0	561	OK	4812578
962	FUN_180112ce0	180112ce0	93	OK	4813292
963	FUN_180112d40	180112d40	666	OK	4816793
964	FUN_180112ff0	180112ff0	55	OK	4817415
965	FUN_180113030	180113030	561	OK	4820411
966	FUN_180113270	180113270	588	OK	4824005
967	FUN_1801134d0	1801134d0	561	OK	4827001
968	FUN_180113710	180113710	666	OK	4830502
969	FUN_1801139c0	1801139c0	561	OK	4833498
970	FUN_180113c00	180113c00	588	OK	4837092
971	FUN_180113e60	180113e60	561	OK	4840088
972	FUN_1801140a0	1801140a0	666	OK	4843589
973	FUN_180114350	180114350	561	OK	4846585
974	FUN_180114590	180114590	452	OK	4848768
975	FUN_180114760	180114760	4318	OK	4874054
976	FUN_180115910	180115910	1437	OK	4877832
977	FUN_180115f60	180115f60	507	OK	4880587
978	FUN_180116170	180116170	445	OK	4883219
979	FUN_180116340	180116340	422	OK	4885474
980	FUN_1801164f0	1801164f0	405	OK	4887559
981	FUN_180116690	180116690	988	OK	4892983
982	FUN_180116a70	180116a70	915	OK	4897501
983	FUN_180116e10	180116e10	452	OK	4899684
984	FUN_180116fe0	180116fe0	4318	OK	4924970
985	FUN_180118190	180118190	549	OK	4928222
986	FUN_1801183c0	1801183c0	507	OK	4930977
987	FUN_1801185d0	1801185d0	411	OK	4933412
988	FUN_180118780	180118780	506	OK	4936015
989	FUN_180118980	180118980	700	OK	4939763
990	FUN_180118c40	180118c40	452	OK	4941946
991	FUN_180118e10	180118e10	4318	OK	4967232
992	FUN_180119fc0	180119fc0	507	OK	4969987
993	FUN_18011a1d0	18011a1d0	411	OK	4972422
994	FUN_18011a380	18011a380	506	OK	4975025
995	FUN_18011a580	18011a580	700	OK	4978773
996	FUN_18011a840	18011a840	584	OK	4981603
997	FUN_18011aa90	18011aa90	418	OK	4984402
998	FUN_18011ac40	18011ac40	621	OK	4988306
999	FUN_18011aeb0	18011aeb0	169	OK	4989389
1000	FUN_18011af60	18011af60	435	OK	4991922
1001	FUN_18011b120	18011b120	284	OK	4993342
1002	FUN_18011b240	18011b240	581	OK	4996173
1003	FUN_18011b490	18011b490	418	OK	4998974
1004	FUN_18011b640	18011b640	616	OK	5002893
1005	FUN_18011b8b0	18011b8b0	435	OK	5005426
1006	FUN_18011ba70	18011ba70	284	OK	5006846
1007	FUN_18011bb90	18011bb90	674	OK	5010063
1008	FUN_18011be40	18011be40	206	OK	5011082
1009	FUN_18011bf10	18011bf10	677	OK	5015412
1010	FUN_18011c1c0	18011c1c0	435	OK	5017945
1011	FUN_18011c380	18011c380	284	OK	5019365
1012	FUN_18011c4a0	18011c4a0	694	OK	5023735
1013	FUN_18011c770	18011c770	369	OK	5025735
1014	FUN_18011c8f0	18011c8f0	131	OK	5026471
1015	FUN_18011c980	18011c980	178	OK	5027254
1016	FUN_18011ca40	18011ca40	369	OK	5029254
1017	FUN_18011cbc0	18011cbc0	693	OK	5032604
1018	FUN_18011ce80	18011ce80	369	OK	5034604
1019	FUN_18011d000	18011d000	160	OK	5035298
1020	FUN_18011d0a0	18011d0a0	919	OK	5040023
1021	FUN_18011d460	18011d460	182	OK	5040904
1022	FUN_18011d520	18011d520	919	OK	5045629
1023	FUN_18011d8e0	18011d8e0	182	OK	5046510
1024	FUN_18011d9a0	18011d9a0	919	OK	5051235
1025	FUN_18011dd60	18011dd60	182	OK	5052116
1026	FUN_18011de20	18011de20	97	OK	5052569
1027	FUN_18011de90	18011de90	97	OK	5053022
1028	FUN_18011df00	18011df00	97	OK	5053475
1029	FUN_18011df70	18011df70	308	OK	5055124
1030	FUN_18011e0b0	18011e0b0	308	OK	5056773
1031	FUN_18011e1f0	18011e1f0	308	OK	5058422
1032	FUN_18011e330	18011e330	639	OK	5063522
1033	FUN_18011e5b0	18011e5b0	837	OK	5068912
1034	FUN_18011e920	18011e920	666	OK	5073285
1035	FUN_18011ebc0	18011ebc0	666	OK	5077658
1036	FUN_18011ee60	18011ee60	666	OK	5082031
1037	FUN_18011f100	18011f100	1260	OK	5088697
1038	FUN_18011f5f0	18011f5f0	497	OK	5090752
1039	FUN_18011f7f0	18011f7f0	603	OK	5095748
1040	FUN_18011fa50	18011fa50	239	OK	5097102
1041	FUN_18011fb40	18011fb40	608	OK	5100099
1042	FUN_18011fdb0	18011fdb0	1260	OK	5106765
1043	FUN_1801202a0	1801202a0	497	OK	5108820
1044	FUN_1801204a0	1801204a0	239	OK	5110174
1045	FUN_180120590	180120590	1260	OK	5116840
1046	FUN_180120a80	180120a80	497	OK	5118895
1047	FUN_180120c80	180120c80	239	OK	5120249
1048	FUN_180120d70	180120d70	543	OK	5123060
1049	FUN_180120f90	180120f90	464	OK	5126072
1050	FUN_180121170	180121170	459	OK	5129196
1051	FUN_180121340	180121340	464	OK	5132208
1052	FUN_180121520	180121520	459	OK	5135332
1053	FUN_1801216f0	1801216f0	464	OK	5138345
1054	FUN_1801218d0	1801218d0	459	OK	5141469
1055	FUN_180121aa0	180121aa0	576	OK	5144514
1056	FUN_180121cf0	180121cf0	694	OK	5148651
1057	FUN_180121fb0	180121fb0	369	OK	5150749
1058	FUN_180122130	180122130	369	OK	5152787
1059	FUN_1801222b0	1801222b0	207	OK	5153656
1060	FUN_180122380	180122380	429	OK	5156404
1061	FUN_180122540	180122540	463	OK	5160213
1062	FUN_180122720	180122720	76	OK	5160689
1063	FUN_1801227b0	1801227b0	54	OK	5161123
1064	FUN_1801227f0	1801227f0	627	OK	5164935
1065	FUN_180122a90	180122a90	627	OK	5168747
1066	FUN_180122d10	180122d10	451	OK	5171724
1067	FUN_180122ee0	180122ee0	451	OK	5174701
1068	FUN_1801230b0	1801230b0	635	OK	5178503
1069	FUN_180123330	180123330	16	OK	5178723
1070	FUN_180123350	180123350	214	OK	5179991
1071	FUN_180123430	180123430	107	OK	5180483
1072	FUN_1801234a0	1801234a0	179	OK	5181293
1073	FUN_180123560	180123560	179	OK	5182103
1074	FUN_180123620	180123620	68	OK	5182731
1075	FUN_180123670	180123670	214	OK	5183999
1076	FUN_180123750	180123750	179	OK	5184809
1077	FUN_180123810	180123810	179	OK	5185619
1078	FUN_1801238d0	1801238d0	214	OK	5186887
1079	FUN_1801239b0	1801239b0	179	OK	5187697
1080	FUN_180123a70	180123a70	179	OK	5188507
1081	FUN_180123b30	180123b30	462	OK	5191114
1082	FUN_180123d00	180123d00	462	OK	5193721
1083	FUN_180123ed0	180123ed0	462	OK	5196328
1084	FUN_1801240a0	1801240a0	102	OK	5197271
1085	FUN_180124110	180124110	149	OK	5198109
1086	FUN_1801241b0	1801241b0	13	OK	5198298
1087	FUN_1801241c0	1801241c0	503	OK	5201381
1088	FUN_1801243c0	1801243c0	503	OK	5204464
1089	FUN_1801245c0	1801245c0	503	OK	5207547
1090	FUN_1801247c0	1801247c0	1080	OK	5213202
1091	FUN_180124c10	180124c10	1080	OK	5218857
1092	FUN_180125060	180125060	1080	OK	5224512
1093	FUN_1801254b0	1801254b0	52	OK	5224894
1094	FUN_1801254f0	1801254f0	385	OK	5227148
1095	FUN_180125680	180125680	493	OK	5229905
1096	FUN_180125870	180125870	385	OK	5232159
1097	FUN_180125a00	180125a00	493	OK	5234916
1098	FUN_180125bf0	180125bf0	385	OK	5237170
1099	FUN_180125d80	180125d80	493	OK	5239927
1100	FUN_180125f70	180125f70	679	OK	5244600
1101	FUN_180126230	180126230	127	OK	5245883
1102	FUN_1801262b0	1801262b0	98	OK	5246500
1103	FUN_180126320	180126320	676	OK	5252712
1104	FUN_1801265d0	1801265d0	94	OK	5253240
1105	FUN_180126630	180126630	234	OK	5254465
1106	FUN_180126720	180126720	263	OK	5256066
1107	FUN_180126830	180126830	227	OK	5257685
1108	FUN_180126920	180126920	263	OK	5259286
1109	FUN_180126a30	180126a30	227	OK	5260905
1110	FUN_180126b20	180126b20	263	OK	5262506
1111	FUN_180126c30	180126c30	227	OK	5264125
1112	FUN_180126d20	180126d20	1075	OK	5268722
1113	FUN_180127160	180127160	150	OK	5269942
1114	FUN_180127200	180127200	388	OK	5271918
1115	FUN_180127390	180127390	388	OK	5273894
1116	FUN_180127520	180127520	388	OK	5275870
1117	FUN_1801276b0	1801276b0	388	OK	5277846
1118	FUN_180127840	180127840	388	OK	5279822
1119	FUN_1801279d0	1801279d0	388	OK	5281798
1120	FUN_180127b60	180127b60	388	OK	5283774
1121	FUN_180127cf0	180127cf0	388	OK	5285750
1122	FUN_180127e80	180127e80	388	OK	5287726
1123	FUN_180128010	180128010	388	OK	5289702
1124	FUN_1801281a0	1801281a0	388	OK	5291678
1125	FUN_180128330	180128330	388	OK	5293654
1126	FUN_1801284c0	1801284c0	388	OK	5295630
1127	FUN_180128650	180128650	388	OK	5297606
1128	FUN_1801287e0	1801287e0	388	OK	5299582
1129	FUN_180128970	180128970	388	OK	5301560
1130	FUN_180128b00	180128b00	388	OK	5303536
1131	FUN_180128c90	180128c90	388	OK	5305512
1132	FUN_180128e20	180128e20	388	OK	5307488
1133	FUN_180128fb0	180128fb0	388	OK	5309464
1134	FUN_180129140	180129140	1075	OK	5314061
1135	FUN_180129580	180129580	150	OK	5315281
1136	FUN_180129620	180129620	388	OK	5317257
1137	FUN_1801297b0	1801297b0	388	OK	5319233
1138	FUN_180129940	180129940	388	OK	5321209
1139	FUN_180129ad0	180129ad0	388	OK	5323185
1140	FUN_180129c60	180129c60	388	OK	5325161
1141	FUN_180129df0	180129df0	388	OK	5327137
1142	FUN_180129f80	180129f80	388	OK	5329113
1143	FUN_18012a110	18012a110	388	OK	5331089
1144	FUN_18012a2a0	18012a2a0	388	OK	5333065
1145	FUN_18012a430	18012a430	388	OK	5335041
1146	FUN_18012a5c0	18012a5c0	388	OK	5337017
1147	FUN_18012a750	18012a750	388	OK	5338993
1148	FUN_18012a8e0	18012a8e0	388	OK	5340969
1149	FUN_18012aa70	18012aa70	388	OK	5342945
1150	FUN_18012ac00	18012ac00	388	OK	5344921
1151	FUN_18012ad90	18012ad90	388	OK	5346899
1152	FUN_18012af20	18012af20	388	OK	5348875
1153	FUN_18012b0b0	18012b0b0	388	OK	5350851
1154	FUN_18012b240	18012b240	388	OK	5352827
1155	FUN_18012b3d0	18012b3d0	388	OK	5354803
1156	FUN_18012b560	18012b560	1108	OK	5361534
1157	FUN_18012b9c0	18012b9c0	77	OK	5362014
1158	FUN_18012ba10	18012ba10	1075	OK	5366611
1159	FUN_18012be50	18012be50	150	OK	5367831
1160	FUN_18012bef0	18012bef0	388	OK	5369807
1161	FUN_18012c080	18012c080	388	OK	5371783
1162	FUN_18012c210	18012c210	388	OK	5373759
1163	FUN_18012c3a0	18012c3a0	388	OK	5375735
1164	FUN_18012c530	18012c530	388	OK	5377711
1165	FUN_18012c6c0	18012c6c0	388	OK	5379687
1166	FUN_18012c850	18012c850	388	OK	5381663
1167	FUN_18012c9e0	18012c9e0	388	OK	5383639
1168	FUN_18012cb70	18012cb70	388	OK	5385615
1169	FUN_18012cd00	18012cd00	388	OK	5387591
1170	FUN_18012ce90	18012ce90	388	OK	5389567
1171	FUN_18012d020	18012d020	388	OK	5391543
1172	FUN_18012d1b0	18012d1b0	388	OK	5393519
1173	FUN_18012d340	18012d340	388	OK	5395495
1174	FUN_18012d4d0	18012d4d0	388	OK	5397471
1175	FUN_18012d660	18012d660	388	OK	5399449
1176	FUN_18012d7f0	18012d7f0	388	OK	5401425
1177	FUN_18012d980	18012d980	388	OK	5403401
1178	FUN_18012db10	18012db10	388	OK	5405377
1179	FUN_18012dca0	18012dca0	388	OK	5407353
1180	FUN_18012de30	18012de30	1111	OK	5414084
1181	FUN_18012e290	18012e290	352	OK	5415888
1182	FUN_18012e400	18012e400	616	OK	5419910
1183	FUN_18012e670	18012e670	616	OK	5423932
1184	FUN_18012e8e0	18012e8e0	616	OK	5427954
1185	FUN_18012eb50	18012eb50	562	OK	5430569
1186	FUN_18012ed90	18012ed90	473	OK	5432996
1187	FUN_18012ef70	18012ef70	473	OK	5435423
1188	FUN_18012f150	18012f150	473	OK	5437850
1189	FUN_18012f330	18012f330	368	OK	5440649
1190	FUN_18012f4b0	18012f4b0	356	OK	5442580
1191	FUN_18012f620	18012f620	310	OK	5444124
1192	FUN_18012f760	18012f760	648	OK	5447013
1193	FUN_18012f9f0	18012f9f0	360	OK	5448570
1194	FUN_18012fb60	18012fb60	294	OK	5449968
1195	FUN_18012fc90	18012fc90	2321	OK	5463015
1196	FUN_1801305c0	1801305c0	2321	OK	5476062
1197	FUN_180130ef0	180130ef0	2321	OK	5489109
1198	FUN_180131820	180131820	111	OK	5489641
1199	FUN_180131890	180131890	25	OK	5489878
1200	FUN_1801318b0	1801318b0	14	OK	5492025
1201	FUN_1801318d0	1801318d0	14	OK	5494172
1202	FUN_1801318f0	1801318f0	14	OK	5496319
1203	FUN_180131920	180131920	180	OK	5497144
1204	FUN_1801319e0	1801319e0	50	OK	5497453
1205	FUN_180131a20	180131a20	439	OK	5499888
1206	FUN_180131be0	180131be0	102	OK	5500569
1207	FUN_180131c50	180131c50	102	OK	5501250
1208	FUN_180131cc0	180131cc0	64	OK	5501745
1209	FUN_180131d10	180131d10	506	OK	5504330
1210	FUN_180131f10	180131f10	833	OK	5509799
1211	FUN_180132260	180132260	1284	OK	5516907
1212	FUN_180132770	180132770	107	OK	5517424
1213	FUN_1801327e0	1801327e0	506	OK	5520009
1214	FUN_1801329e0	1801329e0	833	OK	5525478
1215	FUN_180132d30	180132d30	1284	OK	5532586
1216	FUN_180133240	180133240	757	OK	5537375
1217	FUN_180133540	180133540	641	OK	5541353
1218	FUN_1801337d0	1801337d0	1088	OK	5546952
1219	FUN_180133c20	180133c20	384	OK	5548926
1220	FUN_180133da0	180133da0	33	OK	5549167
1221	FUN_180133dd0	180133dd0	384	OK	5551141
1222	FUN_180133f50	180133f50	384	OK	5553115
1223	FUN_180134110	180134110	627	OK	5556924
1224	FUN_180134390	180134390	132	OK	5557606
1225	FUN_180134420	180134420	268	OK	5559586
1226	FUN_180134530	180134530	747	OK	5564487
1227	FUN_180134820	180134820	268	OK	5566467
1228	FUN_180134930	180134930	747	OK	5571368
1229	FUN_180134c20	180134c20	128	OK	5572231
1230	FUN_180134cb0	180134cb0	130	OK	5572828
1231	FUN_180134d40	180134d40	64	OK	5573347
1232	FUN_180134d90	180134d90	368	OK	5576308
1233	FUN_180134f00	180134f00	32	OK	5576551
1234	FUN_180134f50	180134f50	32	OK	5576794
1235	FUN_180134fa0	180134fa0	32	OK	5577037
1236	FUN_180134ff0	180134ff0	458	OK	5579243
1237	FUN_1801351c0	1801351c0	280	OK	5580621
1238	FUN_1801352e0	1801352e0	247	OK	5581830
1239	FUN_1801353e0	1801353e0	280	OK	5583208
1240	FUN_180135500	180135500	247	OK	5584417
1241	FUN_180135600	180135600	280	OK	5585795
1242	FUN_180135720	180135720	247	OK	5587004
1243	FUN_180135820	180135820	49	OK	5587333
1244	FUN_180135880	180135880	49	OK	5587662
1245	FUN_1801358e0	1801358e0	49	OK	5587991
1246	FUN_180135940	180135940	655	OK	5592470
1247	FUN_180135bd0	180135bd0	494	OK	5594759
1248	FUN_180135dc0	180135dc0	652	OK	5599199
1249	FUN_180136050	180136050	434	OK	5601860
1250	FUN_180136210	180136210	757	OK	5606183
1251	FUN_180136510	180136510	173	OK	5607283
1252	FUN_1801365c0	1801365c0	434	OK	5609944
1253	FUN_180136780	180136780	757	OK	5614267
1254	FUN_180136a80	180136a80	434	OK	5616928
1255	FUN_180136c40	180136c40	757	OK	5621251
1256	FUN_180136f40	180136f40	172	OK	5622517
1257	FUN_180136ff0	180136ff0	134	OK	5623423
1258	FUN_180137080	180137080	395	OK	5625113
1259	FUN_180137210	180137210	130	OK	5625981
1260	FUN_1801372c0	1801372c0	596	OK	5629041
1261	FUN_180137520	180137520	596	OK	5632101
1262	FUN_180137780	180137780	596	OK	5635162
1263	FUN_1801379e0	1801379e0	206	OK	5636359
1264	FUN_180137ab0	180137ab0	136	OK	5637345
1265	FUN_180137b40	180137b40	652	OK	5641824
1266	FUN_180137dd0	180137dd0	652	OK	5646303
1267	FUN_180138060	180138060	652	OK	5650782
1268	FUN_1801382f0	1801382f0	430	OK	5653323
1269	FUN_1801384b0	1801384b0	752	OK	5657325
1270	FUN_1801387a0	1801387a0	752	OK	5661326
1271	FUN_180138a90	180138a90	747	OK	5665822
1272	FUN_180138d80	180138d80	477	OK	5669174
1273	FUN_180138f60	180138f60	747	OK	5673670
1274	FUN_180139250	180139250	477	OK	5677022
1275	FUN_180139430	180139430	543	OK	5679697
1276	FUN_180139650	180139650	627	OK	5683508
1277	FUN_1801398d0	1801398d0	12	OK	5683723
1278	FUN_1801398e0	1801398e0	12	OK	5683910
1279	FUN_1801398f0	1801398f0	12	OK	5684097
1280	FUN_180139900	180139900	12	OK	5684312
1281	FUN_180139910	180139910	12	OK	5684527
1282	FUN_180139920	180139920	12	OK	5684714
1283	FUN_180139930	180139930	12	OK	5684929
1284	FUN_180139940	180139940	12	OK	5685116
1285	FUN_180139950	180139950	12	OK	5685303
1286	FUN_18013995c	18013995c	77	OK	5685639
1287	__std_fs_code_page	1801399ac	28	OK	5686052
1288	__std_fs_convert_narrow_to_wide	1801399c8	69	OK	5686656
1289	FUN_180139a10	180139a10	203	OK	5687431
1290	__std_fs_get_current_path	180139adc	58	OK	5687983
1291	FUN_180139b18	180139b18	161	OK	5689058
1292	__std_fs_open_handle	180139bbc	87	OK	5689638
1293	_Mbrtowc	180139c14	409	OK	5691839
1294	FUN_180139db0	180139db0	146	OK	5692658
1295	LocalFree	180139e44	7	OK	5693015
1296	_Init_locks	180139e4c	67	OK	5693605
1297	_Lockit	180139e90	59	OK	5694137
1298	FUN_180139ecc	180139ecc	59	OK	5694697
1299	~_Lockit	180139f08	50	OK	5695254
1300	FUN_180139f3c	180139f3c	30	OK	5695498
1301	FUN_180139f5c	180139f5c	60	OK	5695822
1302	FUN_180139f98	180139f98	71	OK	5696233
1303	FUN_180139fe0	180139fe0	60	OK	5696556
1304	FUN_18013a01c	18013a01c	60	OK	5696880
1305	FUN_18013a058	18013a058	71	OK	5697291
1306	FUN_18013a0a0	18013a0a0	71	OK	5697703
1307	FUN_18013a0e8	18013a0e8	31	OK	5697997
1308	FUN_18013a108	18013a108	34	OK	5698313
1309	FUN_18013a12c	18013a12c	34	OK	5698629
1310	FUN_18013a150	18013a150	34	OK	5698945
1311	_Locimp	18013a174	134	OK	5699871
1312	operator=	18013a1fc	118	OK	5700888
1313	`scalar_deleting_destructor'	18013a280	92	OK	5701590
1314	_Facet_Register	18013a2dc	56	OK	5702151
1315	FUN_18013a314	18013a314	8	OK	5702294
1316	FUN_18013a31c	18013a31c	242	OK	5703633
1317	_Locimp_dtor	18013a410	123	OK	5704509
1318	_Locinfo_ctor	18013a48c	105	OK	5705300
1319	_Locinfo_dtor	18013a4f8	25	OK	5705764
1320	_New_Locimp	18013a514	46	OK	5706314
1321	FUN_18013a544	18013a544	50	OK	5706576
1322	_Deletegloballocale	18013a578	58	OK	5707062
1323	FUN_18013a5c0	18013a5c0	51	OK	5707353
1324	__uncaught_exception	18013a5f4	5	OK	5707646
1325	_Ios_base_dtor	18013a5fc	117	OK	5708549
1326	_Tidy	18013a674	127	OK	5709529
1327	FUN_18013a6f4	18013a6f4	40	OK	5709889
1328	FUN_18013a71c	18013a71c	34	OK	5710196
1329	FUN_18013a740	18013a740	293	OK	5711922
1330	FUN_18013a868	18013a868	56	OK	5712466
1331	FUN_18013a8a4	18013a8a4	70	OK	5712945
1332	FUN_18013a8ec	18013a8ec	39	OK	5713300
1333	_Getwctype	18013a914	48	OK	5713773
1334	_Getwctypes	18013a944	47	OK	5714228
1335	FUN_18013a980	18013a980	11	OK	5714582
1336	FUN_18013a98c	18013a98c	436	OK	5716917
1337	FUN_18013ab40	18013ab40	24	OK	5717150
1338	FUN_18013ab60	18013ab60	11	OK	5717504
1339	FUN_18013ab6c	18013ab6c	18	OK	5717680
1340	FUN_18013ab80	18013ab80	57	OK	5718047
1341	FUN_18013abbc	18013abbc	7	OK	5718212
1342	_Mtx_unlock	18013abc4	38	OK	5718690
1343	_Towlower	18013abec	115	OK	5719548
1344	FUN_18013ac60	18013ac60	190	OK	5721517
1345	FUN_18013ad20	18013ad20	305	OK	5723363
1346	_Getcvt	18013ae54	152	OK	5726243
1347	_Wcrtomb	18013aeec	124	OK	5727110
1348	FUN_18013af68	18013af68	321	OK	5728954
1349	_Towupper	18013b0ac	120	OK	5729812
1350	DeleteCriticalSection	18013b124	7	OK	5730205
1351	FUN_18013b12c	18013b12c	15	OK	5730564
1352	EnterCriticalSection	18013b13c	7	OK	5730954
1353	LeaveCriticalSection	18013b144	7	OK	5731344
1354	FUN_18013b14c	18013b14c	58	OK	5731741
1355	FUN_18013b188	18013b188	204	OK	5732715
1356	_Xtime_get_ticks	18013b254	48	OK	5733147
1357	xtime_get	18013b284	86	OK	5733724
1358	FUN_18013b2dc	18013b2dc	139	OK	5734258
1359	FUN_18013b368	18013b368	770	OK	5740967
1360	__security_check_cookie	18013b680	30	OK	5741309
1361	thunk_FUN_180151188	18013b6a0	5	OK	5741752
1362	FUN_18013b6a8	18013b6a8	57	OK	5742223
1363	_Init_thread_footer	18013b6e4	105	OK	5743006
1364	_Init_thread_header	18013b750	120	OK	5743929
1365	FUN_18013b7c8	18013b7c8	58	OK	5744424
1366	FUN_18013b804	18013b804	428	OK	5746256
1367	`eh_vector_destructor_iterator'	18013b9b0	107	OK	5747022
1368	__ArrayUnwind	18013ba1c	97	OK	5747620
1369	__scrt_acquire_startup_lock	18013ba80	57	OK	5748516
1370	__scrt_dllmain_after_initialize_c	18013babc	52	OK	5749084
1371	FUN_18013baf0	18013baf0	21	OK	5749267
1372	__scrt_dllmain_crt_thread_attach	18013bb08	40	OK	5749796
1373	__scrt_dllmain_crt_thread_detach	18013bb30	21	OK	5750171
1374	__scrt_dllmain_exception_filter	18013bb48	96	OK	5750819
1375	__scrt_dllmain_uninitialize_c	18013bba8	48	OK	5751347
1376	FUN_18013bbd8	18013bbd8	20	OK	5751525
1377	__scrt_initialize_crt	18013bbec	73	OK	5752035
1378	FUN_18013bc38	18013bc38	138	OK	5752989
1379	FUN_18013bcc4	18013bcc4	150	OK	5754359
1380	__scrt_release_startup_lock	18013bd5c	36	OK	5754842
1381	__scrt_uninitialize_crt	18013bd80	41	OK	5755250
1382	_onexit	18013bdac	58	OK	5755724
1383	atexit	18013bde8	23	OK	5756043
1384	FUN_18013be00	18013be00	43	OK	5756320
1385	`eh_vector_constructor_iterator'	18013be2c	112	OK	5757089
1386	FUN_18013bea0	18013bea0	80	OK	5757684
1387	FUN_18013bef0	18013bef0	276	OK	5758918
1388	FUN_18013c008	18013c008	129	OK	5759741
1389	dllmain_dispatch	18013c08c	299	OK	5761185
1390	entry	18013c1c0	61	OK	5761438
1391	__GSHandlerCheck	18013c200	29	OK	5761853
1392	__GSHandlerCheckCommon	18013c220	91	OK	5762542
1393	__GSHandlerCheck_EH4	18013c27c	127	OK	5763103
1394	__chkstk	18013c310	78	OK	5763815
1395	__raise_securityfailure	18013c360	52	OK	5764517
1396	FUN_18013c3a0	18013c3a0	210	OK	5765556
1397	FUN_18013c474	18013c474	19	OK	5765700
1398	FUN_18013c488	18013c488	156	OK	5766641
1399	capture_current_context	18013c524	109	OK	5767441
1400	capture_previous_context	18013c594	113	OK	5768346
1401	thunk_FUN_180151188	18013c608	5	OK	5768789
1402	__scrt_is_ucrt_dll_in_use	18013c610	12	OK	5769098
1403	FUN_18013c61c	18013c61c	8	OK	5769329
1404	FUN_18013c624	18013c624	331	OK	5771665
1405	__security_init_cookie	18013c770	172	OK	5772832
1406	FUN_18013c81c	18013c81c	14	OK	5773161
1407	FUN_18013c82c	18013c82c	12	OK	5773318
1408	FUN_18013c838	18013c838	8	OK	5773463
1409	FUN_18013c840	18013c840	27	OK	5773746
1410	FUN_18013c85c	18013c85c	8	OK	5773891
1411	FUN_18013c864	18013c864	60	OK	5774208
1412	FUN_18013c8a0	18013c8a0	60	OK	5774525
1413	_CallSETranslator<>	18013c8e0	81	OK	5776102
1414	_CallSETranslator<__FrameHandler4>	18013c934	81	OK	5777013
1415	FUN_18013c988	18013c988	98	OK	5777542
1416	FUN_18013c9ec	18013c9ec	306	OK	5779706
1417	FUN_18013cb20	18013cb20	42	OK	5779997
1418	FUN_18013cb4c	18013cb4c	5	OK	5780161
1419	FrameUnwindToEmptyState	18013cb54	100	OK	5780999
1420	FrameUnwindToEmptyState	18013cbb8	50	OK	5781728
1421	FUN_18013cbec	18013cbec	210	OK	5783093
1422	GetEstablisherFrame	18013ccc0	33	OK	5783804
1423	FUN_18013cce4	18013cce4	317	OK	5785640
1424	FUN_18013ce24	18013ce24	361	OK	5787927
1425	FUN_18013cf90	18013cf90	259	OK	5789975
1426	FUN_18013d094	18013d094	287	OK	5791996
1427	FUN_18013d1b4	18013d1b4	450	OK	5795203
1428	_CreateFrameInfo	18013d378	58	OK	5795881
1429	FUN_18013d3b4	18013d3b4	82	OK	5796527
1430	_GetImageBase	18013d408	18	OK	5796835
1431	_GetThrowImageBase	18013d41c	18	OK	5797158
1432	_SetImageBase	18013d430	24	OK	5797487
1433	FUN_18013d448	18013d448	24	OK	5797716
1434	FUN_18013d460	18013d460	134	OK	5798402
1435	__CxxFrameHandler4	18013d4e8	191	OK	5799634
1436	__DestructExceptionObject	18013d5b0	107	OK	5800461
1437	FUN_18013d620	18013d620	3	OK	5800822
1438	_IsExceptionObjectToBeDestroyed	18013d624	47	OK	5801439
1439	__AdjustPointer	18013d654	35	OK	5801927
1440	FUN_18013d678	18013d678	101	OK	5802672
1441	FUN_18013d6e0	18013d6e0	18	OK	5802861
1442	FUN_18013d6f4	18013d6f4	18	OK	5803050
1443	Unwind@18013d708	18013d708	9	OK	5803246
1444	FUN_18013d714	18013d714	510	OK	5806272
1445	__std_exception_copy	18013d914	141	OK	5807152
1446	__std_exception_destroy	18013d9a4	37	OK	5807582
1447	FUN_18013d9cc	18013d9cc	9	OK	5807725
1448	FUN_18013d9e0	18013d9e0	25	OK	5808038
1449	_CxxThrowException	18013d9fc	160	OK	5809047
1450	FUN_18013dab0	18013dab0	16	OK	5809355
1451	FUN_18013dad0	18013dad0	1626	OK	5831133
1452	__uncaught_exception	18013e168	30	OK	5831564
1453	FUN_18013e1a0	18013e1a0	16	OK	5831876
1454	FUN_18013e1c0	18013e1c0	878	OK	5839624
1455	FUN_18013e560	18013e560	144	OK	5844849
1456	memcmp	18013e600	198	OK	5848041
1457	__vcrt_initialize	18013e6c8	40	OK	5848483
1458	__vcrt_thread_attach	18013e6f0	20	OK	5848794
1459	__vcrt_thread_detach	18013e704	18	OK	5849098
1460	__vcrt_uninitialize	18013e718	25	OK	5849449
1461	__vcrt_uninitialize_critical	18013e734	16	OK	5849785
1462	__std_type_info_compare	18013e744	39	OK	5850415
1463	FUN_18013e76c	18013e76c	42	OK	5850791
1464	FUN_18013e7a0	18013e7a0	31	OK	5851030
1465	__vcrt_freeptd	18013e7c0	79	OK	5851588
1466	FUN_18013e810	18013e810	24	OK	5851866
1467	__vcrt_getptd_noexit	18013e82c	195	OK	5853043
1468	__vcrt_getptd_noinit	18013e8f0	78	OK	5853625
1469	__vcrt_initialize_ptd	18013e940	73	OK	5854232
1470	__vcrt_uninitialize_ptd	18013e98c	35	OK	5854595
1471	GetCurrentState	18013e9b0	39	OK	5855252
1472	GetUnwindTryBlock	18013e9d8	41	OK	5855972
1473	SetState	18013ea04	12	OK	5856435
1474	SetUnwindTryBlock	18013ea10	59	OK	5857332
1475	FUN_18013ea4c	18013ea4c	8	OK	5857532
1476	FUN_18013ea54	18013ea54	8	OK	5857732
1477	FUN_18013ea5c	18013ea5c	101	OK	5858642
1478	FUN_18013eac4	18013eac4	237	OK	5859945
1479	BuildCatchObjectHelperInternal<__FrameHandler3>	18013ebb4	503	OK	5863572
1480	BuildCatchObjectHelperInternal<__FrameHandler4>	18013edb4	506	OK	5867207
1481	BuildCatchObjectInternal<__FrameHandler3>	18013efb8	186	OK	5868721
1482	BuildCatchObjectInternal<__FrameHandler4>	18013f078	187	OK	5870229
1483	CatchIt<__FrameHandler3>	18013f13c	209	OK	5871764
1484	CatchIt<__FrameHandler4>	18013f210	209	OK	5873296
1485	FUN_18013f2e4	18013f2e4	1251	OK	5880399
1486	FUN_18013f7cc	18013f7cc	1295	OK	5889208
1487	FUN_18013fce0	18013fce0	536	OK	5892848
1488	FindHandlerForForeignException<__FrameHandler4>	18013fefc	750	OK	5897579
1489	TypeMatchHelper<__FrameHandler3>	1801401ec	317	OK	5899895
1490	TypeMatchHelper<__FrameHandler4>	18014032c	322	OK	5902216
1491	FUN_180140470	180140470	572	OK	5905291
1492	FUN_1801406b0	1801406b0	668	OK	5909058
1493	thunk_FUN_180140470	180140950	5	OK	5912149
1494	FUN_180140958	180140958	91	OK	5912812
1495	FUN_1801409b4	1801409b4	122	OK	5913738
1496	TryBlockMap4	180140a30	213	OK	5915505
1497	FUN_180140b08	180140b08	60	OK	5915830
1498	FUN_180140b44	180140b44	30	OK	5916077
1499	CxxCallCatchBlock	180140b70	370	OK	5917999
1500	FUN_180140d60	180140d60	473	OK	5919996
1501	FUN_180140fbc	180140fbc	404	OK	5923058
1502	ExFilterRethrow	180141150	134	OK	5924214
1503	ExFilterRethrowFH4	1801411d8	48	OK	5924825
1504	FrameUnwindToState	180141208	362	OK	5927047
1505	FUN_180141394	180141394	733	OK	5930641
1506	FUN_180141690	180141690	153	OK	5931230
1507	FUN_18014172c	18014172c	236	OK	5932708
1508	Is_bad_exception_allowed	18014181c	136	OK	5933737
1509	FUN_1801418a4	1801418a4	156	OK	5934855
1510	FUN_180141940	180141940	9	OK	5935250
1511	_CallMemberFunction2	18014194c	15	OK	5935841
1512	FUN_18014195c	18014195c	206	OK	5937222
1513	FUN_180141a2c	180141a2c	176	OK	5938442
1514	_NLG_Notify	180141af0	24	OK	5938707
1515	FUN_180141b10	180141b10	1	OK	5938830
1516	FUN_180141b20	180141b20	1	OK	5938953
1517	__except_validate_context_record	180141b24	55	OK	5939597
1518	__vcrt_initialize_locks	180141b5c	71	OK	5940230
1519	__vcrt_uninitialize_locks	180141ba4	55	OK	5940748
1520	_CallSettingFrame	180141bf0	64	OK	5941182
1521	_CallSettingFrame_LookupContinuationIndex	180141c40	42	OK	5941655
1522	_CallSettingFrame_NotifyContinuationAddr	180141c70	38	OK	5942057
1523	_CallSettingFrameEncoded	180141ca0	71	OK	5942663
1524	FUN_180141ce8	180141ce8	41	OK	5942874
1525	FUN_180141d14	180141d14	27	OK	5943115
1526	_aligned_malloc	180141d30	127	OK	5944113
1527	FUN_180141db0	180141db0	102	OK	5944741
1528	_calloc_base	180141e18	5	OK	5945427
1529	FUN_180141e20	180141e20	95	OK	5945956
1530	FUN_180141e80	180141e80	764	OK	5950760
1531	thunk_FUN_180141e80	180142180	5	OK	5955582
1532	FUN_180142188	180142188	156	OK	5956501
1533	FUN_180142224	180142224	225	OK	5957744
1534	common_flush_all	180142308	93	OK	5958567
1535	FUN_180142368	180142368	140	OK	5959395
1536	FUN_1801423f4	1801423f4	210	OK	5960904
1537	common_flush_all	1801424c8	7	OK	5961104
1538	__crt_time_is_leap_year<>	1801424d0	90	OK	5961893
1539	_LocaleUpdate	18014252c	155	OK	5963663
1540	FUN_1801425c8	1801425c8	246	OK	5964370
1541	FUN_1801426c0	1801426c0	3776	OK	5982598
1542	FUN_180143580	180143580	333	OK	5984555
1543	FUN_1801436d0	1801436d0	1288	OK	5993495
1544	FUN_180143bd8	180143bd8	1706	OK	6003370
1545	FUN_180144284	180144284	30	OK	6003513
1546	FUN_1801442a4	1801442a4	393	OK	6005798
1547	FUN_180144430	180144430	122	OK	6006355
1548	FUN_1801444ac	1801444ac	165	OK	6007227
1549	FUN_180144554	180144554	152	OK	6008378
1550	wcscpy_s	1801445ec	101	OK	6009426
1551	FUN_180144654	180144654	159	OK	6010463
1552	FUN_180144700	180144700	786	OK	6024351
1553	FUN_180144ad0	180144ad0	431	OK	6027073
1554	FUN_180144c80	180144c80	168	OK	6027911
1555	FUN_180144d28	180144d28	692	OK	6032219
1556	FUN_180144fdc	180144fdc	515	OK	6035504
1557	FUN_1801451e0	1801451e0	515	OK	6038789
1558	FUN_1801453e4	1801453e4	515	OK	6042074
1559	FUN_1801455e8	1801455e8	109	OK	6042989
1560	FUN_180145658	180145658	170	OK	6044080
1561	FUN_180145704	180145704	132	OK	6045146
1562	FUN_180145788	180145788	109	OK	6046066
1563	FUN_1801457f8	1801457f8	176	OK	6047137
1564	FUN_1801458a8	1801458a8	132	OK	6048208
1565	FUN_18014592c	18014592c	106	OK	6049134
1566	FUN_180145998	180145998	141	OK	6050015
1567	FUN_180145a28	180145a28	891	OK	6056898
1568	FUN_180145da4	180145da4	391	OK	6060483
1569	FUN_180145f2c	180145f2c	1028	OK	6067827
1570	FUN_180146330	180146330	124	OK	6069034
1571	FUN_1801463ac	1801463ac	593	OK	6072733
1572	FUN_180146600	180146600	210	OK	6074155
1573	FUN_1801466d4	1801466d4	182	OK	6075907
1574	FUN_18014678c	18014678c	153	OK	6077049
1575	FUN_180146830	180146830	118	OK	6077671
1576	write_string	1801468a8	163	OK	6079232
1577	FUN_18014694c	18014694c	273	OK	6081086
1578	FUN_180146a60	180146a60	106	OK	6081637
1579	FUN_180146acc	180146acc	76	OK	6082107
1580	FUN_180146b18	180146b18	365	OK	6083657
1581	FUN_180146c88	180146c88	8	OK	6083908
1582	FUN_180146c90	180146c90	155	OK	6084950
1583	FUN_180146d2c	180146d2c	183	OK	6085768
1584	FUN_180146de4	180146de4	30	OK	6085920
1585	FUN_180146e04	180146e04	46	OK	6086183
1586	_invoke_watson	180146e34	71	OK	6087187
1587	__acrt_initialize_stdio	180146e80	287	OK	6088477
1588	__acrt_uninitialize_stdio	180146fa0	91	OK	6089105
1589	FUN_180146ffc	180146ffc	11	OK	6089469
1590	FUN_180147008	180147008	11	OK	6089833
1591	FUN_180147014	180147014	51	OK	6090170
1592	FUN_180147048	180147048	207	OK	6091671
1593	FUN_180147118	180147118	37	OK	6092012
1594	FUN_180147140	180147140	34	OK	6092383
1595	FUN_180147164	180147164	35	OK	6092683
1596	FUN_180147188	180147188	35	OK	6092983
1597	FUN_1801471ac	1801471ac	113	OK	6093626
1598	thunk_FUN_180151188	180147220	5	OK	6094069
1599	FUN_180147228	180147228	236	OK	6094777
1600	FUN_180147314	180147314	419	OK	6096275
1601	___lc_codepage_func	1801474b8	47	OK	6096725
1602	___lc_locale_name_func	1801474e8	50	OK	6097195
1603	___mb_cur_max_func	18014751c	47	OK	6097638
1604	FUN_180147550	180147550	1662	OK	6109123
1605	terminate	180147bd0	31	OK	6109576
1606	_malloc_base	180147bf0	5	OK	6110162
1607	__acrt_initialize_locks	180147c00	72	OK	6110811
1608	__acrt_lock	180147c48	25	OK	6111369
1609	__acrt_uninitialize_locks	180147c70	55	OK	6111945
1610	__acrt_unlock	180147ca8	25	OK	6112461
1611	_lock_locales	180147cc4	27	OK	6112978
1612	FUN_180147ce0	180147ce0	14	OK	6113328
1613	operator()<>	180147cf0	61	OK	6114664
1614	FUN_180147d30	180147d30	669	OK	6117481
1615	setlocale	180147fd0	76	OK	6118209
1616	abort	18014801c	86	OK	6119067
1617	rand_s	180148074	76	OK	6119829
1618	__pctype_func	1801480c0	47	OK	6120265
1619	islower	1801480f0	166	OK	6121032
1620	isupper	1801481a0	166	OK	6121799
1621	FUN_180148248	180148248	129	OK	6122564
1622	FUN_1801482d0	1801482d0	1164	OK	6128795
1623	memcpy_s	18014875c	135	OK	6129750
1624	FUN_1801487f0	1801487f0	5351	OK	6150951
1625	FUN_180149e90	180149e90	3443	OK	6167762
1626	FUN_18014ad48	18014ad48	361	OK	6173616
1627	FUN_18014aeb4	18014aeb4	500	OK	6179820
1628	__strncnt	18014b0a8	21	OK	6180295
1629	FUN_18014b0c0	18014b0c0	377	OK	6182651
1630	FUN_18014b23c	18014b23c	281	OK	6184327
1631	FUN_18014b358	18014b358	8	OK	6184491
1632	FUN_18014b360	18014b360	52	OK	6184844
1633	FUN_18014b394	18014b394	55	OK	6185165
1634	_seh_filter_dll	18014b3cc	19	OK	6185554
1635	FUN_18014b3e0	18014b3e0	365	OK	6188261
1636	operator()<>	18014b550	56	OK	6189542
1637	FUN_18014b588	18014b588	187	OK	6190335
1638	FUN_18014b64c	18014b64c	197	OK	6191591
1639	FUN_18014b714	18014b714	49	OK	6191991
1640	FUN_18014b748	18014b748	33	OK	6192304
1641	FUN_18014b76c	18014b76c	101	OK	6192853
1642	FUN_18014b7d4	18014b7d4	8	OK	6193017
1643	FUN_18014b7dc	18014b7dc	13	OK	6193165
1644	FUN_18014b7ec	18014b7ec	12	OK	6193331
1645	FUN_18014b7f8	18014b7f8	8	OK	6193474
1646	FUN_18014b800	18014b800	453	OK	6196519
1647	__acrt_allocate_buffer_for_argv	18014b9c8	93	OK	6197243
1648	_configure_narrow_argv	18014ba28	390	OK	6199668
1649	FUN_18014bbb0	18014bbb0	115	OK	6200403
1650	FUN_18014bc24	18014bc24	110	OK	6201103
1651	FUN_18014bc94	18014bc94	270	OK	6202744
1652	FUN_18014bda4	18014bda4	282	OK	6204406
1653	free_environment<>	18014bec0	65	OK	6205129
1654	FUN_18014bf04	18014bf04	186	OK	6205960
1655	uninitialize_environment_internal<>	18014bfc0	26	OK	6206562
1656	uninitialize_environment_internal<>	18014bfdc	26	OK	6207164
1657	__dcrt_get_or_create_wide_environment_nolock	18014bff8	59	OK	6207803
1658	FUN_18014c034	18014c034	67	OK	6208111
1659	thunk_FUN_18014bbb0	18014c078	5	OK	6208856
1660	operator()<>	18014c080	59	OK	6210176
1661	operator()<>	18014c0bc	59	OK	6212368
1662	FUN_18014c0f8	18014c0f8	432	OK	6214981
1663	FUN_18014c2a8	18014c2a8	278	OK	6217070
1664	FUN_18014c3c0	18014c3c0	15	OK	6217261
1665	FUN_18014c3d0	18014c3d0	67	OK	6217754
1666	_initialize_onexit_table	18014c414	39	OK	6218285
1667	_register_onexit_function	18014c43c	72	OK	6218970
1668	FUN_18014c490	18014c490	17	OK	6219150
1669	FUN_18014c4b0	18014c4b0	35	OK	6219370
1670	FUN_18014c4e0	18014c4e0	3	OK	6219501
1671	FUN_18014c4f0	18014c4f0	16	OK	6219652
1672	FUN_18014c500	18014c500	61	OK	6219960
1673	FUN_18014c540	18014c540	7	OK	6220109
1674	FUN_18014c550	18014c550	64	OK	6220479
1675	FUN_18014c590	18014c590	91	OK	6220823
1676	FUN_18014c5ec	18014c5ec	19	OK	6221013
1677	FUN_18014c600	18014c600	20	OK	6221196
1678	__acrt_thread_detach	18014c614	16	OK	6221527
1679	__acrt_uninitialize	18014c624	53	OK	6222001
1680	FUN_18014c65c	18014c65c	16	OK	6222162
1681	FUN_18014c66c	18014c66c	55	OK	6222462
1682	_initterm_e	18014c6a4	61	OK	6222995
1683	strcpy_s	18014c6e4	95	OK	6223994
1684	FUN_18014c744	18014c744	1946	OK	6233801
1685	FUN_18014cee0	18014cee0	176	OK	6235004
1686	_msize_base	18014cf90	57	OK	6235674
1687	FUN_18014cfcc	18014cfcc	39	OK	6236060
1688	operator()<>	18014cff4	63	OK	6237429
1689	operator()<>	18014d034	61	OK	6238776
1690	operator()<>	18014d074	69	OK	6240160
1691	operator()<>	18014d0bc	95	OK	6241698
1692	construct_ptd_array	18014d11c	205	OK	6242952
1693	FUN_18014d1f0	18014d1f0	32	OK	6243193
1694	destroy_ptd_array	18014d210	245	OK	6244597
1695	replace_current_thread_locale_nolock	18014d308	103	OK	6245532
1696	__acrt_freeptd	18014d370	65	OK	6246076
1697	FUN_18014d3b4	18014d3b4	210	OK	6247356
1698	FUN_18014d488	18014d488	161	OK	6248337
1699	FUN_18014d52c	18014d52c	200	OK	6249498
1700	FUN_18014d5f4	18014d5f4	190	OK	6250625
1701	__acrt_initialize_ptd	18014d6c0	57	OK	6251149
1702	__acrt_uninitialize_ptd	18014d700	34	OK	6251570
1703	operator()<<lambda_1d892b297fdedeee07ed8124eeb2f2fa>,<lambda_ffc046909424fd52df0ac47e64813305>&___ptr64,<lambda_01a7098693036236037e7cdb9bca3d73>_>	18014d724	314	OK	6254398
1704	operator()<<lambda_410d79af7f07d98d83a3f525b3859a53>,<lambda_3e16ef9562a7dcce91392c22ab16ea36>&___ptr64,<lambda_38119f0e861e05405d8a144b9b982f0a>_>	18014d860	110	OK	6255943
1705	operator()<<lambda_7f2adfce497ff2baa965cd4f576ecfd1>,<lambda_2a444430fde8c29194d880d93eed5e8f>&___ptr64,<lambda_8dff2cf36a5417162780cd64fa2883ef>&___ptr64>	18014d8d0	41	OK	6257325
1706	operator()	18014d8fc	142	OK	6258788
1707	FUN_18014d98c	18014d98c	118	OK	6259226
1708	FUN_18014da04	18014da04	129	OK	6259788
1709	FUN_18014da88	18014da88	12	OK	6260015
1710	__acrt_uninitialize_locale	18014daa0	46	OK	6260869
1711	FUN_18014dad0	18014dad0	161	OK	6261480
1712	FUN_18014db74	18014db74	357	OK	6263271
1713	FUN_18014dcdc	18014dcdc	190	OK	6265659
1714	FUN_18014dd9c	18014dd9c	1167	OK	6271627
1715	FUN_18014e230	18014e230	103	OK	6272130
1716	_wsetlocale	18014e298	161	OK	6273783
1717	FUN_18014e33c	18014e33c	489	OK	6276876
1718	FUN_18014e528	18014e528	659	OK	6280516
1719	FUN_18014e7c0	18014e7c0	838	OK	6285563
1720	FUN_18014eb08	18014eb08	507	OK	6288502
1721	FUN_18014ed04	18014ed04	70	OK	6289003
1722	FUN_18014ed4c	18014ed4c	136	OK	6289573
1723	FUN_18014edd8	18014edd8	243	OK	6290588
1724	FUN_18014eecc	18014eecc	142	OK	6291176
1725	FUN_18014ef5c	18014ef5c	105	OK	6291667
1726	FUN_18014efc8	18014efc8	253	OK	6293196
1727	FUN_18014f0c8	18014f0c8	264	OK	6294907
1728	__acrt_initialize_lowio	18014f1d0	59	OK	6295366
1729	__acrt_uninitialize_lowio	18014f210	64	OK	6295900
1730	_calloc_base	18014f250	117	OK	6296687
1731	FUN_18014f2c8	18014f2c8	79	OK	6297252
1732	FUN_18014f318	18014f318	183	OK	6298342
1733	FUN_18014f420	18014f420	100	OK	6299098
1734	FUN_18014f484	18014f484	25	OK	6299324
1735	FUN_18014f4a0	18014f4a0	79	OK	6299609
1736	FUN_18014f4f0	18014f4f0	8	OK	6299755
1737	FUN_18014f4f8	18014f4f8	8	OK	6299901
1738	FUN_18014f500	18014f500	8	OK	6300047
1739	FUN_18014f508	18014f508	8	OK	6300190
1740	FUN_18014f510	18014f510	8	OK	6300333
1741	FUN_18014f518	18014f518	47	OK	6300732
1742	FUN_18014f548	18014f548	47	OK	6301131
1743	FUN_18014f578	18014f578	47	OK	6301530
1744	common_gmtime_s<__int64>	18014f5a8	408	OK	6304643
1745	compute_year	18014f740	240	OK	6305825
1746	common_gmtime_s<__int64>	18014f830	5	OK	6308757
1747	FUN_18014f838	18014f838	761	OK	6311043
1748	FUN_18014fb34	18014fb34	500	OK	6313194
1749	FUN_18014fd2c	18014fd2c	224	OK	6314406
1750	FUN_18014fe10	18014fe10	637	OK	6317599
1751	FUN_180150090	180150090	391	OK	6319423
1752	FUN_180150218	180150218	279	OK	6320810
1753	FUN_180150330	180150330	127	OK	6321271
1754	__tzset	1801503b0	66	OK	6321731
1755	_isindst	1801503f4	48	OK	6322102
1756	FUN_180150424	180150424	139	OK	6322946
1757	_commit	1801504b0	145	OK	6324000
1758	FUN_180150544	180150544	1144	OK	6331225
1759	FUN_1801509bc	1801509bc	263	OK	6332961
1760	FUN_180150ac4	180150ac4	286	OK	6334745
1761	FUN_180150be4	180150be4	373	OK	6336774
1762	FUN_180150d5c	180150d5c	285	OK	6338282
1763	FUN_180150e7c	180150e7c	780	OK	6343181
1764	FUN_180151188	180151188	60	OK	6343613
1765	_malloc_base	1801511c4	94	OK	6344329
1766	__ascii_wcsicmp	180151224	62	OK	6344980
1767	_wcsicmp	180151264	70	OK	6345558
1768	FUN_1801512ac	1801512ac	305	OK	6347385
1769	FUN_1801513e0	1801513e0	43	OK	6347944
1770	operator()<>	18015140c	121	OK	6349457
1771	FUN_180151488	180151488	444	OK	6351799
1772	FUN_180151644	180151644	78	OK	6352559
1773	__acrt_AreFileApisANSI	180151694	58	OK	6353341
1774	__acrt_CompareStringEx	1801516d0	220	OK	6354205
1775	__acrt_EnumSystemLocalesEx	1801517ac	149	OK	6355099
1776	FlsAlloc	180151844	7	OK	6355476
1777	FlsFree	18015184c	7	OK	6355831
1778	FlsGetValue	180151854	7	OK	6356203
1779	FlsSetValue	18015185c	7	OK	6356596
1780	__acrt_GetDateFormatEx	180151864	182	OK	6357413
1781	__acrt_GetLocaleInfoEx	18015191c	130	OK	6358089
1782	__acrt_GetTimeFormatEx	1801519a0	171	OK	6358866
1783	__acrt_GetUserDefaultLocaleName	180151a4c	97	OK	6359535
1784	__acrt_InitializeCriticalSectionEx	180151ab0	97	OK	6360203
1785	__acrt_IsValidLocaleName	180151b14	86	OK	6361239
1786	__acrt_LCIDToLocaleName	180151b6c	112	OK	6361816
1787	__acrt_LCMapStringEx	180151bdc	220	OK	6362670
1788	__acrt_LocaleNameToLCID	180151cb8	80	OK	6363226
1789	FUN_180151d08	180151d08	78	OK	6363938
1790	FUN_180151d58	180151d58	46	OK	6364173
1791	__acrt_eagerly_load_locale_apis	180151d88	346	OK	6365306
1792	FUN_180151ef0	180151ef0	35	OK	6365698
1793	__acrt_uninitialize_winapi_thunks	180151f20	65	OK	6366445
1794	__acrt_update_locale_info	180151f64	49	OK	6366952
1795	FUN_180151f98	180151f98	53	OK	6367328
1796	FUN_180151fd0	180151fd0	49	OK	6367650
1797	FUN_180152004	180152004	53	OK	6368007
1798	FUN_18015203c	18015203c	119	OK	6368640
1799	FUN_1801520b4	1801520b4	193	OK	6369829
1800	FUN_180152178	180152178	205	OK	6370884
1801	FUN_180152248	180152248	28	OK	6371364
1802	__acrt_stdio_free_buffer_nolock	180152264	66	OK	6372013
1803	FUN_1801522a8	1801522a8	919	OK	6376151
1804	FUN_180152640	180152640	260	OK	6377222
1805	FUN_180152744	180152744	480	OK	6379506
1806	FUN_180152928	180152928	213	OK	6380466
1807	FUN_180152a00	180152a00	342	OK	6382267
1808	FUN_180152b58	180152b58	338	OK	6383614
1809	should_round_up	180152cac	278	OK	6385105
1810	FUN_180152dc4	180152dc4	740	OK	6388609
1811	FUN_1801530ac	1801530ac	432	OK	6391216
1812	FUN_18015325c	18015325c	376	OK	6393030
1813	FUN_1801533d4	1801533d4	24	OK	6393191
1814	_fcloseall	1801533ec	178	OK	6394176
1815	_errcode	1801534a0	67	OK	6394741
1816	FUN_1801534e4	1801534e4	253	OK	6396035
1817	FUN_1801535e4	1801535e4	745	OK	6400305
1818	FUN_1801538d0	1801538d0	39	OK	6400448
1819	FUN_1801538f8	1801538f8	776	OK	6404253
1820	FUN_180153c00	180153c00	42	OK	6404396
1821	FUN_180153c2c	180153c2c	48	OK	6404757
1822	FUN_180153c5c	180153c5c	223	OK	6406060
1823	FUN_180153d3c	180153d3c	29	OK	6406261
1824	FUN_180153d5c	180153d5c	84	OK	6406603
1825	FUN_180153dd0	180153dd0	10	OK	6406739
1826	FUN_180153ddc	180153ddc	10	OK	6406896
1827	FUN_180153de8	180153de8	29	OK	6407099
1828	FUN_180153e08	180153e08	13	OK	6407236
1829	FUN_180153e18	180153e18	175	OK	6408153
1830	thunk_FUN_180153e18	180153ec8	5	OK	6409090
1831	FUN_180153ed0	180153ed0	379	OK	6411932
1832	FUN_18015404c	18015404c	455	OK	6414132
1833	FUN_180154214	180154214	399	OK	6417134
1834	FUN_1801543a4	1801543a4	817	OK	6423729
1835	__acrt_LCMapStringA	1801546d8	150	OK	6424592
1836	FUN_180154770	180154770	287	OK	6426393
1837	FUN_180154890	180154890	507	OK	6429744
1838	FUN_180154a8c	180154a8c	168	OK	6430826
1839	FUN_180154b34	180154b34	275	OK	6432439
1840	FUN_180154c48	180154c48	831	OK	6437351
1841	FUN_180154f88	180154f88	182	OK	6438835
1842	FUN_180155040	180155040	72	OK	6439267
1843	__acrt_get_sigabrt_handler	180155088	46	OK	6439760
1844	FUN_1801550b8	1801550b8	29	OK	6440095
1845	FUN_1801550d8	1801550d8	613	OK	6443509
1846	_isctype_l	180155340	264	OK	6445209
1847	_realloc_base	180155448	122	OK	6446133
1848	iswctype	1801554c4	108	OK	6446836
1849	fegetround	180155530	20	OK	6447125
1850	__acrt_initialize_fma3	180155550	112	OK	6447800
1851	FUN_1801555c0	1801555c0	300	OK	6448701
1852	FUN_1801556f0	1801556f0	353	OK	6449718
1853	FUN_180155860	180155860	144	OK	6451102
1854	FUN_1801558f0	1801558f0	222	OK	6452770
1855	FUN_1801559d0	1801559d0	25	OK	6452967
1856	FUN_1801559ec	1801559ec	24	OK	6453173
1857	FUN_180155a04	180155a04	47	OK	6453461
1858	FUN_180155a40	180155a40	18	OK	6453706
1859	FUN_180155a54	180155a54	395	OK	6456065
1860	FUN_180155be0	180155be0	576	OK	6459374
1861	FUN_180155e24	180155e24	387	OK	6461030
1862	FUN_180155fa8	180155fa8	862	OK	6466439
1863	thunk_FUN_180155be0	180156308	5	OK	6469773
1864	FUN_180156310	180156310	289	OK	6471585
1865	FUN_180156434	180156434	462	OK	6475593
1866	getSystemCP	180156604	125	OK	6476438
1867	FUN_180156684	180156684	152	OK	6477234
1868	FUN_18015671c	18015671c	501	OK	6480887
1869	FUN_180156914	180156914	623	OK	6486766
1870	update_thread_multibyte_data_internal	180156b84	183	OK	6488241
1871	__acrt_initialize_multibyte	180156c40	96	OK	6488792
1872	FUN_180156ca0	180156ca0	28	OK	6489072
1873	FUN_180156cbc	180156cbc	715	OK	6494389
1874	FUN_180156f88	180156f88	115	OK	6495111
1875	FUN_180156ffc	180156ffc	18	OK	6495281
1876	FUN_180157010	180157010	37	OK	6495574
1877	FUN_180157038	180157038	270	OK	6496724
1878	FUN_180157148	180157148	156	OK	6497565
1879	FUN_1801571e4	1801571e4	867	OK	6502368
1880	FUN_180157548	180157548	237	OK	6503907
1881	thunk_FUN_1801571e4	180157638	5	OK	6508720
1882	_recalloc_base	180157640	149	OK	6509606
1883	FUN_1801576e0	1801576e0	28	OK	6509795
1884	FUN_180157700	180157700	11	OK	6509948
1885	__acrt_execute_initializers	18015770c	128	OK	6510943
1886	__acrt_execute_uninitializers	18015778c	60	OK	6511421
1887	FUN_1801577c8	1801577c8	32	OK	6511782
1888	FUN_1801577e8	1801577e8	8	OK	6511946
1889	FUN_1801577f0	1801577f0	49	OK	6512697
1890	__acrt_lowio_create_handle_array	180157824	165	OK	6513996
1891	__acrt_lowio_destroy_handle_array	1801578cc	80	OK	6514671
1892	__acrt_lowio_ensure_fh_exists	18015791c	168	OK	6515652
1893	FUN_1801579c4	1801579c4	39	OK	6516107
1894	FUN_1801579ec	1801579ec	39	OK	6516562
1895	FUN_180157a14	180157a14	186	OK	6517799
1896	FUN_180157ad0	180157ad0	117	OK	6518692
1897	__acrt_add_locale_ref	180157b48	139	OK	6520158
1898	__acrt_free_locale	180157bd4	374	OK	6522154
1899	__acrt_locale_add_lc_time_reference	180157d4c	39	OK	6522782
1900	__acrt_locale_free_lc_time_if_unreferenced	180157d74	55	OK	6523357
1901	__acrt_locale_release_lc_time_reference	180157dac	37	OK	6523971
1902	__acrt_release_locale_ref	180157dd4	168	OK	6525576
1903	__acrt_update_thread_locale_data	180157e7c	109	OK	6526312
1904	_updatetlocinfoEx_nolock	180157eec	101	OK	6527158
1905	__acrt_locale_free_monetary	180157f54	266	OK	6528724
1906	FUN_180158060	180158060	1307	OK	6535740
1907	__acrt_locale_free_numeric	18015857c	108	OK	6536542
1908	FUN_1801585f0	1801585f0	743	OK	6541497
1909	FUN_1801588d8	1801588d8	50	OK	6541794
1910	initialize_lc_time	18015890c	830	OK	6544729
1911	__acrt_locale_free_time	180158c4c	264	OK	6545800
1912	__acrt_locale_initialize_time	180158d60	156	OK	6546986
1913	FUN_180158dfc	180158dfc	117	OK	6548112
1914	FUN_180158e74	180158e74	248	OK	6550143
1915	FUN_180158f6c	180158f6c	252	OK	6552306
1916	wcscspn	180159068	63	OK	6553035
1917	wcsncmp	1801590a8	44	OK	6553587
1918	wcspbrk	1801590d4	52	OK	6554246
1919	FUN_180159108	180159108	164	OK	6555066
1920	GetLocaleNameFromLangCountry	1801591b0	207	OK	6556394
1921	GetLocaleNameFromLanguage	180159280	152	OK	6557455
1922	FUN_180159320	180159320	734	OK	6562444
1923	FUN_180159600	180159600	233	OK	6563649
1924	FUN_1801596ec	1801596ec	191	OK	6564581
1925	FUN_1801597ac	1801597ac	106	OK	6565158
1926	TranslateName	180159818	153	OK	6565957
1927	FUN_1801598b4	1801598b4	625	OK	6568705
1928	FUN_180159b30	180159b30	232	OK	6569939
1929	GetLcidFromLangCountry	180159c18	205	OK	6571265
1930	GetLcidFromLanguage	180159ce8	150	OK	6572278
1931	FUN_180159d80	180159d80	583	OK	6575587
1932	FUN_180159fd0	180159fd0	264	OK	6576955
1933	FUN_18015a0d8	18015a0d8	79	OK	6577589
1934	FUN_18015a128	18015a128	178	OK	6578439
1935	FUN_18015a1dc	18015a1dc	186	OK	6579372
1936	TranslateName	18015a298	127	OK	6580313
1937	FUN_18015a318	18015a318	640	OK	6583470
1938	FUN_18015a598	18015a598	8	OK	6583613
1939	fegetexceptflag	18015a5a0	65	OK	6584139
1940	FUN_18015a5e4	18015a5e4	121	OK	6584798
1941	FUN_18015a660	18015a660	9	OK	6584945
1942	FUN_18015a66c	18015a66c	226	OK	6585783
1943	__acrt_fenv_get_fp_status_word_from_exception_mask	18015a750	11	OK	6586191
1944	FUN_18015a75c	18015a75c	85	OK	6586496
1945	FUN_18015a7b4	18015a7b4	309	OK	6587874
1946	FUN_18015a8ec	18015a8ec	115	OK	6588398
1947	FUN_18015a960	18015a960	177	OK	6589718
1948	common_getenv_nolock<wchar_t>	18015aa14	152	OK	6590896
1949	FUN_18015aaac	18015aaac	245	OK	6592557
1950	thunk_FUN_18015aaac	18015aba4	5	OK	6594228
1951	FUN_18015abac	18015abac	95	OK	6594799
1952	FUN_18015ac0c	18015ac0c	72	OK	6595245
1953	FUN_18015ac54	18015ac54	429	OK	6597419
1954	FUN_18015ae04	18015ae04	64	OK	6597896
1955	FUN_18015ae44	18015ae44	250	OK	6599385
1956	FUN_18015af40	18015af40	228	OK	6600698
1957	FUN_18015b028	18015b028	163	OK	6601532
1958	FUN_18015b0cc	18015b0cc	208	OK	6602703
1959	FUN_18015b19c	18015b19c	272	OK	6604476
1960	FUN_18015b2ac	18015b2ac	4710	OK	6634464
1961	FUN_18015c514	18015c514	162	OK	6635772
1962	FUN_18015c5b8	18015c5b8	239	OK	6637901
1963	FUN_18015c6a8	18015c6a8	340	OK	6639876
1964	__ascii_wcsnicmp	18015c7fc	75	OK	6640648
1965	_wcsnicmp	18015c848	70	OK	6641234
1966	FUN_18015c890	18015c890	337	OK	6643177
1967	GetStringTypeW	18015c9e4	7	OK	6643626
1968	FUN_18015c9ec	18015c9ec	96	OK	6644256
1969	FUN_18015ca4c	18015ca4c	256	OK	6645570
1970	FUN_18015cb4c	18015cb4c	248	OK	6646903
1971	FUN_18015cc44	18015cc44	261	OK	6648272
1972	FUN_18015cd4c	18015cd4c	19	OK	6648440
1973	FUN_18015cd60	18015cd60	9	OK	6648590
1974	FUN_18015cd70	18015cd70	948	OK	6654541
1975	FUN_18015d128	18015d128	157	OK	6655555
1976	FUN_18015d1d0	18015d1d0	777	OK	6669431
1977	FUN_18015d598	18015d598	8	OK	6669624
1978	_mbsdec_l	18015d5a0	148	OK	6670758
1979	FUN_18015d640	18015d640	23	OK	6670954
1980	_wcsnicoll	18015d658	79	OK	6671608
1981	_wcsnicoll_l	18015d6a8	240	OK	6673125
1982	FUN_18015d798	18015d798	7	OK	6673268
1983	common_xtox<unsigned_long,wchar_t>	18015d7a0	212	OK	6674840
1984	common_xtox_s<unsigned_long,wchar_t>	18015d874	105	OK	6675845
1985	FID_conflict:_ltow_s	18015d8e0	32	OK	6676414
1986	wcscmp	18015d900	53	OK	6677103
1987	fetestexcept	18015d938	33	OK	6677507
1988	FUN_18015d95c	18015d95c	473	OK	6680362
1989	__dcrt_lowio_ensure_console_output_initialized	18015db38	82	OK	6680972
1990	FUN_18015db90	18015db90	28	OK	6681184
1991	__dcrt_write_console	18015dbac	190	OK	6682042
1992	__acrt_LCMapStringW	18015dc6c	135	OK	6682724
1993	_controlfp_s	18015dcf4	99	OK	6683606
1994	fegetenv	18015dd58	32	OK	6683987
1995	FUN_18015dd78	18015dd78	88	OK	6684421
1996	feholdexcept	18015ddd0	80	OK	6685085
1997	FUN_18015de20	18015de20	193	OK	6686021
1998	FUN_18015dee0	18015dee0	1386	OK	6692399
1999	FUN_18015e48c	18015e48c	8	OK	6692586
2000	FUN_18015e494	18015e494	20	OK	6692864
2001	FUN_18015e4a8	18015e4a8	163	OK	6693773
2002	__acrt_CompareStringW	18015e54c	189	OK	6694633
2003	FUN_18015e60c	18015e60c	89	OK	6695308
2004	thunk_FUN_18015e670	18015e668	5	OK	6698817
2005	FUN_18015e670	18015e670	626	OK	6702316
2006	FUN_18015ea30	18015ea30	32	OK	6702459
2007	FUN_18015ea50	18015ea50	150	OK	6703027
2008	FUN_18015eaf0	18015eaf0	25	OK	6703219
2009	_FindPESection	18015eb10	68	OK	6704200
2010	_IsNonwritableInCurrentImage	18015eb60	75	OK	6704911
2011	FUN_18015ebb0	18015ebb0	43	OK	6705267
2012	__GSHandlerCheck_SEH	18015ebdc	133	OK	6705928
2013	__GSHandlerCheck_EH	18015ec64	127	OK	6706566
2014	FUN_18015ece4	18015ece4	74	OK	6707117
2015	FUN_18015ed30	18015ed30	315	OK	6720858
2016	FUN_18015ee6c	18015ee6c	121	OK	6723774
2017	_guard_dispatch_icall	18015ef00	2	OK	6724187
2018	_guard_dispatch_icall	18015ef20	6	OK	6724667
2019	strncmp	18015ef40	125	OK	6725956
2020	FUN_18015f000	18015f000	32	OK	6726172
2021	FUN_18015f090	18015f090	32	OK	6726389
2022	FUN_18015f138	18015f138	87	OK	6727125
2023	FUN_18015f1a0	18015f1a0	38	OK	6727470
2024	FUN_18015f240	18015f240	38	OK	6727805
2025	FUN_18015f2c0	18015f2c0	38	OK	6728150
2026	FUN_18015f2e6	18015f2e6	38	OK	6728495
2027	FUN_18015f310	18015f310	45	OK	6728807
2028	FUN_18015f359	18015f359	38	OK	6729155
2029	FUN_18015f390	18015f390	38	OK	6729500
2030	FUN_18015f9e0	18015f9e0	45	OK	6729741
2031	FUN_180160034	180160034	45	OK	6730001
2032	FUN_1801604bd	1801604bd	45	OK	6730261
2033	FUN_180160946	180160946	45	OK	6730521
2034	FUN_18016097f	18016097f	45	OK	6730774
2035	FUN_1801609b8	1801609b8	45	OK	6731027
2036	FUN_1801609f1	1801609f1	45	OK	6731280
2037	FUN_180160b32	180160b32	42	OK	6731533
2038	FUN_180160b68	180160b68	42	OK	6731786
2039	FUN_180160b9e	180160b9e	42	OK	6732039
2040	FUN_180160bd4	180160bd4	42	OK	6732292
2041	FUN_180160c0a	180160c0a	42	OK	6732545
2042	FUN_180160c40	180160c40	42	OK	6732798
2043	FUN_180160c76	180160c76	42	OK	6733051
2044	FUN_180160cac	180160cac	42	OK	6733304
2045	FUN_180160ce2	180160ce2	42	OK	6733557
2046	FUN_180161280	180161280	45	OK	6733817
2047	FUN_180161709	180161709	45	OK	6734077
2048	FUN_18016178a	18016178a	45	OK	6734331
2049	FUN_1801617c3	1801617c3	45	OK	6734584
2050	FUN_1801617fc	1801617fc	45	OK	6734837
2051	FUN_180161835	180161835	45	OK	6735090
2052	FUN_180161976	180161976	42	OK	6735343
2053	FUN_1801619ac	1801619ac	42	OK	6735596
2054	FUN_1801619e2	1801619e2	42	OK	6735849
2055	FUN_180161a18	180161a18	42	OK	6736102
2056	FUN_180161a4e	180161a4e	42	OK	6736355
2057	FUN_180161a84	180161a84	42	OK	6736608
2058	FUN_180161aba	180161aba	42	OK	6736861
2059	FUN_180162048	180162048	45	OK	6737121
2060	FUN_1801624d1	1801624d1	45	OK	6737381
2061	FUN_180162972	180162972	45	OK	6737641
2062	FUN_180162dfb	180162dfb	45	OK	6737901
2063	FUN_180162e34	180162e34	45	OK	6738154
2064	FUN_180162e6d	180162e6d	45	OK	6738407
2065	FUN_180162ea6	180162ea6	45	OK	6738660
2066	FUN_180162fe7	180162fe7	42	OK	6738913
2067	FUN_18016301d	18016301d	42	OK	6739166
2068	FUN_180163083	180163083	42	OK	6739419
2069	FUN_1801630e9	1801630e9	42	OK	6739672
2070	FUN_18016311f	18016311f	42	OK	6739925
2071	FUN_180163155	180163155	42	OK	6740178
2072	FUN_18016318b	18016318b	42	OK	6740431
2073	FUN_1801631f1	1801631f1	42	OK	6740684
2074	FUN_180163257	180163257	42	OK	6740937
2075	FUN_18016328d	18016328d	42	OK	6741190
2076	FUN_1801632c3	1801632c3	42	OK	6741443
2077	FUN_180163824	180163824	45	OK	6741703
2078	FUN_180163cad	180163cad	45	OK	6741963
2079	FUN_18016414e	18016414e	45	OK	6742223
2080	FUN_1801645d7	1801645d7	45	OK	6742483
2081	FUN_180164850	180164850	45	OK	6742743
2082	FUN_180164889	180164889	45	OK	6742996
2083	FUN_1801648c2	1801648c2	45	OK	6743249
2084	FUN_1801648fb	1801648fb	45	OK	6743502
2085	FUN_180164ac0	180164ac0	42	OK	6743755
2086	FUN_180164af6	180164af6	42	OK	6744008
2087	FUN_180164b2c	180164b2c	42	OK	6744261
2088	FUN_180164b62	180164b62	42	OK	6744514
2089	FUN_180164b98	180164b98	42	OK	6744767
2090	FUN_180164bce	180164bce	42	OK	6745020
2091	FUN_180164c04	180164c04	42	OK	6745273
2092	FUN_180164c3a	180164c3a	42	OK	6745526
2093	FUN_180164c70	180164c70	42	OK	6745779
2094	FUN_180164ca6	180164ca6	42	OK	6746032
2095	FUN_180164cdc	180164cdc	42	OK	6746285
2096	FUN_180165268	180165268	45	OK	6746545
2097	FUN_1801656f1	1801656f1	45	OK	6746805
2098	FUN_180165b92	180165b92	45	OK	6747065
2099	FUN_18016601b	18016601b	45	OK	6747325
2100	FUN_1801660fc	1801660fc	45	OK	6747579
2101	FUN_180166135	180166135	45	OK	6747832
2102	FUN_18016616e	18016616e	45	OK	6748085
2103	FUN_1801661a7	1801661a7	45	OK	6748338
2104	FUN_1801662e8	1801662e8	42	OK	6748591
2105	FUN_18016631e	18016631e	42	OK	6748844
2106	FUN_180166354	180166354	42	OK	6749097
2107	FUN_18016638a	18016638a	42	OK	6749350
2108	FUN_1801663c0	1801663c0	42	OK	6749603
2109	FUN_1801663f6	1801663f6	42	OK	6749856
2110	FUN_18016642c	18016642c	42	OK	6750109
2111	FUN_180166462	180166462	42	OK	6750362
2112	FUN_180166498	180166498	42	OK	6750615
2113	FUN_1801664ce	1801664ce	42	OK	6750868
2114	FUN_180166504	180166504	42	OK	6751121
2115	FUN_180166aa0	180166aa0	45	OK	6751381
2116	FUN_180166f29	180166f29	45	OK	6751641
2117	FUN_180166ff2	180166ff2	45	OK	6751895
2118	FUN_18016702b	18016702b	45	OK	6752148
2119	FUN_180167064	180167064	45	OK	6752401
2120	FUN_18016709d	18016709d	45	OK	6752654
2121	FUN_1801671de	1801671de	42	OK	6752907
2122	FUN_180167214	180167214	42	OK	6753160
2123	FUN_18016724a	18016724a	42	OK	6753413
2124	FUN_180167280	180167280	42	OK	6753666
2125	FUN_1801672b6	1801672b6	42	OK	6753919
2126	FUN_1801672ec	1801672ec	42	OK	6754172
2127	FUN_180167322	180167322	42	OK	6754425
2128	FUN_1801678c0	1801678c0	45	OK	6754685
2129	FUN_180167d49	180167d49	45	OK	6754945
2130	FUN_180167ed2	180167ed2	45	OK	6755198
2131	FUN_180167f0b	180167f0b	45	OK	6755451
2132	FUN_180167f44	180167f44	45	OK	6755704
2133	FUN_180168085	180168085	42	OK	6755957
2134	FUN_1801680bb	1801680bb	42	OK	6756210
2135	FUN_1801680f1	1801680f1	42	OK	6756463
2136	FUN_180168127	180168127	42	OK	6756716
2137	FUN_18016815d	18016815d	42	OK	6756969
2138	FUN_180168193	180168193	42	OK	6757222
2139	FUN_1801681c9	1801681c9	42	OK	6757475
2140	FUN_180168770	180168770	45	OK	6757735
2141	FUN_180168bf9	180168bf9	45	OK	6757995
2142	FUN_180168d52	180168d52	45	OK	6758251
2143	FUN_180168d8b	180168d8b	45	OK	6758504
2144	FUN_180168dc4	180168dc4	45	OK	6758757
2145	FUN_180168dfd	180168dfd	45	OK	6759010
2146	FUN_180168f3e	180168f3e	42	OK	6759263
2147	FUN_180168f74	180168f74	42	OK	6759516
2148	FUN_180168faa	180168faa	42	OK	6759769
2149	FUN_180168fe0	180168fe0	42	OK	6760022
2150	FUN_180169016	180169016	42	OK	6760275
2151	FUN_18016904c	18016904c	42	OK	6760528
2152	FUN_180169082	180169082	42	OK	6760781
2153	FUN_180169620	180169620	45	OK	6761041
2154	FUN_180169aa9	180169aa9	45	OK	6761301
2155	FUN_180169ae2	180169ae2	45	OK	6761554
2156	FUN_180169b1b	180169b1b	45	OK	6761807
2157	FUN_180169b54	180169b54	45	OK	6762060
2158	FUN_180169c95	180169c95	42	OK	6762313
2159	FUN_180169ccb	180169ccb	42	OK	6762566
2160	FUN_180169d01	180169d01	42	OK	6762819
2161	FUN_180169d37	180169d37	42	OK	6763072
2162	FUN_180169d6d	180169d6d	42	OK	6763325
2163	FUN_180169da3	180169da3	42	OK	6763578
2164	FUN_180169dd9	180169dd9	42	OK	6763831
2165	FUN_18016a374	18016a374	45	OK	6764091
2166	FUN_18016a7fd	18016a7fd	45	OK	6764351
2167	FUN_18016ac86	18016ac86	45	OK	6764611
2168	FUN_18016acd7	18016acd7	45	OK	6764866
2169	FUN_18016ad10	18016ad10	45	OK	6765119
2170	FUN_18016ad49	18016ad49	45	OK	6765372
2171	FUN_18016ad82	18016ad82	45	OK	6765625
2172	FUN_18016aec3	18016aec3	42	OK	6765878
2173	FUN_18016aef9	18016aef9	42	OK	6766131
2174	FUN_18016af2f	18016af2f	42	OK	6766384
2175	FUN_18016af65	18016af65	42	OK	6766637
2176	FUN_18016af9b	18016af9b	42	OK	6766890
2177	FUN_18016afd1	18016afd1	42	OK	6767143
2178	FUN_18016b007	18016b007	42	OK	6767396
2179	FUN_18016b03d	18016b03d	42	OK	6767649
2180	FUN_18016b073	18016b073	42	OK	6767902
2181	FUN_18016b604	18016b604	45	OK	6768162
2182	FUN_18016ba8d	18016ba8d	45	OK	6768422
2183	FUN_18016bf16	18016bf16	45	OK	6768682
2184	FUN_18016bf97	18016bf97	45	OK	6768936
2185	FUN_18016bfd0	18016bfd0	45	OK	6769189
2186	FUN_18016c009	18016c009	45	OK	6769442
2187	FUN_18016c042	18016c042	45	OK	6769695
2188	FUN_18016c183	18016c183	42	OK	6769948
2189	FUN_18016c1b9	18016c1b9	42	OK	6770201
2190	FUN_18016c1ef	18016c1ef	42	OK	6770454
2191	FUN_18016c225	18016c225	42	OK	6770707
2192	FUN_18016c25b	18016c25b	42	OK	6770960
2193	FUN_18016c291	18016c291	42	OK	6771213
2194	FUN_18016c2c7	18016c2c7	42	OK	6771466
2195	FUN_18016c2fd	18016c2fd	42	OK	6771719
2196	FUN_18016c333	18016c333	42	OK	6771972
2197	FUN_18016c8d0	18016c8d0	45	OK	6772232
2198	FUN_18016cd59	18016cd59	45	OK	6772492
2199	FUN_18016cdaa	18016cdaa	45	OK	6772747
2200	FUN_18016cde3	18016cde3	45	OK	6773000
2201	FUN_18016ce1c	18016ce1c	45	OK	6773253
2202	FUN_18016ce55	18016ce55	45	OK	6773506
2203	FUN_18016cf96	18016cf96	42	OK	6773759
2204	FUN_18016cfcc	18016cfcc	42	OK	6774012
2205	FUN_18016d002	18016d002	42	OK	6774265
2206	FUN_18016d038	18016d038	42	OK	6774518
2207	FUN_18016d06e	18016d06e	42	OK	6774771
2208	FUN_18016d0a4	18016d0a4	42	OK	6775024
2209	FUN_18016d0da	18016d0da	42	OK	6775277
2210	FUN_18016d668	18016d668	45	OK	6775537
2211	FUN_18016db09	18016db09	45	OK	6775797
2212	FUN_18016dfaa	18016dfaa	45	OK	6776057
2213	FUN_18016e433	18016e433	45	OK	6776317
2214	FUN_18016e574	18016e574	45	OK	6776571
2215	FUN_18016e5ad	18016e5ad	45	OK	6776824
2216	FUN_18016e5e6	18016e5e6	45	OK	6777077
2217	FUN_18016e61f	18016e61f	45	OK	6777330
2218	FUN_18016e760	18016e760	42	OK	6777583
2219	FUN_18016e796	18016e796	42	OK	6777836
2220	FUN_18016e7cc	18016e7cc	42	OK	6778089
2221	FUN_18016e802	18016e802	42	OK	6778342
2222	FUN_18016e838	18016e838	42	OK	6778595
2223	FUN_18016e86e	18016e86e	42	OK	6778848
2224	FUN_18016e8a4	18016e8a4	42	OK	6779101
2225	FUN_18016e8da	18016e8da	42	OK	6779354
2226	FUN_18016e910	18016e910	42	OK	6779607
2227	FUN_18016e946	18016e946	42	OK	6779860
2228	FUN_18016e97c	18016e97c	42	OK	6780113
2229	FUN_18016eefc	18016eefc	45	OK	6780373
2230	FUN_18016f39d	18016f39d	45	OK	6780633
2231	FUN_18016f826	18016f826	45	OK	6780893
2232	FUN_18016fcc7	18016fcc7	45	OK	6781153
2233	FUN_180170150	180170150	45	OK	6781413
2234	FUN_180170189	180170189	45	OK	6781666
2235	FUN_1801701c2	1801701c2	45	OK	6781919
2236	FUN_1801701fb	1801701fb	45	OK	6782172
2237	FUN_18017033c	18017033c	42	OK	6782425
2238	FUN_180170372	180170372	42	OK	6782678
2239	FUN_1801703d8	1801703d8	42	OK	6782931
2240	FUN_18017040e	18017040e	42	OK	6783184
2241	FUN_180170474	180170474	42	OK	6783437
2242	FUN_1801704aa	1801704aa	42	OK	6783690
2243	FUN_1801704e0	1801704e0	42	OK	6783943
2244	FUN_180170516	180170516	42	OK	6784196
2245	FUN_18017057c	18017057c	42	OK	6784449
2246	FUN_1801705b2	1801705b2	42	OK	6784702
2247	FUN_180170618	180170618	42	OK	6784955
2248	FUN_18017064e	18017064e	42	OK	6785208
2249	FUN_180170684	180170684	42	OK	6785461
2250	FUN_180170c68	180170c68	45	OK	6785732
2251	FUN_1801710f1	1801710f1	45	OK	6786003
2252	FUN_180171592	180171592	45	OK	6786274
2253	FUN_180171a1b	180171a1b	45	OK	6786545
2254	FUN_180171ea4	180171ea4	45	OK	6786816
2255	FUN_180172345	180172345	45	OK	6787087
2256	FUN_1801727ce	1801727ce	45	OK	6787358
2257	FUN_180172c6f	180172c6f	45	OK	6787629
2258	FUN_1801730f8	1801730f8	45	OK	6787900
2259	FUN_180173131	180173131	45	OK	6788155
2260	FUN_18017316a	18017316a	45	OK	6788410
2261	FUN_1801731a3	1801731a3	45	OK	6788665
2262	FUN_1801732e4	1801732e4	45	OK	6788920
2263	FUN_18017331d	18017331d	45	OK	6789175
2264	FUN_180173386	180173386	45	OK	6789430
2265	FUN_1801733ef	1801733ef	45	OK	6789685
2266	FUN_180173428	180173428	45	OK	6789940
2267	FUN_180173491	180173491	45	OK	6790195
2268	FUN_1801734fa	1801734fa	45	OK	6790450
2269	FUN_180173563	180173563	45	OK	6790705
2270	FUN_1801735cc	1801735cc	45	OK	6790960
2271	FUN_180173605	180173605	45	OK	6791215
2272	FUN_18017363e	18017363e	45	OK	6791470
2273	FUN_180173677	180173677	45	OK	6791725
2274	FUN_1801736e0	1801736e0	45	OK	6791980
2275	FUN_180173749	180173749	45	OK	6792235
2276	FUN_180173782	180173782	45	OK	6792490
2277	FUN_1801737eb	1801737eb	45	OK	6792745
2278	FUN_180173854	180173854	45	OK	6793000
2279	FUN_1801738bd	1801738bd	45	OK	6793255
2280	FUN_180173926	180173926	45	OK	6793510
2281	FUN_18017395f	18017395f	45	OK	6793765
2282	FUN_180173998	180173998	45	OK	6794020
2283	FUN_180173ebc	180173ebc	45	OK	6794291
2284	FUN_180174345	180174345	45	OK	6794562
2285	FUN_1801747e6	1801747e6	45	OK	6794833
2286	FUN_180174c6f	180174c6f	45	OK	6795104
2287	FUN_1801750f8	1801750f8	45	OK	6795375
2288	FUN_180175599	180175599	45	OK	6795646
2289	FUN_180175a3a	180175a3a	45	OK	6795917
2290	FUN_180175ec3	180175ec3	45	OK	6796188
2291	FUN_180176364	180176364	45	OK	6796459
2292	FUN_1801767ed	1801767ed	45	OK	6796730
2293	FUN_18017695e	18017695e	45	OK	6796990
2294	FUN_180176997	180176997	45	OK	6797245
2295	FUN_1801769d0	1801769d0	45	OK	6797500
2296	FUN_180176a09	180176a09	45	OK	6797755
2297	FUN_180176bce	180176bce	45	OK	6798010
2298	FUN_180176c07	180176c07	45	OK	6798265
2299	FUN_180176c70	180176c70	45	OK	6798520
2300	FUN_180176cd9	180176cd9	45	OK	6798775
2301	FUN_180176d12	180176d12	45	OK	6799030
2302	FUN_180176d7b	180176d7b	45	OK	6799285
2303	FUN_180176de4	180176de4	45	OK	6799540
2304	FUN_180176e1d	180176e1d	45	OK	6799795
2305	FUN_180176e86	180176e86	45	OK	6800050
2306	FUN_180176eef	180176eef	45	OK	6800305
2307	FUN_180176f28	180176f28	45	OK	6800560
2308	FUN_180176f61	180176f61	45	OK	6800815
2309	FUN_180176f9a	180176f9a	45	OK	6801070
2310	FUN_180177003	180177003	45	OK	6801325
2311	FUN_18017706c	18017706c	45	OK	6801580
2312	FUN_1801770a5	1801770a5	45	OK	6801835
2313	FUN_18017710e	18017710e	45	OK	6802090
2314	FUN_180177177	180177177	45	OK	6802345
2315	FUN_1801771b0	1801771b0	45	OK	6802600
2316	FUN_180177219	180177219	45	OK	6802855
2317	FUN_180177282	180177282	45	OK	6803110
2318	FUN_1801772bb	1801772bb	45	OK	6803365
2319	FUN_1801772f4	1801772f4	45	OK	6803620
2320	FUN_180177888	180177888	45	OK	6803880
2321	FUN_180177d11	180177d11	45	OK	6804140
2322	FUN_18017819a	18017819a	45	OK	6804400
2323	FUN_180178623	180178623	45	OK	6804660
2324	FUN_18017865c	18017865c	45	OK	6804913
2325	FUN_180178695	180178695	45	OK	6805166
2326	FUN_1801786ce	1801786ce	45	OK	6805419
2327	FUN_18017880f	18017880f	42	OK	6805672
2328	FUN_180178845	180178845	42	OK	6805925
2329	FUN_18017887b	18017887b	42	OK	6806178
2330	FUN_1801788b1	1801788b1	42	OK	6806431
2331	FUN_1801788e7	1801788e7	42	OK	6806684
2332	FUN_18017891d	18017891d	42	OK	6806937
2333	FUN_180178983	180178983	42	OK	6807190
2334	FUN_1801789e9	1801789e9	42	OK	6807443
2335	FUN_180178a1f	180178a1f	42	OK	6807696
2336	FUN_180178fc0	180178fc0	45	OK	6807956
2337	FUN_180179449	180179449	45	OK	6808216
2338	FUN_18017961a	18017961a	45	OK	6808476
2339	FUN_180179653	180179653	45	OK	6808729
2340	FUN_18017968c	18017968c	45	OK	6808982
2341	FUN_1801796c5	1801796c5	45	OK	6809235
2342	FUN_180179806	180179806	42	OK	6809488
2343	FUN_18017983c	18017983c	42	OK	6809741
2344	FUN_180179872	180179872	42	OK	6809994
2345	FUN_1801798a8	1801798a8	42	OK	6810247
2346	FUN_1801798de	1801798de	42	OK	6810500
2347	FUN_180179914	180179914	42	OK	6810753
2348	FUN_18017994a	18017994a	42	OK	6811006
2349	FUN_180179ec0	180179ec0	45	OK	6811277
2350	FUN_18017a349	18017a349	45	OK	6811548
2351	FUN_18017a7ea	18017a7ea	45	OK	6811819
2352	FUN_18017ac73	18017ac73	45	OK	6812090
2353	FUN_18017b114	18017b114	45	OK	6812361
2354	FUN_18017b59d	18017b59d	45	OK	6812632
2355	FUN_18017b756	18017b756	45	OK	6812903
2356	FUN_18017b78f	18017b78f	45	OK	6813158
2357	FUN_18017b7c8	18017b7c8	45	OK	6813413
2358	FUN_18017b801	18017b801	45	OK	6813668
2359	FUN_18017b942	18017b942	45	OK	6813923
2360	FUN_18017b97b	18017b97b	45	OK	6814178
2361	FUN_18017b9e4	18017b9e4	45	OK	6814433
2362	FUN_18017ba4d	18017ba4d	45	OK	6814688
2363	FUN_18017bab6	18017bab6	45	OK	6814943
2364	FUN_18017bb1f	18017bb1f	45	OK	6815198
2365	FUN_18017bb58	18017bb58	45	OK	6815453
2366	FUN_18017bb91	18017bb91	45	OK	6815708
2367	FUN_18017bbca	18017bbca	45	OK	6815963
2368	FUN_18017bc33	18017bc33	45	OK	6816218
2369	FUN_18017bc9c	18017bc9c	45	OK	6816473
2370	FUN_18017bd05	18017bd05	45	OK	6816728
2371	FUN_18017bd6e	18017bd6e	45	OK	6816983
2372	FUN_18017bda7	18017bda7	45	OK	6817238
2373	FUN_18017bde0	18017bde0	45	OK	6817493
2374	FUN_18017c44c	18017c44c	45	OK	6817753
2375	FUN_18017c8d5	18017c8d5	45	OK	6818013
2376	FUN_18017cd76	18017cd76	45	OK	6818273
2377	FUN_18017d1ff	18017d1ff	45	OK	6818533
2378	FUN_18017d688	18017d688	45	OK	6818793
2379	FUN_18017db29	18017db29	45	OK	6819053
2380	FUN_18017dfca	18017dfca	45	OK	6819313
2381	FUN_18017e453	18017e453	45	OK	6819573
2382	FUN_18017e48c	18017e48c	45	OK	6819826
2383	FUN_18017e4c5	18017e4c5	45	OK	6820079
2384	FUN_18017e4fe	18017e4fe	45	OK	6820332
2385	FUN_18017e63f	18017e63f	42	OK	6820585
2386	FUN_18017e675	18017e675	42	OK	6820838
2387	FUN_18017e6db	18017e6db	42	OK	6821091
2388	FUN_18017e741	18017e741	42	OK	6821344
2389	FUN_18017e777	18017e777	42	OK	6821597
2390	FUN_18017e7dd	18017e7dd	42	OK	6821850
2391	FUN_18017e843	18017e843	42	OK	6822103
2392	FUN_18017e879	18017e879	42	OK	6822356
2393	FUN_18017e8af	18017e8af	42	OK	6822609
2394	FUN_18017e8e5	18017e8e5	42	OK	6822862
2395	FUN_18017e91b	18017e91b	42	OK	6823115
2396	FUN_18017e981	18017e981	42	OK	6823368
2397	FUN_18017e9e7	18017e9e7	42	OK	6823621
2398	FUN_18017ea1d	18017ea1d	42	OK	6823874
2399	FUN_18017ea83	18017ea83	42	OK	6824127
2400	FUN_18017eae9	18017eae9	42	OK	6824380
2401	FUN_18017eb1f	18017eb1f	42	OK	6824633
2402	FUN_18017eb55	18017eb55	42	OK	6824886
2403	FUN_18017eb8b	18017eb8b	42	OK	6825139
2404	FUN_18017f130	18017f130	45	OK	6825399
2405	FUN_18017f5b9	18017f5b9	45	OK	6825659
2406	FUN_18017f66a	18017f66a	45	OK	6825913
2407	FUN_18017f6a3	18017f6a3	45	OK	6826166
2408	FUN_18017f6dc	18017f6dc	45	OK	6826419
2409	FUN_18017f715	18017f715	45	OK	6826672
2410	FUN_18017f856	18017f856	42	OK	6826925
2411	FUN_18017f88c	18017f88c	42	OK	6827178
2412	FUN_18017f8c2	18017f8c2	42	OK	6827431
2413	FUN_18017f8f8	18017f8f8	42	OK	6827684
2414	FUN_18017f92e	18017f92e	42	OK	6827937
2415	FUN_18017f964	18017f964	42	OK	6828190
2416	FUN_18017f99a	18017f99a	42	OK	6828443
2417	FUN_18017ff40	18017ff40	45	OK	6828703
2418	FUN_1801803c9	1801803c9	45	OK	6828963
2419	FUN_18018041a	18018041a	45	OK	6829216
2420	FUN_180180453	180180453	45	OK	6829469
2421	FUN_18018048c	18018048c	45	OK	6829722
2422	FUN_1801805cd	1801805cd	42	OK	6829975
2423	FUN_180180603	180180603	42	OK	6830228
2424	FUN_180180639	180180639	42	OK	6830481
2425	FUN_18018066f	18018066f	42	OK	6830734
2426	FUN_1801806a5	1801806a5	42	OK	6830987
2427	FUN_1801806db	1801806db	42	OK	6831240
2428	FUN_180180711	180180711	42	OK	6831493
2429	FUN_180180c80	180180c80	45	OK	6831753
2430	FUN_180181109	180181109	45	OK	6832013
2431	FUN_180181592	180181592	45	OK	6832273
2432	FUN_180181a1b	180181a1b	45	OK	6832533
2433	FUN_180181ea4	180181ea4	45	OK	6832793
2434	FUN_18018232d	18018232d	45	OK	6833053
2435	FUN_1801823de	1801823de	45	OK	6833307
2436	FUN_180182417	180182417	45	OK	6833560
2437	FUN_180182450	180182450	45	OK	6833813
2438	FUN_180182489	180182489	45	OK	6834066
2439	FUN_1801825ca	1801825ca	42	OK	6834319
2440	FUN_180182600	180182600	42	OK	6834572
2441	FUN_180182636	180182636	42	OK	6834825
2442	FUN_18018266c	18018266c	42	OK	6835078
2443	FUN_1801826a2	1801826a2	42	OK	6835331
2444	FUN_1801826d8	1801826d8	42	OK	6835584
2445	FUN_18018270e	18018270e	42	OK	6835837
2446	FUN_180182744	180182744	42	OK	6836090
2447	FUN_18018277a	18018277a	42	OK	6836343
2448	FUN_1801827b0	1801827b0	42	OK	6836596
2449	FUN_1801827e6	1801827e6	42	OK	6836849
2450	FUN_18018281c	18018281c	42	OK	6837102
2451	FUN_180182852	180182852	42	OK	6837355
2452	FUN_180182888	180182888	42	OK	6837608
2453	FUN_1801828be	1801828be	42	OK	6837861
2454	FUN_180182ea8	180182ea8	45	OK	6838132
2455	FUN_180183331	180183331	45	OK	6838403
2456	FUN_1801837ba	1801837ba	45	OK	6838674
2457	FUN_180183c43	180183c43	45	OK	6838945
2458	FUN_1801840cc	1801840cc	45	OK	6839216
2459	FUN_180184555	180184555	45	OK	6839487
2460	FUN_1801849f6	1801849f6	45	OK	6839758
2461	FUN_180184e97	180184e97	45	OK	6840029
2462	FUN_180185320	180185320	45	OK	6840300
2463	FUN_180185359	180185359	45	OK	6840555
2464	FUN_180185392	180185392	45	OK	6840810
2465	FUN_1801853cb	1801853cb	45	OK	6841065
2466	FUN_180185404	180185404	45	OK	6841320
2467	FUN_180185545	180185545	45	OK	6841575
2468	FUN_18018557e	18018557e	45	OK	6841830
2469	FUN_1801855e7	1801855e7	45	OK	6842085
2470	FUN_180185650	180185650	45	OK	6842340
2471	FUN_180185689	180185689	45	OK	6842595
2472	FUN_1801856f2	1801856f2	45	OK	6842850
2473	FUN_18018575b	18018575b	45	OK	6843105
2474	FUN_1801857c4	1801857c4	45	OK	6843360
2475	FUN_18018582d	18018582d	45	OK	6843615
2476	FUN_180185866	180185866	45	OK	6843870
2477	FUN_18018589f	18018589f	45	OK	6844125
2478	FUN_1801858d8	1801858d8	45	OK	6844380
2479	FUN_180185941	180185941	45	OK	6844635
2480	FUN_1801859aa	1801859aa	45	OK	6844890
2481	FUN_1801859e3	1801859e3	45	OK	6845145
2482	FUN_180185a4c	180185a4c	45	OK	6845400
2483	FUN_180185ab5	180185ab5	45	OK	6845655
2484	FUN_180185b1e	180185b1e	45	OK	6845910
2485	FUN_180185b87	180185b87	45	OK	6846165
2486	FUN_180185bc0	180185bc0	45	OK	6846420
2487	FUN_180185bf9	180185bf9	45	OK	6846675
2488	FUN_180186194	180186194	45	OK	6846935
2489	FUN_18018661d	18018661d	45	OK	6847195
2490	FUN_180186aa6	180186aa6	45	OK	6847455
2491	FUN_180186adf	180186adf	45	OK	6847708
2492	FUN_180186b18	180186b18	45	OK	6847961
2493	FUN_180186b51	180186b51	45	OK	6848214
2494	FUN_180186c92	180186c92	42	OK	6848467
2495	FUN_180186cc8	180186cc8	42	OK	6848720
2496	FUN_180186cfe	180186cfe	42	OK	6848973
2497	FUN_180186d34	180186d34	42	OK	6849226
2498	FUN_180186d6a	180186d6a	42	OK	6849479
2499	FUN_180186da0	180186da0	42	OK	6849732
2500	FUN_180186dd6	180186dd6	42	OK	6849985
2501	FUN_180186e0c	180186e0c	42	OK	6850238
2502	FUN_180187368	180187368	45	OK	6850498
2503	FUN_1801877f1	1801877f1	45	OK	6850758
2504	FUN_180187c92	180187c92	45	OK	6851018
2505	FUN_180188133	180188133	45	OK	6851278
2506	FUN_1801885bc	1801885bc	45	OK	6851538
2507	FUN_180188835	180188835	45	OK	6851792
2508	FUN_18018886e	18018886e	45	OK	6852045
2509	FUN_1801888a7	1801888a7	45	OK	6852298
2510	FUN_1801888e0	1801888e0	45	OK	6852551
2511	FUN_180188aa5	180188aa5	42	OK	6852804
2512	FUN_180188adb	180188adb	42	OK	6853057
2513	FUN_180188b11	180188b11	42	OK	6853310
2514	FUN_180188b47	180188b47	42	OK	6853563
2515	FUN_180188b7d	180188b7d	42	OK	6853816
2516	FUN_180188bb3	180188bb3	42	OK	6854069
2517	FUN_180188be9	180188be9	42	OK	6854322
2518	FUN_180188c1f	180188c1f	42	OK	6854575
2519	FUN_180188c55	180188c55	42	OK	6854828
2520	FUN_180188c8b	180188c8b	42	OK	6855081
2521	FUN_180188cc1	180188cc1	42	OK	6855334
2522	FUN_180188cf7	180188cf7	42	OK	6855587
2523	FUN_180188d2d	180188d2d	42	OK	6855840
2524	FUN_1801891c8	1801891c8	45	OK	6856111
2525	FUN_180189651	180189651	45	OK	6856382
2526	FUN_180189af2	180189af2	45	OK	6856653
2527	FUN_180189f7b	180189f7b	45	OK	6856924
2528	FUN_18018a404	18018a404	45	OK	6857195
2529	FUN_18018a8a5	18018a8a5	45	OK	6857466
2530	FUN_18018ad46	18018ad46	45	OK	6857737
2531	FUN_18018b1e7	18018b1e7	45	OK	6858008
2532	FUN_18018b670	18018b670	45	OK	6858279
2533	FUN_18018bb11	18018bb11	45	OK	6858550
2534	FUN_18018bf9a	18018bf9a	45	OK	6858821
2535	FUN_18018c16b	18018c16b	45	OK	6859076
2536	FUN_18018c1a4	18018c1a4	45	OK	6859331
2537	FUN_18018c1dd	18018c1dd	45	OK	6859586
2538	FUN_18018c216	18018c216	45	OK	6859841
2539	FUN_18018c3db	18018c3db	45	OK	6860096
2540	FUN_18018c414	18018c414	45	OK	6860351
2541	FUN_18018c47d	18018c47d	45	OK	6860606
2542	FUN_18018c4e6	18018c4e6	45	OK	6860861
2543	FUN_18018c51f	18018c51f	45	OK	6861116
2544	FUN_18018c588	18018c588	45	OK	6861371
2545	FUN_18018c5f1	18018c5f1	45	OK	6861626
2546	FUN_18018c62a	18018c62a	45	OK	6861881
2547	FUN_18018c663	18018c663	45	OK	6862136
2548	FUN_18018c6cc	18018c6cc	45	OK	6862391
2549	FUN_18018c735	18018c735	45	OK	6862646
2550	FUN_18018c76e	18018c76e	45	OK	6862901
2551	FUN_18018c7a7	18018c7a7	45	OK	6863156
2552	FUN_18018c7e0	18018c7e0	45	OK	6863411
2553	FUN_18018c849	18018c849	45	OK	6863666
2554	FUN_18018c8b2	18018c8b2	45	OK	6863921
2555	FUN_18018c8eb	18018c8eb	45	OK	6864176
2556	FUN_18018c954	18018c954	45	OK	6864431
2557	FUN_18018c9bd	18018c9bd	45	OK	6864686
2558	FUN_18018c9f6	18018c9f6	45	OK	6864941
2559	FUN_18018ca2f	18018ca2f	45	OK	6865196
2560	FUN_18018ca98	18018ca98	45	OK	6865451
2561	FUN_18018cb01	18018cb01	45	OK	6865706
2562	FUN_18018cb3a	18018cb3a	45	OK	6865961
2563	FUN_18018cb73	18018cb73	45	OK	6866216
2564	FUN_18018d0f8	18018d0f8	45	OK	6866476
2565	FUN_18018d581	18018d581	45	OK	6866736
2566	FUN_18018da0a	18018da0a	45	OK	6866996
2567	FUN_18018de93	18018de93	45	OK	6867256
2568	FUN_18018decc	18018decc	45	OK	6867509
2569	FUN_18018df05	18018df05	45	OK	6867762
2570	FUN_18018df3e	18018df3e	45	OK	6868015
2571	FUN_18018e07f	18018e07f	42	OK	6868268
2572	FUN_18018e0b5	18018e0b5	42	OK	6868521
2573	FUN_18018e0eb	18018e0eb	42	OK	6868774
2574	FUN_18018e121	18018e121	42	OK	6869027
2575	FUN_18018e157	18018e157	42	OK	6869280
2576	FUN_18018e18d	18018e18d	42	OK	6869533
2577	FUN_18018e1c3	18018e1c3	42	OK	6869786
2578	FUN_18018e1f9	18018e1f9	42	OK	6870039
2579	FUN_18018e22f	18018e22f	42	OK	6870292
2580	FUN_18018e265	18018e265	42	OK	6870545
2581	FUN_18018e29b	18018e29b	42	OK	6870798
2582	FUN_18018e300	18018e300	45	OK	6871132
2583	FUN_18018e350	18018e350	45	OK	6871466
2584	FUN_18018e3d4	18018e3d4	90	OK	6872202
2585	FUN_18018e480	18018e480	32	OK	6872420
2586	FUN_18018e4a0	18018e4a0	41	OK	6872655
2587	FUN_18018e4d0	18018e4d0	38	OK	6873000
2588	FUN_18018e50c	18018e50c	87	OK	6873736
2589	FUN_18018e570	18018e570	29	OK	6873868
2590	FUN_18018e800	18018e800	52	OK	6874319
2591	FUN_18018e87c	18018e87c	38	OK	6874654
2592	FUN_18018e8c8	18018e8c8	41	OK	6874889
2593	FUN_18018e900	18018e900	41	OK	6875123
2594	FUN_18018e930	18018e930	48	OK	6875370
2595	FUN_18018e970	18018e970	41	OK	6875605
2596	FUN_18018e9a0	18018e9a0	41	OK	6875838
2597	FUN_18018e9d0	18018e9d0	41	OK	6876073
2598	FUN_18018ea00	18018ea00	29	OK	6876205
2599	FUN_18018ea20	18018ea20	48	OK	6876452
2600	FUN_18018ea60	18018ea60	48	OK	6876699
2601	FUN_18018eaa0	18018eaa0	38	OK	6877028
2602	FUN_18018ead0	18018ead0	47	OK	6877356
2603	FUN_18018eb18	18018eb18	43	OK	6877688
2604	FUN_18018eb43	18018eb43	43	OK	6878020
2605	FUN_18018ebac	18018ebac	35	OK	6878252
2606	FUN_18018ebd0	18018ebd0	36	OK	6878463
2607	FUN_18018ec10	18018ec10	48	OK	6878710
2608	FUN_18018ec50	18018ec50	48	OK	6878958
2609	FUN_18018ec90	18018ec90	48	OK	6879206
2610	FUN_18018ecd0	18018ecd0	54	OK	6879543
2611	FUN_18018ed10	18018ed10	45	OK	6879790
2612	FUN_18018ed40	18018ed40	57	OK	6880128
2613	FUN_18018ed80	18018ed80	45	OK	6880375
2614	FUN_18018edb0	18018edb0	54	OK	6880712
2615	FUN_18018edf0	18018edf0	54	OK	6881049
2616	FUN_18018ee30	18018ee30	54	OK	6881386
2617	FUN_18018ee7c	18018ee7c	54	OK	6881721
2618	FUN_18018eec0	18018eec0	54	OK	6882056
2619	FUN_18018ef00	18018ef00	51	OK	6882392
2620	FUN_18018ef40	18018ef40	51	OK	6882728
2621	FUN_18018ef80	18018ef80	51	OK	6883064
2622	FUN_18018efc0	18018efc0	48	OK	6883312
2623	FUN_18018f000	18018f000	45	OK	6883559
2624	FUN_18018f040	18018f040	54	OK	6883896
2625	FUN_18018f080	18018f080	57	OK	6884234
2626	FUN_18018f0c0	18018f0c0	57	OK	6884570
2627	FUN_18018f12b	18018f12b	54	OK	6884905
2628	FUN_18018f170	18018f170	48	OK	6885153
2629	FUN_18018f1b0	18018f1b0	48	OK	6885401
2630	FUN_18018f1f0	18018f1f0	61	OK	6885750
2631	FUN_18018f260	18018f260	65	OK	6886145
2632	FUN_18018f2b0	18018f2b0	61	OK	6886495
2633	FUN_18018f2f0	18018f2f0	65	OK	6886890
2634	FUN_18018f340	18018f340	45	OK	6887137
2635	FUN_18018f370	18018f370	48	OK	6887384
2636	FUN_18018f3b0	18018f3b0	45	OK	6887631
2637	FUN_18018f3e0	18018f3e0	48	OK	6887878
2638	FUN_18018f420	18018f420	48	OK	6888124
2639	FUN_18018f460	18018f460	48	OK	6888372
2640	FUN_18018f4a0	18018f4a0	48	OK	6888620
2641	FUN_18018f4e0	18018f4e0	48	OK	6888868
2642	FUN_18018f520	18018f520	48	OK	6889115
2643	FUN_18018f560	18018f560	45	OK	6889362
2644	FUN_18018f590	18018f590	48	OK	6889611
2645	FUN_18018f5d0	18018f5d0	48	OK	6889859
2646	FUN_18018f610	18018f610	48	OK	6890105
2647	FUN_18018f650	18018f650	48	OK	6890352
2648	FUN_18018f69c	18018f69c	45	OK	6890599
2649	FUN_18018f6dc	18018f6dc	45	OK	6890846
2650	FUN_18018f710	18018f710	48	OK	6891094
2651	FUN_18018f750	18018f750	48	OK	6891342
2652	FUN_18018f790	18018f790	48	OK	6891589
2653	FUN_18018f7d0	18018f7d0	48	OK	6891837
2654	FUN_18018f810	18018f810	48	OK	6892085
2655	FUN_18018f850	18018f850	54	OK	6892422
2656	FUN_18018f890	18018f890	45	OK	6892669
2657	FUN_18018f8c0	18018f8c0	57	OK	6893007
2658	FUN_18018f900	18018f900	45	OK	6893254
2659	FUN_18018f930	18018f930	54	OK	6893591
2660	FUN_18018f970	18018f970	54	OK	6893928
2661	FUN_18018f9b0	18018f9b0	54	OK	6894265
2662	FUN_18018f9fc	18018f9fc	54	OK	6894600
2663	FUN_18018fa40	18018fa40	54	OK	6894935
2664	FUN_18018fa80	18018fa80	51	OK	6895271
2665	FUN_18018fac0	18018fac0	51	OK	6895607
2666	FUN_18018fb00	18018fb00	57	OK	6895943
2667	FUN_18018fb40	18018fb40	48	OK	6896191
2668	FUN_18018fb80	18018fb80	45	OK	6896438
2669	FUN_18018fbc0	18018fbc0	54	OK	6896775
2670	FUN_18018fc00	18018fc00	57	OK	6897113
2671	FUN_18018fc40	18018fc40	57	OK	6897449
2672	FUN_18018fcab	18018fcab	54	OK	6897784
2673	FUN_18018fcf0	18018fcf0	48	OK	6898032
2674	FUN_18018fd30	18018fd30	48	OK	6898280
2675	FUN_18018fd70	18018fd70	61	OK	6898629
2676	FUN_18018fde0	18018fde0	65	OK	6899024
2677	FUN_18018fe30	18018fe30	61	OK	6899374
2678	FUN_18018fe70	18018fe70	65	OK	6899769
2679	FUN_18018fec0	18018fec0	45	OK	6900016
2680	FUN_18018fef0	18018fef0	48	OK	6900263
2681	FUN_18018ff30	18018ff30	45	OK	6900510
2682	FUN_18018ff60	18018ff60	48	OK	6900757
2683	FUN_18018ffa0	18018ffa0	48	OK	6901003
2684	FUN_18018ffe0	18018ffe0	48	OK	6901251
2685	FUN_180190020	180190020	48	OK	6901499
2686	FUN_180190060	180190060	48	OK	6901747
2687	FUN_1801900a0	1801900a0	48	OK	6901996
2688	FUN_1801900e0	1801900e0	48	OK	6902245
2689	FUN_180190120	180190120	48	OK	6902493
2690	FUN_180190160	180190160	48	OK	6902741
2691	FUN_1801901a0	1801901a0	48	OK	6902987
2692	FUN_1801901e0	1801901e0	48	OK	6903234
2693	FUN_18019022c	18019022c	45	OK	6903481
2694	FUN_18019026c	18019026c	45	OK	6903728
2695	FUN_1801902a0	1801902a0	48	OK	6903976
2696	FUN_1801902e0	1801902e0	48	OK	6904224
2697	FUN_180190340	180190340	48	OK	6904471
2698	FUN_180190380	180190380	48	OK	6904719
2699	FUN_1801903c0	1801903c0	48	OK	6904967
2700	FUN_180190400	180190400	54	OK	6905304
2701	FUN_180190440	180190440	45	OK	6905551
2702	FUN_180190470	180190470	57	OK	6905889
2703	FUN_1801904b0	1801904b0	45	OK	6906136
2704	FUN_1801904e0	1801904e0	54	OK	6906473
2705	FUN_180190520	180190520	54	OK	6906810
2706	FUN_180190560	180190560	54	OK	6907147
2707	FUN_1801905ac	1801905ac	54	OK	6907482
2708	FUN_1801905f0	1801905f0	54	OK	6907817
2709	FUN_180190630	180190630	51	OK	6908153
2710	FUN_180190670	180190670	51	OK	6908489
2711	FUN_1801906b0	1801906b0	51	OK	6908825
2712	FUN_1801906f0	1801906f0	48	OK	6909073
2713	FUN_180190730	180190730	45	OK	6909320
2714	FUN_180190770	180190770	54	OK	6909657
2715	FUN_1801907b0	1801907b0	57	OK	6909995
2716	FUN_1801907f0	1801907f0	57	OK	6910331
2717	FUN_18019085b	18019085b	54	OK	6910666
2718	FUN_1801908a0	1801908a0	48	OK	6910914
2719	FUN_1801908e0	1801908e0	48	OK	6911162
2720	FUN_180190920	180190920	61	OK	6911511
2721	FUN_180190990	180190990	65	OK	6911906
2722	FUN_1801909e0	1801909e0	61	OK	6912256
2723	FUN_180190a20	180190a20	65	OK	6912651
2724	FUN_180190a70	180190a70	45	OK	6912898
2725	FUN_180190aa0	180190aa0	48	OK	6913145
2726	FUN_180190ae0	180190ae0	45	OK	6913392
2727	FUN_180190b10	180190b10	48	OK	6913639
2728	FUN_180190b50	180190b50	48	OK	6913885
2729	FUN_180190b90	180190b90	48	OK	6914133
2730	FUN_180190bd0	180190bd0	48	OK	6914381
2731	FUN_180190c10	180190c10	48	OK	6914629
2732	FUN_180190c50	180190c50	48	OK	6914878
2733	FUN_180190c90	180190c90	48	OK	6915127
2734	FUN_180190cd0	180190cd0	48	OK	6915375
2735	FUN_180190d10	180190d10	48	OK	6915623
2736	FUN_180190d50	180190d50	48	OK	6915869
2737	FUN_180190d90	180190d90	48	OK	6916116
2738	FUN_180190ddc	180190ddc	45	OK	6916363
2739	FUN_180190e1c	180190e1c	45	OK	6916610
2740	FUN_180190e50	180190e50	48	OK	6916858
2741	FUN_180190e90	180190e90	48	OK	6917106
2742	FUN_180190f50	180190f50	29	OK	6917238
2743	FUN_180190f70	180190f70	38	OK	6917567
2744	FUN_180190fa2	180190fa2	43	OK	6917847
2745	FUN_180191000	180191000	44	OK	6918176
2746	FUN_180191038	180191038	43	OK	6918456
2747	FUN_180191070	180191070	38	OK	6918785
2748	FUN_1801910e0	1801910e0	41	OK	6919097
2749	FUN_180191130	180191130	38	OK	6919442
2750	FUN_180191160	180191160	38	OK	6919771
2751	FUN_1801911d9	1801911d9	29	OK	6919987
2752	FUN_1801911f6	1801911f6	29	OK	6920203
2753	FUN_180191260	180191260	38	OK	6920532
2754	FUN_180191290	180191290	38	OK	6920844
2755	FUN_1801912d8	1801912d8	41	OK	6921156
2756	FUN_180191328	180191328	41	OK	6921468
2757	FUN_180191378	180191378	41	OK	6921780
2758	FUN_1801913e8	1801913e8	32	OK	6921996
2759	FUN_180191414	180191414	32	OK	6922211
2760	FUN_180191440	180191440	38	OK	6922540
2761	FUN_1801914a8	1801914a8	32	OK	6922756
2762	FUN_1801914d4	1801914d4	32	OK	6922971
2763	FUN_180191538	180191538	32	OK	6923186
2764	FUN_180191564	180191564	32	OK	6923402
2765	FUN_1801915b0	1801915b0	38	OK	6923737
2766	FUN_18019161c	18019161c	87	OK	6924473
2767	FUN_1801916a4	1801916a4	87	OK	6925209
2768	FUN_18019170c	18019170c	51	OK	6925569
2769	FUN_18019174c	18019174c	101	OK	6926252
2770	FUN_1801917be	1801917be	65	OK	6926735
2771	FUN_180191800	180191800	54	OK	6927072
2772	FUN_180191850	180191850	54	OK	6927409
2773	FUN_180191890	180191890	54	OK	6927746
2774	FUN_1801918e0	1801918e0	54	OK	6928083
2775	FUN_180191920	180191920	54	OK	6928420
2776	FUN_180191970	180191970	54	OK	6928757
2777	FUN_1801919b0	1801919b0	39	OK	6928969
2778	FUN_1801919e0	1801919e0	39	OK	6929181
2779	FUN_180191ab0	180191ab0	41	OK	6929510
2780	FUN_180191d30	180191d30	31	OK	6929757
2781	FUN_180191ea0	180191ea0	31	OK	6930004
2782	FUN_180191fd0	180191fd0	31	OK	6930251
2783	FUN_1801920a0	1801920a0	32	OK	6930468
2784	dtor$1	18019212c	44	OK	6931095
2785	FUN_180192170	180192170	32	OK	6931312
2786	FUN_1801921fc	1801921fc	44	OK	6931627
2787	FUN_180192240	180192240	32	OK	6931843
2788	FUN_1801922e8	1801922e8	87	OK	6932579
2789	FUN_180192350	180192350	29	OK	6932795
2790	FUN_1801923c0	1801923c0	29	OK	6933011
2791	FUN_180192430	180192430	29	OK	6933227
2792	FUN_180192720	180192720	51	OK	6933587
2793	FUN_180192770	180192770	32	OK	6933803
2794	FUN_180192823	180192823	38	OK	6934115
2795	FUN_180192883	180192883	38	OK	6934427
2796	FUN_1801928d3	1801928d3	38	OK	6934739
2797	FUN_180192900	180192900	51	OK	6935099
2798	FUN_180192958	180192958	39	OK	6935489
2799	FUN_180192998	180192998	39	OK	6935879
2800	FUN_1801929d8	1801929d8	39	OK	6936269
2801	FUN_180192a50	180192a50	41	OK	6936581
2802	FUN_180192aa0	180192aa0	41	OK	6936893
2803	FUN_180192ad5	180192ad5	43	OK	6937263
2804	FUN_180192b01	180192b01	93	OK	6938047
2805	FUN_180192b60	180192b60	23	OK	6938218
2806	FUN_180192b78	180192b78	43	OK	6938588
2807	FUN_180192ba4	180192ba4	22	OK	6938807
2808	FUN_180192bbb	180192bbb	24	OK	6939026
2809	FUN_180192bd4	180192bd4	19	OK	6939169
2810	FUN_180192be8	180192be8	53	OK	6939530
2811	FUN_180192c1e	180192c1e	162	OK	6940511
2812	FUN_180192cc1	180192cc1	176	OK	6941574
2813	FUN_180192d72	180192d72	148	OK	6942737
2814	FUN_180192e08	180192e08	27	OK	6942955
2815	FUN_180192e24	180192e24	36	OK	6943267
2816	FUN_180192e49	180192e49	133	OK	6944092
2817	FUN_180192ecf	180192ecf	46	OK	6944454
2818	FUN_180192efe	180192efe	144	OK	6945373
2819	FUN_180192f8f	180192f8f	21	OK	6945516
2820	FUN_180192fa5	180192fa5	34	OK	6945815
2821	FUN_180192fc8	180192fc8	21	OK	6945958
2822	FUN_180192fde	180192fde	34	OK	6946257
2823	FUN_180193001	180193001	26	OK	6946464
2824	FUN_18019301c	18019301c	28	OK	6946671
2825	FUN_180193039	180193039	23	OK	6946876
2826	FUN_180193051	180193051	25	OK	6947083
2827	FUN_18019306b	18019306b	21	OK	6947227
2828	FUN_180193081	180193081	44	OK	6947607
2829	FUN_1801930ae	1801930ae	25	OK	6947814
2830	FUN_1801930c8	1801930c8	32	OK	6948099
2831	FUN_1801930e9	1801930e9	24	OK	6948243
2832	FUN_180193102	180193102	24	OK	6948387
2833	FUN_18019311b	18019311b	25	OK	6948594
2834	FUN_180193135	180193135	22	OK	6948799
2835	FUN_18019314c	18019314c	24	OK	6948943
2836	FUN_180193165	180193165	44	OK	6949359
2837	FUN_180193192	180193192	32	OK	6949583
2838	FUN_1801931b3	1801931b3	25	OK	6949790
2839	FUN_1801931cd	1801931cd	24	OK	6949934
2840	FUN_1801931e6	1801931e6	24	OK	6950078
2841	FUN_1801931ff	1801931ff	24	OK	6950224
2842	FUN_180193218	180193218	43	OK	6950525
2843	FUN_180193250	180193250	31	OK	6950696
2844	FUN_180193270	180193270	12	OK	6950853
2845	FUN_180193280	180193280	38	OK	6951049
2846	FUN_1801932b0	1801932b0	38	OK	6951245
2847	FUN_1801932e0	1801932e0	38	OK	6951441
2848	FUN_180193310	180193310	38	OK	6951637
2849	FUN_180193340	180193340	38	OK	6951833
2850	FUN_180193370	180193370	38	OK	6952029
2851	FUN_1801933a0	1801933a0	38	OK	6952225
2852	FUN_1801933d0	1801933d0	38	OK	6952421
2853	FUN_180193400	180193400	38	OK	6952617
2854	FUN_180193430	180193430	38	OK	6952813
2855	FUN_180193460	180193460	38	OK	6953009
2856	FUN_180193490	180193490	38	OK	6953205
2857	FUN_1801934c0	1801934c0	38	OK	6953401
2858	FUN_1801934f0	1801934f0	38	OK	6953597
2859	FUN_180193520	180193520	38	OK	6953793
2860	FUN_180193550	180193550	38	OK	6953989
2861	FUN_180193580	180193580	38	OK	6954185
2862	FUN_1801935b0	1801935b0	38	OK	6954381
2863	FUN_1801935e0	1801935e0	38	OK	6954577
2864	FUN_180193610	180193610	38	OK	6954773
2865	FUN_180193640	180193640	38	OK	6954969
2866	FUN_180193670	180193670	38	OK	6955165
2867	FUN_1801936a0	1801936a0	38	OK	6955361
2868	FUN_1801936d0	1801936d0	38	OK	6955557
2869	FUN_180193700	180193700	38	OK	6955753
2870	FUN_180193730	180193730	38	OK	6955949
2871	FUN_180193760	180193760	38	OK	6956145
2872	FUN_180193790	180193790	38	OK	6956341
2873	FUN_1801937c0	1801937c0	38	OK	6956537
2874	FUN_1801937f0	1801937f0	38	OK	6956733
2875	FUN_180193820	180193820	38	OK	6956929
2876	FUN_180193850	180193850	38	OK	6957125
2877	FUN_180193880	180193880	38	OK	6957321
2878	FUN_1801938b0	1801938b0	38	OK	6957517
2879	FUN_1801938e0	1801938e0	38	OK	6957713
2880	FUN_180193910	180193910	38	OK	6957909
2881	FUN_180193940	180193940	38	OK	6958105
2882	FUN_180193970	180193970	38	OK	6958301
2883	FUN_1801939a0	1801939a0	38	OK	6958497
2884	FUN_1801939d0	1801939d0	38	OK	6958693
2885	FUN_180193a00	180193a00	38	OK	6958889
2886	FUN_180193a30	180193a30	12	OK	6959062
2887	FUN_180193a40	180193a40	12	OK	6959219
2888	FUN_180193a50	180193a50	12	OK	6959376
2889	FUN_180193a60	180193a60	12	OK	6959533
2890	FUN_180193a70	180193a70	12	OK	6959706
2891	FUN_180193a80	180193a80	12	OK	6959879
2892	FUN_180193a90	180193a90	12	OK	6960052
2893	FUN_180193aa0	180193aa0	12	OK	6960209
2894	FUN_180193ab0	180193ab0	12	OK	6960366
2895	FUN_180193ac0	180193ac0	12	OK	6960523
2896	FUN_180193ad0	180193ad0	12	OK	6960680
2897	FUN_180193ae0	180193ae0	12	OK	6960837
2898	FUN_180193af0	180193af0	12	OK	6960994
2899	FUN_180193b00	180193b00	12	OK	6961151
2900	FUN_180193b10	180193b10	12	OK	6961308
2901	FUN_180193b20	180193b20	12	OK	6961465
2902	FUN_180193b30	180193b30	12	OK	6961622
2903	FUN_180193b40	180193b40	12	OK	6961779
2904	FUN_180193b50	180193b50	12	OK	6961936
2905	FUN_180193b60	180193b60	12	OK	6962093
2906	FUN_180193b70	180193b70	82	OK	6962545
2907	FUN_180193bd0	180193bd0	12	OK	6962702
2908	FUN_180193be0	180193be0	82	OK	6963154
2909	FUN_180193c40	180193c40	12	OK	6963311
2910	FUN_180193c50	180193c50	82	OK	6963763
2911	FUN_180193cb0	180193cb0	12	OK	6963920
2912	FUN_180193cc0	180193cc0	12	OK	6964077
2913	FUN_180193cd0	180193cd0	12	OK	6964234
2914	FUN_180193ce0	180193ce0	12	OK	6964391
2915	~_Fac_tidy_reg_t	180193cf0	91	OK	6965088
2916	FUN_180193d50	180193d50	62	OK	6965418
2917	~_Init_atexit	180193d90	62	OK	6966028
2918	FUN_180193dd0	180193dd0	12	OK	6966185
