seq	name	address	size_bytes	status	c_offset
1	FUN_180001000	180001000	428	OK	2120
2	FUN_1800011b0	1800011b0	2153	OK	14311
3	FUN_180001a30	180001a30	417	OK	16297
4	FUN_180001be0	180001be0	433	OK	18353
5	FUN_180001da0	180001da0	384	OK	20136
6	FUN_180001f30	180001f30	32	OK	20349
7	FUN_180001f50	180001f50	12	OK	20498
8	FUN_180001f60	180001f60	12	OK	20672
9	FUN_180001f70	180001f70	48	OK	20876
10	FUN_180001fa0	180001fa0	80	OK	21341
11	FUN_180001ff0	180001ff0	70	OK	21833
12	FUN_180002040	180002040	32	OK	22047
13	FUN_180002060	180002060	32	OK	22261
14	FUN_180002080	180002080	12	OK	22425
15	FUN_1800020a0	1800020a0	111	OK	22801
16	FUN_180002110	180002110	65	OK	22984
17	FUN_180002160	180002160	21	OK	23109
18	FUN_180002180	180002180	96	OK	23587
19	FUN_1800021e0	1800021e0	296	OK	25654
20	FUN_180002310	180002310	45	OK	26168
21	FUN_180002340	180002340	90	OK	26712
22	FUN_1800023e0	1800023e0	147	OK	27722
23	FUN_180002480	180002480	65	OK	28393
24	FUN_1800024d0	1800024d0	945	OK	36187
25	FUN_180002910	180002910	274	OK	37701
26	FUN_180002a30	180002a30	171	OK	38831
27	FUN_180002bc0	180002bc0	108	OK	39399
28	FUN_180002c30	180002c30	102	OK	40093
29	FUN_180002ce0	180002ce0	118	OK	40823
30	FUN_180002d60	180002d60	78	OK	41296
31	FUN_180002db0	180002db0	37	OK	41584
32	FUN_180002de0	180002de0	168	OK	42939
33	FUN_180002eb0	180002eb0	392	OK	45700
34	FUN_180003040	180003040	26	OK	46013
35	FUN_180003060	180003060	354	OK	48402
36	FUN_1800031d0	1800031d0	155	OK	49442
37	FUN_180003340	180003340	1044	OK	56344
38	FUN_180003760	180003760	224	OK	57870
39	FUN_180003850	180003850	1030	OK	64504
40	FUN_180003c60	180003c60	41	OK	64952
41	FUN_180003c90	180003c90	41	OK	65400
42	FUN_180003cc0	180003cc0	162	OK	66703
43	FUN_180003d70	180003d70	115	OK	67152
44	FUN_180003df0	180003df0	97	OK	67577
45	FUN_180003e60	180003e60	115	OK	68023
46	bpParserCreate	180003ef0	123	OK	68892
47	bpParserDestroy	180003f70	51	OK	69215
48	bpParserDumpBuffer	180003fb0	72	OK	69709
49	bpParserGetBuffer	180004000	745	OK	73548
50	bpParserGetInputCount	180004310	57	OK	73986
51	bpParserGetInputTensorDesc	180004350	30	OK	74482
52	bpParserGetInputTensorDesc2	180004370	30	OK	74983
53	bpParserGetOutputCount	180004390	57	OK	75409
54	bpParserGetOutputTensorDesc	1800043d0	30	OK	75893
55	bpParserGetOutputTensorDesc2	1800043f0	30	OK	76383
56	bpParserMergeInferences	180004410	16	OK	76791
57	FUN_180004440	180004440	701	OK	81465
58	FUN_180004790	180004790	95	OK	82199
59	FUN_180004800	180004800	62	OK	82715
60	FUN_180004840	180004840	182	OK	83802
61	FUN_180004900	180004900	48	OK	84109
62	FUN_180004930	180004930	48	OK	84416
63	FUN_180004960	180004960	48	OK	84723
64	FUN_180004990	180004990	48	OK	85030
65	FUN_1800049c0	1800049c0	48	OK	85337
66	FUN_1800049f0	1800049f0	176	OK	86336
67	FUN_180004aa0	180004aa0	354	OK	88407
68	FUN_180004c10	180004c10	113	OK	88996
69	FUN_180004c90	180004c90	77	OK	89484
70	FUN_180004ce0	180004ce0	97	OK	90016
71	FUN_180004d50	180004d50	77	OK	90504
72	FUN_180004da0	180004da0	77	OK	90992
73	FUN_180004df0	180004df0	181	OK	92045
74	FUN_180004eb0	180004eb0	77	OK	92533
75	FUN_180004f00	180004f00	77	OK	93021
76	FUN_180004f50	180004f50	652	OK	97472
77	FUN_1800051e0	1800051e0	652	OK	101923
78	FUN_180005470	180005470	525	OK	105634
79	FUN_180005680	180005680	655	OK	110017
80	FUN_180005980	180005980	679	OK	114756
81	FUN_180005c50	180005c50	111	OK	115381
82	FUN_180005cc0	180005cc0	375	OK	117514
83	FUN_180005e40	180005e40	343	OK	119418
84	FUN_180005fa0	180005fa0	327	OK	121103
85	FUN_1800060f0	1800060f0	350	OK	122926
86	FUN_180006250	180006250	43	OK	123255
87	FUN_180006280	180006280	54	OK	123575
88	FUN_1800062c0	1800062c0	449	OK	126562
89	FUN_180006490	180006490	263	OK	127896
90	FUN_1800065a0	1800065a0	263	OK	129230
91	FUN_1800066b0	1800066b0	263	OK	130564
92	FUN_1800067c0	1800067c0	263	OK	131898
93	FUN_1800068d0	1800068d0	599	OK	135400
94	FUN_180006b30	180006b30	157	OK	136298
95	FUN_180006bd0	180006bd0	208	OK	137569
96	FUN_180006cb0	180006cb0	211	OK	138821
97	FUN_180006d90	180006d90	87	OK	139304
98	FUN_180006df0	180006df0	980	OK	144969
99	FUN_1800071d0	1800071d0	155	OK	145723
100	FUN_180007270	180007270	436	OK	148584
101	FUN_180007430	180007430	77	OK	149073
102	FUN_180007480	180007480	60	OK	149422
103	FUN_1800074c0	1800074c0	60	OK	149782
104	FUN_180007500	180007500	33	OK	150045
105	FUN_180007530	180007530	60	OK	150393
106	FUN_180007570	180007570	33	OK	150632
107	exception	1800075a0	50	OK	151168
108	FUN_1800075e0	1800075e0	87	OK	151740
109	FUN_180007640	180007640	180	OK	152977
110	FUN_180007700	180007700	1415	OK	161059
111	FUN_180007c90	180007c90	60	OK	161412
112	FUN_180007cd0	180007cd0	129	OK	162262
113	FUN_180007d60	180007d60	87	OK	162829
114	FUN_180007dc0	180007dc0	90	OK	163474
115	FUN_180007ee0	180007ee0	52	OK	163846
116	FUN_180007f20	180007f20	112	OK	164459
117	FUN_180007f90	180007f90	92	OK	165029
118	FUN_180007ff0	180007ff0	92	OK	165599
119	FUN_180008050	180008050	42	OK	165842
120	FUN_180008080	180008080	92	OK	166412
121	FUN_180008140	180008140	35	OK	166657
122	FUN_180008170	180008170	35	OK	166902
123	FUN_1800081a0	1800081a0	103	OK	167534
124	FUN_180008210	180008210	25	OK	167767
125	FUN_1800082e0	1800082e0	126	OK	168531
126	FUN_180008390	180008390	96	OK	169116
127	FUN_1800083f0	1800083f0	93	OK	169741
128	FUN_180008450	180008450	179	OK	170970
129	~basic_stringstream<char,std::char_traits<char>,std::allocator<char>_>	180008510	226	OK	172836
130	~ctype<char>	180008610	73	OK	173578
131	FUN_180008660	180008660	249	OK	175234
132	~numpunct<>	180008780	62	OK	176053
133	FUN_1800087c0	1800087c0	92	OK	176786
134	FUN_180008850	180008850	90	OK	177431
135	FUN_1800088b0	1800088b0	90	OK	178076
136	FUN_180008910	180008910	90	OK	178721
137	FUN_180008970	180008970	120	OK	179378
138	FUN_180008a00	180008a00	146	OK	180490
139	~_Sentry_base	180008aa0	43	OK	181278
140	FUN_180008b80	180008b80	25	OK	181511
141	FUN_180008ba0	180008ba0	64	OK	181882
142	FUN_180008be0	180008be0	372	OK	183672
143	FUN_180008d60	180008d60	67	OK	184074
144	FUN_180008dd0	180008dd0	138	OK	185032
145	FUN_180008e60	180008e60	526	OK	187950
146	FUN_180009080	180009080	527	OK	190868
147	FUN_1800092b0	1800092b0	102	OK	191813
148	FUN_180009320	180009320	644	OK	196267
149	FUN_1800095b0	1800095b0	147	OK	197062
150	FUN_180009650	180009650	240	OK	198357
151	FUN_180009740	180009740	12	OK	198581
152	FUN_180009750	180009750	12	OK	198833
153	FUN_180009760	180009760	12	OK	199043
154	FUN_180009770	180009770	12	OK	199295
155	FUN_180009780	180009780	12	OK	199505
156	FUN_180009790	180009790	52	OK	199763
157	FUN_1800097d0	1800097d0	63	OK	200089
158	FUN_180009810	180009810	175	OK	201327
159	FID_conflict:`scalar_deleting_destructor'	1800098c0	99	OK	202634
160	FUN_180009930	180009930	59	OK	202953
161	FID_conflict:`scalar_deleting_destructor'	180009970	99	OK	204260
162	FUN_1800099e0	1800099e0	52	OK	204522
163	FUN_180009a20	180009a20	52	OK	204784
164	FUN_180009a60	180009a60	59	OK	205103
165	FUN_180009aa0	180009aa0	43	OK	205384
166	`scalar_deleting_destructor'	180009ad0	106	OK	206253
167	FUN_180009b40	180009b40	43	OK	206534
168	FUN_180009b70	180009b70	94	OK	206982
169	FUN_180009bd0	180009bd0	43	OK	207263
170	FUN_180009c00	180009c00	33	OK	207493
171	FUN_180009c30	180009c30	66	OK	207807
172	FUN_180009c80	180009c80	66	OK	208121
173	FUN_180009cd0	180009cd0	66	OK	208435
174	FUN_180009d20	180009d20	66	OK	208749
175	FUN_180009d70	180009d70	43	OK	209030
176	FUN_180009da0	180009da0	43	OK	209311
177	FUN_180009dd0	180009dd0	66	OK	209625
178	FUN_180009e20	180009e20	43	OK	209906
179	FUN_180009e50	180009e50	66	OK	210220
180	`scalar_deleting_destructor'	180009ea0	63	OK	210747
181	FUN_180009ee0	180009ee0	66	OK	211061
182	FUN_180009f30	180009f30	66	OK	211375
183	FUN_180009f80	180009f80	15	OK	211700
184	FUN_180009f90	180009f90	248	OK	212985
185	FUN_18000a090	18000a090	1837	OK	224935
186	FUN_18000a7c0	18000a7c0	4	OK	225088
187	FUN_18000a7d0	18000a7d0	410	OK	227634
188	FUN_18000a970	18000a970	436	OK	230485
189	FUN_18000ab30	18000ab30	410	OK	233072
190	FUN_18000acd0	18000acd0	612	OK	236705
191	FUN_18000af40	18000af40	107	OK	237345
192	FUN_18000afb0	18000afb0	23	OK	237588
193	FUN_18000afd0	18000afd0	5	OK	237800
194	FUN_18000afe0	18000afe0	244	OK	239521
195	FUN_18000b0e0	18000b0e0	135	OK	240528
196	FUN_18000b170	18000b170	603	OK	245526
197	FUN_18000b3d0	18000b3d0	603	OK	250524
198	FUN_18000b630	18000b630	603	OK	255522
199	FUN_18000b890	18000b890	603	OK	260520
200	FUN_18000baf0	18000baf0	603	OK	265518
201	FUN_18000bd50	18000bd50	603	OK	270516
202	FUN_18000bfb0	18000bfb0	1725	OK	282066
203	FUN_18000c670	18000c670	17	OK	282514
204	FUN_18000c690	18000c690	3	OK	282639
205	FUN_18000c6a0	18000c6a0	167	OK	283967
206	FUN_18000c750	18000c750	23	OK	284210
207	_Reset_back	18000c770	48	OK	285067
208	FUN_18000c7a0	18000c7a0	31	OK	285362
209	FUN_18000c7c0	18000c7c0	31	OK	285657
210	FUN_18000c7e0	18000c7e0	16	OK	285865
211	FUN_18000c800	18000c800	17	OK	286313
212	FUN_18000c820	18000c820	3	OK	286438
213	FUN_18000c830	18000c830	16	OK	286646
214	FUN_18000c850	18000c850	16	OK	286854
215	FUN_18000c870	18000c870	16	OK	287062
216	FUN_18000c890	18000c890	16	OK	287270
217	FUN_18000c8b0	18000c8b0	16	OK	287478
218	FUN_18000c8d0	18000c8d0	373	OK	289646
219	FUN_18000ca50	18000ca50	108	OK	290460
220	FUN_18000cad0	18000cad0	247	OK	291886
221	deallocate	18000cbd0	60	OK	292555
222	FUN_18000cc10	18000cc10	65	OK	293054
223	FUN_18000cc60	18000cc60	64	OK	293554
224	FUN_18000ccb0	18000ccb0	64	OK	294054
225	FUN_18000cd00	18000cd00	11	OK	294313
226	FUN_18000cd10	18000cd10	1009	OK	301194
227	FUN_18000d110	18000d110	3	OK	301327
228	FUN_18000d120	18000d120	3	OK	301460
229	FUN_18000d130	18000d130	5	OK	301635
230	FUN_18000d140	18000d140	6	OK	301768
231	FUN_18000d150	18000d150	62	OK	302348
232	FUN_18000d190	18000d190	62	OK	302928
233	FUN_18000d1d0	18000d1d0	27	OK	303269
234	FUN_18000d1f0	18000d1f0	28	OK	303697
235	FUN_18000d210	18000d210	6	OK	303830
236	FUN_18000d220	18000d220	4	OK	304002
237	FUN_18000d230	18000d230	31	OK	304329
238	FUN_18000d250	18000d250	27	OK	304670
239	FUN_18000d270	18000d270	287	OK	305996
240	FUN_18000d390	18000d390	287	OK	307323
241	FUN_18000d4b0	18000d4b0	722	OK	311779
242	FUN_18000d790	18000d790	726	OK	316273
243	FUN_18000da70	18000da70	170	OK	317026
244	FUN_18000db20	18000db20	293	OK	318530
245	FUN_18000dc50	18000dc50	293	OK	320035
246	FUN_18000dd80	18000dd80	786	OK	326176
247	FUN_18000e0a0	18000e0a0	5	OK	326351
248	FUN_18000e0b0	18000e0b0	14	OK	326559
249	FUN_18000e0c0	18000e0c0	72	OK	326961
250	FUN_18000e110	18000e110	14	OK	327169
251	FUN_18000e120	18000e120	72	OK	327571
252	FUN_18000e170	18000e170	62	OK	328151
253	FUN_18000e1b0	18000e1b0	14	OK	328412
254	FUN_18000e1c0	18000e1c0	4	OK	328584
255	FUN_18000e1d0	18000e1d0	29	OK	328892
256	FUN_18000e1f0	18000e1f0	1679	OK	340263
257	FUN_18000e8a0	18000e8a0	25	OK	340684
258	FUN_18000e8c0	18000e8c0	70	OK	341250
259	FUN_18000e910	18000e910	339	OK	343381
260	FUN_18000ea80	18000ea80	29	OK	343677
261	FUN_18000eaa0	18000eaa0	44	OK	343983
262	FUN_18000ead0	18000ead0	85	OK	344308
263	FUN_18000eb30	18000eb30	66	OK	344657
264	FUN_18000eb80	18000eb80	326	OK	345926
265	FUN_18000ecd0	18000ecd0	231	OK	347425
266	FUN_18000edc0	18000edc0	78	OK	347878
267	FUN_18000ee10	18000ee10	67	OK	348283
268	FUN_18000ee60	18000ee60	328	OK	349769
269	FUN_18000efb0	18000efb0	201	OK	351122
270	FUN_18000f080	18000f080	33	OK	351383
271	FUN_18000f0b0	18000f0b0	3	OK	351508
272	FUN_18000f0c0	18000f0c0	393	OK	353744
273	FUN_18000f250	18000f250	2953	OK	377672
274	FUN_18000fde0	18000fde0	26	OK	377942
275	FUN_18000fe00	18000fe00	41	OK	378386
276	FUN_18000fe30	18000fe30	17	OK	378642
277	thunk_FUN_18001dba0	18000fe50	5	OK	378912
278	FUN_18000fe60	18000fe60	114	OK	379784
279	FUN_18000fee0	18000fee0	8	OK	379922
280	FUN_18000fef0	18000fef0	984	OK	387006
281	FUN_1800102d0	1800102d0	1013	OK	394819
282	FUN_1800106d0	1800106d0	215	OK	396113
283	FUN_1800107b0	1800107b0	428	OK	398528
284	FUN_180010960	180010960	6	OK	398670
285	FUN_180010970	180010970	426	OK	401230
286	FUN_180010b20	180010b20	223	OK	402789
287	FUN_180010c00	180010c00	6	OK	402931
288	FUN_180010c10	180010c10	82	OK	403636
289	FUN_180010c70	180010c70	327	OK	405566
290	FUN_180010dc0	180010dc0	429	OK	408363
291	FUN_180010f80	180010f80	102	OK	409084
292	FUN_180010ff0	180010ff0	217	OK	410429
293	FUN_1800110d0	1800110d0	25	OK	410674
294	FUN_1800110f0	1800110f0	361	OK	412830
295	FUN_180011260	180011260	210	OK	413995
296	FUN_180011340	180011340	25	OK	414240
297	FUN_180011360	180011360	250	OK	415809
298	FUN_180011460	180011460	88	OK	416356
299	FUN_1800114c0	1800114c0	4	OK	416509
300	FUN_1800114d0	1800114d0	3	OK	416642
301	FUN_1800114e0	1800114e0	321	OK	418729
302	FUN_180011630	180011630	78	OK	419102
303	FUN_180011680	180011680	3	OK	419235
304	FUN_180011690	180011690	652	OK	423590
305	FUN_180011920	180011920	62	OK	424019
306	FUN_180011960	180011960	113	OK	424551
307	FUN_1800119e0	1800119e0	6	OK	424693
308	FUN_1800119f0	1800119f0	125	OK	425673
309	FUN_180011a70	180011a70	19	OK	425961
310	FUN_180011a90	180011a90	131	OK	426682
311	FUN_180011b20	180011b20	424	OK	429202
312	FUN_180011cd0	180011cd0	182	OK	430232
313	FUN_180011d90	180011d90	315	OK	432202
314	FUN_180011ed0	180011ed0	183	OK	433213
315	FUN_180011f90	180011f90	8	OK	433360
316	FUN_180011fa0	180011fa0	87	OK	433891
317	FUN_180012000	180012000	48	OK	434199
318	FUN_180012030	180012030	355	OK	435903
319	FUN_1800121a0	1800121a0	295	OK	437029
320	FUN_1800122d0	1800122d0	176	OK	437787
321	FUN_180012390	180012390	16	OK	437995
322	FUN_1800123b0	1800123b0	367	OK	440198
323	FUN_180012520	180012520	64	OK	440702
324	FUN_180012570	180012570	62	OK	441153
325	FUN_180012600	180012600	1068	OK	449106
326	FUN_180012a30	180012a30	1245	OK	456820
327	FUN_180012f10	180012f10	208	OK	457616
328	FUN_180012fe0	180012fe0	177	OK	458546
329	FUN_1800130a0	1800130a0	739	OK	463686
330	FUN_1800133b0	1800133b0	351	OK	465695
331	FUN_180013520	180013520	352	OK	467710
332	FUN_180013690	180013690	48	OK	468018
333	FUN_1800136c0	1800136c0	48	OK	468326
334	FUN_1800136f0	1800136f0	48	OK	468634
335	FUN_180013720	180013720	48	OK	468942
336	FUN_180013750	180013750	48	OK	469250
337	FUN_180013780	180013780	48	OK	469558
338	FUN_1800137b0	1800137b0	48	OK	469866
339	FUN_1800137e0	1800137e0	49	OK	470141
340	FUN_180013820	180013820	49	OK	470416
341	FUN_180013860	180013860	395	OK	472430
342	FUN_1800139f0	1800139f0	290	OK	474011
343	FUN_180013b20	180013b20	290	OK	475670
344	FUN_180013c50	180013c50	355	OK	477873
345	FUN_180013dc0	180013dc0	395	OK	479887
346	FUN_180013f50	180013f50	355	OK	482090
347	FUN_1800140c0	1800140c0	77	OK	482579
348	FUN_180014110	180014110	77	OK	483068
349	FUN_180014160	180014160	652	OK	487520
350	FUN_1800144d0	1800144d0	800	OK	491759
351	FUN_180014800	180014800	254	OK	493193
352	FUN_180014900	180014900	240	OK	494224
353	FUN_180014a00	180014a00	315	OK	495786
354	FUN_180014b40	180014b40	621	OK	498966
355	FUN_180014db0	180014db0	621	OK	502146
356	FUN_180015020	180015020	31	OK	502379
357	FUN_180015040	180015040	31	OK	502612
358	FUN_180015060	180015060	31	OK	502845
359	FUN_180015190	180015190	132	OK	503671
360	FUN_180015260	180015260	17	OK	503880
361	FUN_180015280	180015280	905	OK	509105
362	FUN_180015610	180015610	1645	OK	517780
363	FUN_180015ce0	180015ce0	100	OK	518564
364	FUN_180015d50	180015d50	90	OK	519209
365	FUN_180015db0	180015db0	57	OK	519576
366	FUN_180015df0	180015df0	92	OK	520146
367	FUN_180015e70	180015e70	109	OK	520640
368	FUN_180015ee0	180015ee0	92	OK	521210
369	FUN_180015f50	180015f50	86	OK	521844
370	FUN_180015fb0	180015fb0	90	OK	522489
371	FUN_180016010	180016010	90	OK	523134
372	FUN_180016070	180016070	90	OK	523779
373	FUN_1800160d0	1800160d0	90	OK	524424
374	FUN_180016140	180016140	90	OK	525069
375	FUN_1800161b0	1800161b0	449	OK	527271
376	FUN_180016380	180016380	92	OK	527901
377	FUN_1800163e0	1800163e0	264	OK	529313
378	FUN_1800164f0	1800164f0	171	OK	530559
379	FUN_1800165a0	1800165a0	528	OK	533477
380	FUN_1800167d0	1800167d0	558	OK	536398
381	FUN_180016a10	180016a10	527	OK	539316
382	FUN_180016c40	180016c40	527	OK	542234
383	FUN_180016e70	180016e70	527	OK	545152
384	FUN_1800170a0	1800170a0	644	OK	549606
385	FUN_180017330	180017330	52	OK	549868
386	FUN_180017370	180017370	300	OK	551375
387	FUN_1800174a0	1800174a0	60	OK	551844
388	FUN_1800174e0	1800174e0	240	OK	553161
389	FUN_1800175e0	1800175e0	134	OK	553898
390	FUN_180017670	180017670	140	OK	554641
391	FUN_180017700	180017700	181	OK	555391
392	FUN_1800177c0	1800177c0	487	OK	559012
393	FUN_1800179b0	1800179b0	603	OK	564010
394	FUN_180017c10	180017c10	603	OK	569008
395	FUN_180017e70	180017e70	135	OK	569597
396	FUN_180017f00	180017f00	134	OK	570187
397	FUN_180017f90	180017f90	175	OK	570918
398	FUN_180018040	180018040	121	OK	571571
399	FUN_1800180c0	1800180c0	621	OK	574981
400	FUN_180018330	180018330	16	OK	575189
401	FUN_180018350	180018350	16	OK	575397
402	FUN_180018370	180018370	16	OK	575605
403	FUN_180018390	180018390	16	OK	575813
404	FUN_1800183b0	1800183b0	16	OK	576021
405	FUN_1800183d0	1800183d0	16	OK	576229
406	FUN_1800183f0	1800183f0	16	OK	576437
407	FUN_180018410	180018410	277	OK	578181
408	FUN_180018530	180018530	2781	OK	599409
409	FUN_180019020	180019020	2601	OK	618296
410	FUN_180019a60	180019a60	737	OK	623599
411	FUN_180019d50	180019d50	333	OK	626111
412	FUN_180019ea0	180019ea0	741	OK	630837
413	FUN_18001a190	18001a190	1592	OK	641473
414	FUN_18001a7d0	18001a7d0	758	OK	645467
415	FUN_18001aad0	18001aad0	195	OK	646563
416	FUN_18001aba0	18001aba0	153	OK	647268
417	FUN_18001ac40	18001ac40	132	OK	648373
418	deallocate	18001acd0	60	OK	649042
419	FUN_18001ad10	18001ad10	65	OK	649541
420	FUN_18001ad60	18001ad60	64	OK	650041
421	FUN_18001adb0	18001adb0	64	OK	650541
422	FUN_18001ae00	18001ae00	64	OK	651041
423	FUN_18001ae50	18001ae50	65	OK	651543
424	FUN_18001aea0	18001aea0	65	OK	652042
425	FUN_18001af10	18001af10	123	OK	652967
426	FUN_18001af90	18001af90	1402	OK	662433
427	FUN_18001b510	18001b510	1633	OK	672579
428	FUN_18001bb90	18001bb90	581	OK	674483
429	FUN_18001bde0	18001bde0	3805	OK	701987
430	FUN_18001ccd0	18001ccd0	171	OK	702937
431	FUN_18001cd90	18001cd90	3	OK	703062
432	FUN_18001cda0	18001cda0	210	OK	704393
433	FUN_18001ce80	18001ce80	2780	OK	726002
434	FUN_18001d960	18001d960	124	OK	727061
435	FUN_18001da00	18001da00	403	OK	729058
436	FUN_18001dba0	18001dba0	406	OK	731268
437	FUN_18001ddd0	18001ddd0	923	OK	736991
438	FUN_18001e170	18001e170	1164	OK	744258
439	FUN_18001e600	18001e600	921	OK	748112
440	FUN_18001e9a0	18001e9a0	631	OK	750804
441	FUN_18001ec20	18001ec20	734	OK	753964
442	FUN_18001ef00	18001ef00	5537	OK	776730
443	FUN_1800204b0	1800204b0	889	OK	780829
444	FUN_180020830	180020830	919	OK	784581
445	FUN_180020bd0	180020bd0	580	OK	787469
446	FUN_180020e20	180020e20	2959	OK	801182
447	FUN_1800219b0	1800219b0	1040	OK	805852
448	FUN_180021dc0	180021dc0	927	OK	809784
449	FUN_180022160	180022160	550	OK	812175
450	FUN_180022390	180022390	440	OK	814040
451	FUN_180022550	180022550	248	OK	815082
452	FUN_180022650	180022650	439	OK	816898
453	FUN_180022810	180022810	247	OK	817940
454	FUN_180022910	180022910	1114	OK	822756
455	FUN_180022d70	180022d70	2327	OK	834199
456	FUN_1800236e0	1800236e0	129	OK	835138
457	FUN_180023770	180023770	937	OK	840890
458	FUN_180023b20	180023b20	145	OK	841909
459	FUN_180023bc0	180023bc0	67	OK	842609
460	FUN_180023c10	180023c10	559	OK	845801
461	FUN_180023e40	180023e40	73	OK	846400
462	FUN_180023ec0	180023ec0	18	OK	846534
463	FUN_180023ee0	180023ee0	18	OK	846668
464	FUN_180023f00	180023f00	18	OK	846802
465	FUN_180023f20	180023f20	68	OK	847237
466	FUN_180023f70	180023f70	247	OK	848498
467	FUN_180024070	180024070	315	OK	849875
468	FUN_1800241e0	1800241e0	66	OK	850534
469	FUN_180024230	180024230	66	OK	851193
470	FUN_180024280	180024280	67	OK	851852
471	FUN_1800242d0	1800242d0	67	OK	852511
472	FUN_180024320	180024320	67	OK	853170
473	FUN_180024370	180024370	67	OK	853829
474	FUN_1800243c0	1800243c0	67	OK	854488
475	FUN_180024410	180024410	67	OK	855147
476	FUN_180024460	180024460	120	OK	855944
477	FUN_1800244e0	1800244e0	295	OK	857766
478	FUN_180024610	180024610	82	OK	858524
479	FUN_180024670	180024670	82	OK	859281
480	FUN_1800246d0	1800246d0	446	OK	861565
481	FUN_180024890	180024890	101	OK	862224
482	FUN_180024900	180024900	327	OK	863907
483	FUN_180024a50	180024a50	394	OK	866296
484	FUN_180024be0	180024be0	101	OK	866955
485	FUN_180024c50	180024c50	485	OK	869472
486	FUN_180024e40	180024e40	48	OK	869780
487	FUN_180024e70	180024e70	48	OK	870088
488	FUN_180024ea0	180024ea0	48	OK	870396
489	FUN_180024ed0	180024ed0	48	OK	870704
490	FUN_180024f00	180024f00	48	OK	871012
491	FUN_180024f30	180024f30	48	OK	871320
492	FUN_180024f60	180024f60	48	OK	871628
493	FUN_180024f90	180024f90	48	OK	871936
494	FUN_180024fc0	180024fc0	48	OK	872244
495	FUN_180024ff0	180024ff0	48	OK	872552
496	FUN_180025020	180025020	48	OK	872860
497	FUN_180025050	180025050	48	OK	873168
498	FUN_180025080	180025080	48	OK	873476
499	FUN_1800250b0	1800250b0	222	OK	874849
500	FUN_180025190	180025190	55	OK	875128
501	FUN_1800251d0	1800251d0	286	OK	876758
502	FUN_1800252f0	1800252f0	355	OK	878961
503	FUN_180025460	180025460	286	OK	880591
504	FUN_180025580	180025580	241	OK	881634
505	FUN_180025680	180025680	325	OK	883326
506	FUN_1800257d0	1800257d0	366	OK	885081
507	FUN_180025940	180025940	284	OK	886384
508	FUN_180025a60	180025a60	389	OK	887961
509	FUN_180025bf0	180025bf0	317	OK	889582
510	FUN_180025d30	180025d30	271	OK	890878
511	FUN_180025e40	180025e40	295	OK	892003
512	FUN_180025f70	180025f70	271	OK	893437
513	FUN_180026080	180026080	412	OK	895638
514	FUN_180026220	180026220	80	OK	896465
515	FUN_180026270	180026270	234	OK	898562
516	FUN_180026360	180026360	156	OK	899318
517	FUN_180026400	180026400	65	OK	899632
518	FUN_180026450	180026450	68	OK	899923
519	FUN_1800264a0	1800264a0	31	OK	900156
520	FUN_1800265a0	1800265a0	17	OK	900365
521	FUN_1800265c0	1800265c0	17	OK	900574
522	FUN_1800265e0	1800265e0	836	OK	904331
523	FUN_180026930	180026930	31	OK	904531
524	FUN_180026950	180026950	92	OK	905176
525	FUN_1800269b0	1800269b0	90	OK	905821
526	FUN_180026a10	180026a10	138	OK	906558
527	FUN_180026aa0	180026aa0	121	OK	907211
528	FUN_180026b20	180026b20	123	OK	908013
529	FUN_180026ba0	180026ba0	120	OK	908668
530	FUN_180026c20	180026c20	117	OK	909321
531	FUN_180026ca0	180026ca0	121	OK	909974
532	FUN_180026d20	180026d20	58	OK	910228
533	FUN_180026d60	180026d60	120	OK	910883
534	FUN_180026de0	180026de0	144	OK	911774
535	FUN_180026e80	180026e80	418	OK	913925
536	FUN_180027030	180027030	285	OK	915288
537	FUN_180027150	180027150	171	OK	916349
538	FUN_180027200	180027200	15	OK	916514
539	FUN_180027210	180027210	364	OK	918058
540	FUN_180027380	180027380	492	OK	921182
541	FUN_180027570	180027570	640	OK	925846
542	FUN_1800277f0	1800277f0	588	OK	929621
543	FUN_180027a40	180027a40	429	OK	932327
544	FUN_180027bf0	180027bf0	208	OK	933572
545	FUN_180027cc0	180027cc0	604	OK	937566
546	FUN_180027f20	180027f20	728	OK	942360
547	FUN_180028200	180028200	347	OK	944271
548	FUN_180028360	180028360	1844	OK	955639
549	FUN_180028aa0	180028aa0	509	OK	959197
550	FUN_180028ca0	180028ca0	818	OK	964430
551	FUN_180028fe0	180028fe0	347	OK	966341
552	FUN_180029140	180029140	347	OK	968252
553	FUN_1800292a0	1800292a0	375	OK	970707
554	FUN_180029420	180029420	402	OK	972910
555	FUN_1800295c0	1800295c0	419	OK	974919
556	FUN_180029770	180029770	720	OK	978677
557	FUN_180029a40	180029a40	1034	OK	985522
558	FUN_180029e50	180029e50	338	OK	987425
559	FUN_180029fb0	180029fb0	1491	OK	998617
560	FUN_18002a590	18002a590	661	OK	1002327
561	FUN_18002a830	18002a830	479	OK	1004974
562	FUN_18002aa10	18002aa10	534	OK	1008566
563	FUN_18002ac30	18002ac30	559	OK	1012326
564	FUN_18002ae60	18002ae60	470	OK	1014973
565	FUN_18002b040	18002b040	428	OK	1017382
566	FUN_18002b1f0	18002b1f0	728	OK	1022176
567	FUN_18002b4d0	18002b4d0	319	OK	1023848
568	FUN_18002b610	18002b610	1079	OK	1030635
569	FUN_18002ba50	18002ba50	611	OK	1034502
570	FUN_18002bcc0	18002bcc0	606	OK	1038035
571	FUN_18002bf20	18002bf20	461	OK	1041008
572	FUN_18002c0f0	18002c0f0	1800	OK	1051018
573	FUN_18002c800	18002c800	375	OK	1053034
574	FUN_18002c980	18002c980	318	OK	1054860
575	FUN_18002cac0	18002cac0	1006	OK	1061218
576	FUN_18002ceb0	18002ceb0	1134	OK	1068498
577	FUN_18002d320	18002d320	1134	OK	1075778
578	FUN_18002d790	18002d790	1134	OK	1083058
579	FUN_18002dc00	18002dc00	328	OK	1085321
580	FUN_18002dd50	18002dd50	1590	OK	1102868
581	FUN_18002e390	18002e390	1626	OK	1112718
582	FUN_18002e9f0	18002e9f0	471	OK	1115263
583	FUN_18002ebd0	18002ebd0	375	OK	1117443
584	FUN_18002ed50	18002ed50	318	OK	1119237
585	FUN_18002ee90	18002ee90	865	OK	1124789
586	FUN_18002f200	18002f200	395	OK	1127091
587	FUN_18002f390	18002f390	363	OK	1129496
588	FUN_18002f500	18002f500	333	OK	1131291
589	FUN_18002f650	18002f650	400	OK	1133857
590	FUN_18002f7e0	18002f7e0	460	OK	1136736
591	FUN_18002f9b0	18002f9b0	381	OK	1138928
592	FUN_18002fb30	18002fb30	664	OK	1142895
593	FUN_18002fdd0	18002fdd0	805	OK	1147844
594	FUN_180030100	180030100	793	OK	1152879
595	FUN_180030420	180030420	975	OK	1158515
596	FUN_1800307f0	1800307f0	354	OK	1160936
597	FUN_180030960	180030960	484	OK	1163874
598	FUN_180030b50	180030b50	324	OK	1165868
599	FUN_180030ca0	180030ca0	399	OK	1168385
600	FUN_180030e30	180030e30	1270	OK	1176453
601	FUN_180031330	180031330	347	OK	1178364
602	FUN_180031490	180031490	461	OK	1181338
603	FUN_180031660	180031660	354	OK	1183759
604	FUN_1800317d0	1800317d0	435	OK	1186537
605	FUN_180031990	180031990	509	OK	1189968
606	FUN_180031b90	180031b90	2253	OK	1205653
607	FUN_180032460	180032460	599	OK	1208789
608	FUN_1800326c0	1800326c0	593	OK	1212083
609	FUN_180032920	180032920	2096	OK	1223473
610	FUN_180033150	180033150	967	OK	1229988
611	FUN_180033520	180033520	336	OK	1232158
612	FUN_180033670	180033670	680	OK	1236535
613	FUN_180033920	180033920	469	OK	1239541
614	FUN_180033b00	180033b00	668	OK	1243995
615	FUN_180033dd0	180033dd0	216	OK	1245446
616	FUN_180033eb0	180033eb0	309	OK	1247565
617	FUN_180033ff0	180033ff0	111	OK	1248585
618	FUN_180034060	180034060	581	OK	1252139
619	FUN_180034360	180034360	425	OK	1254839
620	FUN_180034530	180034530	5879	OK	1280883
621	FUN_180035da0	180035da0	1718	OK	1290627
622	FUN_180036490	180036490	104	OK	1291522
623	FUN_180036500	180036500	142	OK	1292855
624	FUN_180036590	180036590	136	OK	1293592
625	FUN_180036620	180036620	134	OK	1294329
626	FUN_1800366b0	1800366b0	181	OK	1295079
627	FUN_180036770	180036770	179	OK	1295978
628	FUN_180036830	180036830	108	OK	1296331
629	FUN_1800368a0	1800368a0	176	OK	1297085
630	FUN_180036960	180036960	140	OK	1297828
631	FUN_1800369f0	1800369f0	135	OK	1298417
632	FUN_180036a80	180036a80	509	OK	1301704
633	FUN_180036c80	180036c80	200	OK	1302817
634	FUN_180036d50	180036d50	161	OK	1303433
635	FUN_180036e00	180036e00	161	OK	1304095
636	FUN_180036eb0	180036eb0	268	OK	1305212
637	FUN_180036fc0	180036fc0	281	OK	1306353
638	FUN_1800370e0	1800370e0	189	OK	1307342
639	FUN_1800371a0	1800371a0	160	OK	1307938
640	FUN_180037250	180037250	134	OK	1308527
641	FUN_1800372e0	1800372e0	16	OK	1308735
642	FUN_180037300	180037300	16	OK	1308943
643	FUN_180037320	180037320	16	OK	1309151
644	FUN_180037340	180037340	16	OK	1309359
645	FUN_180037360	180037360	16	OK	1309567
646	FUN_180037380	180037380	16	OK	1309775
647	FUN_1800373a0	1800373a0	16	OK	1309983
648	FUN_1800373c0	1800373c0	16	OK	1310191
649	FUN_1800373e0	1800373e0	16	OK	1310399
650	FUN_180037400	180037400	16	OK	1310607
651	FUN_180037420	180037420	16	OK	1310815
652	FUN_180037470	180037470	3	OK	1310940
653	FUN_180037480	180037480	369	OK	1313415
654	FUN_180037600	180037600	383	OK	1316238
655	FUN_1800377c0	1800377c0	41	OK	1316683
656	FUN_1800377f0	1800377f0	41	OK	1317127
657	FUN_180037820	180037820	41	OK	1317572
658	FUN_180037850	180037850	41	OK	1318016
659	FUN_180037880	180037880	452	OK	1321281
660	FUN_180037a50	180037a50	571	OK	1324730
661	FUN_180037c90	180037c90	41	OK	1325176
662	FUN_180037cc0	180037cc0	39	OK	1325562
663	FUN_180037cf0	180037cf0	41	OK	1326007
664	FUN_180037d20	180037d20	39	OK	1326391
665	FUN_180037d50	180037d50	88	OK	1327203
666	FUN_180037db0	180037db0	41	OK	1327647
667	FUN_180037de0	180037de0	39	OK	1328031
668	FUN_180037e10	180037e10	41	OK	1328477
669	FUN_180037e40	180037e40	39	OK	1328862
670	FUN_180037e70	180037e70	41	OK	1329306
671	FUN_180037ea0	180037ea0	135	OK	1329935
672	FUN_180037f30	180037f30	97	OK	1330570
673	FUN_180037fa0	180037fa0	97	OK	1331207
674	FUN_180038010	180038010	230	OK	1332739
675	FUN_180038100	180038100	41	OK	1333189
676	FUN_180038130	180038130	41	OK	1333635
677	FUN_180038160	180038160	41	OK	1334079
678	deallocate	180038190	61	OK	1334920
679	FUN_1800381d0	1800381d0	65	OK	1335419
680	FUN_180038220	180038220	64	OK	1335921
681	FUN_180038270	180038270	64	OK	1336421
682	FUN_1800382c0	1800382c0	65	OK	1336923
683	FUN_180038310	180038310	64	OK	1337425
684	FUN_180038360	180038360	64	OK	1337925
685	FUN_1800383b0	1800383b0	64	OK	1338428
686	FUN_180038400	180038400	61	OK	1338930
687	FUN_180038440	180038440	65	OK	1339432
688	FUN_180038490	180038490	65	OK	1339931
689	FUN_1800384e0	1800384e0	24	OK	1340115
690	FUN_180038500	180038500	64	OK	1340618
691	FUN_180038550	180038550	64	OK	1341118
692	FUN_1800385a0	1800385a0	65	OK	1341617
693	FUN_1800385f0	1800385f0	41	OK	1342064
694	FUN_180038620	180038620	41	OK	1342514
695	FUN_180038650	180038650	41	OK	1342961
696	FUN_180038680	180038680	41	OK	1343405
697	FUN_1800386c0	1800386c0	453	OK	1345530
698	FUN_180038890	180038890	402	OK	1347390
699	FUN_180038a30	180038a30	147	OK	1348719
700	FUN_180038ad0	180038ad0	147	OK	1350048
701	FUN_180038b70	180038b70	96	OK	1350780
702	FUN_180038bd0	180038bd0	26	OK	1351057
703	FUN_180038bf0	180038bf0	96	OK	1351788
704	FUN_180038c50	180038c50	26	OK	1352065
705	FUN_180038c70	180038c70	41	OK	1352515
706	FUN_180038ca0	180038ca0	41	OK	1352964
707	FUN_180038cd0	180038cd0	41	OK	1353410
708	FUN_180038d00	180038d00	41	OK	1353857
709	FUN_180038d30	180038d30	41	OK	1354301
710	FUN_180038d60	180038d60	41	OK	1354745
711	FUN_180038d90	180038d90	10	OK	1354923
712	FUN_180038e30	180038e30	41	OK	1355369
713	FUN_180038e60	180038e60	191	OK	1356503
714	FUN_180038f20	180038f20	39	OK	1356879
715	FUN_180038f50	180038f50	41	OK	1357324
716	FUN_180038f80	180038f80	41	OK	1357768
717	FUN_180038fb0	180038fb0	41	OK	1358213
718	FUN_180038fe0	180038fe0	39	OK	1358597
719	FUN_180039010	180039010	41	OK	1359041
720	FUN_180039040	180039040	41	OK	1359486
721	FUN_180039070	180039070	273	OK	1361298
722	FUN_180039190	180039190	273	OK	1363112
723	FUN_1800392b0	1800392b0	273	OK	1364926
724	FUN_1800393d0	1800393d0	471	OK	1368331
725	FUN_1800395b0	1800395b0	384	OK	1371180
726	FUN_180039730	180039730	41	OK	1371627
727	FUN_180039760	180039760	41	OK	1372076
728	FUN_180039790	180039790	41	OK	1372523
729	FUN_1800397c0	1800397c0	41	OK	1372971
730	FUN_1800397f0	1800397f0	41	OK	1373421
731	FUN_180039820	180039820	41	OK	1373871
732	FUN_180039850	180039850	41	OK	1374320
733	FUN_180039880	180039880	81	OK	1374822
734	FUN_1800398e0	1800398e0	1661	OK	1385861
735	FUN_180039f60	180039f60	666	OK	1390360
736	FUN_18003a200	18003a200	922	OK	1396585
737	FUN_18003a5a0	18003a5a0	2276	OK	1410921
738	FUN_18003ae90	18003ae90	2707	OK	1428439
739	FUN_18003b940	18003b940	1153	OK	1438997
740	FUN_18003bdd0	18003bdd0	2221	OK	1451363
741	FUN_18003c680	18003c680	285	OK	1452685
742	FUN_18003c7c0	18003c7c0	41	OK	1453130
743	FUN_18003c7f0	18003c7f0	41	OK	1453580
744	FUN_18003c820	18003c820	41	OK	1454027
745	FUN_18003c850	18003c850	39	OK	1454413
746	FUN_18003c880	18003c880	41	OK	1454863
747	FUN_18003c8c0	18003c8c0	971	OK	1459424
748	FUN_18003cc90	18003cc90	41	OK	1459868
749	FUN_18003ccc0	18003ccc0	41	OK	1460318
750	FUN_18003ccf0	18003ccf0	41	OK	1460768
751	FUN_18003cd20	18003cd20	41	OK	1461215
752	FUN_18003cd50	18003cd50	41	OK	1461661
753	FUN_18003cd80	18003cd80	75	OK	1462137
754	FUN_18003ce10	18003ce10	41	OK	1462581
755	FUN_18003ce40	18003ce40	39	OK	1462965
756	FUN_18003ce70	18003ce70	41	OK	1463412
757	FUN_18003cea0	18003cea0	41	OK	1463856
758	FUN_18003cf40	18003cf40	41	OK	1464302
759	FUN_18003cf70	18003cf70	41	OK	1464746
760	FUN_18003cfa0	18003cfa0	39	OK	1465132
761	FUN_18003cfd0	18003cfd0	41	OK	1465577
762	FUN_18003d000	18003d000	41	OK	1466023
763	FUN_18003d030	18003d030	31	OK	1466328
764	FUN_18003d050	18003d050	41	OK	1466772
765	FUN_18003d080	18003d080	41	OK	1467216
766	FUN_18003d0b0	18003d0b0	237	OK	1468669
767	FUN_18003d1b0	18003d1b0	41	OK	1469114
768	FUN_18003d1e0	18003d1e0	41	OK	1469558
769	FUN_18003d210	18003d210	41	OK	1470008
770	FUN_18003d240	18003d240	48	OK	1470316
771	FUN_18003d290	18003d290	636	OK	1474136
772	FUN_18003d510	18003d510	351	OK	1475989
773	FUN_18003d680	18003d680	324	OK	1477648
774	FUN_18003d7d0	18003d7d0	351	OK	1479501
775	FUN_18003d940	18003d940	419	OK	1481383
776	FUN_18003daf0	18003daf0	426	OK	1483263
777	FUN_18003dca0	18003dca0	144	OK	1484312
778	FUN_18003dd30	18003dd30	86	OK	1484946
779	FUN_18003dd90	18003dd90	90	OK	1485591
780	FUN_18003ddf0	18003ddf0	90	OK	1486236
781	FUN_18003de50	18003de50	16	OK	1486444
782	FUN_18003de70	18003de70	16	OK	1486652
783	FUN_18003de90	18003de90	16	OK	1486860
784	FUN_18003deb0	18003deb0	16	OK	1487068
785	FUN_18003ded0	18003ded0	16	OK	1487276
786	FUN_18003def0	18003def0	16	OK	1487484
787	FUN_18003df10	18003df10	41	OK	1487929
788	FUN_18003df40	18003df40	41	OK	1488373
789	FUN_18003df70	18003df70	536	OK	1491839
790	FUN_18003e190	18003e190	244	OK	1493331
791	FUN_18003e290	18003e290	65	OK	1493830
792	FUN_18003e2e0	18003e2e0	64	OK	1494330
793	FUN_18003e330	18003e330	3	OK	1494463
794	FUN_18003e340	18003e340	41	OK	1494907
795	FUN_18003e370	18003e370	273	OK	1496719
796	FUN_18003e490	18003e490	2811	OK	1514151
797	FUN_18003ef90	18003ef90	1956	OK	1528234
798	FUN_18003f740	18003f740	3	OK	1528359
799	FUN_18003f750	18003f750	1165	OK	1536008
800	FUN_18003fbe0	18003fbe0	41	OK	1536452
801	FUN_18003fc10	18003fc10	44	OK	1536874
802	FUN_18003fc40	18003fc40	101	OK	1537613
803	FUN_18003fcb0	18003fcb0	109	OK	1538438
804	FUN_18003fd20	18003fd20	1986	OK	1549539
805	FUN_1800404f0	1800404f0	41	OK	1549984
806	FUN_180040520	180040520	392	OK	1552402
807	FUN_1800406d0	1800406d0	90	OK	1552740
808	FUN_180040730	180040730	511	OK	1555690
809	FUN_180040940	180040940	50	OK	1556134
810	FUN_180040980	180040980	3	OK	1556289
811	FUN_180040990	180040990	48	OK	1556597
812	FUN_1800409c0	1800409c0	365	OK	1558879
813	FUN_180040b30	180040b30	16	OK	1559087
814	FUN_180040b50	180040b50	504	OK	1562360
815	FUN_180040d70	180040d70	73	OK	1562752
816	FUN_180040dc0	180040dc0	676	OK	1566870
817	FUN_1800410c0	1800410c0	64	OK	1567370
818	FUN_180041120	180041120	21	OK	1567622
819	FUN_180041140	180041140	11	OK	1567822
820	FUN_180041150	180041150	43	OK	1568122
821	FUN_180041180	180041180	5	OK	1568334
822	FUN_180041190	180041190	39	OK	1568741
823	FUN_1800411e0	1800411e0	108	OK	1569557
824	FUN_180041260	180041260	169	OK	1570568
825	FUN_180041330	180041330	453	OK	1572969
826	FUN_180041500	180041500	607	OK	1575648
827	FUN_180041760	180041760	250	OK	1577611
828	FUN_180041860	180041860	116	OK	1578359
829	FUN_1800418e0	1800418e0	815	OK	1583946
830	FUN_180041c10	180041c10	1232	OK	1589976
831	FUN_1800420e0	1800420e0	370	OK	1591982
832	FUN_180042260	180042260	547	OK	1594222
833	FUN_180042490	180042490	610	OK	1597916
834	FUN_180042700	180042700	767	OK	1601970
835	FUN_180042a00	180042a00	87	OK	1602425
836	FUN_180042aa0	180042aa0	81	OK	1602880
837	FUN_180042b40	180042b40	53	OK	1603718
838	FUN_180042bd0	180042bd0	41	OK	1604168
839	FUN_180042c00	180042c00	94	OK	1604648
840	FUN_180042c60	180042c60	7	OK	1604817
841	FUN_180042c70	180042c70	562	OK	1607996
842	FUN_180042eb0	180042eb0	369	OK	1610407
843	FUN_180043030	180043030	41	OK	1610851
844	FUN_180043060	180043060	41	OK	1611295
845	FUN_180043090	180043090	65	OK	1612230
846	FUN_180043110	180043110	233	OK	1613481
847	FUN_180043200	180043200	573	OK	1617270
848	FUN_180043480	180043480	1246	OK	1622702
849	FUN_1800439d0	1800439d0	318	OK	1624109
850	FUN_180043c50	180043c50	1320	OK	1632672
851	FUN_1800441d0	1800441d0	291	OK	1633301
852	FUN_180044350	180044350	135	OK	1634050
853	FUN_1800443e0	1800443e0	184	OK	1635176
854	FUN_1800444a0	1800444a0	190	OK	1636310
855	FUN_180044560	180044560	156	OK	1637105
856	FUN_180044600	180044600	190	OK	1638239
857	FUN_1800446c0	1800446c0	162	OK	1639186
858	FUN_180044770	180044770	47	OK	1639491
859	FUN_1800447f0	1800447f0	87	OK	1640039
860	FUN_180044850	180044850	135	OK	1640788
861	FUN_1800448e0	1800448e0	14	OK	1641068
862	FUN_180044950	180044950	29	OK	1641379
863	FUN_180044980	180044980	83	OK	1642026
864	FUN_1800449e0	1800449e0	222	OK	1643392
865	FUN_180044ac0	180044ac0	288	OK	1645188
866	FUN_180044c30	180044c30	287	OK	1647029
867	FUN_180044d50	180044d50	140	OK	1647778
868	FUN_180044de0	180044de0	190	OK	1648904
869	FUN_180044ea0	180044ea0	196	OK	1650038
870	FUN_180044f70	180044f70	151	OK	1650805
871	FUN_180045010	180045010	196	OK	1651939
872	FUN_1800450e0	1800450e0	208	OK	1653106
873	FUN_1800451b0	1800451b0	214	OK	1654279
874	FUN_180045290	180045290	163	OK	1655136
875	FUN_180045340	180045340	214	OK	1656309
876	FUN_180045420	180045420	38	OK	1656702
877	FUN_180045450	180045450	41	OK	1657146
878	FUN_180045480	180045480	2013	OK	1667941
879	FUN_180045cb0	180045cb0	39	OK	1668321
880	FUN_180045ce0	180045ce0	713	OK	1672857
881	FUN_180045fb0	180045fb0	41	OK	1673301
882	FUN_180045fe0	180045fe0	636	OK	1677690
883	FUN_180046260	180046260	85	OK	1678221
884	FUN_1800462c0	1800462c0	71	OK	1678776
885	FUN_180046310	180046310	133	OK	1679727
886	FUN_1800463a0	1800463a0	448	OK	1681772
887	FUN_180046590	180046590	588	OK	1684515
888	FUN_180046800	180046800	356	OK	1687125
889	FUN_180046970	180046970	549	OK	1690521
890	FUN_180046bc0	180046bc0	655	OK	1694765
891	FUN_180046e70	180046e70	603	OK	1698590
892	FUN_1800470d0	1800470d0	91	OK	1698798
893	FUN_180047140	180047140	432	OK	1701370
894	FUN_1800472f0	1800472f0	22	OK	1701806
895	FUN_180047310	180047310	92	OK	1702260
896	FUN_180047370	180047370	146	OK	1703226
897	FUN_180047450	180047450	181	OK	1704687
898	FUN_180047530	180047530	114	OK	1705662
899	FUN_1800475b0	1800475b0	23	OK	1705939
900	FUN_1800475d0	1800475d0	294	OK	1708093
901	FUN_180047700	180047700	701	OK	1713799
902	FUN_1800479c0	1800479c0	300	OK	1715714
903	FUN_180047af0	180047af0	474	OK	1718662
904	FUN_180047cd0	180047cd0	1239	OK	1725609
905	FUN_1800481c0	1800481c0	504	OK	1728771
906	FUN_1800483c0	1800483c0	39	OK	1729153
907	FUN_1800483f0	1800483f0	41	OK	1729603
908	FUN_180048420	180048420	41	OK	1730052
909	FUN_180048450	180048450	44	OK	1730453
910	FUN_180048480	180048480	3	OK	1730578
911	FUN_180048490	180048490	3357	OK	1749297
912	FUN_1800491b0	1800491b0	2046	OK	1757860
913	FUN_1800499b0	1800499b0	41	OK	1758310
914	FUN_1800499e0	1800499e0	56	OK	1760005
915	FUN_180049a20	180049a20	16	OK	1760232
916	FUN_180049a30	180049a30	51	OK	1760566
917	FUN_180049a70	180049a70	22	OK	1760930
918	FUN_180049a90	180049a90	22	OK	1761294
919	FUN_180049ab0	180049ab0	15	OK	1761518
920	FUN_180049ac0	180049ac0	15	OK	1761742
921	FUN_180049ad0	180049ad0	30	OK	1762003
922	FUN_180049af0	180049af0	15	OK	1762233
923	FUN_180049b00	180049b00	5	OK	1762386
924	FUN_180049b10	180049b10	5	OK	1762539
925	FUN_180049b20	180049b20	22	OK	1762903
926	FUN_180049b40	180049b40	22	OK	1763267
927	FUN_180049b60	180049b60	8	OK	1763469
928	FUN_180049b70	180049b70	8	OK	1763671
929	FUN_180049b80	180049b80	44	OK	1764023
930	FUN_180049bb0	180049bb0	38	OK	1764317
931	FUN_180049c10	180049c10	70	OK	1764910
932	FUN_180049c60	180049c60	70	OK	1765503
933	FUN_180049cb0	180049cb0	672	OK	1769174
934	FUN_180049f60	180049f60	8	OK	1769376
935	FUN_180049f70	180049f70	41	OK	1769803
936	FUN_180049fb0	180049fb0	68	OK	1769948
937	FUN_18004a010	18004a010	20	OK	1770191
938	FUN_18004a030	18004a030	100	OK	1770881
939	FUN_18004a0a0	18004a0a0	977	OK	1776454
940	FUN_18004a4a0	18004a4a0	89	OK	1776951
941	FUN_18004a500	18004a500	35	OK	1777248
942	FUN_18004a550	18004a550	150	OK	1778010
943	FUN_18004a5f0	18004a5f0	339	OK	1779860
944	FUN_18004a750	18004a750	828	OK	1783225
945	FUN_18004aa90	18004aa90	90	OK	1783870
946	FUN_18004aaf0	18004aaf0	90	OK	1784515
947	FUN_18004ab50	18004ab50	391	OK	1786791
948	FUN_18004ace0	18004ace0	332	OK	1788449
949	FUN_18004ae30	18004ae30	58	OK	1788716
950	FUN_18004ae70	18004ae70	119	OK	1789281
951	FUN_18004aef0	18004aef0	50	OK	1789758
952	FUN_18004af30	18004af30	48	OK	1790066
953	FUN_18004af60	18004af60	48	OK	1790374
954	FUN_18004af90	18004af90	48	OK	1790682
955	FUN_18004afc0	18004afc0	48	OK	1790990
956	FUN_18004aff0	18004aff0	48	OK	1791298
957	FUN_18004b020	18004b020	48	OK	1791606
958	FUN_18004b050	18004b050	48	OK	1791914
959	FUN_18004b080	18004b080	48	OK	1792222
960	FUN_18004b0b0	18004b0b0	46	OK	1792502
961	FUN_18004b0e0	18004b0e0	50	OK	1792777
962	FUN_18004b120	18004b120	50	OK	1793046
963	FUN_18004b160	18004b160	49	OK	1793324
964	FUN_18004b1a0	18004b1a0	49	OK	1793606
965	FUN_18004b1e0	18004b1e0	49	OK	1793884
966	FUN_18004b220	18004b220	355	OK	1796087
967	FUN_18004b390	18004b390	355	OK	1798290
968	FUN_18004b510	18004b510	64	OK	1798650
969	FUN_18004b550	18004b550	68	OK	1799001
970	FUN_18004b5a0	18004b5a0	68	OK	1799346
971	FUN_18004b5f0	18004b5f0	71	OK	1799670
972	FUN_18004b640	18004b640	67	OK	1800032
973	FUN_18004b690	18004b690	71	OK	1800356
974	FUN_18004b6e0	18004b6e0	16	OK	1800564
975	FUN_18004b700	18004b700	16	OK	1800772
976	FUN_18004b720	18004b720	64	OK	1801272
977	FUN_18004b770	18004b770	64	OK	1801772
978	FUN_18004b830	18004b830	1253	OK	1807887
979	FUN_18004bd20	18004bd20	199	OK	1809188
980	FUN_18004bdf0	18004bdf0	1997	OK	1819544
981	FUN_18004c5c0	18004c5c0	296	OK	1821286
982	FUN_18004c6f0	18004c6f0	244	OK	1822751
983	FUN_18004c7f0	18004c7f0	109	OK	1823364
984	FUN_18004c860	18004c860	1236	OK	1831081
985	FUN_18004cd40	18004cd40	2576	OK	1848710
986	FUN_18004d750	18004d750	322	OK	1850441
987	FUN_18004d8a0	18004d8a0	637	OK	1853740
988	FUN_18004db20	18004db20	886	OK	1859184
989	FUN_18004dea0	18004dea0	1030	OK	1865762
990	FUN_18004e2d0	18004e2d0	188	OK	1866685
991	FUN_18004e390	18004e390	37	OK	1866997
992	FUN_18004e3c0	18004e3c0	152	OK	1868190
993	FUN_18004e460	18004e460	484	OK	1871243
994	FUN_18004e650	18004e650	338	OK	1873412
995	FUN_18004e7b0	18004e7b0	114	OK	1874346
996	FUN_18004e830	18004e830	722	OK	1878764
997	__GSHandlerCheck	18004eb40	29	OK	1879149
998	__GSHandlerCheckCommon	18004eb60	91	OK	1879840
999	__security_check_cookie	18004ebd0	30	OK	1880169
1000	operator_new	18004ebf0	60	OK	1880998
1001	thunk_FUN_18005015c	18004ec2c	5	OK	1881432
1002	__GSHandlerCheck_EH4	18004ec34	127	OK	1882058
1003	FUN_18004ecc0	18004ecc0	43	OK	1882333
1004	`eh_vector_destructor_iterator'	18004ecec	107	OK	1883099
1005	FUN_18004ed60	18004ed60	62	OK	1883597
1006	__ArrayUnwind	18004eda0	97	OK	1884195
1007	thunk_FUN_18005015c	18004ee04	5	OK	1884629
1008	configure_argv	18004ee0c	20	OK	1885076
1009	__scrt_acquire_startup_lock	18004eeb0	57	OK	1886071
1010	__scrt_dllmain_after_initialize_c	18004eeec	52	OK	1886808
1011	FUN_18004ef20	18004ef20	21	OK	1887006
1012	__scrt_dllmain_crt_thread_attach	18004ef38	40	OK	1887522
1013	__scrt_dllmain_crt_thread_detach	18004ef60	21	OK	1887900
1014	__scrt_dllmain_exception_filter	18004ef78	96	OK	1888600
1015	__scrt_dllmain_uninitialize_c	18004efd8	48	OK	1889195
1016	FUN_18004f008	18004f008	20	OK	1889360
1017	__scrt_initialize_crt	18004f01c	73	OK	1889985
1018	FUN_18004f068	18004f068	138	OK	1891144
1019	FUN_18004f0f4	18004f0f4	150	OK	1892517
1020	__scrt_release_startup_lock	18004f18c	36	OK	1893054
1021	__scrt_uninitialize_crt	18004f1b0	41	OK	1893540
1022	_onexit	18004f1dc	58	OK	1894025
1023	atexit	18004f238	23	OK	1894344
1024	_guard_check_icall	18004f250	3	OK	1894480
1025	FUN_18004f2a0	18004f2a0	61	OK	1894720
1026	FUN_18004f2e0	18004f2e0	30	OK	1894913
1027	FUN_18004f300	18004f300	58	OK	1895173
1028	FUN_18004f33c	18004f33c	27	OK	1895386
1029	FUN_18004f3f8	18004f3f8	86	OK	1895719
1030	FUN_18004f450	18004f450	83	OK	1896072
1031	`eh_vector_constructor_iterator'	18004f4dc	112	OK	1896841
1032	FUN_18004f554	18004f554	16	OK	1897005
1033	thunk_FUN_18005015c	18004f568	5	OK	1897439
1034	operator_new	18004f570	75	OK	1898340
1035	FUN_18004f5bc	18004f5bc	8	OK	1898511
1036	FUN_18004f5d0	18004f5d0	207	OK	1899597
1037	FUN_18004f6a0	18004f6a0	180	OK	1900569
1038	FUN_18004f760	18004f760	40	OK	1900831
1039	_Init_thread_abort	18004f788	48	OK	1901249
1040	_Init_thread_footer	18004f7b8	96	OK	1901863
1041	_Init_thread_header	18004f818	103	OK	1902732
1042	_Init_thread_notify	18004f890	65	OK	1903311
1043	_Init_thread_wait	18004f8e4	99	OK	1904030
1044	operator_new	18004f948	16	OK	1904484
1045	thunk_FUN_180098684	18004f95c	5	OK	1904735
1046	FUN_18004f970	18004f970	80	OK	1905383
1047	FUN_18004f9c0	18004f9c0	276	OK	1906733
1048	FUN_18004fad8	18004fad8	129	OK	1907436
1049	dllmain_dispatch	18004fb5c	299	OK	1908875
1050	entry	18004fcc0	61	OK	1909131
1051	__raise_securityfailure	18004fd00	52	OK	1909836
1052	FUN_18004fd40	18004fd40	210	OK	1910911
1053	FUN_18004fe14	18004fe14	19	OK	1911058
1054	FUN_18004fe28	18004fe28	156	OK	1912035
1055	FUN_18004fec4	18004fec4	271	OK	1913580
1056	capture_current_context	18004ffd4	109	OK	1914383
1057	capture_previous_context	180050044	113	OK	1915291
1058	FUN_1800500d0	1800500d0	30	OK	1915538
1059	FUN_18005011c	18005011c	31	OK	1915834
1060	FUN_18005013c	18005013c	31	OK	1916130
1061	FUN_18005015c	18005015c	5	OK	1916552
1062	FUN_180050164	180050164	428	OK	1918387
1063	FUN_180050310	180050310	6	OK	1918521
1064	__scrt_is_ucrt_dll_in_use	180050318	12	OK	1918833
1065	FUN_180050324	180050324	8	OK	1919067
1066	FUN_18005032c	18005032c	331	OK	1921448
1067	__scrt_get_show_window_mode	180050478	58	OK	1921977
1068	FUN_1800504c0	1800504c0	81	OK	1922600
1069	FUN_180050530	180050530	90	OK	1923200
1070	thunk_FUN_180098684	180050590	5	OK	1923451
1071	FUN_180050598	180050598	107	OK	1924261
1072	__security_init_cookie	180050604	172	OK	1925428
1073	FUN_1800506b0	1800506b0	6	OK	1925562
1074	FUN_1800506b8	1800506b8	14	OK	1925894
1075	FUN_1800506c8	1800506c8	12	OK	1926069
1076	FUN_1800506d4	1800506d4	8	OK	1926217
1077	FUN_1800506dc	1800506dc	27	OK	1926503
1078	FUN_1800506f8	1800506f8	8	OK	1926651
1079	FUN_180050700	180050700	60	OK	1926971
1080	FUN_18005073c	18005073c	60	OK	1927291
1081	FUN_180050858	180050858	25	OK	1927539
1082	FUN_180050874	180050874	44	OK	1927820
1083	_Xtime_diff_to_millis	1800508a0	71	OK	1928443
1084	FUN_1800508e8	1800508e8	204	OK	1929420
1085	_Xtime_get_ticks	1800509b4	47	OK	1929863
1086	FUN_1800509e4	1800509e4	59	OK	1930171
1087	xtime_get	180050a20	86	OK	1930721
1088	_Init_locks	180050a78	67	OK	1931311
1089	_Lockit	180050abc	59	OK	1931843
1090	FUN_180050af8	180050af8	26	OK	1932036
1091	FUN_180050b14	180050b14	59	OK	1932599
1092	~_Lockit	180050b50	50	OK	1933156
1093	_Init_locks_ctor	180050b84	52	OK	1933780
1094	FUN_180050bb8	180050bb8	59	OK	1934343
1095	__uncaught_exception	180050c9c	5	OK	1934639
1096	FUN_180050ca4	180050ca4	60	OK	1934997
1097	FUN_180050ce0	180050ce0	21	OK	1935237
1098	exception	180050cf8	61	OK	1935837
1099	FUN_180050d50	180050d50	60	OK	1936194
1100	FUN_180050d8c	180050d8c	71	OK	1936620
1101	FUN_180050dd4	180050dd4	60	OK	1936973
1102	FUN_180050e10	180050e10	71	OK	1937395
1103	FUN_180050e58	180050e58	60	OK	1937747
1104	FUN_180050e94	180050e94	71	OK	1938168
1105	FUN_180050edc	180050edc	60	OK	1938521
1106	FUN_180050f18	180050f18	71	OK	1938943
1107	FUN_180050f60	180050f60	60	OK	1939298
1108	FUN_180050f9c	180050f9c	71	OK	1939722
1109	FUN_180050fe4	180050fe4	75	OK	1940140
1110	regex_error	180051030	100	OK	1940872
1111	FUN_180051094	180051094	71	OK	1941295
1112	FUN_180051180	180051180	66	OK	1941610
1113	FUN_1800511d0	1800511d0	66	OK	1941925
1114	FUN_180051220	180051220	66	OK	1942240
1115	FUN_180051270	180051270	66	OK	1942555
1116	FUN_1800512c0	1800512c0	66	OK	1942870
1117	FUN_180051310	180051310	66	OK	1943185
1118	FUN_180051360	180051360	66	OK	1943500
1119	_Stringify	1800513a4	204	OK	1946004
1120	FUN_180051470	180051470	31	OK	1946300
1121	FUN_180051490	180051490	31	OK	1946596
1122	FUN_1800514b0	1800514b0	34	OK	1946912
1123	FUN_1800514d4	1800514d4	34	OK	1947228
1124	FUN_1800514f8	1800514f8	34	OK	1947544
1125	FUN_18005151c	18005151c	34	OK	1947860
1126	FUN_180051540	180051540	33	OK	1948196
1127	FUN_180051564	180051564	34	OK	1948512
1128	FUN_180051590	180051590	8	OK	1948660
1129	FUN_180051598	180051598	40	OK	1949002
1130	_Winerror_message	1800515e4	59	OK	1949594
1131	_Yarn<char>	180051620	31	OK	1950091
1132	_Locimp	18005165c	121	OK	1951026
1133	_Locimp	1800516d8	134	OK	1952052
1134	~_Fac_node	180051788	54	OK	1952520
1135	~_Fac_tidy_reg_t	1800517c0	91	OK	1953212
1136	~_Locimp	18005181c	59	OK	1953772
1137	operator=	18005185c	118	OK	1954871
1138	`scalar_deleting_destructor'	1800518d4	90	OK	1955502
1139	`scalar_deleting_destructor'	180051930	92	OK	1956231
1140	_Facet_Register	1800519a4	56	OK	1956777
1141	FUN_1800519dc	1800519dc	8	OK	1956923
1142	FUN_1800519e4	1800519e4	242	OK	1958314
1143	_Locimp_dtor	180051ad8	123	OK	1959186
1144	_Locinfo_ctor	180051b54	105	OK	1959977
1145	_Locinfo_dtor	180051bc0	25	OK	1960441
1146	_New_Locimp	180051bdc	49	OK	1961021
1147	_New_Locimp	180051c10	46	OK	1961559
1148	_Setgloballocale	180051c40	50	OK	1962004
1149	FUN_180051c74	180051c74	32	OK	1962250
1150	FUN_180051ca4	180051ca4	36	OK	1962456
1151	empty	180051cc8	36	OK	1962878
1152	_Deletegloballocale	180051cec	58	OK	1963367
1153	FUN_180051d30	180051d30	51	OK	1963661
1154	FUN_180051d64	180051d64	190	OK	1965667
1155	FUN_180051e24	180051e24	305	OK	1967514
1156	_Getcvt	180051f58	152	OK	1970394
1157	_Wcrtomb	180051ff0	124	OK	1971261
1158	FUN_180052074	180052074	321	OK	1973119
1159	`scalar_deleting_destructor'	1800521b8	98	OK	1973788
1160	FUN_18005221c	18005221c	119	OK	1974432
1161	_Callfns	180052294	69	OK	1975035
1162	_Ios_base_dtor	1800522dc	117	OK	1975954
1163	_Tidy	180052354	127	OK	1976924
1164	FUN_1800523d4	1800523d4	168	OK	1977894
1165	FUN_18005247c	18005247c	168	OK	1978949
1166	FUN_18005252c	18005252c	179	OK	1980059
1167	FUN_1800525e8	1800525e8	179	OK	1981254
1168	FUN_18005270c	18005270c	293	OK	1982632
1169	_Deallocate<16,0>	180052848	51	OK	1983298
1170	_Fgetc<char>	180052880	36	OK	1983753
1171	FUN_1800528a4	1800528a4	23	OK	1983983
1172	FUN_1800528c0	1800528c0	525	OK	1986381
1173	FUN_180052ad0	180052ad0	501	OK	1988668
1174	_Ungetc<char>	180052ccc	23	OK	1989100
1175	basic_filebuf<>	180052da8	59	OK	1989921
1176	FUN_180052e04	180052e04	132	OK	1990689
1177	FUN_180052e88	180052e88	109	OK	1991506
1178	FUN_180052ef8	180052ef8	52	OK	1992014
1179	FUN_180052f2c	180052f2c	39	OK	1992421
1180	FUN_180052f84	180052f84	57	OK	1992999
1181	FUN_180053040	180053040	118	OK	1993832
1182	FUN_180053118	180053118	39	OK	1994115
1183	FUN_180053140	180053140	29	OK	1994361
1184	FUN_180053160	180053160	81	OK	1994881
1185	FUN_1800531b4	1800531b4	293	OK	1996323
1186	operator_unsigned___int64	180053340	71	OK	1996956
1187	operator()	180053388	72	OK	1998232
1188	operator()	1800533d0	56	OK	1999086
1189	FUN_180053408	180053408	37	OK	1999352
1190	FUN_180053430	180053430	64	OK	1999853
1191	_Adjust_manually_vector_aligned	180053474	41	OK	2000557
1192	FUN_1800534ac	1800534ac	74	OK	2000791
1193	FUN_180053584	180053584	20	OK	2001086
1194	FUN_1800535c0	1800535c0	92	OK	2001375
1195	FUN_18005361c	18005361c	190	OK	2002233
1196	FUN_1800536fc	1800536fc	42	OK	2002765
1197	FUN_1800537c4	1800537c4	40	OK	2003288
1198	_Init	1800537ec	112	OK	2004170
1199	FUN_180053868	180053868	181	OK	2005221
1200	FUN_180053920	180053920	94	OK	2005576
1201	FUN_1800539c0	1800539c0	93	OK	2005865
1202	FUN_180053a74	180053a74	90	OK	2006510
1203	FUN_180053ad0	180053ad0	32	OK	2006756
1204	_Tidy	180053af0	52	OK	2007394
1205	FUN_180053b24	180053b24	172	OK	2008083
1206	FUN_180053be8	180053be8	48	OK	2008449
1207	FUN_180053c9c	180053c9c	122	OK	2009422
1208	FUN_180053d18	180053d18	23	OK	2009681
1209	FUN_180053d80	180053d80	27	OK	2010032
1210	getloc	180053dc0	43	OK	2010497
1211	in	180053df4	80	OK	2011587
1212	FUN_180053e80	180053e80	38	OK	2011859
1213	FUN_180053ea8	180053ea8	23	OK	2012118
1214	out	180053ecc	80	OK	2013213
1215	FUN_180053fc4	180053fc4	32	OK	2013405
1216	FUN_180054000	180054000	99	OK	2013896
1217	__crtGetSystemTimePreciseAsFileTime	1800540f4	26	OK	2014503
1218	FUN_180054154	180054154	42	OK	2014866
1219	FUN_1800541d8	1800541d8	51	OK	2015229
1220	DeleteCriticalSection	18005420c	7	OK	2015622
1221	FUN_180054214	180054214	15	OK	2015976
1222	EnterCriticalSection	180054224	7	OK	2016366
1223	LeaveCriticalSection	18005422c	7	OK	2016756
1224	__std_get_string_size_without_trailing_whitespace	18005423c	34	OK	2017256
1225	FUN_180054260	180054260	146	OK	2018078
1226	FUN_180054308	180054308	314	OK	2019490
1227	FUN_180054448	180054448	30	OK	2019810
1228	FUN_180054468	180054468	30	OK	2020130
1229	FUN_180054488	180054488	30	OK	2020449
1230	FUN_1800544b0	1800544b0	709	OK	2026317
1231	FUN_180054790	180054790	526	OK	2028701
1232	FUN_1800549a0	1800549a0	568	OK	2031340
1233	FUN_180054c18	180054c18	289	OK	2033160
1234	numpunct<char>	180054d64	45	OK	2033723
1235	operator=	180054da0	111	OK	2035164
1236	operator*	180054e30	89	OK	2036283
1237	operator++	180054e90	23	OK	2036937
1238	operator()	180054eac	72	OK	2038126
1239	operator()	180054ef4	124	OK	2039499
1240	FUN_180054f90	180054f90	43	OK	2039781
1241	FUN_180054fc4	180054fc4	152	OK	2040287
1242	Getcat	1800550f0	185	OK	2042400
1243	FUN_1800551ac	1800551ac	58	OK	2043156
1244	FUN_1800551f0	1800551f0	3993	OK	2075199
1245	FUN_18005618c	18005618c	4074	OK	2112207
1246	FUN_180057178	180057178	1855	OK	2128227
1247	_Inc	180057954	98	OK	2129439
1248	_Init	1800579c0	223	OK	2131011
1249	FUN_180057aa0	180057aa0	243	OK	2132334
1250	_Locimp_ctor	180057b94	214	OK	2133778
1251	FUN_180057c6c	180057c6c	259	OK	2135475
1252	_Locinfo_ctor	180057d70	86	OK	2136119
1253	FUN_180057dc8	180057dc8	1262	OK	2142521
1254	_Peek	1800582b8	83	OK	2143522
1255	FID_conflict:_Putc	18005830c	90	OK	2144865
1256	_Rep	180058368	87	OK	2145858
1257	FUN_1800583c0	1800583c0	138	OK	2146447
1258	FUN_18005844c	18005844c	137	OK	2147020
1259	FUN_1800584d8	1800584d8	41	OK	2147315
1260	FUN_180058504	180058504	231	OK	2148371
1261	FUN_1800585ec	1800585ec	36	OK	2148644
1262	FUN_180058620	180058620	23	OK	2148850
1263	do_get	180058650	339	OK	2151455
1264	FUN_1800587b0	1800587b0	125	OK	2152387
1265	do_get	180058830	289	OK	2154741
1266	do_get	180058960	289	OK	2157380
1267	FUN_180058a90	180058a90	277	OK	2158968
1268	do_get	180058bb0	267	OK	2161158
1269	FUN_180058cc0	180058cc0	129	OK	2162465
1270	do_get	180058d50	277	OK	2164779
1271	do_get	180058e70	289	OK	2167472
1272	do_get	180058fa0	289	OK	2170127
1273	FUN_1800590d0	1800590d0	778	OK	2174270
1274	equal	1800593dc	208	OK	2176343
1275	FUN_1800594ac	1800594ac	31	OK	2176568
1276	global	1800594d0	251	OK	2178275
1277	FUN_1800595cc	1800595cc	31	OK	2178500
1278	FUN_1800595ec	1800595ec	287	OK	2179761
1279	sputc	18005978c	90	OK	2180691
1280	FUN_180059808	180059808	31	OK	2180916
1281	FUN_180059828	180059828	22	OK	2181108
1282	FID_conflict:_vsnprintf_c_l	180059854	98	OK	2181973
1283	FUN_1800598c8	1800598c8	22	OK	2182209
1284	~_Init_atexit	1800598e0	62	OK	2182819
1285	FUN_180059920	180059920	58	OK	2183219
1286	FUN_18005996c	18005996c	34	OK	2183498
1287	FUN_1800599bc	1800599bc	770	OK	2190246
1288	FUN_180059cc0	180059cc0	31	OK	2190505
1289	FUN_18005a830	18005a830	603	OK	2218954
1290	FUN_18005aa90	18005aa90	585	OK	2233906
1291	FUN_18005ace0	18005ace0	541	OK	2242166
1292	FUN_18005af00	18005af00	453	OK	2247541
1293	FUN_18005b0d0	18005b0d0	603	OK	2275990
1294	FUN_18005b330	18005b330	585	OK	2290942
1295	FUN_18005b580	18005b580	541	OK	2299202
1296	FUN_18005b7a0	18005b7a0	438	OK	2304578
1297	FUN_18005b960	18005b960	1004	OK	2356007
1298	FUN_18005bd50	18005bd50	925	OK	2382986
1299	FUN_18005c0f0	18005c0f0	856	OK	2397302
1300	FUN_18005c450	18005c450	775	OK	2406311
1301	FUN_18005cb80	18005cb80	170	OK	2407421
1302	FUN_18005cc30	18005cc30	189	OK	2408553
1303	FUN_18005ccf0	18005ccf0	162	OK	2409798
1304	FUN_18005cda0	18005cda0	168	OK	2411106
1305	FUN_18005cfd0	18005cfd0	244	OK	2418401
1306	FUN_18005d0d0	18005d0d0	237	OK	2425097
1307	FUN_18005d1c0	18005d1c0	220	OK	2431119
1308	FUN_18005d2a0	18005d2a0	383	OK	2438694
1309	FUN_18005de50	18005de50	54	OK	2439193
1310	FUN_18005de90	18005de90	28	OK	2439461
1311	FUN_18005e440	18005e440	244	OK	2446756
1312	FUN_18005e540	18005e540	245	OK	2453452
1313	FUN_18005e640	18005e640	236	OK	2459474
1314	FUN_18005e740	18005e740	197	OK	2464627
1315	FUN_18005e810	18005e810	199	OK	2469602
1316	FUN_18005ed80	18005ed80	23	OK	2469851
1317	FUN_18005eda0	18005eda0	23	OK	2470104
1318	FUN_18005edc0	18005edc0	23	OK	2470353
1319	FUN_18005ede0	18005ede0	23	OK	2470612
1320	FUN_18005f450	18005f450	241	OK	2472974
1321	FUN_18005f6ac	18005f6ac	363	OK	2474545
1322	FUN_18005f81c	18005f81c	363	OK	2476116
1323	FUN_18005f98c	18005f98c	342	OK	2477626
1324	FUN_18005fae4	18005fae4	342	OK	2479136
1325	FUN_18005fc3c	18005fc3c	366	OK	2480808
1326	FUN_18005fdac	18005fdac	366	OK	2482480
1327	FUN_18005ff3c	18005ff3c	181	OK	2483558
1328	FUN_18005fff4	18005fff4	181	OK	2484636
1329	FUN_1800600bc	1800600bc	34	OK	2484964
1330	FUN_1800600e0	1800600e0	34	OK	2485292
1331	FUN_180060104	180060104	34	OK	2485618
1332	FUN_180060128	180060128	34	OK	2485944
1333	FUN_18006014c	18006014c	34	OK	2486272
1334	FUN_180060170	180060170	34	OK	2486600
1335	FUN_180060194	180060194	34	OK	2486926
1336	FUN_1800601b8	1800601b8	34	OK	2487252
1337	FUN_1800601f4	1800601f4	36	OK	2487533
1338	FUN_180060228	180060228	1383	OK	2496363
1339	FUN_180060790	180060790	1383	OK	2505193
1340	FUN_180060cf8	180060cf8	728	OK	2510541
1341	FUN_180060fd4	180060fd4	762	OK	2515890
1342	FUN_1800612d0	1800612d0	728	OK	2521238
1343	FUN_1800615ac	1800615ac	762	OK	2526587
1344	_Getvals<unsigned_short>	1800618a8	238	OK	2528265
1345	_Getvals<unsigned_short>	180061998	140	OK	2529272
1346	FUN_180061a24	180061a24	253	OK	2531234
1347	FUN_180061b24	180061b24	223	OK	2533246
1348	_Hash_array_representation<>	180061c04	54	OK	2534108
1349	_Hash_array_representation<>	180061c3c	54	OK	2534970
1350	thunk_FUN_180061c9a	180061c80	2	OK	2535567
1351	FUN_180061c9a	180061c9a	57	OK	2536153
1352	FUN_180061cc4	180061cc4	53	OK	2536562
1353	_Maklocchr<>	180061d04	57	OK	2537363
1354	_Maklocchr<>	180061d40	57	OK	2538164
1355	FUN_180061d7c	180061d7c	227	OK	2539471
1356	FUN_180061e60	180061e60	227	OK	2540778
1357	FUN_180061f4c	180061f4c	417	OK	2543153
1358	FUN_1800620f0	1800620f0	418	OK	2545827
1359	FUN_180062298	180062298	417	OK	2548202
1360	FUN_18006243c	18006243c	418	OK	2550876
1361	FUN_1800625e4	1800625e4	382	OK	2553068
1362	FUN_180062768	180062768	382	OK	2555260
1363	FUN_1800628ec	1800628ec	384	OK	2557510
1364	FUN_180062a70	180062a70	384	OK	2559760
1365	FUN_180062cd0	180062cd0	50	OK	2560263
1366	FUN_180062d04	180062d04	50	OK	2560766
1367	FUN_180062d80	180062d80	289	OK	2562593
1368	FUN_180062ea4	180062ea4	289	OK	2564420
1369	FUN_180062fc8	180062fc8	289	OK	2566247
1370	FUN_1800630ec	1800630ec	289	OK	2568074
1371	FUN_180063210	180063210	289	OK	2569901
1372	FUN_180063334	180063334	289	OK	2571728
1373	FUN_180063458	180063458	289	OK	2573548
1374	FUN_18006357c	18006357c	289	OK	2575368
1375	FUN_1800636a0	1800636a0	289	OK	2577188
1376	FUN_1800637c4	1800637c4	289	OK	2579008
1377	FUN_1800638e8	1800638e8	289	OK	2580828
1378	FUN_180063a0c	180063a0c	289	OK	2582648
1379	FUN_180063b30	180063b30	289	OK	2584468
1380	FUN_180063c54	180063c54	289	OK	2586288
1381	FUN_180063d78	180063d78	289	OK	2588108
1382	FUN_180063e9c	180063e9c	289	OK	2589928
1383	FUN_180063fc0	180063fc0	289	OK	2591748
1384	FUN_1800640e4	1800640e4	289	OK	2593568
1385	FUN_180064208	180064208	289	OK	2595388
1386	FUN_18006432c	18006432c	289	OK	2597208
1387	FUN_180064450	180064450	289	OK	2599028
1388	FUN_180064574	180064574	289	OK	2600848
1389	FUN_180064698	180064698	289	OK	2602668
1390	FUN_1800647bc	1800647bc	289	OK	2604488
1391	FUN_1800648e0	1800648e0	289	OK	2606315
1392	FUN_180064a04	180064a04	289	OK	2608142
1393	_Mpunct<>	180064b28	51	OK	2609108
1394	_Mpunct<>	180064b5c	51	OK	2610041
1395	FUN_180064bf0	180064bf0	39	OK	2610422
1396	FUN_180064c18	180064c18	53	OK	2610975
1397	FUN_180064c50	180064c50	65	OK	2611626
1398	FUN_180064c94	180064c94	39	OK	2612033
1399	FUN_180064cd8	180064cd8	49	OK	2612340
1400	FUN_180064d0c	180064d0c	39	OK	2612721
1401	FUN_180064d34	180064d34	53	OK	2613274
1402	FUN_180064d6c	180064d6c	53	OK	2613873
1403	FUN_180064da4	180064da4	39	OK	2614280
1404	FUN_180064de8	180064de8	49	OK	2614587
1405	FUN_180064e1c	180064e1c	73	OK	2615362
1406	FUN_180064e68	180064e68	73	OK	2616130
1407	collate<>	180064eb4	50	OK	2617147
1408	collate<>	180064ee8	50	OK	2618157
1409	FUN_180064f1c	180064f1c	98	OK	2619181
1410	FUN_180064f80	180064f80	98	OK	2620198
1411	moneypunct<>	18006505c	59	OK	2621236
1412	moneypunct<>	180065098	59	OK	2622274
1413	moneypunct<>	1800650d4	59	OK	2623253
1414	moneypunct<>	180065110	59	OK	2624232
1415	numpunct<>	18006519c	45	OK	2625125
1416	numpunct<>	1800651cc	45	OK	2625978
1417	time_get<>	1800651fc	79	OK	2627252
1418	time_get<>	18006524c	79	OK	2628491
1419	time_put<>	18006529c	98	OK	2630172
1420	time_put<>	180065300	98	OK	2631818
1421	FUN_1800653c8	1800653c8	71	OK	2632224
1422	FUN_180065410	180065410	71	OK	2632623
1423	~_Tidy_guard<>	180065460	56	OK	2633536
1424	~_Tidy_guard<>	180065498	56	OK	2634449
1425	FUN_1800654d0	1800654d0	47	OK	2634810
1426	FUN_180065500	180065500	47	OK	2635171
1427	FUN_180065530	180065530	47	OK	2635532
1428	FUN_180065560	180065560	47	OK	2635893
1429	thunk_FUN_180075c08	180065590	5	OK	2636568
1430	thunk_FUN_180075c70	180065598	5	OK	2637243
1431	FUN_1800655b8	1800655b8	44	OK	2637520
1432	FUN_1800655e4	1800655e4	44	OK	2637790
1433	~ctype<>	180065610	59	OK	2638482
1434	~ctype<>	18006564c	59	OK	2639167
1435	FUN_1800656d0	1800656d0	71	OK	2639573
1436	FUN_180065718	180065718	71	OK	2639979
1437	FUN_180065760	180065760	71	OK	2640378
1438	FUN_1800657a8	1800657a8	71	OK	2640777
1439	~numpunct<>	180065820	62	OK	2641607
1440	~numpunct<>	180065860	62	OK	2642430
1441	~time_get<>	1800658a0	62	OK	2643845
1442	~time_get<>	1800658e0	62	OK	2645225
1443	FUN_180065920	180065920	44	OK	2645607
1444	FUN_18006594c	18006594c	44	OK	2645954
1445	operator=	1800659ac	138	OK	2647105
1446	operator=	180065a38	51	OK	2647622
1447	operator=	180065a6c	51	OK	2648139
1448	FID_conflict:operator=	180065aa0	103	OK	2649433
1449	FID_conflict:operator=	180065b08	103	OK	2650727
1450	operator=	180065b70	53	OK	2651269
1451	FID_conflict:operator*	180065c10	96	OK	2652438
1452	FID_conflict:operator*	180065c70	96	OK	2653607
1453	FID_conflict:operator++	180065cf8	23	OK	2654345
1454	FID_conflict:operator++	180065d10	23	OK	2655083
1455	FUN_180065d80	180065d80	91	OK	2655547
1456	<lambda_1>::operator()	180065ddc	92	OK	2657239
1457	FUN_180065e38	180065e38	91	OK	2657703
1458	<lambda_1>::operator()	180065e94	92	OK	2659395
1459	FUN_180065ef0	180065ef0	133	OK	2660159
1460	FUN_180065f78	180065f78	133	OK	2660923
1461	<lambda_1>::operator()	180066000	61	OK	2662132
1462	<lambda_1>::operator()	180066040	61	OK	2663341
1463	FUN_1800660b0	1800660b0	23	OK	2663566
1464	FUN_180066130	180066130	103	OK	2664068
1465	FUN_1800661a0	1800661a0	103	OK	2664563
1466	FUN_180066210	180066210	43	OK	2664845
1467	FUN_180066240	180066240	43	OK	2665127
1468	FUN_180066270	180066270	76	OK	2665499
1469	FUN_1800662c0	1800662c0	76	OK	2665864
1470	FUN_180066310	180066310	92	OK	2666319
1471	FUN_180066370	180066370	92	OK	2666767
1472	FUN_1800663d0	1800663d0	43	OK	2667049
1473	FUN_180066400	180066400	43	OK	2667331
1474	FUN_180066430	180066430	43	OK	2667613
1475	FUN_180066460	180066460	43	OK	2667895
1476	FUN_180066490	180066490	43	OK	2668177
1477	FUN_1800664c0	1800664c0	43	OK	2668459
1478	FUN_1800664f0	1800664f0	103	OK	2668961
1479	FUN_180066560	180066560	103	OK	2669463
1480	FUN_1800665d0	1800665d0	103	OK	2669958
1481	FUN_180066640	180066640	103	OK	2670453
1482	FUN_1800666b0	1800666b0	43	OK	2670735
1483	FUN_1800666e0	1800666e0	43	OK	2671017
1484	FUN_180066710	180066710	43	OK	2671299
1485	FUN_180066740	180066740	43	OK	2671581
1486	FUN_180066770	180066770	94	OK	2672040
1487	FUN_1800667d0	1800667d0	94	OK	2672492
1488	FUN_180066830	180066830	94	OK	2673055
1489	FUN_180066890	180066890	94	OK	2673583
1490	FUN_1800668f0	1800668f0	76	OK	2674060
1491	FUN_180066940	180066940	76	OK	2674502
1492	FUN_180066990	180066990	43	OK	2674784
1493	FUN_1800669c0	1800669c0	43	OK	2675066
1494	FUN_1800669f0	1800669f0	43	OK	2675348
1495	FUN_180066a28	180066a28	78	OK	2675580
1496	FUN_180066a78	180066a78	78	OK	2675812
1497	FUN_180066bb0	180066bb0	20	OK	2676107
1498	FUN_180066bc8	180066bc8	20	OK	2676402
1499	FUN_180066be8	180066be8	98	OK	2676687
1500	FUN_180066c4c	180066c4c	98	OK	2676972
1501	FUN_180066cb0	180066cb0	82	OK	2677665
1502	FUN_180066d04	180066d04	82	OK	2678358
1503	_Dowiden	180066d58	68	OK	2679046
1504	Dowiden	180066d9c	71	OK	2679820
1505	FUN_180066dec	180066dec	169	OK	2680324
1506	FUN_180066e98	180066e98	169	OK	2680828
1507	Ffmt	180066f44	146	OK	2682741
1508	Ffmt	180066fd8	146	OK	2684654
1509	FUN_180067098	180067098	1184	OK	2690601
1510	FUN_18006753c	18006753c	1184	OK	2696548
1511	FUN_180067a00	180067a00	234	OK	2698032
1512	FUN_180067aec	180067aec	234	OK	2699509
1513	FUN_180067bd8	180067bd8	253	OK	2701050
1514	FUN_180067cd8	180067cd8	253	OK	2702584
1515	FUN_180067dd8	180067dd8	263	OK	2704355
1516	FUN_180067ee0	180067ee0	263	OK	2706119
1517	Getcat	180067fe8	185	OK	2707683
1518	Getcat	1800680a4	185	OK	2709240
1519	Getcat	180068160	185	OK	2711427
1520	Getcat	18006821c	185	OK	2713593
1521	Getcat	1800682d8	185	OK	2715780
1522	Getcat	180068394	185	OK	2717946
1523	Getcat	180068450	214	OK	2719772
1524	Getcat	180068528	214	OK	2721598
1525	Getcat	180068600	214	OK	2723352
1526	Getcat	1800686d8	214	OK	2725106
1527	Getcat	1800687b0	185	OK	2727283
1528	Getcat	18006886c	185	OK	2729422
1529	Getcat	180068928	185	OK	2731599
1530	Getcat	1800689e4	185	OK	2733738
1531	Getcat	180068aa0	200	OK	2735430
1532	Getcat	180068b68	200	OK	2737068
1533	Getcat	180068c30	229	OK	2738979
1534	Getcat	180068d18	229	OK	2740852
1535	FUN_180068e00	180068e00	237	OK	2742283
1536	FUN_180068ef0	180068ef0	237	OK	2743676
1537	_Getcoll	180068fe0	35	OK	2744493
1538	FUN_18006900c	18006900c	74	OK	2745017
1539	FUN_180069058	180069058	4228	OK	2772630
1540	FUN_18006a0dc	18006a0dc	4228	OK	2800243
1541	FUN_18006b160	18006b160	4322	OK	2831611
1542	FUN_18006c244	18006c244	4322	OK	2862979
1543	FUN_18006d328	18006d328	835	OK	2868218
1544	FUN_18006d66c	18006d66c	835	OK	2873457
1545	FUN_18006d9b0	18006d9b0	1972	OK	2886909
1546	FUN_18006e168	18006e168	1972	OK	2900361
1547	FUN_18006e920	18006e920	76	OK	2900711
1548	FUN_18006e96c	18006e96c	76	OK	2901061
1549	FUN_18006e9b8	18006e9b8	5018	OK	2933038
1550	FUN_18006fd54	18006fd54	5018	OK	2965015
1551	FUN_1800710f0	1800710f0	74	OK	2965603
1552	FID_conflict:_Getvals	180071140	135	OK	2967098
1553	Inc	180071338	103	OK	2968199
1554	Inc	1800713a0	103	OK	2969300
1555	FUN_180071408	180071408	325	OK	2972075
1556	FUN_180071550	180071550	325	OK	2974732
1557	FUN_180071698	180071698	56	OK	2975449
1558	FUN_1800716d0	1800716d0	56	OK	2976166
1559	Init	180071708	33	OK	2977026
1560	Init	18007172c	33	OK	2977886
1561	FUN_180071750	180071750	81	OK	2978950
1562	FUN_1800717a4	1800717a4	81	OK	2980014
1563	FUN_180071820	180071820	395	OK	2984424
1564	FUN_1800719ac	1800719ac	367	OK	2986768
1565	Init	180071b1c	52	OK	2987630
1566	Init	180071b50	52	OK	2988492
1567	Init	180071b84	66	OK	2989600
1568	Init	180071bc8	66	OK	2990708
1569	FUN_180071c0c	180071c0c	1042	OK	2995777
1570	FUN_180072020	180072020	1042	OK	3000846
1571	FUN_18007244c	18007244c	3238	OK	3018326
1572	FUN_1800730f4	1800730f4	3238	OK	3035303
1573	FUN_180073d9c	180073d9c	106	OK	3035888
1574	FUN_180073e88	180073e88	98	OK	3036239
1575	FUN_180073eec	180073eec	98	OK	3036590
1576	Peek	180073f90	90	OK	3037645
1577	Peek	180073fec	90	OK	3038700
1578	Put	1800740a8	184	OK	3040754
1579	Put	180074160	184	OK	3042808
1580	Put	180074218	184	OK	3044739
1581	Put	1800742d0	184	OK	3046670
1582	FUN_180074388	180074388	2422	OK	3062988
1583	FUN_180074d04	180074d04	2422	OK	3079306
1584	FUN_180075680	180075680	98	OK	3079591
1585	FUN_1800756e4	1800756e4	98	OK	3079876
1586	Rep	180075748	174	OK	3081723
1587	Rep	1800757f8	174	OK	3083570
1588	Rep	1800758a8	176	OK	3085444
1589	Rep	180075958	176	OK	3087318
1590	FUN_180075a18	180075a18	105	OK	3087973
1591	FUN_180075a84	180075a84	105	OK	3088628
1592	FUN_180075af0	180075af0	50	OK	3088975
1593	FUN_180075b24	180075b24	50	OK	3089322
1594	FUN_180075b58	180075b58	41	OK	3089617
1595	FUN_180075b84	180075b84	41	OK	3089912
1596	FUN_180075bb0	180075bb0	41	OK	3090207
1597	FUN_180075bdc	180075bdc	41	OK	3090502
1598	FUN_180075c08	180075c08	102	OK	3091167
1599	FUN_180075c70	180075c70	102	OK	3091832
1600	FUN_180075d00	180075d00	74	OK	3092376
1601	FUN_180075d4c	180075d4c	74	OK	3092975
1602	FUN_180075d98	180075d98	26	OK	3093236
1603	FUN_180075db4	180075db4	16	OK	3093445
1604	FUN_180075dc8	180075dc8	16	OK	3093654
1605	FUN_180075ddc	180075ddc	69	OK	3094179
1606	FUN_180075e24	180075e24	69	OK	3094704
1607	FUN_180075e80	180075e80	250	OK	3095751
1608	FUN_180075f7c	180075f7c	251	OK	3096950
1609	FUN_18007608c	18007608c	250	OK	3097997
1610	FUN_180076188	180076188	251	OK	3099196
1611	FUN_180076284	180076284	35	OK	3099570
1612	FUN_1800762b0	1800762b0	35	OK	3099944
1613	FUN_1800762dc	1800762dc	35	OK	3100318
1614	FUN_180076308	180076308	35	OK	3100692
1615	operator=	180076334	51	OK	3101209
1616	operator=	180076368	51	OK	3101726
1617	FUN_1800763e4	1800763e4	26	OK	3101988
1618	FUN_180076400	180076400	26	OK	3102250
1619	FUN_18007641c	18007641c	31	OK	3102475
1620	FUN_18007643c	18007643c	31	OK	3102700
1621	deallocate	18007647c	61	OK	3103542
1622	FUN_180076500	180076500	3	OK	3103676
1623	FUN_180076510	180076510	3	OK	3103810
1624	FUN_180076520	180076520	3	OK	3103936
1625	FUN_180076530	180076530	3	OK	3104062
1626	do_compare	180076540	66	OK	3105223
1627	do_compare	180076590	66	OK	3105941
1628	FUN_1800765e0	1800765e0	72	OK	3106665
1629	FUN_180076630	180076630	60	OK	3107337
1630	FUN_180076670	180076670	4	OK	3107513
1631	FUN_180076680	180076680	4	OK	3107689
1632	FUN_180076690	180076690	5	OK	3107865
1633	FUN_1800766a0	1800766a0	5	OK	3108041
1634	FUN_1800766b0	1800766b0	5	OK	3108217
1635	FUN_1800766c0	1800766c0	5	OK	3108393
1636	FUN_1800766d0	1800766d0	10	OK	3108562
1637	FUN_1800766e0	1800766e0	10	OK	3108731
1638	FUN_1800766f0	1800766f0	72	OK	3109455
1639	FUN_180076740	180076740	60	OK	3110127
1640	FUN_180076780	180076780	4	OK	3110303
1641	FUN_180076790	180076790	4	OK	3110479
1642	FUN_1800767a0	1800767a0	61	OK	3111114
1643	FUN_1800767e0	1800767e0	61	OK	3111749
1644	FUN_180076820	180076820	259	OK	3113354
1645	FUN_180076930	180076930	309	OK	3115410
1646	FUN_180076a70	180076a70	259	OK	3117015
1647	FUN_180076b80	180076b80	309	OK	3119071
1648	do_get	180076cc0	339	OK	3121883
1649	FUN_180076e20	180076e20	125	OK	3122640
1650	do_get	180076ea0	289	OK	3125191
1651	do_get	180076fd0	289	OK	3128710
1652	FUN_180077100	180077100	277	OK	3130095
1653	do_get	180077220	267	OK	3132502
1654	FUN_180077330	180077330	129	OK	3133228
1655	do_get	1800773c0	277	OK	3135749
1656	do_get	1800774e0	289	OK	3139328
1657	do_get	180077610	289	OK	3142869
1658	FUN_180077740	180077740	787	OK	3146836
1659	do_get	180077a60	339	OK	3149648
1660	FUN_180077bc0	180077bc0	125	OK	3150405
1661	do_get	180077c40	289	OK	3152956
1662	do_get	180077d70	289	OK	3156475
1663	FUN_180077ea0	180077ea0	277	OK	3157860
1664	do_get	180077fc0	267	OK	3160267
1665	FUN_1800780d0	1800780d0	129	OK	3160993
1666	do_get	180078160	277	OK	3163514
1667	do_get	180078280	289	OK	3167093
1668	do_get	1800783b0	289	OK	3170634
1669	FUN_1800784e0	1800784e0	787	OK	3174601
1670	FUN_180078800	180078800	1403	OK	3183108
1671	FUN_180078d80	180078d80	1403	OK	3191615
1672	FUN_180079300	180079300	2712	OK	3209841
1673	FUN_180079da0	180079da0	2712	OK	3228067
1674	FUN_18007a840	18007a840	89	OK	3228640
1675	FUN_18007a8a0	18007a8a0	89	OK	3229213
1676	FUN_18007a900	18007a900	761	OK	3233667
1677	FUN_18007ac00	18007ac00	761	OK	3238121
1678	FUN_18007af00	18007af00	89	OK	3238694
1679	FUN_18007af60	18007af60	89	OK	3239267
1680	FUN_18007afc0	18007afc0	276	OK	3240632
1681	FUN_18007b0e0	18007b0e0	276	OK	3241997
1682	FUN_18007b200	18007b200	59	OK	3242578
1683	FUN_18007b240	18007b240	59	OK	3243159
1684	FUN_18007b280	18007b280	59	OK	3243740
1685	FUN_18007b2c0	18007b2c0	59	OK	3244321
1686	do_hash	18007b300	17	OK	3244939
1687	do_hash	18007b320	17	OK	3245557
1688	do_in	18007b340	172	OK	3247201
1689	do_in	18007b3f0	172	OK	3248845
1690	do_is	18007b4a0	27	OK	3249608
1691	do_is	18007b4c0	34	OK	3250200
1692	do_is	18007b4f0	27	OK	3250963
1693	do_is	18007b510	34	OK	3251555
1694	do_length	18007b540	159	OK	3252889
1695	do_length	18007b5e0	159	OK	3254223
1696	FUN_18007b680	18007b680	4	OK	3254399
1697	FUN_18007b690	18007b690	4	OK	3254575
1698	FUN_18007b6a0	18007b6a0	82	OK	3255268
1699	do_narrow	18007b700	148	OK	3256597
1700	FUN_18007b7a0	18007b7a0	82	OK	3257290
1701	do_narrow	18007b800	148	OK	3258619
1702	FUN_18007b8a0	18007b8a0	9	OK	3258839
1703	FUN_18007b8b0	18007b8b0	9	OK	3259059
1704	FUN_18007b8c0	18007b8c0	72	OK	3259783
1705	FUN_18007b910	18007b910	60	OK	3260455
1706	FUN_18007b950	18007b950	4	OK	3260598
1707	FUN_18007b960	18007b960	4	OK	3260741
1708	FUN_18007b970	18007b970	298	OK	3262404
1709	FUN_18007baa0	18007baa0	298	OK	3264067
1710	FUN_18007bbd0	18007bbd0	9	OK	3264287
1711	FUN_18007bbe0	18007bbe0	9	OK	3264507
1712	FUN_18007bbf0	18007bbf0	72	OK	3265231
1713	FUN_18007bc40	18007bc40	60	OK	3265903
1714	FUN_18007bc80	18007bc80	958	OK	3270352
1715	FUN_18007c050	18007c050	990	OK	3274670
1716	FUN_18007c440	18007c440	958	OK	3279126
1717	FUN_18007c810	18007c810	990	OK	3283444
1718	FUN_18007cc00	18007cc00	271	OK	3284772
1719	FUN_18007cd10	18007cd10	271	OK	3286101
1720	FUN_18007ce20	18007ce20	557	OK	3289116
1721	FUN_18007d050	18007d050	557	OK	3292130
1722	do_put	18007d280	162	OK	3293763
1723	FUN_18007d330	18007d330	277	OK	3295269
1724	FUN_18007d450	18007d450	277	OK	3296776
1725	FUN_18007d570	18007d570	960	OK	3300717
1726	FUN_18007d940	18007d940	271	OK	3302045
1727	FUN_18007da50	18007da50	271	OK	3303374
1728	FUN_18007db60	18007db60	557	OK	3306389
1729	FUN_18007dd90	18007dd90	557	OK	3309403
1730	do_put	18007dfc0	162	OK	3311036
1731	FUN_18007e070	18007e070	277	OK	3312542
1732	FUN_18007e190	18007e190	277	OK	3314049
1733	FUN_18007e2b0	18007e2b0	960	OK	3317990
1734	FUN_18007e680	18007e680	355	OK	3320857
1735	FUN_18007e7f0	18007e7f0	355	OK	3323724
1736	do_scan_is	18007e960	97	OK	3324616
1737	do_scan_is	18007e9d0	97	OK	3325508
1738	do_scan_not	18007ea40	97	OK	3326407
1739	do_scan_not	18007eab0	97	OK	3327306
1740	FUN_18007eb20	18007eb20	5	OK	3327482
1741	FUN_18007eb30	18007eb30	5	OK	3327658
1742	FUN_18007eb40	18007eb40	5	OK	3327834
1743	FUN_18007eb50	18007eb50	5	OK	3328010
1744	do_tolower	18007eb60	15	OK	3328585
1745	do_tolower	18007eb70	72	OK	3329404
1746	do_tolower	18007ebc0	72	OK	3330223
1747	do_tolower	18007ec10	15	OK	3330798
1748	do_toupper	18007ec20	15	OK	3331373
1749	do_toupper	18007ec30	72	OK	3332192
1750	do_toupper	18007ec80	72	OK	3333011
1751	do_toupper	18007ecd0	15	OK	3333586
1752	FUN_18007ece0	18007ece0	256	OK	3335083
1753	FUN_18007edf0	18007edf0	256	OK	3336667
1754	FUN_18007ef00	18007ef00	72	OK	3337391
1755	FUN_18007ef50	18007ef50	60	OK	3338063
1756	do_unshift	18007ef90	161	OK	3339628
1757	do_unshift	18007f040	161	OK	3341193
1758	do_widen	18007f0f0	68	OK	3341892
1759	do_widen	18007f140	120	OK	3342911
1760	do_widen	18007f1c0	120	OK	3343892
1761	do_widen	18007f240	71	OK	3344687
1762	equal	18007f300	230	OK	3346626
1763	equal	18007f3e8	230	OK	3348565
1764	FUN_18007f4d0	18007f4d0	37	OK	3348906
1765	FUN_18007f4f8	18007f4f8	37	OK	3349247
1766	FUN_18007f520	18007f520	37	OK	3349588
1767	FUN_18007f548	18007f548	31	OK	3349813
1768	FUN_18007f568	18007f568	31	OK	3350038
1769	FUN_18007f5a8	18007f5a8	97	OK	3350841
1770	FUN_18007f60c	18007f60c	97	OK	3351644
1771	FUN_18007f670	18007f670	97	OK	3352447
1772	FUN_18007f6d4	18007f6d4	97	OK	3353250
1773	FUN_18007f738	18007f738	97	OK	3354053
1774	FUN_18007f79c	18007f79c	97	OK	3354856
1775	FUN_18007f810	18007f810	31	OK	3355081
1776	FUN_18007f830	18007f830	31	OK	3355306
1777	FUN_18007f850	18007f850	31	OK	3355531
1778	FUN_18007f870	18007f870	31	OK	3355756
1779	FUN_18007f890	18007f890	294	OK	3357187
1780	FUN_18007f9b8	18007f9b8	294	OK	3358618
1781	FUN_18007fb68	18007fb68	26	OK	3358880
1782	FUN_18007fb84	18007fb84	26	OK	3359142
1783	FUN_18007fba0	18007fba0	491	OK	3361744
1784	FUN_18007fdac	18007fdac	31	OK	3361969
1785	FUN_18007fdcc	18007fdcc	31	OK	3362194
1786	FUN_18007fdec	18007fdec	31	OK	3362419
1787	FUN_18007fe0c	18007fe0c	31	OK	3362644
1788	FUN_18007fe2c	18007fe2c	31	OK	3362869
1789	FUN_18007fe4c	18007fe4c	31	OK	3363094
1790	FUN_18007fe6c	18007fe6c	31	OK	3363319
1791	FUN_18007fe8c	18007fe8c	31	OK	3363544
1792	FUN_18007feac	18007feac	211	OK	3364393
1793	FUN_18007ff80	18007ff80	211	OK	3365242
1794	FUN_1800800fc	1800800fc	109	OK	3366095
1795	sputc	1800801cc	75	OK	3366976
1796	sputc	180080218	75	OK	3367857
1797	FUN_1800802d4	1800802d4	31	OK	3368082
1798	FUN_1800802f4	1800802f4	31	OK	3368307
1799	FUN_180080324	180080324	22	OK	3368499
1800	FUN_18008033c	18008033c	22	OK	3368691
1801	FUN_18008036c	18008036c	34	OK	3369065
1802	FUN_180080390	180080390	86	OK	3369593
1803	FUN_1800803e8	1800803e8	30	OK	3369912
1804	FUN_180080410	180080410	1285	OK	3379728
1805	_Getvals<char>	180080918	151	OK	3381021
1806	FUN_1800809b0	1800809b0	253	OK	3383016
1807	_Hash_array_representation<char>	180080ab0	52	OK	3383705
1808	FUN_180080b14	180080b14	86	OK	3384425
1809	FUN_180080b70	180080b70	289	OK	3386252
1810	FUN_180080c94	180080c94	289	OK	3388072
1811	FUN_180080db8	180080db8	289	OK	3389892
1812	FUN_180080edc	180080edc	289	OK	3391712
1813	FUN_180081000	180081000	289	OK	3393532
1814	FUN_180081124	180081124	289	OK	3395352
1815	FUN_180081248	180081248	289	OK	3397304
1816	FUN_18008136c	18008136c	289	OK	3399131
1817	_Mpunct<>	180081490	51	OK	3400057
1818	collate<>	1800814dc	50	OK	3401064
1819	moneypunct<>	18008154c	59	OK	3402052
1820	moneypunct<>	180081588	59	OK	3403040
1821	time_get<char,std::istreambuf_iterator<char,std::char_traits<char>_>_>	1800815c4	73	OK	3404224
1822	time_put<>	180081610	98	OK	3405853
1823	FUN_180081674	180081674	71	OK	3406249
1824	~_Tidy_guard<>	1800816bc	56	OK	3407162
1825	FUN_1800816f4	1800816f4	47	OK	3407523
1826	FUN_180081724	180081724	44	OK	3407790
1827	FUN_180081774	180081774	71	OK	3408186
1828	FUN_1800817bc	1800817bc	71	OK	3408582
1829	~time_get<>	180081804	62	OK	3409939
1830	FUN_180081844	180081844	44	OK	3410263
1831	FUN_1800818e0	1800818e0	103	OK	3410755
1832	FUN_180081950	180081950	76	OK	3411117
1833	FUN_1800819a0	1800819a0	43	OK	3411399
1834	FUN_1800819d0	1800819d0	43	OK	3411681
1835	FUN_180081a00	180081a00	43	OK	3411963
1836	FUN_180081a30	180081a30	103	OK	3412455
1837	FUN_180081aa0	180081aa0	103	OK	3412947
1838	FUN_180081b10	180081b10	94	OK	3413452
1839	FUN_180081b70	180081b70	76	OK	3413871
1840	FUN_180081bc0	180081bc0	253	OK	3415402
1841	Getcat	180081cc0	185	OK	3416956
1842	Getcat	180081d7c	185	OK	3419096
1843	Getcat	180081e38	185	OK	3421236
1844	Getcat	180081ef4	214	OK	3423002
1845	Getcat	180081fcc	214	OK	3424768
1846	_Getcat	1800820a4	229	OK	3426396
1847	FUN_18008218c	18008218c	237	OK	3427776
1848	FUN_18008227c	18008227c	796	OK	3433864
1849	FUN_180082598	180082598	76	OK	3434322
1850	FUN_1800825e4	1800825e4	4357	OK	3468279
1851	FUN_1800836ec	1800836ec	26	OK	3468546
1852	FUN_180083708	180083708	325	OK	3471254
1853	Init	180083850	33	OK	3472114
1854	_Init	180083880	52	OK	3472916
1855	Init	1800838b4	66	OK	3474030
1856	FUN_1800838f8	1800838f8	1995	OK	3484277
1857	_Put	180084104	88	OK	3485368
1858	FUN_18008415c	18008415c	1873	OK	3502130
1859	_Rep	1800848b0	85	OK	3503096
1860	FUN_180084908	180084908	50	OK	3503443
1861	FUN_18008493c	18008493c	41	OK	3503738
1862	FUN_18008497c	18008497c	31	OK	3503963
1863	FUN_1800849c0	1800849c0	3	OK	3504089
1864	do_compare	1800849d0	66	OK	3504821
1865	FUN_180084a20	180084a20	59	OK	3505402
1866	FUN_180084a60	180084a60	4	OK	3505578
1867	FUN_180084a70	180084a70	4	OK	3505754
1868	FUN_180084a80	180084a80	4	OK	3505930
1869	FUN_180084a90	180084a90	61	OK	3506567
1870	FUN_180084ad0	180084ad0	253	OK	3508355
1871	FUN_180084bd0	180084bd0	302	OK	3510619
1872	FUN_180084d00	180084d00	1403	OK	3520106
1873	FUN_180085280	180085280	2522	OK	3540156
1874	FUN_180085c60	180085c60	89	OK	3540867
1875	FUN_180085cc0	180085cc0	731	OK	3546023
1876	FUN_180085fa0	180085fa0	89	OK	3546734
1877	FUN_180086000	180086000	276	OK	3548272
1878	FUN_180086120	180086120	59	OK	3548853
1879	do_hash	180086160	14	OK	3549371
1880	FUN_180086170	180086170	9	OK	3549591
1881	FUN_180086180	180086180	59	OK	3550172
1882	FUN_1800861c0	1800861c0	4	OK	3550315
1883	FUN_1800861d0	1800861d0	9	OK	3550535
1884	FUN_1800861e0	1800861e0	59	OK	3551116
1885	FUN_180086220	180086220	887	OK	3555472
1886	FUN_1800865a0	1800865a0	924	OK	3559854
1887	FUN_180086940	180086940	346	OK	3563081
1888	FUN_180086aa0	180086aa0	4	OK	3563257
1889	FUN_180086ab0	180086ab0	264	OK	3564859
1890	FUN_180086be8	180086be8	97	OK	3565662
1891	FUN_180086c4c	180086c4c	97	OK	3566465
1892	FUN_180086cb0	180086cb0	97	OK	3567268
1893	FUN_180086d14	180086d14	31	OK	3567493
1894	FUN_180086d58	180086d58	31	OK	3567718
1895	FUN_180086d78	180086d78	31	OK	3567943
1896	FUN_180086d98	180086d98	31	OK	3568168
1897	FUN_180086db8	180086db8	31	OK	3568393
1898	_Stolx	180086de8	221	OK	3569756
1899	FUN_180086ed0	180086ed0	496	OK	3572605
1900	FUN_1800870c8	1800870c8	254	OK	3573889
1901	FUN_1800871d0	1800871d0	507	OK	3576739
1902	_Getcoll	1800873cc	52	OK	3577437
1903	_Strcoll	180087400	205	OK	3578731
1904	_Getdateorder	1800874d8	87	OK	3579374
1905	_Mbrtowc	180087550	409	OK	3581575
1906	_Wcscoll	18008773c	226	OK	3583233
1907	FUN_180087858	180087858	27	OK	3583432
1908	FUN_180087888	180087888	27	OK	3583631
1909	FUN_1800878a4	1800878a4	270	OK	3585082
1910	_Getwctype	1800879b4	48	OK	3585555
1911	_Getwctypes	1800879e4	47	OK	3586010
1912	_Towlower	180087a14	115	OK	3586860
1913	_Towupper	180087a88	120	OK	3587710
1914	FUN_180087b00	180087b00	256	OK	3588898
1915	FUN_180087c00	180087c00	887	OK	3595947
1916	FUN_180087f78	180087f78	196	OK	3596782
1917	FUN_18008803c	18008803c	139	OK	3597399
1918	FUN_1800880e0	1800880e0	16	OK	3597714
1919	FUN_180088100	180088100	878	OK	3605383
1920	FUN_1800884a4	1800884a4	9	OK	3605529
1921	FUN_1800884b0	1800884b0	25	OK	3605845
1922	__DestructExceptionObject	1800884e0	107	OK	3606690
1923	FUN_180088550	180088550	3	OK	3607067
1924	FUN_180088554	180088554	87	OK	3607677
1925	_IsExceptionObjectToBeDestroyed	1800885b4	47	OK	3608297
1926	__AdjustPointer	1800885ec	35	OK	3608788
1927	FUN_180088610	180088610	101	OK	3609536
1928	__GetPlatformExceptionInfo	180088678	91	OK	3610352
1929	FUN_1800886d4	1800886d4	18	OK	3610544
1930	FUN_1800886e8	1800886e8	18	OK	3610736
1931	FUN_1800886fc	1800886fc	18	OK	3610928
1932	Unwind@180088710	180088710	9	OK	3611127
1933	FUN_18008871c	18008871c	164	OK	3612336
1934	FUN_1800887d4	1800887d4	27	OK	3612535
1935	FUN_18008880c	18008880c	27	OK	3612734
1936	__std_exception_copy	180088828	141	OK	3613619
1937	__std_exception_destroy	1800888b8	37	OK	3614060
1938	_CxxThrowException	1800888e0	160	OK	3615069
1939	FUN_1800889a8	1800889a8	176	OK	3615931
1940	FUN_180088a58	180088a58	191	OK	3616832
1941	_CallSETranslator<>	180088b18	81	OK	3618412
1942	_CallSETranslator<__FrameHandler4>	180088b6c	81	OK	3619323
1943	FUN_180088cc0	180088cc0	98	OK	3619855
1944	FUN_180088d24	180088d24	19	OK	3620089
1945	FUN_180088d38	180088d38	306	OK	3622256
1946	FUN_180088f00	180088f00	42	OK	3622541
1947	FUN_180088f2c	180088f2c	5	OK	3622708
1948	FrameUnwindToEmptyState	180088f34	100	OK	3623666
1949	FrameUnwindToEmptyState	180088f98	50	OK	3624422
1950	FUN_180088fcc	180088fcc	210	OK	3625800
1951	GetEstablisherFrame	1800890a0	33	OK	3626511
1952	FUN_1800890c4	1800890c4	317	OK	3628351
1953	FUN_180089204	180089204	361	OK	3630456
1954	FUN_1800893b0	1800893b0	259	OK	3632507
1955	FUN_1800894b4	1800894b4	287	OK	3634531
1956	FUN_1800895f8	1800895f8	450	OK	3637741
1957	_CreateFrameInfo	1800897bc	58	OK	3638422
1958	FUN_1800897f8	1800897f8	82	OK	3639071
1959	_GetImageBase	18008984c	18	OK	3639382
1960	_GetThrowImageBase	180089860	18	OK	3639708
1961	_SetImageBase	180089874	24	OK	3640040
1962	FUN_18008988c	18008988c	24	OK	3640272
1963	FUN_1800898b4	1800898b4	134	OK	3641075
1964	__CxxFrameHandler4	18008993c	191	OK	3642289
1965	FUN_180089a10	180089a10	16	OK	3642600
1966	FUN_180089a30	180089a30	1626	OK	3664381
1967	FUN_18008a0c8	18008a0c8	510	OK	3667356
1968	__vcrt_initialize	18008a2c8	40	OK	3667949
1969	__vcrt_thread_attach	18008a2f0	20	OK	3668274
1970	__vcrt_thread_detach	18008a304	18	OK	3668624
1971	__vcrt_uninitialize	18008a318	25	OK	3669052
1972	FUN_18008a334	18008a334	16	OK	3669216
1973	_malloc_base	18008a350	5	OK	3669886
1974	FUN_18008a360	18008a360	5	OK	3670308
1975	FUN_18008a39c	18008a39c	27	OK	3670507
1976	FUN_18008a3b8	18008a3b8	27	OK	3670706
1977	FUN_18008a414	18008a414	27	OK	3670905
1978	FUN_18008a430	18008a430	27	OK	3671104
1979	__std_type_info_compare	18008a44c	39	OK	3671737
1980	FUN_18008a474	18008a474	42	OK	3672098
1981	FUN_18008a4d8	18008a4d8	280	OK	3673726
1982	__uncaught_exception	18008a5f0	30	OK	3674160
1983	FUN_18008a620	18008a620	144	OK	3679303
1984	memcmp	18008a6c0	198	OK	3682495
1985	FUN_18008a798	18008a798	26	OK	3682707
1986	FUN_18008a7b4	18008a7b4	27	OK	3682906
1987	FUN_18008a7f8	18008a7f8	27	OK	3683105
1988	FUN_18008a814	18008a814	42	OK	3683406
1989	FUN_18008a840	18008a840	31	OK	3683655
1990	__vcrt_freeptd	18008a860	77	OK	3684244
1991	FUN_18008a8b0	18008a8b0	24	OK	3684536
1992	__vcrt_getptd_noexit	18008a8cc	191	OK	3685769
1993	__vcrt_getptd_noinit	18008a98c	77	OK	3686312
1994	__vcrt_initialize_ptd	18008a9dc	71	OK	3687055
1995	__vcrt_uninitialize_ptd	18008aa24	34	OK	3687412
1996	GetCurrentState	18008aa48	39	OK	3688088
1997	GetUnwindTryBlock	18008aa70	41	OK	3688861
1998	SetState	18008aa9c	12	OK	3689324
1999	SetUnwindTryBlock	18008aaa8	59	OK	3690274
2000	FUN_18008aae4	18008aae4	8	OK	3690484
2001	FUN_18008aaec	18008aaec	8	OK	3690694
2002	FUN_18008aaf4	18008aaf4	101	OK	3691607
2003	FUN_18008ab5c	18008ab5c	237	OK	3692913
2004	BuildCatchObjectHelperInternal<__FrameHandler3>	18008ac68	503	OK	3696844
2005	BuildCatchObjectHelperInternal<__FrameHandler4>	18008ae68	506	OK	3700783
2006	BuildCatchObjectInternal<__FrameHandler3>	18008b06c	186	OK	3702419
2007	BuildCatchObjectInternal<__FrameHandler4>	18008b12c	187	OK	3704049
2008	CatchIt<__FrameHandler3>	18008b1f0	209	OK	3705747
2009	CatchIt<__FrameHandler4>	18008b2c4	209	OK	3707325
2010	FUN_18008b398	18008b398	1251	OK	3715295
2011	FUN_18008b880	18008b880	1295	OK	3723976
2012	FUN_18008bd94	18008bd94	536	OK	3727157
2013	FindHandlerForForeignException<__FrameHandler4>	18008bfb0	750	OK	3731895
2014	TypeMatchHelper<__FrameHandler3>	18008c2a0	317	OK	3734211
2015	TypeMatchHelper<__FrameHandler4>	18008c3e0	322	OK	3736532
2016	FUN_18008c524	18008c524	572	OK	3739597
2017	FUN_18008c764	18008c764	668	OK	3743409
2018	thunk_FUN_18008c524	18008ca04	5	OK	3746496
2019	FUN_18008ca0c	18008ca0c	91	OK	3747037
2020	FUN_18008ca68	18008ca68	122	OK	3747976
2021	TryBlockMap4	18008cb10	213	OK	3749743
2022	FUN_18008cc38	18008cc38	60	OK	3750097
2023	FUN_18008cc74	18008cc74	30	OK	3750347
2024	operator==	18008cd04	27	OK	3750862
2025	operator*	18008cdac	83	OK	3751552
2026	FUN_18008ce00	18008ce00	29	OK	3751780
2027	FUN_18008ce30	18008ce30	30	OK	3751973
2028	FUN_18008ce90	18008ce90	66	OK	3752288
2029	CxxCallCatchBlock	18008cf00	370	OK	3754135
2030	FUN_18008d0f0	18008d0f0	473	OK	3755954
2031	FUN_18008d34c	18008d34c	404	OK	3759019
2032	ExFilterRethrow	18008d4e0	134	OK	3760175
2033	ExFilterRethrowFH4	18008d568	48	OK	3760786
2034	FrameUnwindToState	18008d598	362	OK	3762813
2035	FUN_18008d724	18008d724	733	OK	3766518
2036	FUN_18008da20	18008da20	153	OK	3767179
2037	GetHandlerSearchState	18008dabc	97	OK	3768250
2038	FUN_18008db5c	18008db5c	236	OK	3769656
2039	Is_bad_exception_allowed	18008dc4c	136	OK	3770699
2040	FUN_18008dcd4	18008dcd4	156	OK	3771820
2041	WalkBack	18008dd80	54	OK	3772310
2042	WalkBack	18008ddb8	61	OK	3772876
2043	FUN_18008de00	18008de00	9	OK	3773287
2044	_CallMemberFunction2	18008de0c	15	OK	3773878
2045	getESTypes	18008de70	40	OK	3774518
2046	getLastEntry	18008de9c	78	OK	3775426
2047	FUN_18008df1c	18008df1c	206	OK	3776820
2048	FUN_18008dfec	18008dfec	176	OK	3777876
2049	setBuffer	18008e0e4	57	OK	3778577
2050	_NLG_Notify	18008e150	24	OK	3778845
2051	FUN_18008e170	18008e170	1	OK	3778971
2052	FUN_18008e180	18008e180	1	OK	3779097
2053	__except_validate_context_record	18008e18c	55	OK	3779744
2054	__except_validate_jump_buffer_common	18008e204	91	OK	3780582
2055	__vcrt_initialize_locks	18008e260	70	OK	3781332
2056	FID_conflict:__vcrt_unlock	18008e2a8	25	OK	3781923
2057	__vcrt_uninitialize_locks	18008e2c4	55	OK	3782590
2058	FID_conflict:__vcrt_unlock	18008e2fc	25	OK	3783181
2059	FUN_18008e318	18008e318	67	OK	3783700
2060	FUN_18008e374	18008e374	67	OK	3784212
2061	pcharNode<>	18008e3b8	114	OK	3785253
2062	FUN_18008e42c	18008e42c	67	OK	3785765
2063	pcharNode<>	18008e470	114	OK	3786806
2064	append<>	18008e514	98	OK	3787988
2065	append<>	18008e578	98	OK	3789170
2066	append<charNode>	18008e5dc	98	OK	3790036
2067	append<pDNameNode>	18008e640	98	OK	3790914
2068	append<pcharNode>	18008e6a4	98	OK	3791786
2069	doPchar<1>	18008e708	161	OK	3792818
2070	FUN_18008e7ac	18008e7ac	152	OK	3793765
2071	FUN_18008e844	18008e844	152	OK	3794712
2072	FUN_18008e8e0	18008e8e0	141	OK	3795176
2073	FUN_18008e970	18008e970	139	OK	3795629
2074	DName	18008ea24	175	OK	3796884
2075	DName	18008ead4	43	OK	3797373
2076	FID_conflict:operator=	18008eb10	31	OK	3797885
2077	FUN_18008eb30	18008eb30	129	OK	3798662
2078	DName	18008ebf0	166	OK	3799764
2079	DName	18008ec98	136	OK	3800697
2080	FUN_18008edf8	18008edf8	42	OK	3801030
2081	operator=	18008ee24	38	OK	3801515
2082	FID_conflict:operator=	18008ee5c	31	OK	3802027
2083	operator=	18008ee7c	118	OK	3802897
2084	FUN_18008eef4	18008eef4	48	OK	3803305
2085	FUN_18008ef24	18008ef24	67	OK	3803974
2086	operator+	18008ef70	54	OK	3804483
2087	operator+	18008efa8	66	OK	3805087
2088	operator+	18008efec	73	OK	3805880
2089	operator+	18008f038	41	OK	3806421
2090	operator+	18008f064	41	OK	3806938
2091	operator+	18008f090	41	OK	3807589
2092	operator+	18008f0bc	41	OK	3808082
2093	operator+	18008f0e8	41	OK	3808709
2094	operator+=	18008f12c	126	OK	3809779
2095	FUN_18008f1ac	18008f1ac	88	OK	3810427
2096	operator+=	18008f204	108	OK	3811222
2097	operator+=	18008f270	147	OK	3812267
2098	FUN_18008f304	18008f304	85	OK	3812836
2099	operator+=	18008f35c	88	OK	3813653
2100	FUN_18008f3f0	18008f3f0	58	OK	3814154
2101	UScore	18008f43c	76	OK	3815187
2102	FUN_18008f488	18008f488	3827	OK	3832923
2103	doPchar	180090414	80	OK	3833559
2104	FUN_1800904c0	1800904c0	143	OK	3834375
2105	FUN_180090550	180090550	463	OK	3837167
2106	FUN_180090720	180090720	331	OK	3838796
2107	FUN_18009086c	18009086c	154	OK	3839665
2108	FUN_180090908	180090908	185	OK	3840709
2109	FUN_1800909c4	1800909c4	619	OK	3843971
2110	getBasedType	180090c30	246	OK	3845421
2111	FUN_180090d28	180090d28	1537	OK	3854013
2112	FUN_18009132c	18009132c	291	OK	3855867
2113	FUN_180091450	180091450	25	OK	3856052
2114	FUN_18009146c	18009146c	312	OK	3857370
2115	FUN_1800915a4	1800915a4	2340	OK	3871582
2116	FUN_180091ec8	180091ec8	58	OK	3871935
2117	getDataType	180091f04	273	OK	3873546
2118	FUN_180092018	180092018	742	OK	3877559
2119	FUN_180092300	180092300	326	OK	3879591
2120	FUN_180092448	180092448	93	OK	3880269
2121	FUN_1800924a8	1800924a8	25	OK	3880456
2122	FUN_1800924c4	1800924c4	505	OK	3882940
2123	FUN_1800926c0	1800926c0	23	OK	3883120
2124	FUN_1800926d8	1800926d8	303	OK	3884832
2125	FUN_180092808	180092808	518	OK	3887700
2126	getExternalDataType	180092a10	192	OK	3888828
2127	FUN_180092ad0	180092ad0	358	OK	3890474
2128	FUN_180092c38	180092c38	1332	OK	3898406
2129	FUN_18009316c	18009316c	25	OK	3898591
2130	FUN_1800931b0	1800931b0	12	OK	3898771
2131	FUN_1800931c0	1800931c0	4	OK	3898944
2132	getLastChar	1800931d0	41	OK	3899456
2133	getLastChar	180093200	53	OK	3899938
2134	FUN_180093240	180093240	20	OK	3900373
2135	getLexicalFrame	180093254	99	OK	3900981
2136	FUN_1800932b8	1800932b8	147	OK	3901806
2137	FUN_18009334c	18009334c	142	OK	3902848
2138	getNoexcept	1800933f0	98	OK	3903533
2139	FUN_180093454	180093454	103	OK	3904303
2140	FUN_1800934bc	1800934bc	2493	OK	3919618
2141	FUN_180093e7c	180093e7c	245	OK	3920855
2142	getPointerType	180093f74	29	OK	3921318
2143	getPointerTypeArray	180093f94	26	OK	3921796
2144	FUN_180093fb0	180093fb0	696	OK	3925637
2145	getPtrRefDataType	180094268	460	OK	3928541
2146	getPtrRefType	180094434	469	OK	3931435
2147	getReferenceType	18009460c	23	OK	3931921
2148	FUN_180094624	180094624	474	OK	3935293
2149	getReturnType	180094800	52	OK	3935818
2150	FUN_180094834	180094834	1208	OK	3943023
2151	FUN_180094cec	180094cec	319	OK	3944762
2152	getSignedDimension	180094e2c	134	OK	3945594
2153	FUN_180094eb4	180094eb4	58	OK	3945947
2154	getString	180094f0c	145	OK	3946959
2155	getString	180094fa0	70	OK	3947870
2156	FUN_180094ff0	180094ff0	17	OK	3948168
2157	getString	180095010	45	OK	3948721
2158	FUN_180095040	180095040	78	OK	3949107
2159	getString	180095090	54	OK	3949957
2160	FUN_1800950c8	1800950c8	269	OK	3951428
2161	getStringObject	180095208	104	OK	3952156
2162	getSymbolName	180095270	76	OK	3952857
2163	FUN_1800952bc	1800952bc	542	OK	3956281
2164	getTemplateName	1800954dc	657	OK	3959834
2165	FUN_180095770	180095770	1361	OK	3967647
2166	FUN_180095cc4	180095cc4	360	OK	3969570
2167	getThisType	180095e2c	62	OK	3970085
2168	FUN_180095e6c	180095e6c	34	OK	3970369
2169	FUN_180095e90	180095e90	954	OK	3975907
2170	getUndecoratedName	18009624c	338	OK	3978018
2171	FUN_1800963a0	1800963a0	213	OK	3979098
2172	getVCallThunkType	180096478	117	OK	3979927
2173	FUN_1800964f0	1800964f0	77	OK	3980468
2174	FUN_180096540	180096540	319	OK	3982431
2175	FUN_180096680	180096680	23	OK	3982633
2176	getVdispMapType	180096698	124	OK	3983510
2177	FUN_180096714	180096714	521	OK	3986768
2178	FUN_180096920	180096920	724	OK	3990887
2179	FUN_180096d10	180096d10	4	OK	3991062
2180	FUN_180096d20	180096d20	6	OK	3991196
2181	FUN_180096d30	180096d30	40	OK	3991546
2182	length	180096d60	70	OK	3992116
2183	FUN_180096db0	180096db0	4	OK	3992292
2184	FUN_180096dd8	180096dd8	277	OK	3993919
2185	FUN_180096ef0	180096ef0	4	OK	3994094
2186	FUN_180096f00	180096f00	6	OK	3994228
2187	FUN_180096f10	180096f10	4	OK	3994371
2188	FUN_180096f20	180096f20	4	OK	3994547
2189	FUN_180096f30	180096f30	4	OK	3994723
2190	__unDName	180096fd8	39	OK	3995144
2191	__unDNameEx	180097000	306	OK	3996627
2192	snprintf	180097134	86	OK	3997306
2193	unDNameGenerateCHPE	18009718c	262	OK	3998873
2194	vsnprintf	180097294	98	OK	3999477
2195	FUN_1800973c4	1800973c4	245	OK	4000845
2196	FUN_1800974bc	1800974bc	334	OK	4002854
2197	FUN_18009760c	18009760c	226	OK	4004132
2198	FUN_1800976f0	1800976f0	268	OK	4005627
2199	FUN_1800977fc	1800977fc	90	OK	4006323
2200	__vcrt_FlsAlloc	180097858	69	OK	4006962
2201	__vcrt_FlsFree	1800978a0	70	OK	4007625
2202	__vcrt_FlsGetValue	1800978e8	70	OK	4008282
2203	__vcrt_FlsSetValue	180097930	81	OK	4008794
2204	__vcrt_InitializeCriticalSectionEx	180097984	97	OK	4009492
2205	_CallSettingFrame	180097a00	64	OK	4009835
2206	_CallSettingFrame_LookupContinuationIndex	180097a50	42	OK	4010261
2207	_CallSettingFrame_NotifyContinuationAddr	180097a80	38	OK	4010614
2208	_CallSettingFrameEncoded	180097ab0	71	OK	4011122
2209	FUN_180097af8	180097af8	41	OK	4011336
2210	thunk_FUN_1800d4c84	180097b24	5	OK	4011770
2211	_malloc_base	180097b2c	5	OK	4012440
2212	FUN_180097b34	180097b34	27	OK	4012680
2213	_aligned_malloc	180097b50	127	OK	4013699
2214	FID_conflict:_aligned_msize	180097bd0	101	OK	4014574
2215	_aligned_offset_malloc_base	180097c38	184	OK	4015748
2216	FUN_180097cf0	180097cf0	611	OK	4019170
2217	FUN_180097f54	180097f54	756	OK	4023556
2218	FUN_180098248	180098248	460	OK	4026306
2219	FUN_180098414	180098414	622	OK	4030376
2220	FUN_180098684	180098684	27	OK	4030616
2221	_aligned_malloc	1800986a0	127	OK	4031635
2222	FID_conflict:_aligned_msize	180098720	101	OK	4032510
2223	_aligned_offset_malloc	180098788	197	OK	4033744
2224	FUN_180098850	180098850	598	OK	4036908
2225	FUN_180098aa8	180098aa8	773	OK	4041793
2226	FUN_180098db0	180098db0	460	OK	4044543
2227	FUN_180098f7c	180098f7c	622	OK	4048613
2228	FUN_180099274	180099274	26	OK	4048825
2229	FUN_180099290	180099290	77	OK	4049466
2230	FUN_1800992f8	1800992f8	126	OK	4050136
2231	FUN_180099390	180099390	52	OK	4050586
2232	FUN_1800993c4	1800993c4	102	OK	4051268
2233	FUN_18009943c	18009943c	84	OK	4051774
2234	FUN_180099490	180099490	62	OK	4052222
2235	FUN_1800994d8	1800994d8	102	OK	4052904
2236	FUN_180099540	180099540	106	OK	4053511
2237	FUN_1800995ac	1800995ac	97	OK	4054118
2238	FUN_180099620	180099620	76	OK	4054591
2239	FUN_180099670	180099670	365	OK	4056179
2240	FUN_1800997ec	1800997ec	8	OK	4056433
2241	FUN_18009981c	18009981c	26	OK	4056744
2242	FUN_180099838	180099838	155	OK	4057793
2243	FUN_1800998d4	1800998d4	183	OK	4058643
2244	FUN_18009998c	18009998c	30	OK	4058837
2245	FUN_1800999ac	1800999ac	46	OK	4059151
2246	_invoke_watson	1800999dc	71	OK	4060157
2247	FUN_180099a58	180099a58	37	OK	4060471
2248	FUN_180099a80	180099a80	236	OK	4061182
2249	FUN_180099c08	180099c08	419	OK	4063010
2250	_calloc_base	180099dac	5	OK	4063780
2251	FUN_180099db4	180099db4	139	OK	4064806
2252	FUN_180099e68	180099e68	207	OK	4066310
2253	FUN_180099f38	180099f38	37	OK	4066630
2254	FUN_180099f60	180099f60	34	OK	4066987
2255	FUN_180099f84	180099f84	35	OK	4067314
2256	FUN_180099fa8	180099fa8	35	OK	4067641
2257	FUN_180099fcc	180099fcc	41	OK	4068017
2258	FUN_180099ff8	180099ff8	41	OK	4068393
2259	FUN_18009a024	18009a024	40	OK	4068772
2260	FUN_18009a04c	18009a04c	40	OK	4069151
2261	FUN_18009a074	18009a074	221	OK	4071269
2262	FUN_18009a154	18009a154	239	OK	4073387
2263	FUN_18009a244	18009a244	159	OK	4074427
2264	FUN_18009a2f0	18009a2f0	786	OK	4088312
2265	FUN_18009a6d8	18009a6d8	27	OK	4088505
2266	FUN_18009a700	18009a700	27	OK	4088698
2267	__acrt_initialize_stdio	18009a720	287	OK	4090063
2268	__acrt_iob_func	18009a840	17	OK	4090421
2269	__acrt_uninitialize_stdio	18009a860	91	OK	4091098
2270	_get_stream_buffer_pointers	18009a8bc	71	OK	4091926
2271	FUN_18009a904	18009a904	11	OK	4092293
2272	FUN_18009a910	18009a910	11	OK	4092660
2273	FUN_18009a924	18009a924	122	OK	4093338
2274	FUN_18009a9a0	18009a9a0	165	OK	4094360
2275	FUN_18009aa7c	18009aa7c	152	OK	4095341
2276	FUN_18009ab14	18009ab14	152	OK	4096322
2277	FUN_18009abac	18009abac	156	OK	4097235
2278	FUN_18009ac48	18009ac48	225	OK	4098460
2279	FUN_18009ad2c	18009ad2c	64	OK	4098777
2280	FUN_18009ad6c	18009ad6c	38	OK	4099127
2281	__acrt_lock_stream_and_call<>	18009ad94	40	OK	4100415
2282	__acrt_lock_stream_and_call<>	18009adbc	40	OK	4101703
2283	FUN_18009ae80	18009ae80	175	OK	4102774
2284	FUN_18009af38	18009af38	122	OK	4103578
2285	FUN_18009afd0	18009afd0	78	OK	4104171
2286	common_flush_all	18009b020	93	OK	4104976
2287	FUN_18009b148	18009b148	140	OK	4106034
2288	FUN_18009b1d4	18009b1d4	210	OK	4107390
2289	common_flush_all	18009b2a8	7	OK	4107590
2290	fflush	18009b2b0	103	OK	4108468
2291	_fgetc_nolock	18009b318	67	OK	4109247
2292	FUN_18009b35c	18009b35c	23	OK	4109457
2293	FUN_18009b37c	18009b37c	275	OK	4110954
2294	FUN_18009b498	18009b498	23	OK	4111164
2295	fgetpos	18009b4b0	75	OK	4111772
2296	FUN_18009b4fc	18009b4fc	356	OK	4113653
2297	FUN_18009b660	18009b660	171	OK	4114912
2298	FUN_18009b70c	18009b70c	22	OK	4116800
2299	_fputchar	18009b724	33	OK	4117211
2300	FUN_18009b750	18009b750	152	OK	4118213
2301	FUN_18009b81c	18009b81c	29	OK	4118481
2302	FUN_18009b83c	18009b83c	608	OK	4123199
2303	fread	18009ba9c	29	OK	4123592
2304	fread_s	18009babc	165	OK	4124387
2305	memcpy_s	18009bb64	135	OK	4125334
2306	fsetpos	18009bbec	53	OK	4125812
2307	FUN_18009bc64	18009bc64	155	OK	4126412
2308	FUN_18009bd00	18009bd00	250	OK	4127972
2309	FUN_18009bdfc	18009bdfc	234	OK	4129568
2310	FUN_18009bef0	18009bef0	155	OK	4130591
2311	FUN_18009bf8c	18009bf8c	152	OK	4131598
2312	FUN_18009c024	18009c024	152	OK	4132606
2313	FUN_18009c0bc	18009c0bc	155	OK	4133628
2314	operator()<<lambda_5d4c3fee44080f75d5d9762853974fe0>,<lambda_532e024f4337e6fc7ad266c2bef9f4ed>&___ptr64,<lambda_c87bdc10097eb2402edb8ba9bdf0697b>_>	18009c158	63	OK	4135002
2315	__acrt_lock_stream_and_call<<lambda_532e024f4337e6fc7ad266c2bef9f4ed>_>	18009c198	40	OK	4136186
2316	FUN_18009c1fc	18009c1fc	36	OK	4136520
2317	FUN_18009c230	18009c230	126	OK	4137072
2318	FUN_18009c2d0	18009c2d0	156	OK	4138686
2319	FUN_18009c36c	18009c36c	161	OK	4139765
2320	FUN_18009c410	18009c410	529	OK	4143054
2321	FUN_18009c624	18009c624	161	OK	4144100
2322	operator()<>	18009c6c8	61	OK	4146248
2323	__acrt_lock_stream_and_call<>	18009c708	40	OK	4147519
2324	FUN_18009c77c	18009c77c	231	OK	4149325
2325	FUN_18009c864	18009c864	188	OK	4150578
2326	FUN_18009c940	18009c940	309	OK	4152533
2327	FUN_18009ca78	18009ca78	286	OK	4154674
2328	ungetc	18009cb98	88	OK	4155240
2329	operator()<>	18009d1c8	61	OK	4157377
2330	operator()<>	18009d208	61	OK	4159514
2331	operator()<>	18009d248	61	OK	4161651
2332	operator()<>	18009d288	61	OK	4163788
2333	operator()<>	18009d2c8	61	OK	4165925
2334	operator()<>	18009d308	61	OK	4168062
2335	__acrt_lock_stream_and_call<>	18009d348	40	OK	4169333
2336	__acrt_lock_stream_and_call<>	18009d370	40	OK	4170604
2337	__acrt_lock_stream_and_call<>	18009d398	40	OK	4171875
2338	__acrt_lock_stream_and_call<>	18009d3c0	40	OK	4173146
2339	__acrt_lock_stream_and_call<>	18009d3e8	40	OK	4174417
2340	__acrt_lock_stream_and_call<>	18009d410	40	OK	4175688
2341	FUN_18009d438	18009d438	46	OK	4176076
2342	FUN_18009d468	18009d468	46	OK	4176464
2343	FUN_18009d498	18009d498	148	OK	4177538
2344	FUN_18009d52c	18009d52c	148	OK	4178612
2345	FUN_18009d5c0	18009d5c0	148	OK	4179686
2346	FUN_18009d654	18009d654	148	OK	4180760
2347	FUN_18009d6e8	18009d6e8	148	OK	4181834
2348	FUN_18009d77c	18009d77c	148	OK	4182908
2349	FUN_18009d810	18009d810	254	OK	4184890
2350	FUN_18009d910	18009d910	258	OK	4186872
2351	FUN_18009da14	18009da14	431	OK	4189576
2352	FUN_18009dbc4	18009dbc4	438	OK	4192321
2353	FUN_18009dd7c	18009dd7c	459	OK	4195216
2354	FUN_18009df48	18009df48	466	OK	4198152
2355	FUN_18009e11c	18009e11c	431	OK	4200856
2356	FUN_18009e2cc	18009e2cc	438	OK	4203601
2357	FUN_18009e484	18009e484	139	OK	4204432
2358	FUN_18009e510	18009e510	149	OK	4205263
2359	FUN_18009e600	18009e600	168	OK	4206129
2360	FUN_18009e6a8	18009e6a8	172	OK	4207042
2361	FUN_18009e754	18009e754	265	OK	4208930
2362	FUN_18009e860	18009e860	265	OK	4210818
2363	FUN_18009e96c	18009e96c	267	OK	4212727
2364	FUN_18009ea78	18009ea78	267	OK	4214636
2365	FUN_18009ebe4	18009ebe4	264	OK	4216517
2366	FUN_18009ecec	18009ecec	264	OK	4218398
2367	FUN_18009edf4	18009edf4	266	OK	4220300
2368	FUN_18009ef00	18009ef00	266	OK	4222202
2369	FUN_18009f06c	18009f06c	265	OK	4224094
2370	FUN_18009f178	18009f178	265	OK	4225986
2371	FUN_18009f284	18009f284	267	OK	4227898
2372	FUN_18009f390	18009f390	267	OK	4229810
2373	FUN_18009f4fc	18009f4fc	260	OK	4231781
2374	FUN_18009f600	18009f600	260	OK	4233752
2375	FUN_18009f72c	18009f72c	264	OK	4235641
2376	FUN_18009f834	18009f834	264	OK	4237530
2377	FUN_18009f93c	18009f93c	266	OK	4239438
2378	FUN_18009fa48	18009fa48	266	OK	4241346
2379	FUN_18009fbb4	18009fbb4	263	OK	4243215
2380	FUN_18009fcbc	18009fcbc	263	OK	4245084
2381	FUN_18009fdc4	18009fdc4	265	OK	4246990
2382	FUN_18009fed0	18009fed0	265	OK	4248896
2383	FUN_1800a003c	1800a003c	262	OK	4250777
2384	FUN_1800a0144	1800a0144	262	OK	4252658
2385	FUN_1800a024c	1800a024c	264	OK	4254560
2386	FUN_1800a0354	1800a0354	264	OK	4256462
2387	FUN_1800a04bc	1800a04bc	263	OK	4258358
2388	FUN_1800a05c4	1800a05c4	263	OK	4260254
2389	FUN_1800a06cc	1800a06cc	265	OK	4262165
2390	FUN_1800a07d8	1800a07d8	265	OK	4264076
2391	FUN_1800a095c	1800a095c	263	OK	4265972
2392	FUN_1800a0aac	1800a0aac	263	OK	4267868
2393	FUN_1800a0bfc	1800a0bfc	265	OK	4269779
2394	FUN_1800a0d50	1800a0d50	265	OK	4271690
2395	FUN_1800a0e8c	1800a0e8c	263	OK	4273586
2396	FUN_1800a0f94	1800a0f94	263	OK	4275482
2397	FUN_1800a109c	1800a109c	265	OK	4277393
2398	FUN_1800a11a8	1800a11a8	265	OK	4279304
2399	FUN_1800a1314	1800a1314	264	OK	4281236
2400	FUN_1800a141c	1800a141c	264	OK	4283168
2401	FUN_1800a1524	1800a1524	266	OK	4285115
2402	FUN_1800a1630	1800a1630	266	OK	4287062
2403	FUN_1800a179c	1800a179c	263	OK	4288958
2404	FUN_1800a18a4	1800a18a4	263	OK	4290854
2405	FUN_1800a19ac	1800a19ac	265	OK	4292765
2406	FUN_1800a1ab8	1800a1ab8	265	OK	4294676
2407	FUN_1800a1c24	1800a1c24	263	OK	4296572
2408	FUN_1800a1d2c	1800a1d2c	263	OK	4298468
2409	FUN_1800a1e34	1800a1e34	265	OK	4300379
2410	FUN_1800a1f40	1800a1f40	265	OK	4302290
2411	FUN_1800a20ac	1800a20ac	264	OK	4304219
2412	FUN_1800a21b4	1800a21b4	264	OK	4306148
2413	FUN_1800a22bc	1800a22bc	266	OK	4308099
2414	FUN_1800a23c8	1800a23c8	266	OK	4310050
2415	is_wide_character_specifier<wchar_t>	1800a270c	62	OK	4310853
2416	FUN_1800a2774	1800a2774	692	OK	4315147
2417	FUN_1800a2a28	1800a2a28	1909	OK	4324956
2418	FUN_1800a33b8	1800a33b8	515	OK	4328275
2419	FUN_1800a35bc	1800a35bc	556	OK	4331755
2420	FUN_1800a37e8	1800a37e8	515	OK	4335074
2421	FUN_1800a39ec	1800a39ec	515	OK	4338393
2422	FUN_1800a3bf0	1800a3bf0	556	OK	4341873
2423	FUN_1800a3e1c	1800a3e1c	515	OK	4345192
2424	FUN_1800a4020	1800a4020	521	OK	4348515
2425	FUN_1800a422c	1800a422c	562	OK	4351950
2426	FUN_1800a4460	1800a4460	521	OK	4355273
2427	FUN_1800a466c	1800a466c	521	OK	4358596
2428	FUN_1800a4878	1800a4878	562	OK	4362031
2429	FUN_1800a4aac	1800a4aac	521	OK	4365354
2430	FUN_1800a4cb8	1800a4cb8	515	OK	4368702
2431	FUN_1800a4ebc	1800a4ebc	556	OK	4372211
2432	FUN_1800a50e8	1800a50e8	515	OK	4375559
2433	FUN_1800a52ec	1800a52ec	515	OK	4378907
2434	FUN_1800a54f0	1800a54f0	556	OK	4382416
2435	FUN_1800a571c	1800a571c	515	OK	4385764
2436	FUN_1800a5920	1800a5920	521	OK	4389116
2437	FUN_1800a5b2c	1800a5b2c	562	OK	4392580
2438	FUN_1800a5d60	1800a5d60	521	OK	4395932
2439	FUN_1800a5f6c	1800a5f6c	521	OK	4399284
2440	FUN_1800a6178	1800a6178	562	OK	4402748
2441	FUN_1800a63ac	1800a63ac	521	OK	4406100
2442	FUN_1800a65b8	1800a65b8	515	OK	4409448
2443	FUN_1800a67bc	1800a67bc	556	OK	4412957
2444	FUN_1800a69e8	1800a69e8	515	OK	4416305
2445	FUN_1800a6bec	1800a6bec	515	OK	4419653
2446	FUN_1800a6df0	1800a6df0	556	OK	4423162
2447	FUN_1800a701c	1800a701c	515	OK	4426510
2448	FUN_1800a7220	1800a7220	521	OK	4429862
2449	FUN_1800a742c	1800a742c	562	OK	4433326
2450	FUN_1800a7660	1800a7660	521	OK	4436678
2451	FUN_1800a786c	1800a786c	521	OK	4440030
2452	FUN_1800a7a78	1800a7a78	562	OK	4443494
2453	FUN_1800a7cac	1800a7cac	521	OK	4446846
2454	FUN_1800a7eb8	1800a7eb8	109	OK	4447764
2455	FUN_1800a7f28	1800a7f28	109	OK	4448682
2456	FUN_1800a7f98	1800a7f98	109	OK	4449600
2457	FUN_1800a8008	1800a8008	109	OK	4450518
2458	FUN_1800a8078	1800a8078	109	OK	4451436
2459	FUN_1800a80e8	1800a80e8	109	OK	4452354
2460	FUN_1800a8158	1800a8158	132	OK	4453293
2461	FUN_1800a81dc	1800a81dc	132	OK	4454232
2462	FUN_1800a8260	1800a8260	132	OK	4455171
2463	FUN_1800a82e4	1800a82e4	132	OK	4456110
2464	FUN_1800a8368	1800a8368	132	OK	4457049
2465	FUN_1800a83ec	1800a83ec	132	OK	4457988
2466	FUN_1800a8470	1800a8470	170	OK	4459087
2467	FUN_1800a851c	1800a851c	170	OK	4460186
2468	FUN_1800a85c8	1800a85c8	170	OK	4461285
2469	FUN_1800a8674	1800a8674	170	OK	4462384
2470	FUN_1800a8720	1800a8720	170	OK	4463483
2471	FUN_1800a87cc	1800a87cc	170	OK	4464582
2472	FUN_1800a8878	1800a8878	189	OK	4465742
2473	FUN_1800a8938	1800a8938	189	OK	4466902
2474	FUN_1800a89f8	1800a89f8	189	OK	4468062
2475	FUN_1800a8ab8	1800a8ab8	189	OK	4469222
2476	FUN_1800a8b78	1800a8b78	189	OK	4470382
2477	FUN_1800a8c38	1800a8c38	189	OK	4471542
2478	FUN_1800a8cf8	1800a8cf8	132	OK	4472611
2479	FUN_1800a8d7c	1800a8d7c	132	OK	4473680
2480	FUN_1800a8e00	1800a8e00	132	OK	4474749
2481	FUN_1800a8e84	1800a8e84	132	OK	4475818
2482	FUN_1800a8f08	1800a8f08	132	OK	4476887
2483	FUN_1800a8f8c	1800a8f8c	132	OK	4477956
2484	FUN_1800a9010	1800a9010	160	OK	4479077
2485	FUN_1800a90b0	1800a90b0	160	OK	4480198
2486	FUN_1800a9150	1800a9150	160	OK	4481319
2487	FUN_1800a91f0	1800a91f0	160	OK	4482440
2488	FUN_1800a9290	1800a9290	160	OK	4483561
2489	FUN_1800a9330	1800a9330	160	OK	4484682
2490	FUN_1800a93d0	1800a93d0	109	OK	4485605
2491	FUN_1800a9440	1800a9440	109	OK	4486528
2492	FUN_1800a94b0	1800a94b0	109	OK	4487451
2493	FUN_1800a9520	1800a9520	109	OK	4488374
2494	FUN_1800a9590	1800a9590	109	OK	4489297
2495	FUN_1800a9600	1800a9600	109	OK	4490220
2496	FUN_1800a9670	1800a9670	134	OK	4491164
2497	FUN_1800a96f8	1800a96f8	134	OK	4492108
2498	FUN_1800a9780	1800a9780	134	OK	4493052
2499	FUN_1800a9808	1800a9808	134	OK	4493996
2500	FUN_1800a9890	1800a9890	134	OK	4494940
2501	FUN_1800a9918	1800a9918	134	OK	4495884
2502	FUN_1800a99a0	1800a99a0	176	OK	4496958
2503	FUN_1800a9a50	1800a9a50	176	OK	4498032
2504	FUN_1800a9b00	1800a9b00	176	OK	4499106
2505	FUN_1800a9bb0	1800a9bb0	176	OK	4500180
2506	FUN_1800a9c60	1800a9c60	176	OK	4501254
2507	FUN_1800a9d10	1800a9d10	176	OK	4502328
2508	FUN_1800a9dc0	1800a9dc0	195	OK	4503463
2509	FUN_1800a9e84	1800a9e84	195	OK	4504598
2510	FUN_1800a9f48	1800a9f48	195	OK	4505733
2511	FUN_1800aa00c	1800aa00c	195	OK	4506868
2512	FUN_1800aa0d0	1800aa0d0	195	OK	4508003
2513	FUN_1800aa194	1800aa194	195	OK	4509138
2514	FUN_1800aa258	1800aa258	132	OK	4510212
2515	FUN_1800aa2dc	1800aa2dc	132	OK	4511286
2516	FUN_1800aa360	1800aa360	132	OK	4512360
2517	FUN_1800aa3e4	1800aa3e4	132	OK	4513434
2518	FUN_1800aa468	1800aa468	132	OK	4514508
2519	FUN_1800aa4ec	1800aa4ec	132	OK	4515582
2520	FUN_1800aa570	1800aa570	160	OK	4516708
2521	FUN_1800aa610	1800aa610	160	OK	4517834
2522	FUN_1800aa6b0	1800aa6b0	160	OK	4518960
2523	FUN_1800aa750	1800aa750	160	OK	4520086
2524	FUN_1800aa7f0	1800aa7f0	160	OK	4521212
2525	FUN_1800aa890	1800aa890	160	OK	4522338
2526	FUN_1800aa930	1800aa930	145	OK	4523018
2527	FUN_1800aa9c4	1800aa9c4	151	OK	4523704
2528	write_multiple_characters<__crt_stdio_output::string_output_adapter<char>,char>	1800aaa5c	117	OK	4525160
2529	write_multiple_characters<__crt_stdio_output::string_output_adapter<wchar_t>,char>	1800aaad4	118	OK	4526610
2530	FUN_1800ab4b0	1800ab4b0	35	OK	4526836
2531	FUN_1800ab4d4	1800ab4d4	35	OK	4527062
2532	FUN_1800ab4f8	1800ab4f8	35	OK	4527288
2533	FUN_1800ab51c	1800ab51c	35	OK	4527514
2534	FUN_1800ab540	1800ab540	35	OK	4527740
2535	FUN_1800ab564	1800ab564	35	OK	4527966
2536	FUN_1800ab588	1800ab588	35	OK	4528192
2537	FUN_1800ab5ac	1800ab5ac	35	OK	4528418
2538	FUN_1800ab5d0	1800ab5d0	35	OK	4528644
2539	FUN_1800ab5f4	1800ab5f4	35	OK	4528870
2540	FUN_1800ab618	1800ab618	35	OK	4529096
2541	FUN_1800ab63c	1800ab63c	35	OK	4529322
2542	FUN_1800ab660	1800ab660	35	OK	4529548
2543	FUN_1800ab684	1800ab684	35	OK	4529774
2544	FUN_1800ab6a8	1800ab6a8	35	OK	4530000
2545	FUN_1800ab6cc	1800ab6cc	35	OK	4530226
2546	FUN_1800ab6f0	1800ab6f0	35	OK	4530452
2547	FUN_1800ab714	1800ab714	35	OK	4530678
2548	FUN_1800ab738	1800ab738	35	OK	4530904
2549	FUN_1800ab75c	1800ab75c	35	OK	4531130
2550	FUN_1800ab780	1800ab780	35	OK	4531356
2551	FUN_1800ab7a4	1800ab7a4	35	OK	4531582
2552	FUN_1800ab7c8	1800ab7c8	35	OK	4531808
2553	FUN_1800ab7ec	1800ab7ec	35	OK	4532034
2554	FUN_1800ab810	1800ab810	35	OK	4532260
2555	FUN_1800ab834	1800ab834	35	OK	4532486
2556	FUN_1800ab858	1800ab858	35	OK	4532712
2557	FUN_1800ab87c	1800ab87c	35	OK	4532938
2558	FUN_1800ab8a0	1800ab8a0	35	OK	4533164
2559	FUN_1800ab8c4	1800ab8c4	35	OK	4533390
2560	FUN_1800ab8e8	1800ab8e8	35	OK	4533616
2561	FUN_1800ab920	1800ab920	52	OK	4533884
2562	FUN_1800ab95c	1800ab95c	284	OK	4535315
2563	FUN_1800aba80	1800aba80	284	OK	4536748
2564	FUN_1800abbac	1800abbac	315	OK	4538375
2565	FUN_1800abce8	1800abce8	284	OK	4539808
2566	FUN_1800abe24	1800abe24	310	OK	4541396
2567	FUN_1800abf84	1800abf84	284	OK	4542827
2568	FUN_1800ac2f4	1800ac2f4	106	OK	4543756
2569	FUN_1800ac6b0	1800ac6b0	40	OK	4544004
2570	FUN_1800ac838	1800ac838	564	OK	4547048
2571	FUN_1800aca6c	1800aca6c	564	OK	4550092
2572	FUN_1800acca0	1800acca0	513	OK	4553088
2573	FUN_1800acea4	1800acea4	513	OK	4556084
2574	FUN_1800ad304	1800ad304	141	OK	4556995
2575	FUN_1800ad394	1800ad394	141	OK	4557906
2576	FUN_1800ad424	1800ad424	141	OK	4558817
2577	FUN_1800ad4b4	1800ad4b4	141	OK	4559728
2578	FUN_1800ad544	1800ad544	141	OK	4560639
2579	FUN_1800ad5d4	1800ad5d4	141	OK	4561550
2580	FUN_1800ad664	1800ad664	142	OK	4562461
2581	FUN_1800ad6f4	1800ad6f4	142	OK	4563372
2582	FUN_1800ad784	1800ad784	142	OK	4564283
2583	FUN_1800ad814	1800ad814	142	OK	4565194
2584	FUN_1800ad8a4	1800ad8a4	142	OK	4566105
2585	FUN_1800ad934	1800ad934	142	OK	4567016
2586	FUN_1800ad9c4	1800ad9c4	917	OK	4573867
2587	FUN_1800add5c	1800add5c	1074	OK	4582305
2588	FUN_1800ae190	1800ae190	918	OK	4589594
2589	FUN_1800ae528	1800ae528	891	OK	4596680
2590	FUN_1800ae8a4	1800ae8a4	1047	OK	4605019
2591	FUN_1800aecbc	1800aecbc	896	OK	4612230
2592	FUN_1800af03c	1800af03c	724	OK	4617606
2593	FUN_1800af310	1800af310	878	OK	4624144
2594	FUN_1800af680	1800af680	719	OK	4629641
2595	FUN_1800af950	1800af950	718	OK	4635208
2596	FUN_1800afc20	1800afc20	873	OK	4642011
2597	FUN_1800aff8c	1800aff8c	726	OK	4647696
2598	FUN_1800b07a4	1800b07a4	339	OK	4649768
2599	FUN_1800b08f8	1800b08f8	382	OK	4652100
2600	FUN_1800b0a78	1800b0a78	339	OK	4654172
2601	FUN_1800b0bcc	1800b0bcc	331	OK	4656623
2602	FUN_1800b0d18	1800b0d18	374	OK	4659307
2603	FUN_1800b0e90	1800b0e90	331	OK	4661758
2604	FUN_1800b0fdc	1800b0fdc	93	OK	4662577
2605	FUN_1800b103c	1800b103c	129	OK	4663633
2606	FUN_1800b10c0	1800b10c0	93	OK	4664452
2607	FUN_1800b1240	1800b1240	297	OK	4666298
2608	FUN_1800b136c	1800b136c	297	OK	4668144
2609	FUN_1800b1498	1800b1498	297	OK	4669990
2610	FUN_1800b15c4	1800b15c4	289	OK	4672215
2611	FUN_1800b16e8	1800b16e8	289	OK	4674440
2612	FUN_1800b180c	1800b180c	289	OK	4676665
2613	FUN_1800b1930	1800b1930	93	OK	4677484
2614	FUN_1800b1990	1800b1990	93	OK	4678303
2615	FUN_1800b19f0	1800b19f0	93	OK	4679122
2616	FUN_1800b1b4c	1800b1b4c	221	OK	4680674
2617	FUN_1800b1c2c	1800b1c2c	221	OK	4682226
2618	FUN_1800b1d0c	1800b1d0c	221	OK	4683778
2619	FUN_1800b1dec	1800b1dec	219	OK	4685492
2620	FUN_1800b1ec8	1800b1ec8	219	OK	4687206
2621	FUN_1800b1fa4	1800b1fa4	219	OK	4688920
2622	state_case_precision	1800b2200	74	OK	4690581
2623	state_case_precision	1800b22ac	74	OK	4692242
2624	state_case_precision	1800b235c	75	OK	4693950
2625	state_case_precision	1800b2410	75	OK	4695658
2626	FUN_1800b2490	1800b2490	391	OK	4698776
2627	FUN_1800b2618	1800b2618	391	OK	4701894
2628	FUN_1800b27a0	1800b27a0	391	OK	4705012
2629	FUN_1800b2928	1800b2928	391	OK	4708130
2630	FUN_1800b2ab0	1800b2ab0	391	OK	4711248
2631	FUN_1800b2c38	1800b2c38	391	OK	4714366
2632	FUN_1800b2dc0	1800b2dc0	429	OK	4717436
2633	FUN_1800b2f70	1800b2f70	429	OK	4720506
2634	FUN_1800b3120	1800b3120	429	OK	4723576
2635	FUN_1800b32d0	1800b32d0	429	OK	4726633
2636	FUN_1800b3480	1800b3480	429	OK	4729703
2637	FUN_1800b3630	1800b3630	429	OK	4732760
2638	FUN_1800b37e0	1800b37e0	1108	OK	4740341
2639	FUN_1800b3c34	1800b3c34	1130	OK	4748008
2640	FUN_1800b40a0	1800b40a0	1108	OK	4755589
2641	FUN_1800b44f4	1800b44f4	1028	OK	4763735
2642	FUN_1800b48f8	1800b48f8	1050	OK	4771967
2643	FUN_1800b4d14	1800b4d14	1028	OK	4780113
2644	FUN_1800b5118	1800b5118	1222	OK	4788021
2645	FUN_1800b55e0	1800b55e0	1244	OK	4795971
2646	FUN_1800b5abc	1800b5abc	1222	OK	4803879
2647	FUN_1800b5f84	1800b5f84	1149	OK	4812348
2648	FUN_1800b6404	1800b6404	1171	OK	4820856
2649	FUN_1800b6898	1800b6898	1149	OK	4829325
2650	state_case_width	1800b6d4c	80	OK	4831090
2651	state_case_width	1800b6e04	80	OK	4832855
2652	state_case_width	1800b6ebc	81	OK	4834710
2653	state_case_width	1800b6f78	81	OK	4836565
2654	FUN_1800b7148	1800b7148	124	OK	4837775
2655	FUN_1800b71c4	1800b71c4	167	OK	4839284
2656	FUN_1800b726c	1800b726c	124	OK	4840494
2657	FUN_1800b72e8	1800b72e8	124	OK	4841704
2658	FUN_1800b7364	1800b7364	167	OK	4843213
2659	FUN_1800b740c	1800b740c	124	OK	4844423
2660	FUN_1800b7488	1800b7488	125	OK	4845503
2661	type_case_Z	1800b7508	150	OK	4847848
2662	FUN_1800b75a0	1800b75a0	125	OK	4848928
2663	FUN_1800b7620	1800b7620	125	OK	4850008
2664	type_case_Z	1800b76a0	150	OK	4852353
2665	FUN_1800b7738	1800b7738	125	OK	4853433
2666	FUN_1800b77b8	1800b77b8	593	OK	4857600
2667	FUN_1800b7a0c	1800b7a0c	635	OK	4862071
2668	FUN_1800b7c88	1800b7c88	593	OK	4866238
2669	FUN_1800b7edc	1800b7edc	593	OK	4870405
2670	FUN_1800b8130	1800b8130	635	OK	4874876
2671	FUN_1800b83ac	1800b83ac	593	OK	4879043
2672	FUN_1800b8600	1800b8600	615	OK	4883088
2673	FUN_1800b8868	1800b8868	657	OK	4887544
2674	FUN_1800b8afc	1800b8afc	615	OK	4891589
2675	FUN_1800b8d64	1800b8d64	615	OK	4895634
2676	FUN_1800b8fcc	1800b8fcc	657	OK	4900090
2677	FUN_1800b9260	1800b9260	615	OK	4904135
2678	FUN_1800b9528	1800b9528	210	OK	4905948
2679	FUN_1800b95fc	1800b95fc	282	OK	4907753
2680	FUN_1800b9718	1800b9718	210	OK	4909566
2681	FUN_1800b97ec	1800b97ec	210	OK	4911379
2682	FUN_1800b98c0	1800b98c0	282	OK	4913184
2683	FUN_1800b99dc	1800b99dc	210	OK	4914997
2684	FUN_1800b9ab0	1800b9ab0	196	OK	4916700
2685	FUN_1800b9b74	1800b9b74	246	OK	4918451
2686	FUN_1800b9c6c	1800b9c6c	196	OK	4920154
2687	FUN_1800b9d30	1800b9d30	196	OK	4921857
2688	FUN_1800b9df4	1800b9df4	246	OK	4923608
2689	FUN_1800b9eec	1800b9eec	196	OK	4925311
2690	FUN_1800ba040	1800ba040	182	OK	4927160
2691	FUN_1800ba0f8	1800ba0f8	225	OK	4929018
2692	FUN_1800ba1dc	1800ba1dc	182	OK	4930867
2693	FUN_1800ba294	1800ba294	182	OK	4932716
2694	FUN_1800ba34c	1800ba34c	225	OK	4934574
2695	FUN_1800ba430	1800ba430	182	OK	4936423
2696	FUN_1800ba4e8	1800ba4e8	182	OK	4938272
2697	FUN_1800ba5a0	1800ba5a0	225	OK	4940020
2698	FUN_1800ba684	1800ba684	182	OK	4941869
2699	FUN_1800ba73c	1800ba73c	182	OK	4943718
2700	FUN_1800ba7f4	1800ba7f4	225	OK	4945466
2701	FUN_1800ba8d8	1800ba8d8	182	OK	4947315
2702	FUN_1800bac00	1800bac00	153	OK	4948590
2703	FUN_1800bac9c	1800bac9c	187	OK	4950073
2704	FUN_1800bad58	1800bad58	153	OK	4951348
2705	FUN_1800badf4	1800badf4	153	OK	4952623
2706	FUN_1800bae90	1800bae90	187	OK	4954106
2707	FUN_1800baf4c	1800baf4c	153	OK	4955381
2708	FUN_1800bafe8	1800bafe8	156	OK	4956760
2709	FUN_1800bb084	1800bb084	180	OK	4958210
2710	FUN_1800bb138	1800bb138	156	OK	4959589
2711	FUN_1800bb1d4	1800bb1d4	156	OK	4960968
2712	FUN_1800bb270	1800bb270	180	OK	4962418
2713	FUN_1800bb324	1800bb324	156	OK	4963797
2714	FUN_1800bb408	1800bb408	115	OK	4964489
2715	FUN_1800bb47c	1800bb47c	115	OK	4965181
2716	FUN_1800bb4f0	1800bb4f0	115	OK	4965873
2717	FUN_1800bb564	1800bb564	115	OK	4966565
2718	FUN_1800bb5d8	1800bb5d8	115	OK	4967257
2719	FUN_1800bb64c	1800bb64c	115	OK	4967949
2720	FUN_1800bb780	1800bb780	42	OK	4968344
2721	FUN_1800bb7ac	1800bb7ac	45	OK	4968738
2722	FUN_1800bb83c	1800bb83c	367	OK	4971155
2723	FUN_1800bb9ac	1800bb9ac	367	OK	4973572
2724	FUN_1800bbb1c	1800bbb1c	370	OK	4976013
2725	FUN_1800bbc90	1800bbc90	370	OK	4978454
2726	FUN_1800bbe70	1800bbe70	118	OK	4978980
2727	FUN_1800bbee8	1800bbee8	367	OK	4981397
2728	FUN_1800bc058	1800bc058	367	OK	4983814
2729	FUN_1800bc1c8	1800bc1c8	370	OK	4986229
2730	FUN_1800bc33c	1800bc33c	370	OK	4988644
2731	FUN_1800bc500	1800bc500	37	OK	4988967
2732	FUN_1800bc528	1800bc528	37	OK	4989290
2733	FUN_1800bc550	1800bc550	62	OK	4989808
2734	FUN_1800bc590	1800bc590	58	OK	4990211
2735	FUN_1800bc5cc	1800bc5cc	58	OK	4990614
2736	FUN_1800bc608	1800bc608	58	OK	4991017
2737	FUN_1800bc644	1800bc644	98	OK	4991920
2738	FUN_1800bc6a8	1800bc6a8	98	OK	4992823
2739	FUN_1800bc70c	1800bc70c	99	OK	4993725
2740	FUN_1800bc770	1800bc770	99	OK	4994627
2741	FUN_1800bc7d4	1800bc7d4	323	OK	4996960
2742	FUN_1800bc918	1800bc918	323	OK	4999293
2743	FUN_1800bca5c	1800bca5c	336	OK	5001585
2744	FUN_1800bcbac	1800bcbac	336	OK	5003877
2745	FUN_1800bcd0c	1800bcd0c	71	OK	5004538
2746	FUN_1800bcd54	1800bcd54	71	OK	5005199
2747	FUN_1800bcd9c	1800bcd9c	71	OK	5005860
2748	FUN_1800bcde4	1800bcde4	71	OK	5006521
2749	FUN_1800bce2c	1800bce2c	183	OK	5007951
2750	FUN_1800bcee4	1800bcee4	183	OK	5009381
2751	FUN_1800bcf9c	1800bcf9c	183	OK	5010811
2752	FUN_1800bd054	1800bd054	183	OK	5012241
2753	FUN_1800bd11c	1800bd11c	226	OK	5013854
2754	FUN_1800bd200	1800bd200	226	OK	5015467
2755	FUN_1800bd2e4	1800bd2e4	228	OK	5017129
2756	FUN_1800bd3c8	1800bd3c8	228	OK	5018791
2757	validate_stream_is_ansi_if_required	1800bd4bc	155	OK	5020105
2758	FUN_1800bd75c	1800bd75c	76	OK	5020552
2759	FUN_1800bd7a8	1800bd7a8	79	OK	5020999
2760	FUN_1800bd888	1800bd888	62	OK	5021416
2761	FUN_1800bd8c8	1800bd8c8	65	OK	5021964
2762	FUN_1800bd90c	1800bd90c	307	OK	5023913
2763	FUN_1800bda40	1800bda40	307	OK	5025862
2764	FUN_1800bdb74	1800bdb74	307	OK	5027811
2765	FUN_1800bdca8	1800bdca8	230	OK	5029581
2766	FUN_1800bdd90	1800bdd90	230	OK	5031351
2767	FUN_1800bde78	1800bde78	230	OK	5033121
2768	FUN_1800bdf60	1800bdf60	308	OK	5035293
2769	FUN_1800be094	1800be094	308	OK	5037465
2770	FUN_1800be1c8	1800be1c8	308	OK	5039637
2771	FUN_1800be2fc	1800be2fc	273	OK	5041785
2772	FUN_1800be410	1800be410	273	OK	5043933
2773	FUN_1800be524	1800be524	273	OK	5046081
2774	write_string	1800be688	163	OK	5047684
2775	write_string	1800be72c	165	OK	5049313
2776	FUN_1800be7d4	1800be7d4	205	OK	5050469
2777	FUN_1800be8a4	1800be8a4	222	OK	5051649
2778	FUN_1800bea04	1800bea04	292	OK	5053957
2779	FUN_1800beb28	1800beb28	292	OK	5056265
2780	FUN_1800bec4c	1800bec4c	292	OK	5058573
2781	FUN_1800bed70	1800bed70	292	OK	5060881
2782	FUN_1800bee94	1800bee94	292	OK	5063189
2783	FUN_1800befb8	1800befb8	292	OK	5065497
2784	FUN_1800bf0dc	1800bf0dc	471	OK	5068825
2785	FUN_1800bf2b4	1800bf2b4	473	OK	5072153
2786	FUN_1800bf490	1800bf490	593	OK	5076333
2787	FUN_1800bf6e4	1800bf6e4	182	OK	5077947
2788	FUN_1800bf79c	1800bf79c	273	OK	5079997
2789	FUN_1800bf8b0	1800bf8b0	601	OK	5084220
2790	FUN_1800bfb0c	1800bfb0c	182	OK	5085834
2791	FUN_1800bfbc4	1800bfbc4	273	OK	5087884
2792	localeconv	1800bfd14	51	OK	5088330
2793	FUN_1800bfd48	1800bfd48	159	OK	5089496
2794	FUN_1800bfde0	1800bfde0	784	OK	5092148
2795	FUN_1800c00f0	1800c00f0	768	OK	5094811
2796	FUN_1800c0458	1800c0458	8	OK	5094978
2797	FUN_1800c0460	1800c0460	52	OK	5095335
2798	FUN_1800c0494	1800c0494	55	OK	5095659
2799	_set_new_handler	1800c04cc	89	OK	5096288
2800	FUN_1800c053c	1800c053c	34	OK	5096603
2801	set_terminate	1800c0560	44	OK	5097134
2802	terminate	1800c058c	31	OK	5097596
2803	_seh_filter_dll	1800c05cc	19	OK	5098016
2804	FUN_1800c05e0	1800c05e0	365	OK	5100776
2805	operator()<>	1800c0758	56	OK	5102047
2806	FUN_1800c0790	1800c0790	47	OK	5102396
2807	FUN_1800c0828	1800c0828	33	OK	5102639
2808	FUN_1800c0854	1800c0854	187	OK	5103491
2809	FUN_1800c0934	1800c0934	33	OK	5103734
2810	FUN_1800c0958	1800c0958	20	OK	5103932
2811	FUN_1800c096c	1800c096c	197	OK	5105161
2812	FUN_1800c0a34	1800c0a34	49	OK	5105556
2813	FUN_1800c0a74	1800c0a74	81	OK	5106179
2814	FUN_1800c0ac8	1800c0ac8	33	OK	5106538
2815	FUN_1800c0aec	1800c0aec	101	OK	5107090
2816	FUN_1800c0b60	1800c0b60	8	OK	5107257
2817	FUN_1800c0b78	1800c0b78	13	OK	5107408
2818	FUN_1800c0b88	1800c0b88	12	OK	5107573
2819	FUN_1800c0b94	1800c0b94	8	OK	5107719
2820	FUN_1800c0b9c	1800c0b9c	61	OK	5108137
2821	FUN_1800c0c04	1800c0c04	378	OK	5110481
2822	FUN_1800c0d80	1800c0d80	374	OK	5112813
2823	FUN_1800c0f14	1800c0f14	453	OK	5115861
2824	FUN_1800c10dc	1800c10dc	418	OK	5118228
2825	FUN_1800c12b8	1800c12b8	27	OK	5118421
2826	FUN_1800c12d4	1800c12d4	27	OK	5118614
2827	FUN_1800c138c	1800c138c	27	OK	5118807
2828	FUN_1800c13a8	1800c13a8	27	OK	5119000
2829	FUN_1800c13c4	1800c13c4	22	OK	5119201
2830	__acrt_allocate_buffer_for_argv	1800c13e0	93	OK	5119943
2831	_configure_narrow_argv	1800c1440	390	OK	5122609
2832	_configure_wide_argv	1800c15c8	386	OK	5125255
2833	FUN_1800c1764	1800c1764	78	OK	5125755
2834	FUN_1800c17b4	1800c17b4	78	OK	5126255
2835	FUN_1800c1804	1800c1804	59	OK	5126691
2836	FUN_1800c1840	1800c1840	59	OK	5127127
2837	FUN_1800c187c	1800c187c	115	OK	5127944
2838	FUN_1800c18f0	1800c18f0	110	OK	5128769
2839	FUN_1800c19d0	1800c19d0	270	OK	5130434
2840	FUN_1800c1ae0	1800c1ae0	282	OK	5132117
2841	free_environment<>	1800c1bfc	65	OK	5132878
2842	free_environment<>	1800c1c40	65	OK	5133639
2843	FUN_1800c1c94	1800c1c94	222	OK	5134600
2844	FUN_1800c1d74	1800c1d74	186	OK	5135519
2845	FUN_1800c1e90	1800c1e90	77	OK	5135838
2846	FUN_1800c1ee0	1800c1ee0	77	OK	5136157
2847	uninitialize_environment_internal<>	1800c1f30	26	OK	5136800
2848	uninitialize_environment_internal<>	1800c1f4c	26	OK	5137443
2849	FUN_1800c1f70	1800c1f70	27	OK	5137636
2850	FUN_1800c1fa4	1800c1fa4	36	OK	5137883
2851	__crt_compute_required_transform_buffer_count	1800c1fc8	46	OK	5138513
2852	FUN_1800c1ff8	1800c1ff8	35	OK	5138789
2853	__crt_transform_string	1800c201c	46	OK	5139427
2854	FUN_1800c20cc	1800c20cc	27	OK	5139620
2855	__dcrt_get_or_create_narrow_environment_nolock	1800c20f0	59	OK	5140285
2856	__dcrt_get_or_create_wide_environment_nolock	1800c212c	59	OK	5140944
2857	FUN_1800c2168	1800c2168	67	OK	5141255
2858	FUN_1800c21bc	1800c21bc	78	OK	5141755
2859	FUN_1800c220c	1800c220c	78	OK	5142255
2860	thunk_FUN_1800c187c	1800c225c	5	OK	5143082
2861	FUN_1800c226c	1800c226c	48	OK	5143466
2862	operator()<<lambda_b8c45f8f788dd370798f47cfe8ac3a86>,<lambda_4e60a939b0d047cfe11ddc22648dfba9>&___ptr64,<lambda_332c3edc96d0294ec56c57d38c1cdfd5>_>	1800c22b8	59	OK	5144766
2863	operator()<>	1800c22f4	59	OK	5146959
2864	__acrt_lock_and_call<>	1800c2330	38	OK	5148125
2865	FUN_1800c2358	1800c2358	47	OK	5148474
2866	FUN_1800c2454	1800c2454	27	OK	5148667
2867	FUN_1800c2474	1800c2474	432	OK	5151448
2868	FUN_1800c2644	1800c2644	278	OK	5153540
2869	FUN_1800c2764	1800c2764	27	OK	5153733
2870	FUN_1800c2790	1800c2790	15	OK	5153927
2871	FUN_1800c27a0	1800c27a0	67	OK	5154409
2872	_initialize_onexit_table	1800c27e4	39	OK	5154943
2873	_register_onexit_function	1800c280c	72	OK	5155991
2874	FUN_1800c2860	1800c2860	17	OK	5156174
2875	FUN_1800c2880	1800c2880	35	OK	5156492
2876	FUN_1800c28b0	1800c28b0	3	OK	5156626
2877	FUN_1800c28c0	1800c28c0	3	OK	5156760
2878	FUN_1800c28d0	1800c28d0	16	OK	5156914
2879	FUN_1800c28e0	1800c28e0	3	OK	5157048
2880	FUN_1800c28f0	1800c28f0	3	OK	5157182
2881	FUN_1800c2900	1800c2900	61	OK	5157493
2882	FUN_1800c2940	1800c2940	7	OK	5157648
2883	FUN_1800c2950	1800c2950	64	OK	5158120
2884	FUN_1800c2990	1800c2990	91	OK	5158507
2885	FUN_1800c29f0	1800c29f0	3	OK	5158641
2886	FUN_1800c2a1c	1800c2a1c	90	OK	5159169
2887	FUN_1800c2a78	1800c2a78	62	OK	5159595
2888	FUN_1800c2ad4	1800c2ad4	19	OK	5159802
2889	FUN_1800c2ae8	1800c2ae8	20	OK	5160010
2890	__acrt_thread_detach	1800c2afc	16	OK	5160344
2891	__acrt_uninitialize	1800c2b0c	53	OK	5160954
2892	FUN_1800c2b44	1800c2b44	16	OK	5161184
2893	FUN_1800c2b54	1800c2b54	55	OK	5161491
2894	_initterm_e	1800c2b8c	61	OK	5162031
2895	__acrt_initialize_locks	1800c2bd0	72	OK	5162812
2896	__acrt_lock	1800c2c18	25	OK	5163373
2897	__acrt_uninitialize_locks	1800c2c40	55	OK	5164068
2898	__acrt_unlock	1800c2c78	25	OK	5164587
2899	_lock_locales	1800c2c94	27	OK	5165107
2900	FUN_1800c2cb0	1800c2cb0	14	OK	5165460
2901	operator()<>	1800c2cc0	61	OK	5166809
2902	FUN_1800c2d00	1800c2d00	38	OK	5167158
2903	FUN_1800c2d44	1800c2d44	669	OK	5170653
2904	FUN_1800c3004	1800c3004	60	OK	5171119
2905	FUN_1800c3044	1800c3044	212	OK	5172135
2906	setlocale	1800c311c	76	OK	5172835
2907	__pctype_func	1800c3168	47	OK	5173300
2908	FUN_1800c31a0	1800c31a0	193	OK	5174072
2909	FUN_1800c3270	1800c3270	267	OK	5175219
2910	__iscsym	1800c33b0	127	OK	5175988
2911	__iscsymf	1800c3430	171	OK	5176941
2912	_isalnum_l	1800c34f0	249	OK	5178148
2913	_isalpha_l	1800c35f0	249	OK	5179355
2914	_isblank_l	1800c36f0	242	OK	5180565
2915	_iscntrl_l	1800c37f0	242	OK	5181767
2916	_iscsym_l	1800c38f0	211	OK	5183159
2917	_iscsymf_l	1800c39d0	211	OK	5184554
2918	_isdigit_l	1800c3ab0	242	OK	5185741
2919	_isgraph_l	1800c3bb0	249	OK	5186948
2920	_islower_l	1800c3cb0	242	OK	5188135
2921	_isprint_l	1800c3db0	249	OK	5189342
2922	_ispunct_l	1800c3eb0	242	OK	5190544
2923	_isspace_l	1800c3fb0	242	OK	5191731
2924	_isupper_l	1800c40b0	242	OK	5192918
2925	_isxdigit_l	1800c41b0	249	OK	5194123
2926	isalnum	1800c42b0	171	OK	5194931
2927	isalpha	1800c4360	171	OK	5195739
2928	isblank	1800c4410	181	OK	5196614
2929	iscntrl	1800c44d0	166	OK	5197419
2930	isdigit	1800c4580	166	OK	5198215
2931	isgraph	1800c4630	171	OK	5199023
2932	islower	1800c46e0	166	OK	5199819
2933	isprint	1800c4790	171	OK	5200627
2934	ispunct	1800c4840	166	OK	5201432
2935	isspace	1800c48f0	166	OK	5202228
2936	isupper	1800c49a0	166	OK	5203024
2937	isxdigit	1800c4a50	171	OK	5203832
2938	FUN_1800c4b1c	1800c4b1c	27	OK	5204025
2939	FUN_1800c4b38	1800c4b38	27	OK	5204218
2940	FUN_1800c4b64	1800c4b64	27	OK	5204411
2941	FUN_1800c4b80	1800c4b80	27	OK	5204604
2942	___lc_codepage_func	1800c4b9c	47	OK	5205071
2943	___lc_collate_cp_func	1800c4bcc	47	OK	5205603
2944	___lc_locale_name_func	1800c4bfc	50	OK	5206090
2945	___mb_cur_max_func	1800c4c30	47	OK	5206550
2946	FUN_1800c4c70	1800c4c70	1662	OK	5217161
2947	FUN_1800c52f0	1800c52f0	129	OK	5217918
2948	FUN_1800c5374	1800c5374	83	OK	5218544
2949	FUN_1800c53c8	1800c53c8	83	OK	5219179
2950	common_fsopen<char>	1800c541c	185	OK	5220339
2951	common_fsopen<wchar_t>	1800c54d8	201	OK	5221536
2952	common_fsopen<char>	1800c55d4	5	OK	5222464
2953	_wfopen_s	1800c55e8	88	OK	5223176
2954	common_fsopen<wchar_t>	1800c5640	5	OK	5224132
2955	fopen_s	1800c5654	88	OK	5224829
2956	_realloc_base	1800c56ac	5	OK	5225708
2957	FUN_1800c57b4	1800c57b4	161	OK	5226788
2958	FUN_1800c5858	1800c5858	161	OK	5227862
2959	common_strtod_l<>	1800c58fc	165	OK	5229395
2960	common_strtod_l<>	1800c59a4	165	OK	5230922
2961	FUN_1800c5a4c	1800c5a4c	29	OK	5231200
2962	FUN_1800c5a6c	1800c5a6c	29	OK	5231478
2963	convert_hexadecimal_string_to_floating_type<float>	1800c5a8c	29	OK	5232275
2964	convert_hexadecimal_string_to_floating_type<double>	1800c5aac	29	OK	5233078
2965	FUN_1800c5acc	1800c5acc	177	OK	5234222
2966	FUN_1800c5b80	1800c5b80	177	OK	5235369
2967	FUN_1800c5c34	1800c5c34	177	OK	5236514
2968	FUN_1800c5ce8	1800c5ce8	177	OK	5237662
2969	FUN_1800c5d9c	1800c5d9c	1212	OK	5245685
2970	FUN_1800c6258	1800c6258	3530	OK	5266298
2971	FUN_1800c7024	1800c7024	323	OK	5268220
2972	FUN_1800c7168	1800c7168	362	OK	5270272
2973	FUN_1800c72d4	1800c72d4	492	OK	5273274
2974	FUN_1800c74c0	1800c74c0	554	OK	5276349
2975	FUN_1800c76ec	1800c76ec	69	OK	5277053
2976	FUN_1800c7734	1800c7734	76	OK	5277786
2977	FUN_1800c7780	1800c7780	69	OK	5278490
2978	FUN_1800c77c8	1800c77c8	76	OK	5279224
2979	parse_floating_point_write_result<float>	1800c7814	367	OK	5281685
2980	parse_floating_point_write_result<double>	1800c7984	478	OK	5284442
2981	FUN_1800c7b64	1800c7b64	78	OK	5285143
2982	parse_next_characters_from_source<wchar_t,__crt_strtox::c_string_character_source<wchar_t>_>	1800c7bb4	81	OK	5286444
2983	_LocaleUpdate	1800c7c68	155	OK	5288256
2984	FUN_1800c7d10	1800c7d10	47	OK	5288507
2985	FUN_1800c7d80	1800c7d80	47	OK	5288758
2986	FUN_1800c7de0	1800c7de0	94	OK	5289389
2987	FUN_1800c7e40	1800c7e40	79	OK	5290019
2988	FUN_1800c7e90	1800c7e90	79	OK	5290649
2989	FUN_1800c7ee0	1800c7ee0	79	OK	5291279
2990	FUN_1800c7f30	1800c7f30	94	OK	5291910
2991	FUN_1800c7f90	1800c7f90	94	OK	5292541
2992	FUN_1800c7ff8	1800c7ff8	1460	OK	5302963
2993	FUN_1800c85b0	1800c85b0	141	OK	5304063
2994	FUN_1800c8680	1800c8680	56	OK	5304493
2995	FUN_1800c86bc	1800c86bc	56	OK	5304923
2996	FUN_1800c8728	1800c8728	940	OK	5309463
2997	FUN_1800c8ad4	1800c8ad4	351	OK	5311684
2998	FUN_1800c8cd8	1800c8cd8	7673	OK	5363215
2999	convert_hexadecimal_string_to_floating_type_common	1800caad4	172	OK	5364847
3000	FUN_1800cabc0	1800cabc0	1164	OK	5371081
3001	FUN_1800cb084	1800cb084	30	OK	5371312
3002	is_space	1800cb0a4	24	OK	5371718
3003	FUN_1800cb110	1800cb110	932	OK	5377675
3004	multiply	1800cb4c0	237	OK	5379038
3005	FUN_1800cb5c0	1800cb5c0	1360	OK	5387215
3006	multiply_core	1800cbb10	73	OK	5388088
3007	right_shift_with_rounding	1800cbb78	204	OK	5389403
3008	FUN_1800cbc50	1800cbc50	356	OK	5391522
3009	FUN_1800cbdb4	1800cbdb4	134	OK	5392120
3010	FUN_1800cbe40	1800cbe40	97	OK	5392638
3011	FUN_1800cbea4	1800cbea4	118	OK	5393271
3012	memcpy_s	1800cbf4c	135	OK	5394218
3013	FUN_1800cbfd4	1800cbfd4	8	OK	5394441
3014	FUN_1800cbfdc	1800cbfdc	8	OK	5394660
3015	FUN_1800cc010	1800cc010	5351	OK	5416033
3016	FUN_1800cd6b0	1800cd6b0	3443	OK	5435718
3017	abort	1800ce590	86	OK	5436578
3018	__strncnt	1800ce5e8	21	OK	5437053
3019	FUN_1800ce600	1800ce600	377	OK	5439381
3020	FUN_1800ce77c	1800ce77c	281	OK	5441087
3021	FUN_1800ce8fc	1800ce8fc	34	OK	5441362
3022	FUN_1800ce920	1800ce920	37	OK	5441613
3023	FUN_1800ce948	1800ce948	47	OK	5441888
3024	FUN_1800ce984	1800ce984	34	OK	5442163
3025	allocate	1800ce9a8	48	OK	5443000
3026	FUN_1800ce9d8	1800ce9d8	98	OK	5443670
3027	allocate	1800cea3c	36	OK	5444341
3028	FUN_1800cea60	1800cea60	23	OK	5444564
3029	FUN_1800ceac4	1800ceac4	58	OK	5444956
3030	FUN_1800ceb18	1800ceb18	7	OK	5445129
3031	FUN_1800ceb20	1800ceb20	322	OK	5447139
3032	FUN_1800cec64	1800cec64	7	OK	5447312
3033	FUN_1800cec6c	1800cec6c	341	OK	5449427
3034	thunk_FUN_1800d0ae0	1800cedc4	5	OK	5461958
3035	FUN_1800cedcc	1800cedcc	30	OK	5462273
3036	FUN_1800cedec	1800cedec	361	OK	5464384
3037	FUN_1800cef58	1800cef58	30	OK	5464699
3038	FUN_1800cef78	1800cef78	26	OK	5464985
3039	__crt_time_is_leap_year<>	1800cef94	90	OK	5465777
3040	FUN_1800cf02c	1800cf02c	96	OK	5466284
3041	FUN_1800cf08c	1800cf08c	246	OK	5467031
3042	FUN_1800cf184	1800cf184	38	OK	5467413
3043	FUN_1800cf1f0	1800cf1f0	3776	OK	5487366
3044	FUN_1800d00b0	1800d00b0	333	OK	5489224
3045	FUN_1800d0200	1800d0200	150	OK	5490109
3046	FUN_1800d02c0	1800d02c0	1288	OK	5500212
3047	FUN_1800d07c8	1800d07c8	394	OK	5502575
3048	FUN_1800d0954	1800d0954	394	OK	5504944
3049	FUN_1800d0ae0	1800d0ae0	1706	OK	5517458
3050	FUN_1800d118c	1800d118c	30	OK	5517770
3051	FUN_1800d11ac	1800d11ac	393	OK	5520149
3052	FUN_1800d1338	1800d1338	30	OK	5520461
3053	FUN_1800d1358	1800d1358	26	OK	5520744
3054	FUN_1800d1374	1800d1374	292	OK	5522613
3055	FUN_1800d1498	1800d1498	292	OK	5524482
3056	FUN_1800d15bc	1800d15bc	213	OK	5525652
3057	FUN_1800d16c0	1800d16c0	307	OK	5527476
3058	FUN_1800d180c	1800d180c	307	OK	5529300
3059	tolower	1800d1940	42	OK	5529707
3060	toupper	1800d196c	42	OK	5530114
3061	FUN_1800d1c58	1800d1c58	491	OK	5536373
3062	FUN_1800d206c	1800d206c	228	OK	5539929
3063	FUN_1800d21e8	1800d21e8	225	OK	5542298
3064	FUN_1800d2334	1800d2334	361	OK	5548155
3065	FUN_1800d25cc	1800d25cc	500	OK	5554362
3066	FUN_1800d27c0	1800d27c0	98	OK	5555201
3067	strcpy_s	1800d2824	95	OK	5556192
3068	FUN_1800d2884	1800d2884	53	OK	5556735
3069	FUN_1800d28e4	1800d28e4	749	OK	5561383
3070	FUN_1800d2bd4	1800d2bd4	1946	OK	5571074
3071	FUN_1800d3370	1800d3370	731	OK	5575585
3072	FUN_1800d364c	1800d364c	1921	OK	5585412
3073	FUN_1800d3dd0	1800d3dd0	188	OK	5587066
3074	FUN_1800d3e8c	1800d3e8c	188	OK	5588720
3075	FUN_1800d3f48	1800d3f48	190	OK	5590384
3076	FUN_1800d4008	1800d4008	190	OK	5592048
3077	FUN_1800d40e0	1800d40e0	178	OK	5593081
3078	FUN_1800d4194	1800d4194	188	OK	5594613
3079	FUN_1800d4250	1800d4250	186	OK	5596135
3080	FUN_1800d430c	1800d430c	186	OK	5597657
3081	FUN_1800d43c8	1800d43c8	188	OK	5599189
3082	FUN_1800d4484	1800d4484	176	OK	5600212
3083	FUN_1800d4534	1800d4534	178	OK	5601245
3084	FUN_1800d45e8	1800d45e8	188	OK	5602777
3085	FUN_1800d46a4	1800d46a4	186	OK	5604299
3086	FUN_1800d4760	1800d4760	176	OK	5605322
3087	FUN_1800d4810	1800d4810	186	OK	5606844
3088	FUN_1800d48cc	1800d48cc	178	OK	5607877
3089	FUN_1800d4980	1800d4980	188	OK	5609409
3090	FUN_1800d4a3c	1800d4a3c	176	OK	5610432
3091	FUN_1800d4aec	1800d4aec	176	OK	5611455
3092	FUN_1800d4b9c	1800d4b9c	178	OK	5612488
3093	wcsncmp	1800d4c50	44	OK	5612982
3094	FUN_1800d4c84	1800d4c84	60	OK	5613405
3095	_malloc_base	1800d4cc0	94	OK	5614205
3096	FUN_1800d4d20	1800d4d20	71	OK	5614697
3097	thunk_FUN_1800d4d70	1800d4d68	5	OK	5615920
3098	FUN_1800d4d70	1800d4d70	238	OK	5617133
3099	_msize_base	1800d4e68	57	OK	5617808
3100	operator()<<lambda_72d1df2b273a38828b1ce30cbf4cdab5>,<lambda_876a65b173b8412d3a47c70a915b0cf4>&___ptr64,<lambda_41932305e351933ebe8f8be3ed8bb5dc>_>	1800d4eac	63	OK	5619146
3101	operator()<<lambda_fb3a7dec4e47f37f22dae91bb15c9095>,<lambda_698284760c8add0bfb0756c19673e34b>&___ptr64,<lambda_dfb8eca1e75fef3034a8fb18dd509707>_>	1800d4eec	61	OK	5620487
3102	operator()<<lambda_5e887d1dcbef67a5eb4283622ba103bf>,<lambda_4466841279450cc726390878d4a41900>&___ptr64,<lambda_341c25c0346d94847f1f3c463c57e077>_>	1800d4f2c	69	OK	5621871
3103	operator()<<lambda_46352004c1216016012b18bd6f87e700>,<lambda_3bd07e1a1191394380780325891bf33f>&___ptr64,<lambda_334532d3f185bcaa59b5be82d7d22bff>_>	1800d4f74	95	OK	5623383
3104	__acrt_lock_and_call<<lambda_3bd07e1a1191394380780325891bf33f>_>	1800d4fd4	38	OK	5624470
3105	__acrt_lock_and_call<<lambda_876a65b173b8412d3a47c70a915b0cf4>_>	1800d4ffc	38	OK	5625557
3106	__acrt_lock_and_call<<lambda_698284760c8add0bfb0756c19673e34b>_>	1800d5024	38	OK	5626644
3107	__acrt_lock_and_call<<lambda_4466841279450cc726390878d4a41900>_>	1800d504c	38	OK	5627731
3108	FUN_1800d50e0	1800d50e0	27	OK	5627924
3109	FUN_1800d510c	1800d510c	56	OK	5628354
3110	FUN_1800d51b8	1800d51b8	197	OK	5630007
3111	construct_ptd_array	1800d5280	205	OK	5631967
3112	FUN_1800d5360	1800d5360	32	OK	5632211
3113	FUN_1800d5380	1800d5380	245	OK	5633974
3114	destroy_ptd_array	1800d5478	245	OK	5636048
3115	FUN_1800d557c	1800d557c	157	OK	5636989
3116	FUN_1800d561c	1800d561c	180	OK	5638032
3117	FUN_1800d56d0	1800d56d0	200	OK	5639198
3118	FUN_1800d57a0	1800d57a0	27	OK	5639391
3119	replace_current_thread_locale_nolock	1800d57bc	103	OK	5640382
3120	__acrt_freeptd	1800d583c	65	OK	5640929
3121	FUN_1800d5880	1800d5880	210	OK	5642214
3122	FUN_1800d5954	1800d5954	161	OK	5643200
3123	FUN_1800d59f8	1800d59f8	200	OK	5644366
3124	FUN_1800d5ac0	1800d5ac0	190	OK	5645498
3125	__acrt_initialize_ptd	1800d5b80	57	OK	5646308
3126	__acrt_uninitialize_ptd	1800d5bc0	34	OK	5646795
3127	FUN_1800d5c00	1800d5c00	3	OK	5646929
3128	operator()<<lambda_ede63489d7330338e618311e15f0c366>,<lambda_176e34f99554166dd2fac165c457248c>&___ptr64,<lambda_b0463272cb7667df9361a74a62ea8ca5>_>	1800d5c1c	62	OK	5648216
3129	operator()<<lambda_1d892b297fdedeee07ed8124eeb2f2fa>,<lambda_ffc046909424fd52df0ac47e64813305>&___ptr64,<lambda_01a7098693036236037e7cdb9bca3d73>_>	1800d5c5c	314	OK	5651159
3130	operator()<<lambda_410d79af7f07d98d83a3f525b3859a53>,<lambda_3e16ef9562a7dcce91392c22ab16ea36>&___ptr64,<lambda_38119f0e861e05405d8a144b9b982f0a>_>	1800d5d98	110	OK	5652709
3131	FUN_1800d5e08	1800d5e08	60	OK	5653055
3132	operator()<<lambda_7f2adfce497ff2baa965cd4f576ecfd1>,<lambda_2a444430fde8c29194d880d93eed5e8f>&___ptr64,<lambda_8dff2cf36a5417162780cd64fa2883ef>&___ptr64>	1800d5e44	41	OK	5654437
3133	FUN_1800d5e70	1800d5e70	38	OK	5655141
3134	__acrt_lock_and_call<<lambda_176e34f99554166dd2fac165c457248c>_>	1800d5e98	38	OK	5656228
3135	FUN_1800d5ec0	1800d5ec0	38	OK	5656578
3136	__acrt_lock_and_call<<lambda_30712929f77e709619002f448b6a9510>_>	1800d5ee8	38	OK	5657724
3137	FUN_1800d5f28	1800d5f28	78	OK	5658159
3138	FUN_1800d6030	1800d6030	88	OK	5658705
3139	FUN_1800d608c	1800d608c	27	OK	5658898
3140	FUN_1800d60a8	1800d60a8	27	OK	5659091
3141	FUN_1800d60c4	1800d60c4	27	OK	5659284
3142	FUN_1800d60e0	1800d60e0	71	OK	5659721
3143	operator()	1800d6168	142	OK	5661208
3144	FUN_1800d61f8	1800d61f8	38	OK	5661553
3145	FUN_1800d6228	1800d6228	44	OK	5661822
3146	FUN_1800d6298	1800d6298	285	OK	5663507
3147	FUN_1800d63b8	1800d63b8	118	OK	5664074
3148	FUN_1800d6430	1800d6430	62	OK	5664531
3149	FUN_1800d64ac	1800d64ac	27	OK	5664724
3150	FUN_1800d64c8	1800d64c8	27	OK	5664917
3151	FUN_1800d64e4	1800d64e4	27	OK	5665110
3152	FUN_1800d6500	1800d6500	129	OK	5665776
3153	FUN_1800d6584	1800d6584	12	OK	5666006
3154	__acrt_uninitialize_locale	1800d6590	46	OK	5666863
3155	FUN_1800d65d0	1800d65d0	161	OK	5667447
3156	FUN_1800d6674	1800d6674	357	OK	5669569
3157	_configthreadlocale	1800d67dc	105	OK	5670406
3158	FUN_1800d6848	1800d6848	190	OK	5672178
3159	_create_locale	1800d6908	118	OK	5672962
3160	FUN_1800d6980	1800d6980	1167	OK	5679714
3161	_free_locale	1800d6e14	162	OK	5680915
3162	_get_current_locale	1800d6eb8	187	OK	5682450
3163	_wcreate_locale	1800d6f74	328	OK	5684510
3164	FUN_1800d70bc	1800d70bc	103	OK	5685248
3165	_wsetlocale	1800d7124	161	OK	5686910
3166	FUN_1800d71c8	1800d71c8	489	OK	5689873
3167	FUN_1800d73b4	1800d73b4	659	OK	5693853
3168	FUN_1800d764c	1800d764c	838	OK	5699670
3169	FUN_1800d79bc	1800d79bc	52	OK	5700039
3170	FUN_1800d79f0	1800d79f0	507	OK	5703519
3171	FUN_1800d7bec	1800d7bec	70	OK	5704064
3172	FUN_1800d7c34	1800d7c34	136	OK	5704889
3173	FUN_1800d7cc0	1800d7cc0	243	OK	5706308
3174	FUN_1800d7db4	1800d7db4	142	OK	5707118
3175	FUN_1800d7e44	1800d7e44	105	OK	5707692
3176	FUN_1800d7eb0	1800d7eb0	103	OK	5708267
3177	FUN_1800d7f44	1800d7f44	48	OK	5708602
3178	_errcode	1800d7f74	67	OK	5709170
3179	FUN_1800d7fb8	1800d7fb8	253	OK	5710381
3180	FUN_1800d80b8	1800d80b8	272	OK	5711670
3181	FUN_1800d81fc	1800d81fc	745	OK	5715922
3182	FUN_1800d84e8	1800d84e8	5	OK	5716093
3183	FUN_1800d84f0	1800d84f0	39	OK	5716394
3184	FUN_1800d8518	1800d8518	776	OK	5720183
3185	FUN_1800d8820	1800d8820	42	OK	5720484
3186	FUN_1800d884c	1800d884c	48	OK	5720848
3187	FUN_1800d887c	1800d887c	223	OK	5722071
3188	FUN_1800d895c	1800d895c	29	OK	5722275
3189	FUN_1800d897c	1800d897c	84	OK	5722620
3190	FUN_1800d89f0	1800d89f0	10	OK	5722759
3191	FUN_1800d89fc	1800d89fc	10	OK	5722898
3192	FUN_1800d8a08	1800d8a08	10	OK	5723058
3193	FUN_1800d8a14	1800d8a14	10	OK	5723218
3194	FUN_1800d8a20	1800d8a20	29	OK	5723424
3195	FUN_1800d8a40	1800d8a40	13	OK	5723564
3196	_calloc_base	1800d8a50	117	OK	5724435
3197	FUN_1800d8ad0	1800d8ad0	43	OK	5724639
3198	operator()<>	1800d8b04	121	OK	5726141
3199	FUN_1800d8b80	1800d8b80	38	OK	5726490
3200	FUN_1800d8c28	1800d8c28	83	OK	5726892
3201	FUN_1800d8ca8	1800d8ca8	77	OK	5727255
3202	FUN_1800d90fc	1800d90fc	275	OK	5728621
3203	FUN_1800d9210	1800d9210	444	OK	5730966
3204	FUN_1800d93cc	1800d93cc	250	OK	5732256
3205	FUN_1800d94c8	1800d94c8	298	OK	5733749
3206	FUN_1800d95f4	1800d95f4	115	OK	5734533
3207	FUN_1800d9670	1800d9670	78	OK	5735017
3208	__acrt_AppPolicyGetProcessTerminationMethodInternal	1800d96c0	78	OK	5735744
3209	FUN_1800d9710	1800d9710	78	OK	5736228
3210	__acrt_AppPolicyGetThreadInitializationTypeInternal	1800d9760	78	OK	5736960
3211	__acrt_AreFileApisANSI	1800d97b0	58	OK	5737502
3212	__acrt_CompareStringEx	1800d97ec	220	OK	5738395
3213	__acrt_EnumSystemLocalesEx	1800d98c8	149	OK	5739323
3214	FlsAlloc	1800d9960	7	OK	5739700
3215	FlsFree	1800d9968	7	OK	5740055
3216	FlsGetValue	1800d9970	7	OK	5740427
3217	FlsSetValue	1800d9978	7	OK	5740820
3218	__acrt_GetDateFormatEx	1800d9980	182	OK	5741666
3219	FUN_1800d9a38	1800d9a38	56	OK	5742119
3220	FUN_1800d9a74	1800d9a74	105	OK	5742600
3221	__acrt_GetLocaleInfoEx	1800d9ae0	130	OK	5743305
3222	__acrt_GetSystemTimePreciseAsFileTime	1800d9b64	72	OK	5744109
3223	FUN_1800d9bac	1800d9bac	81	OK	5744510
3224	__acrt_GetTimeFormatEx	1800d9c00	171	OK	5745316
3225	__acrt_GetUserDefaultLocaleName	1800d9cac	97	OK	5746032
3226	FUN_1800d9d10	1800d9d10	80	OK	5746529
3227	__acrt_InitializeCriticalSectionEx	1800d9d64	97	OK	5747215
3228	__acrt_IsValidLocaleName	1800d9dd0	86	OK	5748022
3229	__acrt_LCIDToLocaleName	1800d9e28	112	OK	5748616
3230	__acrt_LCMapStringEx	1800d9e98	220	OK	5749499
3231	__acrt_LocaleNameToLCID	1800d9f74	80	OK	5750084
3232	FUN_1800d9fc4	1800d9fc4	94	OK	5750605
3233	FUN_1800da024	1800da024	112	OK	5751112
3234	FUN_1800da098	1800da098	112	OK	5751619
3235	__acrt_RoInitialize	1800da10c	64	OK	5752131
3236	FUN_1800da14c	1800da14c	51	OK	5752464
3237	FUN_1800da180	1800da180	78	OK	5752953
3238	__acrt_SetThreadStackGuarantee	1800da1d0	66	OK	5753546
3239	__acrt_can_show_message_box	1800da214	109	OK	5754299
3240	FUN_1800da284	1800da284	46	OK	5754566
3241	FUN_1800da2b4	1800da2b4	46	OK	5754870
3242	__acrt_eagerly_load_locale_apis	1800da2e4	346	OK	5756199
3243	__acrt_get_parent_window	1800da440	120	OK	5757041
3244	FUN_1800da4c0	1800da4c0	35	OK	5757436
3245	FUN_1800da4e4	1800da4e4	199	OK	5758560
3246	__acrt_uninitialize_winapi_thunks	1800da5b0	65	OK	5759404
3247	_fcloseall	1800da5f4	178	OK	5760391
3248	__acrt_stdio_free_buffer_nolock	1800da6b8	66	OK	5761051
3249	FUN_1800da718	1800da718	253	OK	5762604
3250	FUN_1800da818	1800da818	264	OK	5764318
3251	__acrt_initialize_lowio	1800da920	59	OK	5764816
3252	__acrt_uninitialize_lowio	1800da960	64	OK	5765442
3253	_fileno	1800da9a0	39	OK	5765910
3254	FUN_1800da9c8	1800da9c8	119	OK	5766610
3255	FUN_1800daa40	1800daa40	38	OK	5766963
3256	FUN_1800daadc	1800daadc	126	OK	5767679
3257	FUN_1800dab5c	1800dab5c	152	OK	5768659
3258	FUN_1800dabf4	1800dabf4	193	OK	5769918
3259	FUN_1800dacb8	1800dacb8	152	OK	5770908
3260	FUN_1800dad50	1800dad50	205	OK	5771965
3261	FUN_1800dae38	1800dae38	27	OK	5772158
3262	FUN_1800dae54	1800dae54	86	OK	5772695
3263	__acrt_stdio_free_stream	1800daeac	28	OK	5773297
3264	find_or_allocate_unused_stream_nolock	1800daedc	235	OK	5775092
3265	FUN_1800dafd0	1800dafd0	27	OK	5775285
3266	FUN_1800db00c	1800db00c	139	OK	5776143
3267	FUN_1800db098	1800db098	38	OK	5776496
3268	FUN_1800db0d8	1800db0d8	104	OK	5777174
3269	_commit	1800db150	145	OK	5778242
3270	FUN_1800db1e4	1800db1e4	108	OK	5778821
3271	FUN_1800db250	1800db250	1144	OK	5786720
3272	FUN_1800db6c8	1800db6c8	149	OK	5787514
3273	FUN_1800db760	1800db760	165	OK	5788634
3274	FUN_1800db808	1800db808	263	OK	5790373
3275	FUN_1800db910	1800db910	286	OK	5792160
3276	FUN_1800dba30	1800dba30	373	OK	5794225
3277	FUN_1800dbbb8	1800dbbb8	152	OK	5795236
3278	FUN_1800dbc50	1800dbc50	285	OK	5796817
3279	FUN_1800dbd70	1800dbd70	780	OK	5802017
3280	FUN_1800dc07c	1800dc07c	345	OK	5804570
3281	FUN_1800dc1d8	1800dc1d8	417	OK	5807625
3282	FUN_1800dc3fc	1800dc3fc	359	OK	5810178
3283	FUN_1800dc56c	1800dc56c	141	OK	5810968
3284	FUN_1800dc5fc	1800dc5fc	107	OK	5811551
3285	FUN_1800dc668	1800dc668	42	OK	5811978
3286	FUN_1800dc694	1800dc694	336	OK	5814256
3287	FUN_1800dc83c	1800dc83c	347	OK	5816250
3288	FUN_1800dc998	1800dc998	390	OK	5818551
3289	FUN_1800dcb20	1800dcb20	85	OK	5819202
3290	FUN_1800dcb98	1800dcb98	175	OK	5820351
3291	FUN_1800dcc48	1800dcc48	154	OK	5821351
3292	FUN_1800dcce4	1800dcce4	154	OK	5822351
3293	thunk_FUN_1800dc694	1800dcd80	5	OK	5824639
3294	FUN_1800dcd88	1800dcd88	152	OK	5825620
3295	FUN_1800dce20	1800dce20	203	OK	5827292
3296	FUN_1800dceec	1800dceec	204	OK	5828956
3297	FUN_1800dcfb8	1800dcfb8	247	OK	5830417
3298	FUN_1800dd0b0	1800dd0b0	251	OK	5831884
3299	FUN_1800dd1ac	1800dd1ac	136	OK	5832783
3300	FUN_1800dd234	1800dd234	203	OK	5834455
3301	FUN_1800dd300	1800dd300	204	OK	5836119
3302	FUN_1800dd3cc	1800dd3cc	392	OK	5838777
3303	FUN_1800dd554	1800dd554	458	OK	5841837
3304	FUN_1800dd788	1800dd788	719	OK	5846445
3305	FUN_1800dda58	1800dda58	155	OK	5847383
3306	FUN_1800ddaf4	1800ddaf4	286	OK	5848910
3307	FUN_1800ddc14	1800ddc14	1119	OK	5857056
3308	FUN_1800de074	1800de074	283	OK	5858633
3309	FUN_1800de190	1800de190	286	OK	5860230
3310	FUN_1800de2b0	1800de2b0	139	OK	5860927
3311	FUN_1800de33c	1800de33c	175	OK	5861847
3312	FUN_1800de3ec	1800de3ec	194	OK	5862834
3313	FUN_1800de4b0	1800de4b0	66	OK	5863338
3314	FUN_1800de4f4	1800de4f4	152	OK	5864335
3315	FUN_1800de594	1800de594	152	OK	5865342
3316	FUN_1800de634	1800de634	154	OK	5866359
3317	thunk_FUN_1800de190	1800de6d0	5	OK	5867966
3318	FUN_1800de6d8	1800de6d8	154	OK	5868993
3319	thunk_FUN_1800de33c	1800de774	5	OK	5869933
3320	FUN_1800de78c	1800de78c	73	OK	5870604
3321	FUN_1800de7d8	1800de7d8	199	OK	5872242
3322	FUN_1800de8a0	1800de8a0	61	OK	5872772
3323	__acrt_stdio_allocate_buffer_nolock	1800de8e0	107	OK	5873777
3324	__acrt_update_locale_info	1800de960	49	OK	5874306
3325	FUN_1800de994	1800de994	53	OK	5874704
3326	FUN_1800de9cc	1800de9cc	49	OK	5875029
3327	FUN_1800dea00	1800dea00	53	OK	5875389
3328	FUN_1800deb14	1800deb14	919	OK	5880027
3329	FUN_1800deeac	1800deeac	260	OK	5881082
3330	FUN_1800defb0	1800defb0	480	OK	5883552
3331	FUN_1800df194	1800df194	213	OK	5884468
3332	FUN_1800df26c	1800df26c	342	OK	5886463
3333	FUN_1800df3c4	1800df3c4	338	OK	5887981
3334	FUN_1800df518	1800df518	164	OK	5889084
3335	FUN_1800df5c0	1800df5c0	48	OK	5889540
3336	should_round_up	1800df5f0	278	OK	5891031
3337	FUN_1800df710	1800df710	740	OK	5894580
3338	FUN_1800dfa04	1800dfa04	432	OK	5897263
3339	FUN_1800dfbb4	1800dfbb4	235	OK	5898701
3340	FUN_1800dfca0	1800dfca0	173	OK	5900246
3341	FUN_1800dfd50	1800dfd50	197	OK	5901421
3342	FUN_1800dfe18	1800dfe18	159	OK	5902473
3343	FUN_1800dfeb8	1800dfeb8	376	OK	5904300
3344	FUN_1800e0030	1800e0030	163	OK	5905804
3345	FUN_1800e00d4	1800e00d4	152	OK	5906809
3346	FUN_1800e016c	1800e016c	24	OK	5906973
3347	FUN_1800e01ac	1800e01ac	128	OK	5907536
3348	FUN_1800e0248	1800e0248	154	OK	5908518
3349	FUN_1800e02e4	1800e02e4	398	OK	5910961
3350	_fputwchar	1800e0474	35	OK	5911367
3351	FUN_1800e04a0	1800e04a0	154	OK	5912349
3352	FUN_1800e054c	1800e054c	96	OK	5912966
3353	FUN_1800e05ac	1800e05ac	256	OK	5914355
3354	FUN_1800e06ac	1800e06ac	248	OK	5915586
3355	FUN_1800e07a4	1800e07a4	261	OK	5916912
3356	FUN_1800e08ac	1800e08ac	19	OK	5917083
3357	FUN_1800e08c0	1800e08c0	9	OK	5917236
3358	FUN_1800e09e8	1800e09e8	34	OK	5917363
3359	FUN_1800e0a0c	1800e0a0c	25	OK	5917563
3360	FUN_1800e0a28	1800e0a28	24	OK	5917772
3361	FUN_1800e0a40	1800e0a40	68	OK	5918263
3362	FUN_1800e0a84	1800e0a84	68	OK	5918792
3363	FUN_1800e0ac8	1800e0ac8	98	OK	5919523
3364	FUN_1800e0b2c	1800e0b2c	47	OK	5919833
3365	FUN_1800e0bcc	1800e0bcc	63	OK	5920225
3366	FUN_1800e0c0c	1800e0c0c	67	OK	5920655
3367	FUN_1800e0c50	1800e0c50	47	OK	5920952
3368	FUN_1800e0c80	1800e0c80	101	OK	5921671
3369	FUN_1800e0cf0	1800e0cf0	18	OK	5921919
3370	FUN_1800e0d10	1800e0d10	18	OK	5922167
3371	FUN_1800e0d24	1800e0d24	395	OK	5924571
3372	FUN_1800e0ec0	1800e0ec0	576	OK	5928402
3373	FUN_1800e1104	1800e1104	1020	OK	5934732
3374	FUN_1800e1504	1800e1504	387	OK	5936642
3375	FUN_1800e1688	1800e1688	389	OK	5938556
3376	FUN_1800e1810	1800e1810	862	OK	5944080
3377	FUN_1800e1b70	1800e1b70	419	OK	5946238
3378	FUN_1800e1e10	1800e1e10	34	OK	5946458
3379	FUN_1800e1e34	1800e1e34	34	OK	5946733
3380	~argument_list<>	1800e1e58	58	OK	5947666
3381	~argument_list<>	1800e1e94	58	OK	5948599
3382	FUN_1800e1f48	1800e1f48	47	OK	5948874
3383	__acrt_get_utf8_acp_compatibility_codepage	1800e1f78	73	OK	5949735
3384	FUN_1800e1fc4	1800e1fc4	34	OK	5950010
3385	FUN_1800e1fe8	1800e1fe8	97	OK	5950678
3386	FUN_1800e204c	1800e204c	221	OK	5951950
3387	FUN_1800e212c	1800e212c	221	OK	5953222
3388	FUN_1800e221c	1800e221c	34	OK	5953442
3389	FUN_1800e2240	1800e2240	20	OK	5953637
3390	FUN_1800e2270	1800e2270	199	OK	5954757
3391	FUN_1800e2338	1800e2338	199	OK	5955877
3392	FUN_1800e2404	1800e2404	162	OK	5956974
3393	FUN_1800e24b8	1800e24b8	162	OK	5958084
3394	FUN_1800e256c	1800e256c	58	OK	5958476
3395	thunk_FUN_1800e0ec0	1800e25d8	5	OK	5962333
3396	thunk_FUN_1800e1104	1800e25e0	5	OK	5968733
3397	FUN_1800e25e8	1800e25e8	289	OK	5970571
3398	FUN_1800e270c	1800e270c	462	OK	5974562
3399	FUN_1800e28dc	1800e28dc	38	OK	5974912
3400	FUN_1800e2930	1800e2930	416	OK	5978903
3401	getSystemCP	1800e2b1c	125	OK	5979748
3402	FUN_1800e2bac	1800e2bac	152	OK	5980570
3403	FUN_1800e2c44	1800e2c44	501	OK	5983908
3404	FUN_1800e2e3c	1800e2e3c	623	OK	5989083
3405	update_thread_multibyte_data_internal	1800e30ac	183	OK	5990564
3406	__acrt_initialize_multibyte	1800e3170	96	OK	5991203
3407	FUN_1800e31d0	1800e31d0	28	OK	5991472
3408	_getmbcp	1800e31fc	58	OK	5992136
3409	FUN_1800e3238	1800e3238	37	OK	5992401
3410	FUN_1800e3260	1800e3260	715	OK	5997767
3411	memcpy_s	1800e352c	135	OK	5998714
3412	FUN_1800e35b4	1800e35b4	115	OK	5999439
3413	_ismbbkana_l	1800e3734	101	OK	6000212
3414	FUN_1800e37f4	1800e37f4	18	OK	6000406
3415	FUN_1800e38b0	1800e38b0	37	OK	6000615
3416	FUN_1800e38e0	1800e38e0	3	OK	6000749
3417	FUN_1800e391c	1800e391c	54	OK	6001173
3418	FUN_1800e3954	1800e3954	54	OK	6001597
3419	FUN_1800e398c	1800e398c	108	OK	6002457
3420	wcscpy_s	1800e39f8	101	OK	6003497
3421	FUN_1800e3aec	1800e3aec	144	OK	6004884
3422	FUN_1800e3c04	1800e3c04	222	OK	6006555
3423	FUN_1800e3cec	1800e3cec	33	OK	6006804
3424	FUN_1800e3d18	1800e3d18	33	OK	6007053
3425	FUN_1800e3d3c	1800e3d3c	17	OK	6007293
3426	FUN_1800e3d84	1800e3d84	270	OK	6008536
3427	FUN_1800e3e94	1800e3e94	156	OK	6009661
3428	FUN_1800e3f30	1800e3f30	855	OK	6014414
3429	FUN_1800e4288	1800e4288	867	OK	6019241
3430	FUN_1800e45ec	1800e45ec	227	OK	6020816
3431	FUN_1800e46d4	1800e46d4	237	OK	6022405
3432	FUN_1800e47c4	1800e47c4	37	OK	6022626
3433	FUN_1800e47ec	1800e47ec	37	OK	6022847
3434	FUN_1800e4814	1800e4814	129	OK	6023541
3435	FUN_1800e4898	1800e4898	145	OK	6024262
3436	thunk_FUN_1800e3f30	1800e4a38	5	OK	6029025
3437	thunk_FUN_1800e4288	1800e4a40	5	OK	6033862
3438	_recalloc_base	1800e4a50	149	OK	6034762
3439	FUN_1800e4af0	1800e4af0	28	OK	6034954
3440	FUN_1800e4b10	1800e4b10	11	OK	6035110
3441	__acrt_execute_initializers	1800e4b24	128	OK	6036237
3442	__acrt_execute_uninitializers	1800e4ba4	60	OK	6036808
3443	FUN_1800e4be8	1800e4be8	72	OK	6037205
3444	FUN_1800e4c30	1800e4c30	38	OK	6037554
3445	FUN_1800e4cd0	1800e4cd0	146	OK	6038332
3446	get_global_action_nolock	1800e4d64	60	OK	6039081
3447	FUN_1800e4dfc	1800e4dfc	49	OK	6039448
3448	__acrt_get_sigabrt_handler	1800e4e34	46	OK	6039930
3449	FUN_1800e4e64	1800e4e64	29	OK	6040266
3450	FUN_1800e4e84	1800e4e84	18	OK	6040468
3451	FUN_1800e4e98	1800e4e98	18	OK	6040667
3452	FUN_1800e4eac	1800e4eac	613	OK	6044113
3453	FUN_1800e5114	1800e5114	450	OK	6046968
3454	FUN_1800e5324	1800e5324	32	OK	6047332
3455	FUN_1800e5344	1800e5344	8	OK	6047499
3456	FUN_1800e534c	1800e534c	49	OK	6047929
3457	FUN_1800e53a8	1800e53a8	287	OK	6049793
3458	FUN_1800e54c8	1800e54c8	507	OK	6053016
3459	FUN_1800e56c4	1800e56c4	165	OK	6054532
3460	FUN_1800e576c	1800e576c	182	OK	6056097
3461	FUN_1800e5824	1800e5824	154	OK	6057114
3462	FUN_1800e58c0	1800e58c0	168	OK	6058186
3463	FUN_1800e5968	1800e5968	275	OK	6059915
3464	FUN_1800e5a7c	1800e5a7c	831	OK	6064493
3465	FUN_1800e5de8	1800e5de8	165	OK	6066047
3466	FUN_1800e5e90	1800e5e90	182	OK	6067626
3467	FUN_1800e5f48	1800e5f48	154	OK	6068657
3468	FUN_1800e5fe4	1800e5fe4	168	OK	6069757
3469	_isctype_l	1800e60bc	264	OK	6071365
3470	FUN_1800e61c4	1800e61c4	379	OK	6074402
3471	FUN_1800e6340	1800e6340	455	OK	6076934
3472	FUN_1800e6508	1800e6508	399	OK	6080075
3473	FUN_1800e6698	1800e6698	817	OK	6087688
3474	__acrt_LCMapStringA	1800e69cc	150	OK	6088485
3475	__acrt_stdio_parse_mode<char>	1800e6a64	705	OK	6093762
3476	__acrt_stdio_parse_mode<wchar_t>	1800e6d28	770	OK	6098908
3477	FUN_1800e702c	1800e702c	150	OK	6099916
3478	FUN_1800e70c4	1800e70c4	150	OK	6100930
3479	FUN_1800e72f4	1800e72f4	154	OK	6102090
3480	FUN_1800e7390	1800e7390	154	OK	6103255
3481	_realloc_base	1800e742c	122	OK	6104266
3482	iswctype	1800e74b0	108	OK	6104969
3483	__fpe_flt_rounds	1800e751c	69	OK	6105514
3484	fegetround	1800e7564	20	OK	6105800
3485	__acrt_initialize_fma3	1800e7580	112	OK	6106478
3486	FUN_1800e7610	1800e7610	300	OK	6107370
3487	FUN_1800e7740	1800e7740	353	OK	6108379
3488	__ascii_wcsicmp	1800e78b0	62	OK	6109033
3489	_wcsicmp	1800e794c	70	OK	6109669
3490	FUN_1800e7994	1800e7994	305	OK	6111692
3491	FUN_1800e7af0	1800e7af0	79	OK	6111980
3492	FUN_1800e7b40	1800e7b40	8	OK	6112129
3493	FUN_1800e7b48	1800e7b48	8	OK	6112278
3494	FUN_1800e7b50	1800e7b50	8	OK	6112427
3495	FUN_1800e7b58	1800e7b58	8	OK	6112573
3496	FUN_1800e7b60	1800e7b60	8	OK	6112719
3497	FUN_1800e7b68	1800e7b68	47	OK	6113121
3498	FUN_1800e7b98	1800e7b98	47	OK	6113523
3499	FUN_1800e7bc8	1800e7bc8	47	OK	6113925
3500	FUN_1800e7bf8	1800e7bf8	152	OK	6114961
3501	FUN_1800e7cdc	1800e7cdc	761	OK	6118466
3502	FUN_1800e7fd8	1800e7fd8	21	OK	6118681
3503	FUN_1800e7ff0	1800e7ff0	21	OK	6118896
3504	FUN_1800e8008	1800e8008	21	OK	6119111
3505	FUN_1800e8020	1800e8020	500	OK	6121473
3506	FUN_1800e821c	1800e821c	140	OK	6122270
3507	FUN_1800e82a8	1800e82a8	224	OK	6123552
3508	FUN_1800e838c	1800e838c	637	OK	6127114
3509	FUN_1800e860c	1800e860c	391	OK	6129213
3510	FUN_1800e8794	1800e8794	279	OK	6130572
3511	FUN_1800e88ac	1800e88ac	127	OK	6131065
3512	__tzset	1800e892c	66	OK	6131525
3513	_isindst	1800e8970	48	OK	6131961
3514	FUN_1800e89a0	1800e89a0	35	OK	6132145
3515	FUN_1800e89c8	1800e89c8	8	OK	6132291
3516	FUN_1800e89d0	1800e89d0	43	OK	6132700
3517	__acrt_add_locale_ref	1800e89fc	139	OK	6134170
3518	__acrt_free_locale	1800e8a88	374	OK	6136264
3519	__acrt_locale_add_lc_time_reference	1800e8c00	39	OK	6136895
3520	__acrt_locale_free_lc_time_if_unreferenced	1800e8c28	55	OK	6137480
3521	__acrt_locale_release_lc_time_reference	1800e8c60	37	OK	6138097
3522	__acrt_release_locale_ref	1800e8c88	168	OK	6139706
3523	__acrt_update_thread_locale_data	1800e8d30	109	OK	6140507
3524	_updatetlocinfoEx_nolock	1800e8da0	101	OK	6141386
3525	FUN_1800e8e18	1800e8e18	27	OK	6141579
3526	FUN_1800e8e3c	1800e8e3c	27	OK	6141772
3527	__acrt_locale_free_monetary	1800e8e58	266	OK	6143738
3528	FUN_1800e8f70	1800e8f70	1307	OK	6152263
3529	__acrt_locale_free_numeric	1800e94c0	108	OK	6153185
3530	FUN_1800e9530	1800e9530	743	OK	6157944
3531	FUN_1800e98a4	1800e98a4	27	OK	6158137
3532	FUN_1800e98d0	1800e98d0	50	OK	6158445
3533	FUN_1800e9908	1800e9908	125	OK	6159233
3534	initialize_lc_time	1800e9988	830	OK	6163798
3535	FUN_1800e9cd0	1800e9cd0	27	OK	6163991
3536	__acrt_locale_free_time	1800e9cec	264	OK	6164997
3537	__acrt_locale_initialize_time	1800e9e00	156	OK	6166183
3538	FUN_1800e9e9c	1800e9e9c	124	OK	6167312
3539	FUN_1800e9f18	1800e9f18	117	OK	6168441
3540	FUN_1800e9f90	1800e9f90	246	OK	6170456
3541	FUN_1800ea088	1800ea088	248	OK	6172476
3542	FUN_1800ea180	1800ea180	243	OK	6174628
3543	FUN_1800ea274	1800ea274	252	OK	6176780
3544	wcscspn	1800ea370	63	OK	6177509
3545	wcspbrk	1800ea3b0	52	OK	6178168
3546	FUN_1800ea3e4	1800ea3e4	164	OK	6179094
3547	GetLocaleNameFromLangCountry	1800ea48c	207	OK	6180427
3548	GetLocaleNameFromLanguage	1800ea55c	152	OK	6181493
3549	FUN_1800ea630	1800ea630	734	OK	6186763
3550	FUN_1800ea910	1800ea910	233	OK	6188085
3551	FUN_1800ea9fc	1800ea9fc	191	OK	6189016
3552	FUN_1800eaabc	1800eaabc	106	OK	6189606
3553	FUN_1800eab28	1800eab28	123	OK	6190474
3554	TranslateName	1800eaba4	153	OK	6191276
3555	FUN_1800eac40	1800eac40	625	OK	6194495
3556	FUN_1800eaec0	1800eaec0	232	OK	6195742
3557	FUN_1800eafa8	1800eafa8	95	OK	6196265
3558	FUN_1800eb008	1800eb008	33	OK	6196525
3559	GetLcidFromLangCountry	1800eb02c	205	OK	6197866
3560	GetLcidFromLanguage	1800eb0fc	150	OK	6198890
3561	FUN_1800eb1c0	1800eb1c0	583	OK	6202306
3562	FUN_1800eb410	1800eb410	264	OK	6203733
3563	FUN_1800eb518	1800eb518	79	OK	6204370
3564	FUN_1800eb568	1800eb568	178	OK	6205247
3565	FUN_1800eb640	1800eb640	186	OK	6206196
3566	TranslateName	1800eb6fc	127	OK	6207140
3567	FUN_1800eb77c	1800eb77c	640	OK	6210398
3568	FUN_1800eba48	1800eba48	129	OK	6210996
3569	FUN_1800ebacc	1800ebacc	228	OK	6212372
3570	FUN_1800ebbb4	1800ebbb4	163	OK	6213230
3571	FUN_1800ebc68	1800ebc68	27	OK	6213423
3572	FUN_1800ebca0	1800ebca0	27	OK	6213616
3573	__acrt_lowio_create_handle_array	1800ebcbc	165	OK	6214941
3574	__acrt_lowio_destroy_handle_array	1800ebd64	80	OK	6215619
3575	__acrt_lowio_ensure_fh_exists	1800ebdb4	168	OK	6216626
3576	__acrt_lowio_lock_fh	1800ebe5c	39	OK	6217235
3577	FUN_1800ebe84	1800ebe84	191	OK	6218336
3578	__acrt_lowio_unlock_fh	1800ebf44	39	OK	6218951
3579	_alloc_osfhnd	1800ebf6c	318	OK	6220842
3580	FUN_1800ec0ac	1800ec0ac	186	OK	6222082
3581	FUN_1800ec168	1800ec168	117	OK	6222978
3582	FUN_1800ec1e0	1800ec1e0	256	OK	6224349
3583	FUN_1800ec2e0	1800ec2e0	95	OK	6224923
3584	FUN_1800ec368	1800ec368	72	OK	6225497
3585	FUN_1800ec3b0	1800ec3b0	429	OK	6227673
3586	FUN_1800ec560	1800ec560	567	OK	6230474
3587	FUN_1800ec798	1800ec798	398	OK	6232437
3588	FUN_1800ec928	1800ec928	245	OK	6233775
3589	FUN_1800eca20	1800eca20	216	OK	6235191
3590	FUN_1800ecaf8	1800ecaf8	197	OK	6236411
3591	FUN_1800ecbc0	1800ecbc0	231	OK	6237828
3592	FUN_1800ecca8	1800ecca8	161	OK	6238871
3593	FUN_1800ecd4c	1800ecd4c	350	OK	6241032
3594	operator()<<lambda_9fda798407f8391327e99fec20084266>,<lambda_6e3e78bb6855d1e4040e022c1b427e22>&___ptr64,<lambda_5d54a80e00f5dcce6acfc22736ebf0cf>_>	1800eceac	64	OK	6242384
3595	__acrt_lock_and_call<<lambda_6e3e78bb6855d1e4040e022c1b427e22>_>	1800eceec	38	OK	6243585
3596	_putwch	1800ecf48	59	OK	6244589
3597	FUN_1800ecf84	1800ecf84	64	OK	6245134
3598	FUN_1800ecfe4	1800ecfe4	208	OK	6246308
3599	FUN_1800ed0b4	1800ed0b4	272	OK	6248361
3600	FUN_1800ed1c4	1800ed1c4	4408	OK	6275964
3601	FUN_1800ee2fc	1800ee2fc	64	OK	6276286
3602	FUN_1800ee33c	1800ee33c	49	OK	6276607
3603	FUN_1800ee370	1800ee370	30	OK	6276838
3604	FUN_1800ee390	1800ee390	20	OK	6277040
3605	make_big_integer_power_of_two	1800ee430	103	OK	6277803
3606	FUN_1800ee498	1800ee498	4710	OK	6308927
3607	memcpy_s	1800ef700	135	OK	6309874
3608	FUN_1800ef788	1800ef788	162	OK	6311183
3609	FUN_1800ef82c	1800ef82c	154	OK	6312212
3610	FUN_1800ef8d0	1800ef8d0	188	OK	6313156
3611	FUN_1800ef9c0	1800ef9c0	948	OK	6319174
3612	FUN_1800efd78	1800efd78	157	OK	6320191
3613	FUN_1800efe20	1800efe20	777	OK	6334048
3614	FUN_1800f01e8	1800f01e8	8	OK	6334244
3615	_mbsdec_l	1800f01f0	148	OK	6335378
3616	FUN_1800f0290	1800f0290	23	OK	6335589
3617	_wcsnicoll	1800f02a8	79	OK	6336284
3618	_wcsnicoll_l	1800f02f8	240	OK	6337881
3619	_strnicoll	1800f03e8	21	OK	6338650
3620	_strnicoll_l	1800f0400	256	OK	6340349
3621	FUN_1800f0500	1800f0500	415	OK	6342959
3622	FUN_1800f06a0	1800f06a0	340	OK	6345051
3623	FUN_1800f07f4	1800f07f4	300	OK	6346924
3624	FUN_1800f0920	1800f0920	476	OK	6349804
3625	FUN_1800f0afc	1800f0afc	172	OK	6350842
3626	memcpy_s	1800f0ba8	135	OK	6351789
3627	wcrtomb	1800f0c30	58	OK	6352332
3628	FUN_1800f0c6c	1800f0c6c	270	OK	6354093
3629	FUN_1800f0d7c	1800f0d7c	161	OK	6355170
3630	FUN_1800f0e20	1800f0e20	374	OK	6357365
3631	FUN_1800f0f98	1800f0f98	251	OK	6358827
3632	__ascii_wcsnicmp	1800f1094	75	OK	6359602
3633	_wcsnicmp	1800f10e0	70	OK	6360279
3634	FUN_1800f1128	1800f1128	337	OK	6362418
3635	FUN_1800f127c	1800f127c	73	OK	6363076
3636	_strnicmp	1800f12c8	79	OK	6363748
3637	_strnicmp_l	1800f1318	173	OK	6365015
3638	common_open<>	1800f13c8	176	OK	6366259
3639	common_open<>	1800f1478	176	OK	6367505
3640	common_sopen_dispatch<>	1800f1528	195	OK	6368950
3641	common_sopen_dispatch<>	1800f15ec	195	OK	6370397
3642	FUN_1800f1790	1800f1790	639	OK	6373831
3643	FUN_1800f1a10	1800f1a10	55	OK	6374218
3644	FUN_1800f1a48	1800f1a48	97	OK	6374776
3645	FUN_1800f1aac	1800f1aac	124	OK	6375470
3646	FUN_1800f1b28	1800f1b28	530	OK	6379240
3647	FUN_1800f1d3c	1800f1d3c	86	OK	6379888
3648	FUN_1800f1d94	1800f1d94	82	OK	6380516
3649	truncate_ctrl_z_if_present	1800f1de8	193	OK	6381824
3650	FID_conflict:_open	1800f1eac	35	OK	6382248
3651	FUN_1800f1ed0	1800f1ed0	68	OK	6382711
3652	FUN_1800f1f1c	1800f1f1c	283	OK	6384236
3653	FID_conflict:_sopen_s	1800f2038	50	OK	6384831
3654	FID_conflict:_open	1800f206c	35	OK	6385264
3655	FUN_1800f2090	1800f2090	68	OK	6385728
3656	FUN_1800f20dc	1800f20dc	1005	OK	6391411
3657	FID_conflict:_sopen_s	1800f24cc	50	OK	6392015
3658	GetStringTypeW	1800f2508	7	OK	6392464
3659	FUN_1800f282c	1800f282c	202	OK	6393320
3660	FUN_1800f2a90	1800f2a90	9	OK	6393470
3661	FUN_1800f2a9c	1800f2a9c	226	OK	6394311
3662	FUN_1800f2b8c	1800f2b8c	85	OK	6394619
3663	FUN_1800f2be4	1800f2be4	309	OK	6396010
3664	FUN_1800f2d1c	1800f2d1c	115	OK	6396537
3665	FUN_1800f2d90	1800f2d90	250	OK	6398310
3666	FUN_1800f2e94	1800f2e94	188	OK	6399964
3667	FUN_1800f2f50	1800f2f50	188	OK	6401618
3668	FUN_1800f300c	1800f300c	188	OK	6403272
3669	FUN_1800f30c8	1800f30c8	188	OK	6404926
3670	FUN_1800f3184	1800f3184	190	OK	6406590
3671	FUN_1800f3244	1800f3244	190	OK	6408254
3672	FUN_1800f3304	1800f3304	190	OK	6409918
3673	FUN_1800f33c4	1800f33c4	190	OK	6411582
3674	FUN_1800f3484	1800f3484	179	OK	6412747
3675	FUN_1800f3538	1800f3538	190	OK	6414411
3676	FUN_1800f35f8	1800f35f8	190	OK	6416075
3677	FUN_1800f36b8	1800f36b8	188	OK	6417729
3678	FUN_1800f3774	1800f3774	190	OK	6419393
3679	FUN_1800f3834	1800f3834	179	OK	6420558
3680	FUN_1800f38e8	1800f38e8	190	OK	6422222
3681	FUN_1800f39a8	1800f39a8	188	OK	6423876
3682	FUN_1800f3a64	1800f3a64	190	OK	6425540
3683	FUN_1800f3b24	1800f3b24	190	OK	6427204
3684	FUN_1800f3be4	1800f3be4	179	OK	6428369
3685	FUN_1800f3c98	1800f3c98	190	OK	6430033
3686	FUN_1800f3d58	1800f3d58	190	OK	6431697
3687	FUN_1800f3e18	1800f3e18	188	OK	6433351
3688	FUN_1800f3ed4	1800f3ed4	190	OK	6435015
3689	FUN_1800f3f94	1800f3f94	179	OK	6436180
3690	FUN_1800f4048	1800f4048	190	OK	6437844
3691	FUN_1800f4108	1800f4108	188	OK	6439498
3692	FUN_1800f41c4	1800f41c4	190	OK	6441162
3693	FUN_1800f4284	1800f4284	190	OK	6442826
3694	FUN_1800f4344	1800f4344	179	OK	6443991
3695	FUN_1800f43f8	1800f43f8	177	OK	6445146
3696	FUN_1800f44ac	1800f44ac	179	OK	6446311
3697	FUN_1800f4560	1800f4560	177	OK	6447466
3698	FUN_1800f4614	1800f4614	179	OK	6448631
3699	FUN_1800f46c8	1800f46c8	179	OK	6449796
3700	FUN_1800f477c	1800f477c	179	OK	6450961
3701	FUN_1800f4830	1800f4830	177	OK	6452116
3702	FUN_1800f48e4	1800f48e4	179	OK	6453281
3703	FUN_1800f4998	1800f4998	177	OK	6454436
3704	FUN_1800f4a4c	1800f4a4c	179	OK	6455601
3705	FUN_1800f4b00	1800f4b00	179	OK	6456766
3706	FUN_1800f4bb4	1800f4bb4	242	OK	6458304
3707	FUN_1800f4ca8	1800f4ca8	243	OK	6459864
3708	FUN_1800f4da0	1800f4da0	213	OK	6461218
3709	FUN_1800f4e78	1800f4e78	221	OK	6462594
3710	common_getenv<char>	1800f4f58	93	OK	6463325
3711	common_getenv<wchar_t>	1800f4fb8	93	OK	6464089
3712	common_getenv_nolock<char>	1800f5018	137	OK	6465250
3713	common_getenv_nolock<wchar_t>	1800f50a4	152	OK	6466428
3714	FUN_1800f513c	1800f513c	243	OK	6468066
3715	FUN_1800f5234	1800f5234	245	OK	6469730
3716	FUN_1800f532c	1800f532c	180	OK	6470959
3717	FUN_1800f53e4	1800f53e4	190	OK	6472208
3718	FUN_1800f551c	1800f551c	31	OK	6472425
3719	FUN_1800f553c	1800f553c	31	OK	6472645
3720	thunk_FUN_1800f5234	1800f5564	5	OK	6474319
3721	common_xtox<unsigned_long,char>	1800f557c	198	OK	6475808
3722	common_xtox<unsigned_long,wchar_t>	1800f5644	212	OK	6477345
3723	common_xtox<unsigned___int64,char>	1800f5718	203	OK	6478956
3724	common_xtox<unsigned___int64,wchar_t>	1800f57e4	217	OK	6480624
3725	common_xtox_s<unsigned_long,char>	1800f58c0	103	OK	6481607
3726	common_xtox_s<unsigned_long,wchar_t>	1800f5928	105	OK	6482612
3727	common_xtox_s<unsigned___int64,char>	1800f5994	103	OK	6483613
3728	common_xtox_s<unsigned___int64,wchar_t>	1800f59fc	105	OK	6484636
3729	_i64toa	1800f5a68	49	OK	6485117
3730	_i64toa_s	1800f5a9c	33	OK	6485611
3731	_i64tow	1800f5ac0	49	OK	6486101
3732	_i64tow_s	1800f5af4	33	OK	6486615
3733	FID_conflict:_itoa	1800f5b18	48	OK	6487149
3734	FID_conflict:_itoa_s	1800f5b48	32	OK	6487698
3735	FID_conflict:_ltow	1800f5b68	48	OK	6488241
3736	FID_conflict:_ltow_s	1800f5b98	32	OK	6488810
3737	FID_conflict:_itoa	1800f5bb8	48	OK	6489344
3738	FID_conflict:_itoa_s	1800f5be8	32	OK	6489893
3739	FID_conflict:_ltow	1800f5c08	48	OK	6490436
3740	FID_conflict:_ltow_s	1800f5c38	32	OK	6491005
3741	_ui64toa	1800f5c58	35	OK	6491381
3742	_ui64toa_s	1800f5c7c	19	OK	6491788
3743	_ui64tow	1800f5c90	35	OK	6492173
3744	_ui64tow_s	1800f5cb4	19	OK	6492600
3745	_ultoa	1800f5cc8	35	OK	6492963
3746	_ultoa_s	1800f5cec	19	OK	6493357
3747	_ultow	1800f5d00	35	OK	6493727
3748	_ultow_s	1800f5d24	19	OK	6494141
3749	wcscmp	1800f5d38	53	OK	6494830
3750	FUN_1800f5d74	1800f5d74	46	OK	6495156
3751	write_string_to_console	1800f5da4	167	OK	6496271
3752	FUN_1800f5e4c	1800f5e4c	348	OK	6497829
3753	FUN_1800f5fac	1800f5fac	7	OK	6497975
3754	FUN_1800f5fbc	1800f5fbc	473	OK	6500859
3755	FUN_1800f6198	1800f6198	161	OK	6501911
3756	FUN_1800f623c	1800f623c	170	OK	6502670
3757	FUN_1800f6300	1800f6300	39	OK	6502934
3758	__dcrt_lowio_initialize_console_output	1800f6328	59	OK	6503363
3759	__dcrt_lowio_ensure_console_output_initialized	1800f6364	82	OK	6503976
3760	FUN_1800f63c0	1800f63c0	28	OK	6504191
3761	__dcrt_write_console	1800f63dc	190	OK	6505052
3762	_controlfp_s	1800f649c	99	OK	6505934
3763	fegetenv	1800f6500	32	OK	6506306
3764	FUN_1800f6520	1800f6520	88	OK	6506772
3765	feholdexcept	1800f6578	80	OK	6507500
3766	FUN_1800f65c8	1800f65c8	193	OK	6508455
3767	FUN_1800f6690	1800f6690	1386	OK	6515021
3768	FUN_1800f6c3c	1800f6c3c	8	OK	6515211
3769	FUN_1800f6c44	1800f6c44	20	OK	6515492
3770	__acrt_CompareStringW	1800f6c58	189	OK	6516452
3771	FUN_1800f6d18	1800f6d18	911	OK	6524563
3772	__acrt_CompareStringA	1800f70a8	137	OK	6525349
3773	FUN_1800f7134	1800f7134	163	OK	6526312
3774	FUN_1800f7228	1800f7228	154	OK	6527334
3775	FUN_1800f72c8	1800f72c8	48	OK	6527736
3776	_set_fmode	1800f72f8	61	OK	6528271
3777	FUN_1800f7338	1800f7338	283	OK	6529762
3778	FUN_1800f7454	1800f7454	228	OK	6531049
3779	FUN_1800f7538	1800f7538	124	OK	6531764
3780	FUN_1800f75b4	1800f75b4	38	OK	6532117
3781	__crt_seek_guard	1800f75fc	85	OK	6532809
3782	FUN_1800f76c0	1800f76c0	223	OK	6534197
3783	FUN_1800f77b0	1800f77b0	21	OK	6534431
3784	FUN_1800f77c8	1800f77c8	152	OK	6535430
3785	FUN_1800f7860	1800f7860	403	OK	6538053
3786	FUN_1800f79f4	1800f79f4	334	OK	6540140
3787	_umask_s	1800f7b58	61	OK	6540749
3788	__acrt_LCMapStringW	1800f7b98	135	OK	6541475
3789	FUN_1800f7c20	1800f7c20	71	OK	6542010
3790	__acrt_show_narrow_message_box	1800f7c68	163	OK	6543044
3791	__acrt_show_wide_message_box	1800f7d0c	164	OK	6544080
3792	__acrt_show_narrow_message_box	1800f7e14	163	OK	6545114
3793	__acrt_show_wide_message_box	1800f7eb8	164	OK	6546150
3794	FUN_1800f8070	1800f8070	89	OK	6546828
3795	thunk_FUN_1800f823c	1800f80cc	5	OK	6550365
3796	_set_controlfp	1800f81a8	52	OK	6550752
3797	FUN_1800f823c	1800f823c	626	OK	6554279
3798	FUN_1800f84e0	1800f84e0	32	OK	6554506
3799	FUN_1800f8500	1800f8500	32	OK	6554724
3800	FUN_1800f8520	1800f8520	32	OK	6554958
3801	FUN_1800f8540	1800f8540	150	OK	6555480
3802	FUN_1800f85d8	1800f85d8	32	OK	6555704
3803	FUN_1800f85f8	1800f85f8	156	OK	6556213
3804	FUN_1800f86a0	1800f86a0	25	OK	6556408
3805	FUN_1800f86c4	1800f86c4	159	OK	6558111
3806	__chkstk	1800f8aa0	78	OK	6558826
3807	_FindPESection	1800f8af0	68	OK	6559807
3808	_IsNonwritableInCurrentImage	1800f8b40	75	OK	6560599
3809	FUN_1800f8b90	1800f8b90	43	OK	6560958
3810	__GSHandlerCheck_SEH	1800f8bbc	133	OK	6561610
3811	__GSHandlerCheck_EH	1800f8c44	127	OK	6562306
3812	FUN_1800f8cc4	1800f8cc4	74	OK	6562957
3813	FUN_1800f8d10	1800f8d10	315	OK	6576701
3814	FUN_1800f8e4c	1800f8e4c	125	OK	6582521
3815	FUN_1800f8ecc	1800f8ecc	121	OK	6585440
3816	FUN_1800f8f48	1800f8f48	3	OK	6585566
3817	_guard_dispatch_icall	1800f8f60	2	OK	6585982
3818	_guard_dispatch_icall	1800f8f80	6	OK	6586465
3819	strncmp	1800f8fa0	125	OK	6587700
3820	FUN_1800f9020	1800f9020	29	OK	6587910
3821	FUN_1800f9040	1800f9040	38	OK	6588147
3822	FUN_1800f9090	1800f9090	87	OK	6588886
3823	FUN_1800f9100	1800f9100	48	OK	6589316
3824	FUN_1800f9140	1800f9140	42	OK	6589703
3825	FUN_1800f9190	1800f9190	87	OK	6590442
3826	FUN_1800f91f0	1800f91f0	42	OK	6590829
3827	FUN_1800f9220	1800f9220	42	OK	6591216
3828	FUN_1800f92e0	1800f92e0	45	OK	6591567
3829	FUN_1800f93a0	1800f93a0	45	OK	6591896
3830	FUN_1800f9520	1800f9520	90	OK	6592635
3831	FUN_1800f95b0	1800f95b0	90	OK	6593374
3832	FUN_1800f9730	1800f9730	45	OK	6593614
3833	FUN_1800f9810	1800f9810	32	OK	6593824
3834	FUN_1800f98a0	1800f98a0	32	OK	6594034
3835	FUN_1800f9930	1800f9930	32	OK	6594244
3836	FUN_1800f99c0	1800f99c0	32	OK	6594455
3837	dtor$1	1800f99e0	44	OK	6595099
3838	FUN_1800f9ae0	1800f9ae0	29	OK	6595234
3839	FUN_1800f9bb0	1800f9bb0	87	OK	6595973
3840	FUN_1800f9cc0	1800f9cc0	87	OK	6596712
3841	FUN_1800f9d20	1800f9d20	38	OK	6597043
3842	FUN_1800f9d70	1800f9d70	42	OK	6597430
3843	FUN_1800f9da0	1800f9da0	42	OK	6597817
3844	FUN_1800f9df0	1800f9df0	87	OK	6598556
3845	FUN_1800f9e50	1800f9e50	42	OK	6598943
3846	FUN_1800f9e80	1800f9e80	42	OK	6599330
3847	FUN_1800f9eb0	1800f9eb0	42	OK	6599717
3848	FUN_1800f9ee0	1800f9ee0	42	OK	6600104
3849	FUN_1800f9f10	1800f9f10	42	OK	6600491
3850	FUN_1800f9f40	1800f9f40	42	OK	6600878
3851	FUN_1800f9f90	1800f9f90	42	OK	6601299
3852	FUN_1800f9fc0	1800f9fc0	42	OK	6601686
3853	FUN_1800f9ff0	1800f9ff0	42	OK	6602073
3854	FUN_1800fa190	1800fa190	90	OK	6602812
3855	FUN_1800fa220	1800fa220	90	OK	6603551
3856	FUN_1800fa2b0	1800fa2b0	90	OK	6604290
3857	FUN_1800fa340	1800fa340	90	OK	6605029
3858	FUN_1800fa3d0	1800fa3d0	90	OK	6605768
3859	FUN_1800fa480	1800fa480	42	OK	6606155
3860	FUN_1800fa4b0	1800fa4b0	42	OK	6606542
3861	FUN_1800fa5b0	1800fa5b0	31	OK	6606752
3862	FUN_1800fa6d0	1800fa6d0	71	OK	6607052
3863	FUN_1800fa740	1800fa740	42	OK	6607433
3864	FUN_1800fa770	1800fa770	42	OK	6607820
3865	FUN_1800fa7a0	1800fa7a0	42	OK	6608201
3866	FUN_1800fa7d0	1800fa7d0	42	OK	6608588
3867	FUN_1800fa800	1800fa800	42	OK	6608975
3868	FUN_1800fa830	1800fa830	42	OK	6609362
3869	FUN_1800fa860	1800fa860	42	OK	6609749
3870	FUN_1800fa890	1800fa890	42	OK	6610136
3871	FUN_1800fa8c0	1800fa8c0	42	OK	6610523
3872	FUN_1800fa8f0	1800fa8f0	42	OK	6610866
3873	FUN_1800fa920	1800fa920	42	OK	6611253
3874	FUN_1800fa950	1800fa950	42	OK	6611640
3875	FUN_1800fa980	1800fa980	60	OK	6612109
3876	FUN_1800faac0	1800faac0	42	OK	6612496
3877	FUN_1800faaf0	1800faaf0	42	OK	6612883
3878	FUN_1800fab20	1800fab20	42	OK	6613270
3879	FUN_1800fab50	1800fab50	42	OK	6613657
3880	FUN_1800fab80	1800fab80	42	OK	6614044
3881	FUN_1800fabb0	1800fabb0	42	OK	6614431
3882	FUN_1800fabe0	1800fabe0	42	OK	6614818
3883	FUN_1800fac10	1800fac10	42	OK	6615161
3884	FUN_1800fac40	1800fac40	42	OK	6615548
3885	FUN_1800fac70	1800fac70	42	OK	6615935
3886	FUN_1800faca0	1800faca0	31	OK	6616142
3887	FUN_1800facd0	1800facd0	60	OK	6616609
3888	FUN_1800fad10	1800fad10	42	OK	6616996
3889	FUN_1800fad40	1800fad40	42	OK	6617383
3890	FUN_1800fad70	1800fad70	42	OK	6617770
3891	FUN_1800fada0	1800fada0	42	OK	6618157
3892	FUN_1800fadd0	1800fadd0	42	OK	6618544
3893	FUN_1800fae50	1800fae50	42	OK	6618931
3894	FUN_1800faf70	1800faf70	36	OK	6619144
3895	FUN_1800fafa0	1800fafa0	42	OK	6619531
3896	FUN_1800fafd0	1800fafd0	42	OK	6619918
3897	FUN_1800fb027	1800fb027	93	OK	6620705
3898	FUN_1800fb086	1800fb086	23	OK	6620879
3899	FUN_1800fb09e	1800fb09e	43	OK	6621252
3900	FUN_1800fb0ca	1800fb0ca	29	OK	6621387
3901	FUN_1800fb0e8	1800fb0e8	29	OK	6621522
3902	FUN_1800fb106	1800fb106	22	OK	6621738
3903	FUN_1800fb11d	1800fb11d	24	OK	6621954
3904	FUN_1800fb136	1800fb136	19	OK	6622100
3905	FUN_1800fb14a	1800fb14a	53	OK	6622450
3906	FUN_1800fb1a8	1800fb1a8	29	OK	6622660
3907	FUN_1800fb1c5	1800fb1c5	42	OK	6623011
3908	FUN_1800fb2bb	1800fb2bb	32	OK	6623221
3909	FUN_1800fb383	1800fb383	32	OK	6623431
3910	FUN_1800fb433	1800fb433	38	OK	6623761
3911	FUN_1800fb825	1800fb825	32	OK	6623971
3912	FUN_1800fb845	1800fb845	32	OK	6624181
3913	FUN_1800fb865	1800fb865	29	OK	6624391
3914	FUN_1800fb882	1800fb882	41	OK	6624720
3915	FUN_1800fb8ab	1800fb8ab	29	OK	6624930
3916	FUN_1800fb8c8	1800fb8c8	41	OK	6625259
3917	FUN_1800fb8f1	1800fb8f1	32	OK	6625469
3918	FUN_1800fb911	1800fb911	32	OK	6625679
3919	FUN_1800fb931	1800fb931	32	OK	6625889
3920	FUN_1800fb951	1800fb951	32	OK	6626099
3921	FUN_1800fb971	1800fb971	32	OK	6626309
3922	FUN_1800fb991	1800fb991	32	OK	6626519
3923	FUN_1800fb9b1	1800fb9b1	32	OK	6626729
3924	FUN_1800fb9d1	1800fb9d1	32	OK	6626939
3925	FUN_1800fb9f1	1800fb9f1	32	OK	6627149
3926	FUN_1800fba11	1800fba11	44	OK	6627478
3927	FUN_1800fba49	1800fba49	32	OK	6627688
3928	FUN_1800fba69	1800fba69	44	OK	6628017
3929	FUN_1800fbaa1	1800fbaa1	32	OK	6628227
3930	FUN_1800fbac1	1800fbac1	44	OK	6628556
3931	FUN_1800fbaf9	1800fbaf9	32	OK	6628766
3932	FUN_1800fbb19	1800fbb19	44	OK	6629095
3933	FUN_1800fbb51	1800fbb51	32	OK	6629305
3934	FUN_1800fbb71	1800fbb71	32	OK	6629515
3935	FUN_1800fbb91	1800fbb91	32	OK	6629725
3936	FUN_1800fbbb1	1800fbbb1	32	OK	6629935
3937	FUN_1800fbbd1	1800fbbd1	32	OK	6630145
3938	FUN_1800fbbf1	1800fbbf1	44	OK	6630474
3939	FUN_1800fbc29	1800fbc29	32	OK	6630684
3940	FUN_1800fbc49	1800fbc49	44	OK	6631013
3941	FUN_1800fbc81	1800fbc81	32	OK	6631223
3942	FUN_1800fbca1	1800fbca1	44	OK	6631552
3943	FUN_1800fbce5	1800fbce5	32	OK	6631762
3944	FUN_1800fbd05	1800fbd05	44	OK	6632091
3945	FUN_1800fbd49	1800fbd49	32	OK	6632301
3946	FUN_1800fbd69	1800fbd69	32	OK	6632511
3947	FUN_1800fbeb5	1800fbeb5	41	OK	6632842
3948	FUN_1800fbef6	1800fbef6	41	OK	6633177
3949	FUN_1800fbf1f	1800fbf1f	41	OK	6633513
3950	FUN_1800fbf48	1800fbf48	41	OK	6633848
3951	FUN_1800fbf71	1800fbf71	41	OK	6634187
3952	FUN_1800fbf9a	1800fbf9a	41	OK	6634526
3953	FUN_1800fbfff	1800fbfff	41	OK	6634857
3954	FUN_1800fc040	1800fc040	41	OK	6635192
3955	FUN_1800fc069	1800fc069	41	OK	6635528
3956	FUN_1800fc092	1800fc092	41	OK	6635863
3957	FUN_1800fc0bb	1800fc0bb	41	OK	6636202
3958	FUN_1800fc0e4	1800fc0e4	41	OK	6636541
3959	FUN_1800fc1cd	1800fc1cd	29	OK	6636751
3960	FUN_1800fc1ea	1800fc1ea	29	OK	6636961
3961	FUN_1800fc207	1800fc207	29	OK	6637171
3962	FUN_1800fc224	1800fc224	29	OK	6637381
3963	FUN_1800fc27d	1800fc27d	29	OK	6637591
3964	FUN_1800fc29a	1800fc29a	29	OK	6637801
3965	FUN_1800fc2b7	1800fc2b7	29	OK	6638011
3966	FUN_1800fc2d4	1800fc2d4	29	OK	6638221
3967	FUN_1800fc62d	1800fc62d	38	OK	6638558
3968	FUN_1800fc653	1800fc653	38	OK	6638895
3969	FUN_1800fc775	1800fc775	29	OK	6639105
3970	FUN_1800fc792	1800fc792	41	OK	6639434
3971	FUN_1800fc7bb	1800fc7bb	32	OK	6639644
3972	FUN_1800fc7db	1800fc7db	32	OK	6639854
3973	FUN_1800fc7fb	1800fc7fb	32	OK	6640064
3974	FUN_1800fc81b	1800fc81b	32	OK	6640274
3975	FUN_1800fc83b	1800fc83b	44	OK	6640603
3976	FUN_1800fc873	1800fc873	32	OK	6640813
3977	FUN_1800fc893	1800fc893	44	OK	6641142
3978	FUN_1800fc8cb	1800fc8cb	32	OK	6641352
3979	FUN_1800fc8eb	1800fc8eb	44	OK	6641681
3980	FUN_1800fc92f	1800fc92f	32	OK	6641891
3981	FUN_1800fc97f	1800fc97f	38	OK	6642222
3982	FUN_1800fc9bd	1800fc9bd	41	OK	6642551
3983	FUN_1800fc9e6	1800fc9e6	41	OK	6642881
3984	FUN_1800fca0f	1800fca0f	41	OK	6643210
3985	FUN_1800fca38	1800fca38	41	OK	6643543
3986	FUN_1800fca61	1800fca61	41	OK	6643876
3987	FUN_1800fcaba	1800fcaba	29	OK	6644086
3988	FUN_1800fcad7	1800fcad7	29	OK	6644296
3989	FUN_1800fcaf4	1800fcaf4	29	OK	6644506
3990	FUN_1800fcc0d	1800fcc0d	38	OK	6644837
3991	FUN_1800fcc33	1800fcc33	148	OK	6645983
3992	FUN_1800fccc9	1800fccc9	162	OK	6647055
3993	FUN_1800fcd6c	1800fcd6c	176	OK	6648201
3994	FUN_1800fce1d	1800fce1d	27	OK	6648422
3995	FUN_1800fce39	1800fce39	36	OK	6648737
3996	FUN_1800fce5e	1800fce5e	133	OK	6649559
3997	FUN_1800fcee4	1800fcee4	46	OK	6649924
3998	FUN_1800fcf13	1800fcf13	144	OK	6650840
3999	FUN_1800fcfa4	1800fcfa4	21	OK	6651008
4000	FUN_1800fcfba	1800fcfba	34	OK	6651310
4001	FUN_1800fcfdd	1800fcfdd	21	OK	6651478
4002	FUN_1800fcff3	1800fcff3	34	OK	6651780
4003	FUN_1800fd022	1800fd022	21	OK	6651940
4004	FUN_1800fd038	1800fd038	23	OK	6652146
4005	FUN_1800fd050	1800fd050	26	OK	6652354
4006	FUN_1800fd06b	1800fd06b	28	OK	6652557
4007	FUN_1800fd088	1800fd088	26	OK	6652765
4008	FUN_1800fd0a3	1800fd0a3	25	OK	6652971
4009	FUN_1800fd0bd	1800fd0bd	25	OK	6653177
4010	FUN_1800fd0d7	1800fd0d7	23	OK	6653383
4011	FUN_1800fd0ef	1800fd0ef	23	OK	6653589
4012	FUN_1800fd107	1800fd107	26	OK	6653797
4013	FUN_1800fd122	1800fd122	26	OK	6654005
4014	FUN_1800fd13d	1800fd13d	23	OK	6654211
4015	FUN_1800fd155	1800fd155	26	OK	6654419
4016	FUN_1800fd170	1800fd170	26	OK	6654627
4017	FUN_1800fd18b	1800fd18b	26	OK	6654835
4018	FUN_1800fd1a6	1800fd1a6	26	OK	6655043
4019	FUN_1800fd1c1	1800fd1c1	26	OK	6655251
4020	FUN_1800fd1dc	1800fd1dc	26	OK	6655459
4021	FUN_1800fd1f7	1800fd1f7	21	OK	6655606
4022	FUN_1800fd20d	1800fd20d	21	OK	6655753
4023	FUN_1800fd223	1800fd223	25	OK	6655956
4024	FUN_1800fd23d	1800fd23d	44	OK	6656339
4025	FUN_1800fd26a	1800fd26a	25	OK	6656542
4026	FUN_1800fd284	1800fd284	25	OK	6656745
4027	FUN_1800fd29e	1800fd29e	25	OK	6656948
4028	FUN_1800fd2b8	1800fd2b8	42	OK	6657265
4029	FUN_1800fd2e3	1800fd2e3	42	OK	6657582
4030	FUN_1800fd30e	1800fd30e	25	OK	6657785
4031	FUN_1800fd328	1800fd328	25	OK	6657988
4032	FUN_1800fd342	1800fd342	25	OK	6658191
4033	FUN_1800fd35c	1800fd35c	25	OK	6658394
4034	FUN_1800fd376	1800fd376	25	OK	6658597
4035	FUN_1800fd390	1800fd390	25	OK	6658800
4036	FUN_1800fd3aa	1800fd3aa	25	OK	6659003
4037	FUN_1800fd3c4	1800fd3c4	25	OK	6659206
4038	FUN_1800fd3de	1800fd3de	32	OK	6659494
4039	FUN_1800fd3ff	1800fd3ff	24	OK	6659641
4040	FUN_1800fd418	1800fd418	24	OK	6659788
4041	FUN_1800fd431	1800fd431	44	OK	6660207
4042	FUN_1800fd45e	1800fd45e	25	OK	6660410
4043	FUN_1800fd478	1800fd478	24	OK	6660557
4044	FUN_1800fd491	1800fd491	24	OK	6660704
4045	FUN_1800fd4aa	1800fd4aa	25	OK	6660917
4046	FUN_1800fd4c4	1800fd4c4	24	OK	6661064
4047	FUN_1800fd4dd	1800fd4dd	25	OK	6661277
4048	FUN_1800fd4f7	1800fd4f7	22	OK	6661488
4049	FUN_1800fd50e	1800fd50e	23	OK	6661694
4050	FUN_1800fd526	1800fd526	23	OK	6661900
4051	FUN_1800fd53e	1800fd53e	22	OK	6662111
4052	FUN_1800fd555	1800fd555	22	OK	6662322
4053	FUN_1800fd56c	1800fd56c	22	OK	6662533
4054	FUN_1800fd583	1800fd583	23	OK	6662739
4055	FUN_1800fd59b	1800fd59b	25	OK	6662942
4056	FUN_1800fd5b5	1800fd5b5	24	OK	6663089
4057	FUN_1800fd5ce	1800fd5ce	25	OK	6663292
4058	FUN_1800fd5e8	1800fd5e8	24	OK	6663439
4059	FUN_1800fd601	1800fd601	32	OK	6663666
4060	FUN_1800fd622	1800fd622	24	OK	6663813
4061	FUN_1800fd63b	1800fd63b	24	OK	6663960
4062	FUN_1800fd654	1800fd654	24	OK	6664107
4063	FUN_1800fd66d	1800fd66d	24	OK	6664254
4064	FUN_1800fd686	1800fd686	24	OK	6664401
4065	FUN_1800fd69f	1800fd69f	24	OK	6664548
4066	FUN_1800fd6b8	1800fd6b8	24	OK	6664695
4067	FUN_1800fd6d1	1800fd6d1	104	OK	6665247
4068	FUN_1800fd73a	1800fd73a	25	OK	6665450
4069	FUN_1800fd754	1800fd754	110	OK	6666068
4070	FUN_1800fd7c3	1800fd7c3	110	OK	6666686
4071	FUN_1800fd832	1800fd832	119	OK	6667318
4072	FUN_1800fd8aa	1800fd8aa	119	OK	6667950
4073	FUN_1800fd922	1800fd922	24	OK	6668099
4074	FUN_1800fd93b	1800fd93b	24	OK	6668248
4075	FUN_1800fd954	1800fd954	24	OK	6668397
4076	FUN_1800fd96d	1800fd96d	24	OK	6668546
4077	FUN_1800fd986	1800fd986	24	OK	6668695
4078	FUN_1800fd99f	1800fd99f	24	OK	6668844
4079	FUN_1800fd9b8	1800fd9b8	22	OK	6669055
4080	FUN_1800fd9cf	1800fd9cf	25	OK	6669268
4081	FUN_1800fd9e9	1800fd9e9	43	OK	6669572
4082	FUN_1800fda20	1800fda20	31	OK	6669746
4083	FUN_1800fda40	1800fda40	99	OK	6670345
4084	FUN_1800fdab0	1800fdab0	55	OK	6670602
4085	FUN_1800fdaf0	1800fdaf0	99	OK	6671201
4086	FUN_1800fdb60	1800fdb60	99	OK	6671800
4087	FUN_1800fdbd0	1800fdbd0	99	OK	6672399
4088	FUN_1800fdc40	1800fdc40	3	OK	6672525
4089	FUN_1800fdc50	1800fdc50	12	OK	6672671
4090	~_Fac_tidy_reg_t	1800fdc60	91	OK	6673363
4091	FUN_1800fdcc0	1800fdcc0	62	OK	6673696
4092	FUN_1800fdd00	1800fdd00	84	OK	6674262
4093	FUN_1800fdd60	1800fdd60	12	OK	6674434
4094	FUN_1800fdd70	1800fdd70	12	OK	6674580
4095	~_Init_atexit	1800fdd80	62	OK	6675190
4096	FUN_1800fddc0	1800fddc0	12	OK	6675336
